way_id,building,building:levels,height
27633392,retail,5,-
31351098,house,2,-
31351102,house,2,-
31351124,house,1,-
31351158,house,2,-
31351184,house,2,-
31351196,school,3,-
31351216,house,2,-
31351288,house,2,-
31351294,house,2,-
31351302,house,2,-
32827935,apartments,17,-
32827938,apartments,17,-
32827941,apartments,17,-
32827953,apartments,21,-
32827955,apartments,21,-
32827968,yes,5,-
32827974,apartments,4,-
32827975,apartments,4,-
32827990,apartments,4,-
32828014,apartments,4,-
32828019,apartments,4,-
32828041,apartments,4,-
32828057,apartments,4,-
32828191,apartments,15,-
32828200,apartments,18,-
32836616,apartments,8,-
32836618,apartments,8,-
32836620,apartments,9,-
32836622,apartments,22,-
32836626,retail,2,-
32836632,apartments,4,-
32836633,apartments,4,-
32836643,apartments,4,-
32836644,apartments,4,-
32836648,apartments,4,-
32836649,apartments,4,-
32836650,apartments,4,-
32836655,apartments,4,-
32836663,apartments,11,-
32837476,house,2,-
32837484,house,1,-
33723608,hospital,6,-
62187096,university,3,-
62187104,university,3,-
75695109,yes,6,-
93168712,apartments,8,-
93168713,yes,2,-
93168716,apartments,7,-
93168717,apartments,9,-
93168720,apartments,4,-
93168721,apartments,4,-
93168724,apartments,12,-
93168727,apartments,9,-
93168728,yes,2,-
93168730,apartments,9,-
93168731,retail,2,-
93168732,apartments,4,-
93168733,apartments,10,-
93168740,hotel,4,-
93168741,apartments,5,-
93169100,yes,3,-
93169102,apartments,5,-
93169106,apartments,5,-
93169108,apartments,6,-
93169110,apartments,8,-
93169111,apartments,9,-
93169113,apartments,9,-
93169115,apartments,4,-
93169116,apartments,4,-
93169118,apartments,4,-
93169119,apartments,3,-
93169122,apartments,7,-
93169126,apartments,5,-
93169131,apartments,16,-
93169133,yes,2,-
93169134,apartments,4,-
93169136,apartments,5,-
93169138,apartments,9,-
93169140,apartments,11,-
93169142,apartments,5,-
93169144,apartments,5,-
93169145,apartments,4,-
93169147,apartments,7,-
93169149,apartments,4,-
93169151,apartments,7,-
93169156,apartments,8,-
93169160,retail,1,-
93169161,apartments,5,-
93169164,apartments,12,-
93169165,apartments,12,-
93169166,apartments,10,-
93169170,apartments,4,-
93171628,yes,1,-
111608910,apartments,9,-
111608913,house,2,-
111608914,retail,2,-
111608916,apartments,11,-
111608919,house,2,-
111608922,house,2,-
111608924,apartments,4,-
111608925,retail,2,-
111608926,yes,3,-
111608927,house,2,-
111608928,apartments,10,-
111608930,retail,2,-
111608931,detached,3,-
111608932,yes,2,-
111608933,house,2,-
111608934,detached,2,-
111608935,detached,2,-
111608936,retail,1,-
111608937,apartments,4,-
111608938,house,2,-
111608940,apartments,9,-
111608941,apartments,4,-
111608943,apartments,12,-
111608944,apartments,10,-
111608946,yes,3,-
111608947,apartments,11,-
111608948,apartments,9,-
111608949,yes,2,-
111608950,retail,2,-
111608951,retail,2,-
111608952,apartments,4,-
111608953,retail,2,-
111608954,apartments,6,-
111608955,apartments,9,-
111608956,apartments,11,-
111608957,hotel,8,-
111608958,apartments,4,-
111608959,retail,2,-
111608960,apartments,9,-
111608961,apartments,7,-
111608962,retail,2,-
111608964,apartments,10,-
111608966,retail,2,-
111609337,apartments,4,-
111609339,residential,17,-
111609342,apartments,15,-
111609345,apartments,4,-
111609348,apartments,8,-
111609350,apartments,8,-
111609354,apartments,6,-
111609357,apartments,8,-
111609359,apartments,4,-
111610761,apartments,17,-
111610762,apartments,23,-
111610765,apartments,7,-
111610766,apartments,9,-
119417440,apartments,5,-
119995153,yes,7,-
120382850,industrial,2,6
134120547,apartments,20,-
134120548,house,2,-
134120549,apartments,4,-
134120550,retail,2,-
134120551,house,2,-
134120552,apartments,7,-
134120553,house,2,-
134120555,yes,2,-
134120556,apartments,18,-
134120646,apartments,18,-
134120648,office,1,-
134120649,apartments,7,-
138592192,house,2,-
138592195,yes,2,-
138592197,house,2,-
138592198,house,2,-
138592200,house,2,-
138592203,yes,1,-
138592204,house,1,-
138592205,house,1,-
138592208,house,2,-
138592219,house,2,-
138592221,house,2,-
138592222,house,2,-
138592228,house,2,-
138592230,yes,2,-
138592232,house,2,-
138592233,yes,2,-
138592234,house,2,-
138592237,yes,2,-
138592241,yes,2,-
139771090,yes,10,-
141294896,apartments,4,-
141294902,apartments,4,-
141294911,apartments,4,-
141294912,apartments,4,-
141294926,apartments,7,-
141294934,apartments,3,-
141294936,apartments,4,-
141294948,apartments,4,-
153992624,apartments,18,-
154641049,apartments,22,-
154641050,apartments,22,-
154641051,apartments,22,-
154641053,apartments,22,-
155042579,university,2,-
155042581,university,2,-
155133705,yes,4,-
155133707,yes,4,-
155133708,yes,4,-
155133709,yes,4,-
155133710,yes,4,-
155133711,yes,4,-
155133712,yes,4,-
155133713,yes,4,-
155133714,yes,4,-
155133715,yes,4,-
155133716,yes,4,-
155133717,yes,4,-
155133718,yes,4,-
155133719,yes,4,-
155133720,yes,4,-
155133721,yes,4,-
155133722,yes,4,-
155133723,yes,4,-
155133724,yes,4,-
155133725,yes,4,-
155133726,yes,4,-
155133727,yes,4,-
155133728,yes,4,-
155133729,yes,4,-
155133730,yes,4,-
155133731,yes,4,-
155133732,yes,4,-
155133733,yes,4,-
155365728,apartments,21,-
155365730,apartments,21,-
155365731,apartments,21,-
155365732,apartments,21,-
155375477,college,6,-
157166405,house,2,-
157166406,house,1,-
157166407,yes,1,-
157166408,house,2,-
157166409,apartments,3,-
157166410,house,2,-
157166411,yes,2,-
157166412,house,2,-
157166413,house,2,-
157166414,house,2,-
157166415,yes,2,-
157166416,house,1,-
157166417,house,2,-
157166418,house,2,-
157663645,apartments,11,-
157679704,apartments,6,-
157679837,apartments,14,-
157679852,apartments,10,-
171569733,apartments,21,-
171569734,apartments,4,-
171569737,apartments,25,-
171569744,apartments,23,-
171569745,apartments,21,-
172350397,apartments,27,-
173080079,university,3,-
173081198,apartments,16,-
173796756,yes,2,-
173796768,yes,1,-
176986190,apartments,4,-
176986191,yes,2,-
176986192,apartments,4,-
176986196,yes,2,-
176986198,yes,2,-
176986202,yes,2,-
176986203,apartments,4,-
176986205,yes,2,-
176986209,yes,2,-
176986210,apartments,16,-
176986212,yes,2,-
176986213,yes,2,-
176986215,yes,2,-
176986219,yes,2,-
176986220,yes,2,-
176986221,yes,2,-
176986538,yes,2,-
176986539,yes,2,-
176986540,yes,2,-
176986541,yes,2,-
176986542,yes,2,-
176986543,yes,2,-
176986544,yes,2,-
176987092,apartments,4,-
176987094,apartments,8,-
176987096,yes,2,-
176987097,apartments,8,-
176987099,yes,2,-
176987101,detached,2,-
176987104,yes,2,-
176987106,yes,2,-
176987109,yes,2,-
176987111,yes,2,-
176987112,apartments,4,-
176987113,apartments,16,-
176987114,apartments,6,-
176987115,yes,2,-
176987117,yes,2,-
176987118,apartments,6,-
176987119,commercial,8,-
176987121,yes,2,-
176987125,commercial,6,-
176987126,apartments,4,-
176987127,apartments,4,-
176988394,school,4,-
176988395,commercial,4,-
176988396,apartments,7,-
176988397,apartments,7,-
176988400,apartments,4,-
176988401,apartments,12,-
176988402,apartments,5,-
176988403,yes,2,-
176988404,apartments,8,-
176988405,apartments,7,-
176988409,apartments,6,-
176988414,apartments,8,-
176988416,yes,2,-
176988422,apartments,4,-
176988423,apartments,4,-
176988425,apartments,7,-
177977920,retail,3,-
184070034,apartments,26,-
185100700,commercial,3,-
185100701,commercial,3,-
196694746,yes,2,-
207658125,public,1,-
210822152,apartments,4,-
210822153,apartments,7,-
210822159,apartments,8,-
210822160,apartments,4,-
210822163,hotel,3,-
210822169,apartments,19,-
210822170,apartments,5,-
210822171,apartments,4,-
210822172,apartments,23,-
210822179,apartments,7,-
210822182,yes,2,-
210822187,apartments,7,-
210822190,apartments,4,-
210822191,apartments,5,-
210822192,apartments,4,-
210822193,apartments,7,-
210824452,apartments,4,-
210824453,apartments,11,-
210824457,apartments,4,-
210824460,apartments,5,-
210824461,apartments,4,-
210824462,apartments,4,-
220656244,apartments,20,-
223928006,apartments,4,-
223928007,apartments,4,-
223928008,apartments,4,-
223928009,apartments,4,-
223928010,apartments,4,-
223928011,apartments,4,-
223928012,apartments,4,-
223928013,apartments,4,-
223928272,apartments,4,-
223928273,apartments,4,-
223928274,apartments,4,-
223928275,apartments,4,-
223928276,apartments,4,-
223928278,apartments,4,-
223928279,apartments,4,-
223928280,apartments,4,-
223928281,apartments,4,-
223928282,apartments,4,-
223928283,apartments,4,-
223928284,apartments,4,-
223928287,apartments,4,-
223928292,apartments,4,-
223928299,apartments,4,-
223928300,apartments,4,-
223928301,apartments,4,-
223928303,apartments,4,-
227665281,yes,2,-
227665285,yes,2,-
234156283,university,7,-
234156363,university,8,-
242089302,apartments,8,-
242089304,apartments,14,-
242089306,apartments,17,-
242089307,apartments,29,-
242089308,apartments,7,-
242089312,apartments,27,-
242541732,supermarket,1,-
243113719,yes,1,-
243179882,hospital,2,-
245861179,yes,1,-
251075524,apartments,6,-
251075525,apartments,6,-
251075526,apartments,6,-
251075527,apartments,6,-
251075530,apartments,6,-
251075531,apartments,6,-
251075534,apartments,6,-
251075535,apartments,6,-
251075536,apartments,6,-
251075539,apartments,6,-
251075541,apartments,6,-
251075741,apartments,4,-
251075742,apartments,4,-
251075743,apartments,4,-
251075744,apartments,4,-
251075745,apartments,4,-
251075746,apartments,4,-
251075747,apartments,4,-
251075748,apartments,4,-
251075749,apartments,4,-
251075750,apartments,4,-
251075751,apartments,4,-
251075752,apartments,4,-
251075753,apartments,4,-
251075754,apartments,4,-
251075755,apartments,4,-
251075756,apartments,4,-
251075757,apartments,4,-
264244621,apartments,27,-
266486739,yes,1,-
266486748,apartments,30,-
266489636,yes,18,-
266489641,yes,18,-
266497120,apartments,12,-
266497121,apartments,15,-
266497122,yes,4,12
266499083,yes,3,-
267740408,yes,3,-
274203644,yes,1,-
274203650,yes,1,-
274294199,yes,2,-
274294994,yes,2,-
274296805,yes,1,-
274297345,residential,5,-
274311567,yes,3,-
274334788,apartments,8,-
274342955,yes,1,-
274362918,yes,5,-
274365112,yes,1,-
274365114,yes,1,-
274365115,yes,1,-
274365117,yes,1,-
274365118,yes,1,-
274365119,yes,1,-
274365122,yes,1,-
274365124,yes,1,-
274365125,yes,1,-
274365127,yes,1,-
274365128,yes,1,-
274365130,yes,1,-
274365131,yes,1,-
274365132,yes,1,-
274365133,yes,1,-
274365134,yes,1,-
274365136,yes,1,-
274365397,apartments,15,-
274372025,yes,1,-
274372026,yes,1,-
274372028,yes,1,-
274372029,yes,1,-
274372030,yes,1,-
274372031,yes,1,-
274372032,yes,1,-
274372034,yes,1,-
274372036,yes,1,-
274372038,yes,1,-
274372039,yes,1,-
274375287,house,2,-
274402344,yes,2,-
274457876,apartments,6,-
274465295,yes,2,-
274480572,yes,3,-
274860226,warehouse,2,-
274878501,industrial,1,-
274986454,yes,1,-
275116087,yes,2,-
275116089,yes,2,-
276308945,apartments,5,-
276308985,apartments,5,-
276308986,apartments,5,-
279275992,commercial,2,-
279933099,yes,1,-
281980463,apartments,25,-
281980464,apartments,21,-
282286844,industrial,2,-
282286847,industrial,-,15
282614518,yes,2,-
282615382,apartments,4,-
282615383,apartments,4,-
282615384,apartments,4,-
282615385,apartments,4,-
282615387,apartments,4,-
282615388,apartments,4,-
282615389,apartments,4,-
282615390,apartments,4,-
282615391,apartments,4,-
282615530,apartments,10,-
283016279,apartments,14,-
284866745,warehouse,2,-
286615075,apartments,12,-
288925162,commercial,2,-
288926091,apartments,9,-
288988191,commercial,7,-
289424090,commercial,10,-
289910666,apartments,4,-
289910667,apartments,4,-
289910668,apartments,4,-
289910669,apartments,4,-
289910670,apartments,4,-
289910671,apartments,4,-
289910672,apartments,7,-
289910673,apartments,4,-
289910674,apartments,4,-
289910675,apartments,4,-
289910676,apartments,4,-
289910677,apartments,4,-
289910678,apartments,4,-
296213256,apartments,6,-
296213259,apartments,3,-
296213260,apartments,3,-
296213266,apartments,3,-
296213267,apartments,3,-
296213271,apartments,3,-
296302273,yes,18,-
296302276,yes,19,-
296302277,yes,19,-
296302279,yes,22,-
296302280,yes,23,-
296302282,apartments,16,-
296302284,apartments,19,-
296302287,apartments,23,-
298985047,yes,2,-
298986393,university,4,-
312465297,apartments,11,-
312465298,apartments,11,-
313292627,yes,3,-
313489304,university,4,-
313489307,yes,1,-
313489308,yes,2,-
313490849,yes,5,-
315363262,apartments,22,-
315969286,apartments,13,-
315969287,apartments,13,-
316979510,apartments,20,-
316985606,apartments,24,-
316986325,apartments,16,-
316986336,apartments,16,-
319557807,yes,10,-
320514581,university,2,-
320514585,university,2,-
320523906,office,13,-
324544296,house,2,-
324544297,house,2,-
324544298,house,2,-
324544300,house,2,-
324544303,house,2,-
324544304,house,2,-
324544305,house,2,-
324544306,house,2,-
324544307,house,2,-
324544308,house,2,-
324544309,house,2,-
324544310,house,2,-
324544311,house,2,-
324544313,house,2,-
324544314,house,2,-
324544315,house,2,-
324544317,house,2,-
324544318,house,2,-
324544319,house,2,-
324544320,house,2,-
324544321,house,2,-
324544322,house,2,-
324544323,house,2,-
324544324,house,2,-
324544325,house,2,-
324544326,house,2,-
324544327,house,2,-
324550503,house,2,-
324550504,house,2,-
324550505,house,2,-
324550506,house,2,-
324550507,house,2,-
324550508,house,2,-
324550510,house,2,-
324550511,house,2,-
324550512,house,2,-
324550514,house,2,-
324550516,house,2,-
324550518,house,2,-
324550519,house,2,-
324550520,house,2,-
324550521,house,2,-
324550522,house,2,-
324550523,house,2,-
324550524,house,2,-
324550525,house,2,-
324550526,house,2,-
324550527,house,2,-
324550528,house,2,-
324550529,house,2,-
324550530,house,2,-
324550531,house,2,-
324550532,house,2,-
324550533,house,2,-
324550534,house,2,-
324550535,house,2,-
324550536,house,2,-
324550537,house,2,-
324550538,house,2,-
332224097,yes,2,-
332224099,yes,3,-
332224110,yes,2,-
332224120,yes,4,-
332224130,hospital,8,-
332224160,school,2,-
332224163,yes,5,12
332359470,yes,4,-
332359520,apartments,13,-
332399516,retail,1,-
332402515,house,2,-
332402519,commercial,1,-
332406517,office,12,-
332410007,retail,2,-
332410690,apartments,11,-
332410691,apartments,13,-
332410696,house,1,-
332410712,house,1,-
332410719,house,1,-
332410721,house,1,-
332410724,yes,2,-
332625394,yes,3,-
332703924,hotel,6,-
333169035,yes,4,-
333169040,yes,6,-
333169047,apartments,26,-
333169056,apartments,21,-
333171839,apartments,-,80
333171846,office,22,-
333210757,yes,-,9
333210764,school,5,-
333369721,apartments,15,-
333369724,yes,2,-
333369725,commercial,3,-
333369726,commercial,3,-
333369728,commercial,3,-
333369739,commercial,2,-
333369754,commercial,3,-
333369755,commercial,5,-
333369758,commercial,7,-
333586415,apartments,12,-
333920027,commercial,4,-
334581641,commercial,8,-
334923384,university,3,-
334923386,commercial,11,-
334923390,yes,6,-
335038411,yes,3,-
335509643,commercial,3,-
335509663,apartments,14,-
335509666,commercial,3,-
335509667,commercial,3,-
335509668,commercial,3,-
335509676,commercial,8,-
335509680,commercial,3,-
335511749,apartments,5,-
335511750,apartments,5,-
335511751,apartments,5,-
335511755,commercial,3,-
335512681,commercial,9,-
338912679,university,3,-
339016987,apartments,13,-
339016988,civic,2,-
339016989,apartments,6,-
339016990,apartments,10,-
339016991,apartments,12,-
339016992,apartments,5,-
342070722,apartments,7,-
342070723,apartments,5,-
342070724,apartments,20,-
342070726,apartments,4,-
343506914,apartments,12,-
344395658,residential,5,-
344395659,residential,5,-
344395660,residential,5,-
344395661,residential,5,-
344395662,residential,5,-
344395663,residential,5,-
344395664,residential,5,-
345278713,apartments,9,-
346385192,yes,3,-
346385194,yes,5,-
346385752,yes,5,-
348723243,civic,7,-
351036956,house,1,-
351037048,detached,2,-
351052890,yes,1,-
351512394,house,1,-
355385432,university,4,-
355830459,yes,2,-
355830478,school,2,-
356051338,apartments,6,-
356648475,apartments,17,-
357901521,warehouse,-,15
358225793,yes,5,-
358225801,yes,4,-
358227033,yes,4,-
358228707,apartments,7,-
358412845,apartments,30,-
358424000,house,3,-
360431841,apartments,4,-
361359219,apartments,15,-
361359220,apartments,15,-
362684370,apartments,15,-
363395366,apartments,5,-
363396870,apartments,15,-
363396871,apartments,16,-
363396872,apartments,13,-
363396873,apartments,13,-
363397083,apartments,7,-
363397216,apartments,6,-
363397348,apartments,7,-
363988093,apartments,11,-
364250002,house,1,-
364250004,house,1,-
364250006,house,1,-
364250009,house,2,-
364250013,house,1,-
364251132,house,2,-
364251133,house,1,-
364251134,house,1,-
364251135,house,1,-
364251136,house,2,-
364251137,house,1,-
364251138,house,1,-
364251139,house,1,-
369918126,commercial,1,-
370204554,warehouse,2,-
370220796,yes,4,-
370224152,yes,2,-
370226661,commercial,2,-
370584292,yes,2,-
370617473,yes,2,-
370618683,commercial,1,-
370631060,warehouse,2,-
370631061,residential,4,-
370631062,yes,2,-
370631063,commercial,2,-
370634199,yes,6,-
370641831,yes,13,-
370641838,commercial,2,-
370647347,yes,6,-
370949050,apartments,4,-
370999031,apartments,7,-
370999032,apartments,7,-
371651622,house,2,-
371651624,house,1,-
371651626,house,2,-
371651628,house,1,-
371651629,house,1,-
371651630,house,1,-
371651631,industrial,2,-
371651632,house,1,-
371651633,house,1,-
371651634,house,2,-
371651635,house,1,-
371651636,house,1,-
371651637,house,1,-
371651638,house,1,-
371651639,house,1,-
371651640,house,2,-
371651641,house,1,-
371651642,house,1,-
374334919,apartments,4,-
374334920,apartments,4,-
374748942,school,-,10
374972613,apartments,17,-
374972614,apartments,18,-
375013267,house,1,-
375013280,house,2,-
375013281,house,1,-
375013282,office,2,-
375013283,house,1,-
375013284,house,1,-
375013285,house,1,-
375013286,house,2,-
375013288,house,1,-
375013289,house,2,-
375013290,house,2,-
375013291,house,2,-
375013292,yes,2,-
375013293,house,2,-
375013294,school,2,-
375013295,yes,2,-
375013296,house,1,-
375013297,house,2,-
375171723,industrial,1,-
377317065,apartments,4,-
377317066,apartments,4,-
377538757,apartments,17,-
377544437,yes,2,-
377545795,yes,3,-
378056688,yes,3,-
379178558,apartments,7,-
379178560,apartments,7,-
379178561,apartments,7,-
379178562,apartments,7,-
379178563,apartments,7,-
379178564,apartments,7,-
379178565,apartments,7,-
379178569,apartments,8,-
379178571,apartments,8,-
379178573,apartments,8,-
379178574,apartments,8,-
379178575,apartments,8,-
379178576,apartments,8,-
379178578,apartments,8,-
379178579,apartments,8,-
379178580,apartments,13,-
379226565,apartments,17,-
379226566,apartments,17,-
380701113,apartments,24,-
380701114,apartments,24,-
381808202,apartments,16,-
382308820,apartments,5,-
382308825,apartments,10,-
382322919,apartments,7,-
382322921,apartments,7,-
382322923,apartments,7,-
382322924,apartments,7,-
382322927,apartments,7,-
382322930,apartments,7,-
382330147,apartments,13,-
382449774,industrial,3,-
382449818,apartments,5,-
382449823,apartments,5,-
382449826,apartments,5,-
383804237,apartments,10,-
385207331,apartments,24,-
387026605,apartments,6,-
389213111,apartments,5,-
390136802,historic,5,-
391273175,apartments,21,-
391273176,university,8,-
393282825,yes,3,-
398256131,office,16,-
398256134,apartments,6,-
400901767,office,2,-
400903713,hotel,2,-
401194386,apartments,4,-
402548729,house,1,-
402548730,house,2,-
402762648,apartments,6,-
402762649,apartments,6,-
402762650,apartments,6,-
402762651,apartments,6,-
402762652,apartments,6,-
402762653,apartments,6,-
402920356,apartments,4,-
404091593,apartments,11,-
404091594,apartments,13,-
404091595,apartments,9,-
405119602,office,1,-
405119603,house,1,-
405119604,house,1,-
405119605,house,1,-
405119607,house,2,-
405119608,house,2,-
405119609,yes,1,-
405119610,industrial,1,-
405119611,industrial,1,-
405119612,house,1,-
405119613,house,1,-
405119614,house,1,-
405119615,house,1,-
405119616,house,1,-
405119618,house,1,-
405119619,house,1,-
405933317,house,2,-
405933318,house,2,-
405933320,house,1,-
405933321,house,1,-
405933322,house,1,-
405933324,school,3,-
405933326,hotel,2,-
405933328,house,2,-
405933329,house,1,-
405933330,house,1,-
405933331,house,1,-
405933332,house,2,-
405933333,house,1,-
405933334,house,1,-
405942722,house,1,-
405942723,apartments,4,-
405942724,apartments,4,-
405942725,apartments,4,-
405942728,house,1,-
405942729,house,2,-
405942730,house,2,-
405942731,house,2,-
405942732,office,1,-
405942733,house,2,-
405942734,house,2,-
405942735,house,1,-
405942741,house,1,-
405942743,house,2,-
405942747,yes,2,-
405942749,house,1,-
405942751,house,1,-
405942752,house,1,-
405942753,house,2,-
405942754,house,1,-
406007321,kindergarten,2,-
406007326,house,2,-
406007332,school,2,-
406007335,house,2,-
406007336,house,2,-
406007337,house,2,-
406007338,house,2,-
406007339,house,1,-
406007343,house,2,-
406007345,house,2,-
406007347,house,1,-
406007348,house,2,-
406007349,house,2,-
406007350,house,1,-
406007353,house,2,-
406773394,apartments,4,-
406773405,yes,-,10
407987720,house,2,-
407987721,house,1,-
407987722,house,1,-
407987723,house,1,-
407987724,house,2,-
407987725,house,2,-
407987726,house,2,-
407987727,house,2,-
407987728,house,1,-
407987729,house,1,-
407987730,house,1,-
407987731,house,1,-
408016788,apartments,7,-
408075255,house,1,-
408075256,house,1,-
408075257,house,1,-
408075258,house,1,-
408075259,house,1,-
408075260,house,1,-
408075261,house,1,-
408075262,house,1,-
408075263,house,2,-
408075265,house,1,-
408075266,house,2,-
408075267,house,1,-
408075268,house,1,-
408075269,house,2,-
408075270,house,1,-
408075271,house,2,-
408075272,house,2,-
408075273,house,1,-
408075274,house,1,-
408075275,house,1,-
408075276,house,1,-
408075277,house,1,-
408075278,house,1,-
408075279,house,2,-
408075280,house,2,-
408075281,house,1,-
408075282,house,2,-
408075283,house,1,-
408075284,house,2,-
408075285,house,2,-
408075286,house,2,-
408075288,house,1,-
408075289,house,2,-
408075290,house,1,-
408631458,house,2,-
408631459,house,2,-
408631461,house,2,-
408631462,house,2,-
408631466,yes,2,-
408694758,office,1,-
409554324,house,1,-
409554325,house,2,-
409554326,house,1,-
409554327,house,1,-
409554328,house,1,-
409554329,house,1,-
409554330,house,1,-
409554331,house,2,-
409554333,house,1,-
409554334,house,2,-
409554335,house,2,-
409554337,house,2,-
409554338,house,1,-
409554339,house,2,-
409554340,house,2,-
409554341,house,2,-
409554342,house,2,-
409554343,house,1,-
409554344,house,1,-
409554345,house,2,-
409554346,house,2,-
409554348,house,1,-
409554350,house,1,-
409554352,house,1,-
409554354,house,1,-
409554355,house,1,-
409554356,house,1,-
409554357,house,2,-
409554358,house,1,-
409554359,house,2,-
409554360,house,1,-
409554361,house,1,-
409554362,house,1,-
409554363,house,1,-
409554364,house,1,-
409554365,house,1,-
409554366,house,2,-
409554367,house,1,-
409554368,house,2,-
409554369,house,2,-
409554370,house,1,-
410099230,house,2,-
410099233,house,1,-
410099247,house,1,-
410099250,house,2,-
410099256,yes,2,-
410099264,yes,1,-
410099268,office,1,-
410099278,house,2,-
410099282,house,1,-
410099286,house,1,-
410099301,retail,2,-
410099308,retail,1,-
410099310,retail,2,-
410099313,house,2,-
411718990,house,2,-
411718991,house,1,-
411718995,house,1,-
411718996,house,2,-
411718997,house,2,-
411718998,house,2,-
411718999,house,2,-
411719000,house,1,-
411719002,house,2,-
411719004,house,1,-
411719008,house,1,-
411719009,house,2,-
411719011,house,2,-
411719013,house,2,-
411719015,house,1,-
411719016,house,2,-
411719017,house,1,-
411719018,house,1,-
411719019,house,1,-
411719020,house,2,-
411719021,house,3,-
411719022,house,1,-
411719023,house,2,-
411719024,house,2,-
411719026,house,2,-
411719028,house,3,-
411719032,house,1,-
411719034,house,1,-
411719036,house,1,-
411719038,house,1,-
411879785,house,1,-
411879786,yes,2,-
411879787,house,2,-
411879788,house,1,-
411879789,house,1,-
411879790,house,2,-
411879791,house,1,-
411879792,house,2,-
411879794,house,2,-
411879795,house,1,-
411879796,house,2,-
411882484,house,1,-
411882485,house,3,-
411882486,house,2,-
411882487,house,1,-
411882488,house,2,-
411882489,house,1,-
411882491,house,2,-
411882492,house,2,-
411882493,house,2,-
411882495,office,2,-
411882496,house,2,-
411884866,school,1,-
411884868,house,1,-
411884869,house,1,-
411884870,house,1,-
411884872,office,1,-
411884873,office,1,-
412992319,yes,1,-
413120494,house,1,-
413120495,house,1,-
413120496,house,2,-
413120497,house,2,-
413120498,house,2,-
413120499,house,2,-
413120500,house,2,-
413120501,house,1,-
413120502,house,1,-
413120503,house,2,-
413120504,house,1,-
413120505,yes,1,-
413120506,house,1,-
413120507,house,2,-
413120508,house,2,-
413120509,house,1,-
413120510,house,1,-
413120511,house,1,-
413120512,house,2,-
413120513,house,1,-
413120514,house,1,-
413120515,house,2,-
413120516,house,2,-
413120517,house,1,-
413120518,school,2,-
413120519,school,2,-
413120520,school,2,-
413120521,school,2,-
413122310,school,2,-
413175159,house,2,-
413175160,house,2,-
413175161,house,2,-
413175162,house,2,-
413175163,house,2,-
413175164,house,2,-
413175167,retail,1,-
413175170,house,2,-
413175172,house,2,-
413202484,retail,2,-
413202485,retail,2,-
413210466,retail,1,-
413210472,house,1,-
413447238,yes,2,-
414447407,office,2,-
414447410,apartments,2,-
414447411,retail,1,-
414447412,yes,2,-
414447415,house,2,-
414447416,house,1,-
414447417,yes,2,-
414447418,house,2,-
414447423,house,1,-
414447424,house,2,-
414447425,house,2,-
414447426,house,1,-
414510747,commercial,5,-
414510750,commercial,2,-
414510752,commercial,2,-
414510753,commercial,2,-
414510756,commercial,2,-
414520961,yes,1,-
414520962,commercial,3,-
414520963,retail,2,-
414520964,house,2,-
414570046,house,2,-
414570047,house,1,-
414570048,house,1,-
414570049,house,1,-
414570050,house,1,-
414570051,house,1,-
414570052,house,1,-
414570053,house,1,-
414570054,house,1,-
414570055,house,1,-
414570056,house,2,-
414570057,house,2,-
414570062,house,1,-
414570063,house,1,-
414570064,house,1,-
414570065,house,1,-
414570066,house,2,-
414570067,house,1,-
414570068,house,1,-
414570069,house,2,-
414570070,house,2,-
414570071,house,2,-
414570072,house,2,-
414570073,house,2,-
414570074,house,2,-
414570075,house,2,-
414570076,house,2,-
414570077,house,2,-
414570078,house,2,-
414570079,house,1,-
414570080,house,2,-
414570081,house,1,-
414570082,house,1,-
414570083,house,1,-
414570084,house,1,-
414872472,yes,3,-
414878690,apartments,6,-
414879189,apartments,18,-
414880831,school,4,-
414880833,apartments,20,-
414880834,apartments,20,-
414880835,apartments,15,-
414880836,apartments,21,-
414880837,apartments,18,-
414880838,apartments,15,-
414880839,apartments,16,-
414880840,apartments,18,-
415339930,apartments,10,-
415340419,apartments,4,-
415382632,house,1,-
415820010,university,3,-
417750807,house,2,-
417750810,house,1,-
417750811,house,2,-
417750812,house,1,-
417750813,house,1,-
417750814,house,1,-
417750818,house,2,-
417750823,house,1,-
417750825,house,1,-
417750829,house,2,-
417750830,house,2,-
417750832,house,2,-
417750833,house,1,-
417750834,house,2,-
417750835,house,2,-
417750837,house,2,-
417750839,house,2,-
417750840,house,1,-
417750841,house,2,-
417750843,house,1,-
417750846,house,1,-
417750848,house,2,-
417750850,house,2,-
417750851,house,1,-
417750853,house,1,-
417750855,house,1,-
417750859,house,2,-
417750861,house,2,-
417750863,house,2,-
417750864,house,2,-
417750865,house,2,-
417750867,house,2,-
417750870,house,2,-
417750871,house,2,-
417750874,house,1,-
417750875,house,2,-
417751179,commercial,1,-
417984931,house,1,-
417984932,house,1,-
417984933,house,1,-
417984936,house,1,-
417984948,house,1,-
417984950,house,1,-
417984954,house,2,-
417984956,house,2,-
417984957,house,2,-
417984958,house,2,-
417984959,house,1,-
417984960,house,2,-
417984961,house,2,-
417984962,house,1,-
417984963,house,1,-
418383021,apartments,8,-
418383022,apartments,16,-
418383023,apartments,14,-
419596350,house,2,-
419596351,house,2,-
419596352,house,2,-
419596353,house,2,-
419596354,house,2,-
419596355,house,2,-
419596356,commercial,1,-
419596357,commercial,1,-
419596358,commercial,1,-
419596359,school,2,-
419596361,commercial,1,-
419598450,house,2,-
419598453,commercial,1,-
419598454,house,2,-
419598455,house,2,-
419598456,apartments,5,-
419598459,school,2,-
419742834,retail,3,-
419742839,commercial,2,-
419742845,commercial,3,-
419742847,commercial,2,-
419756539,house,1,-
419756541,house,2,-
419791507,house,1,-
419791508,retail,2,-
419791510,commercial,3,-
419791512,house,2,-
419791513,house,2,-
419791514,house,2,-
419791515,house,1,-
419791516,house,1,-
419791517,house,1,-
419791518,house,2,-
419791520,house,1,-
419797104,retail,2,-
419797109,commercial,2,-
419941187,apartments,4,-
419941188,apartments,4,-
419941189,apartments,5,-
419941190,apartments,5,-
419941191,apartments,5,-
421374478,yes,2,-
421374483,apartments,4,25
421374484,apartments,4,25
421689704,commercial,2,-
421689705,commercial,1,-
422126970,office,1,-
422126971,yes,2,-
422126972,commercial,3,-
422126973,house,1,-
422126974,house,1,-
422126975,office,2,-
422126976,house,1,-
422126977,house,1,-
422126978,house,1,-
422126980,hospital,1,-
422126981,hospital,1,-
422126982,house,2,-
422126983,house,2,-
422126984,house,2,-
422126985,house,2,-
422126986,house,2,-
422126987,house,2,-
422126988,house,2,-
422126989,house,1,-
422126996,house,1,-
422126998,house,2,-
422126999,house,2,-
422127000,house,1,-
422127001,house,1,-
422127002,retail,2,-
422127004,school,2,-
422127007,school,2,-
422127008,school,2,-
422698835,house,1,-
422698836,yes,1,-
422698837,commercial,2,-
422698838,commercial,1,-
422698839,house,2,-
422698841,retail,1,-
422825549,house,2,-
422825550,house,2,-
422825551,house,2,-
422825552,house,1,-
422825553,yes,1,-
422825555,yes,2,-
422825557,yes,1,-
422865361,house,1,-
422865362,house,2,-
422865364,house,1,-
422865365,house,1,-
422971406,yes,2,-
422971407,yes,1,-
422971409,house,1,-
422971410,house,1,-
422971411,yes,1,-
422971412,yes,1,-
422971413,yes,1,-
422971415,yes,1,-
422971416,school,2,-
422971417,school,1,-
422971418,school,2,-
422980964,house,2,-
422980965,house,1,-
423645998,yes,15,-
425037118,yes,1,-
425037119,house,1,-
425037120,house,1,-
425037121,house,2,-
425037122,house,1,-
425037123,house,2,-
425037124,house,2,-
425037125,house,1,-
425037126,yes,2,-
425037127,yes,2,-
425037129,yes,1,-
425037130,house,1,-
425037131,house,1,-
425037133,yes,1,-
427392153,house,1,-
427392154,house,1,-
427392155,house,2,-
427392156,house,2,-
427392157,house,1,-
427721260,apartments,4,-
427721261,apartments,4,-
427721262,apartments,4,-
427721263,apartments,4,-
427721264,apartments,4,-
427721265,apartments,4,-
427893392,house,2,-
427893393,house,2,-
427893394,house,2,-
427893395,house,2,-
427893396,house,2,-
427893397,house,2,-
427893399,house,1,-
427893401,school,2,-
427893402,school,1,-
427893403,school,2,-
427893406,house,2,-
427893407,house,1,-
427893408,house,1,-
427904118,yes,18,-
427904119,yes,18,-
430273309,yes,6,-
430455263,apartments,10,-
430455264,apartments,10,-
430455265,apartments,11,-
430630567,office,14,-
430630568,yes,3,-
430630570,yes,6,-
430630571,apartments,12,-
430630572,apartments,13,-
430630574,yes,6,-
431478475,house,1,-
431478483,apartments,5,-
431478484,apartments,5,-
431715150,apartments,3,-
431715151,apartments,3,-
431715152,apartments,3,-
431715154,apartments,3,-
431715155,apartments,3,-
431715156,apartments,3,-
431715157,apartments,3,-
431715158,apartments,3,-
431715159,apartments,3,-
431715161,apartments,3,-
431715162,apartments,3,-
431715164,apartments,3,-
432966119,house,1,-
432966121,house,1,-
434807698,house,2,-
434807700,house,2,-
434919772,house,2,-
434919773,house,2,-
434919774,house,1,-
434919775,house,2,-
434919776,house,1,-
434919777,house,2,-
435407616,yes,3,-
435409811,apartments,7,-
435409812,apartments,7,-
436176819,yes,2,-
436176820,yes,2,-
436176822,house,2,-
436176823,house,1,-
436177097,house,2,-
436177098,house,1,-
436177100,house,2,-
436177101,house,2,-
436177102,house,2,-
436180198,yes,1,-
436180199,house,1,-
436180203,house,2,-
436180204,house,1,-
436180205,house,1,-
436180206,house,1,-
436180207,house,2,-
436180208,house,1,-
436180209,house,2,-
436180210,house,2,-
436180211,house,2,-
436180212,house,1,-
436180213,house,2,-
436430469,house,2,-
436430471,house,1,-
436430474,house,1,-
436430475,house,2,-
436430476,house,1,-
436430477,house,2,-
436430480,house,2,-
436430481,house,1,-
436430482,house,1,-
436430487,house,3,-
436430488,house,2,-
436430489,house,1,-
436430490,house,1,-
436430492,house,2,-
436430493,house,1,-
436430494,house,1,-
436430497,house,1,-
436430498,house,1,-
436430501,house,1,-
436430502,house,1,-
436921126,yes,2,-
436924616,apartments,6,-
436924618,house,2,-
436924619,house,1,-
436924620,house,2,-
436973068,house,1,-
436973070,house,1,-
436973071,house,1,-
436973072,house,1,-
436973080,retail,1,-
438036333,office,1,-
438036340,house,1,-
438036341,house,2,-
438036349,commercial,1,-
438290614,office,2,-
438290615,house,2,-
438290616,house,1,-
438290617,apartments,4,-
438290619,house,1,-
438290621,house,1,-
438290622,house,1,-
438290624,house,2,-
438344026,office,1,-
438344029,house,2,-
438344030,house,2,-
438344088,house,1,-
439254215,yes,5,7
440405623,apartments,7,-
440405624,apartments,13,-
440405625,apartments,7,-
440405626,apartments,4,-
440405627,apartments,22,-
440405630,yes,2,-
440405631,apartments,4,-
440425857,house,1,-
440425859,house,2,-
440425860,house,1,-
440425862,house,2,-
440425865,house,2,-
440425867,house,2,-
440425870,house,2,-
440425872,house,1,-
440425873,house,1,-
440425874,house,1,-
440425875,house,1,-
440425876,house,2,-
440425877,house,1,-
440425878,house,1,-
440425880,house,1,-
440425881,house,1,-
440425882,house,1,-
440425883,house,1,-
440425885,house,1,-
440536847,civic,2,-
440968945,house,2,-
440968947,house,2,-
440968955,school,1,-
440968957,school,2,-
440968959,school,1,-
440968961,school,2,-
440968963,yes,1,-
440968965,school,2,-
441292476,yes,2,-
441988784,apartments,4,-
442131667,yes,7,-
442135181,yes,2,-
442361567,commercial,6,-
442361569,house,1,-
442361570,house,1,-
442361571,house,1,-
442361573,house,2,-
442361574,house,2,-
442363495,ruins,3,-
442363514,apartments,5,-
442363542,house,2,-
442363547,yes,3,-
442363549,yes,4,-
442363565,yes,4,-
442363567,yes,1,-
442363574,yes,5,-
442376050,yes,5,-
442376051,yes,2,-
442376052,yes,5,-
442376060,yes,6,-
442376064,public,2,-
442376067,yes,12,-
442376069,yes,16,-
442376081,yes,12,-
442376082,yes,3,-
442376083,commercial,11,-
442522773,school,2,-
442522776,school,3,-
442522779,hotel,7,-
442522793,yes,3,-
442522795,commercial,2,-
442522796,apartments,13,-
442522797,apartments,18,-
442525423,yes,10,-
442525458,yes,1,-
442525460,yes,2,-
442525462,yes,2,-
442525464,yes,3,-
442786721,house,2,-
442786723,office,2,-
443382142,apartments,13,-
443382143,apartments,13,-
443602595,yes,4,-
443674338,school,3,-
443679792,yes,-,8
443679793,yes,-,8
443679794,yes,-,8
443679795,yes,-,6
443679796,yes,-,6
443679797,yes,6,6
443679798,yes,8,-
443679799,yes,-,10
443679800,yes,-,8
443679812,yes,-,9
443679814,yes,-,3.5
443679815,yes,-,10
443679817,yes,-,5
443679819,yes,1,4
443679824,yes,-,9
443679825,yes,-,8
443679827,apartments,4,10
443679828,apartments,4,10
443679829,apartments,-,10
443679830,apartments,-,10
443679831,apartments,-,10
443679832,apartments,-,10
443679833,apartments,-,10
443679834,apartments,-,10
443679846,college,3,-
443679869,yes,3,-
444059585,yes,3,-
444059594,yes,2,-
444059627,yes,2,-
444059635,yes,2,-
444059649,yes,2,-
444059651,yes,4,-
444063314,yes,3,-
444208390,university,4,-
444208394,yes,4,-
444217438,yes,2,-
444217441,yes,2,-
444217444,yes,5,-
444217445,yes,3,-
444217447,yes,3,-
444217449,yes,1,-
444217458,yes,3,-
444217460,yes,3,-
444217476,yes,2,-
444218708,yes,2,-
444218710,yes,3,-
444218715,terrace,2,-
444218731,yes,3,-
444218742,yes,2,-
444218751,yes,3,-
444218756,house,3,-
444218766,yes,2,-
444218788,yes,3,-
444218789,yes,3,-
444218791,yes,3,-
444218801,yes,3,-
444277666,house,1,-
444278696,apartments,14,-
444278697,apartments,13,-
444339493,yes,3,-
444435980,yes,2,-
444435984,yes,2,-
444436002,yes,2,-
444446137,yes,3,-
444446141,yes,3,-
444446162,yes,5,-
445116202,yes,1,-
445116205,house,2,-
445116213,house,2,-
445116217,house,1,-
445116219,house,1,-
445119861,retail,2,-
445710011,apartments,17,-
445710016,apartments,17,-
446005032,apartments,4,-
446005033,apartments,4,-
446005034,apartments,4,-
446005035,apartments,4,-
446005036,apartments,4,-
446005037,apartments,4,-
446005038,apartments,4,-
446005039,apartments,4,-
446753589,house,1,-
447601199,apartments,4,-
447601200,apartments,4,-
447601201,apartments,4,-
447601202,apartments,4,-
447601203,apartments,4,-
447601204,apartments,4,-
447601205,apartments,4,-
447601206,apartments,4,-
447601207,apartments,4,-
447601208,apartments,4,-
447601209,apartments,4,-
447601210,apartments,4,-
447601211,apartments,4,-
447601212,apartments,4,-
447601213,apartments,4,-
447601214,apartments,4,-
448963907,apartments,5,-
452899372,yes,2,-
452899374,yes,2,-
452899377,yes,3,-
453435655,yes,2,-
453435678,apartments,1,-
454770880,house,2,-
454770881,house,2,-
454770882,house,2,-
454770883,house,2,-
454770884,house,2,-
454770885,house,2,-
454770886,house,2,-
454770887,house,2,-
456213474,commercial,3,-
456213475,apartments,3,-
456213476,school,1,-
458722719,house,1,-
458722720,house,2,-
458722722,house,1,-
458722723,house,1,-
458722724,house,1,-
458722725,house,1,-
458722726,house,1,-
458722727,house,1,-
458722728,house,1,-
458722730,house,1,-
458722735,house,1,-
458722736,house,1,-
458722738,house,1,-
458722739,house,1,-
458781052,apartments,4,-
458781053,apartments,4,-
458781054,apartments,4,-
458781055,apartments,4,-
458781062,apartments,4,-
458781063,apartments,4,-
458781064,apartments,4,-
458781065,apartments,4,-
458781066,apartments,4,-
458781067,apartments,4,-
460744288,house,2,-
460744290,house,1,-
460744291,house,1,-
460744294,house,2,-
460744295,house,2,-
460841681,house,1,-
460841682,house,1,-
460841683,house,1,-
460841685,house,1,-
460841686,house,1,-
460841687,retail,1,-
460946843,apartments,5,-
460946844,apartments,5,-
460946845,apartments,5,-
460946846,apartments,5,-
460946847,apartments,5,-
460946848,apartments,5,-
460946849,apartments,5,-
460946850,apartments,5,-
460946851,apartments,5,-
460946852,apartments,5,-
460946853,apartments,5,-
463020888,yes,-,9
463984194,retail,1,-
464776001,house,1,-
464776002,house,1,-
464776003,house,1,-
464776004,house,1,-
464776005,house,1,-
464776006,house,1,-
464776007,house,1,-
465452007,apartments,20,-
466489452,house,1,-
471503282,office,2,-
475091143,yes,5,-
479762339,yes,3,-
481232450,house,2,-
481232451,house,2,-
481232452,house,2,-
481232453,house,2,-
482360613,apartments,6,-
485941931,apartments,7,-
487452096,yes,2,-
487994228,apartments,4,-
487994231,apartments,8,-
487994235,apartments,6,-
487994238,apartments,8,-
487994243,apartments,9,-
487994246,apartments,4,-
488963106,apartments,6,-
490361235,house,1,-
490361238,house,2,-
490361240,house,1,-
490361243,house,1,-
490361247,house,1,-
490361250,house,1,-
495766309,apartments,5,-
495766310,apartments,5,-
495766311,apartments,5,-
495766312,apartments,5,-
495766313,apartments,5,-
495766314,apartments,5,-
495766315,apartments,5,-
495766317,apartments,5,-
495766318,apartments,5,-
495971954,commercial,1,-
495971956,apartments,4,-
495971957,commercial,2,-
495971958,house,2,-
495971959,house,2,-
495971960,house,2,-
495975053,house,2,-
495975054,house,2,-
495975055,house,2,-
495975056,house,1,-
495975058,house,1,-
495975059,house,1,-
495975061,house,1,-
495975062,house,2,-
495975063,house,1,-
495975064,retail,1,-
495975067,commercial,1,-
495975068,house,1,-
495975069,commercial,1,-
496532772,apartments,4,-
496532773,apartments,4,-
497503654,apartments,4,-
497503655,apartments,4,-
497503656,apartments,4,-
497503657,apartments,4,-
497503658,apartments,4,-
497503659,apartments,4,-
497503660,apartments,4,-
497503661,apartments,4,-
500818095,house,2,-
500818096,apartments,3,-
500818097,apartments,3,-
500818098,apartments,3,-
500818099,apartments,3,-
500818100,apartments,3,-
500818101,apartments,3,-
501078093,commercial,1,-
501080580,yes,2,-
501080581,house,1,-
501080582,house,2,-
501080583,house,2,-
501080584,house,2,-
501080585,house,2,-
501080586,house,2,-
501080587,house,2,-
501825977,apartments,10,-
501825978,apartments,10,-
504126403,house,1,-
504126404,house,2,-
504126405,house,1,-
504126406,house,1,-
504126407,house,1,-
504126408,house,2,-
504126409,house,1,-
504126411,house,1,-
505698212,house,1,-
505698213,house,1,-
505698222,house,2,-
505698223,house,2,-
505698227,house,2,-
505698229,house,2,-
505698240,house,1,-
505698245,house,2,-
505698248,house,1,-
505698249,house,1,-
505698252,house,2,-
505698255,house,2,-
505698257,house,1,-
505698261,house,1,-
505955448,house,1,-
505955449,house,2,-
505955453,house,2,-
505955457,house,1,-
505955462,house,2,-
505955463,house,2,-
505955464,house,2,-
505955465,house,2,-
505955466,house,1,-
505955467,house,2,-
505955468,house,1,-
505955469,house,2,-
505955470,house,1,-
505955472,house,1,-
505955473,house,1,-
505955475,house,1,-
505955476,house,1,-
505955477,house,2,-
505955478,house,1,-
505955479,house,2,-
505955480,house,1,-
505955481,house,2,-
505955482,house,1,-
505955486,house,1,-
505955500,house,1,-
505955503,house,2,-
505955506,house,1,-
505955511,house,2,-
505955514,house,1,-
505955515,house,1,-
505955516,house,1,-
505955517,house,1,-
505955518,house,1,-
505955520,house,1,-
505955521,house,1,-
506067443,house,2,-
506067444,house,2,-
506067445,house,1,-
506067450,house,1,-
506067451,house,2,-
506067453,house,1,-
506067454,house,1,-
506067455,house,2,-
506067456,house,1,-
506067457,house,1,-
506067458,house,2,-
506067459,house,2,-
506067460,house,1,-
506067461,house,1,-
506067462,house,2,-
507424572,house,1,-
507424573,house,2,-
507424574,house,1,-
507424575,house,1,-
507424577,house,2,-
507424578,house,2,-
507424579,house,2,-
507424580,school,1,-
507424581,school,1,-
507424584,house,1,-
507424585,house,1,-
507424586,house,2,-
507424587,house,2,-
507424588,commercial,1,-
507600574,house,1,-
507600583,house,2,-
507600587,yes,1,-
507600590,yes,1,-
507600592,yes,1,-
507600595,yes,1,-
507600599,house,1,-
507600601,house,2,-
507600606,house,1,-
507600615,house,1,-
508304242,apartments,3,-
508304243,apartments,3,-
508304244,apartments,3,-
508304245,apartments,3,-
508304246,apartments,3,-
508304247,apartments,3,-
508304248,apartments,3,-
508304249,apartments,3,-
508304250,apartments,3,-
508842938,house,1,-
508842950,house,1,-
509122013,house,1,-
509122014,house,1,-
509122015,house,1,-
509122016,house,1,-
509122017,house,1,-
509122018,house,1,-
509122020,house,1,-
509122023,house,2,-
509122024,house,2,-
509122025,house,2,-
509122026,house,2,-
509122027,house,2,-
509122028,house,2,-
509122029,house,2,-
509122030,house,2,-
509122031,house,2,-
509122032,house,2,-
509122033,house,2,-
509122034,house,2,-
509122035,house,2,-
509122036,house,2,-
509122037,house,2,-
509122038,house,2,-
509122039,house,2,-
509122040,house,2,-
509122041,house,2,-
509122042,house,2,-
509122043,house,2,-
509122044,house,2,-
509122045,house,2,-
509122046,house,2,-
509122047,house,2,-
509122048,house,2,-
509122049,house,2,-
509122050,house,2,-
509122051,house,2,-
509122052,house,2,-
509122053,house,2,-
509122054,house,2,-
509122055,house,2,-
509122056,house,2,-
509122057,house,2,-
509122058,house,2,-
509122059,house,2,-
509122060,house,2,-
509122061,house,2,-
509122062,house,2,-
509122063,house,2,-
509122064,house,2,-
509122065,house,2,-
509122066,house,2,-
509122067,house,2,-
509122068,house,2,-
509122069,house,2,-
509122070,house,2,-
509122071,house,2,-
509122072,house,2,-
509122073,house,2,-
509122074,house,2,-
509122075,house,2,-
509122076,house,2,-
509122077,house,2,-
509122078,house,2,-
509122079,house,2,-
509122080,house,2,-
509122081,house,2,-
509122082,house,2,-
509122083,house,2,-
509122084,house,2,-
509122085,house,2,-
509122086,house,2,-
509122087,house,2,-
509122088,house,2,-
509122089,house,2,-
509122090,house,2,-
509122091,house,2,-
509122092,house,2,-
509122093,house,1,-
509122094,house,1,-
509122095,house,1,-
509122096,house,1,-
509122097,house,1,-
509122098,house,2,-
509122099,house,1,-
509122100,house,1,-
509705036,yes,2,-
509705037,yes,2,-
509705038,yes,2,-
509705039,yes,2,-
509705040,yes,2,-
509705041,yes,2,-
509705047,house,1,-
510209480,retail,2,-
510494963,house,2,-
511176191,house,1,-
511176192,house,1,-
511176193,house,1,-
511176194,house,1,-
511176195,house,1,-
511176202,house,1,-
511176203,house,2,-
511176204,house,1,-
511176205,house,2,-
511176206,house,1,-
511176209,house,2,-
511176210,house,2,-
511176212,house,1,-
511176213,house,1,-
511176214,house,1,-
511176215,house,1,-
511176216,house,2,-
511176217,house,2,-
511176218,house,1,-
511176219,house,1,-
511176220,house,1,-
511176221,house,2,-
511176222,house,2,-
511176223,house,2,-
511176224,house,2,-
511176226,house,2,-
511176227,house,1,-
511176228,house,2,-
511176229,house,1,-
511176230,house,1,-
511176231,house,2,-
511176232,house,1,-
511178185,house,2,-
511178186,house,2,-
511178187,house,2,-
511178188,house,2,-
511178189,house,2,-
511178190,house,2,-
511178200,house,2,-
511178201,house,2,-
511178202,house,2,-
511178203,house,2,-
511178204,house,2,-
511178205,house,1,-
511178206,house,2,-
511178207,house,1,-
511178208,house,2,-
511178210,house,1,-
511178211,house,1,-
511178212,house,1,-
511178213,house,1,-
511178214,house,2,-
511178215,house,1,-
511178216,house,2,-
511178217,house,1,-
511178218,house,1,-
511178219,house,1,-
511178220,house,2,-
511178221,house,1,-
511178222,house,1,-
511178223,house,1,-
511178224,house,1,-
511178225,house,2,-
512363051,apartments,9,-
512363058,apartments,6,-
512363059,apartments,3,-
512363060,apartments,11,-
512363061,apartments,14,-
512363062,apartments,12,-
512363063,apartments,9,-
512363066,apartments,14,-
512363072,apartments,15,-
512363073,apartments,24,-
512363074,apartments,24,-
512363075,apartments,12,-
512363088,yes,3,-
512363089,apartments,3,-
517804317,university,1,-
517804318,house,1,-
517804319,house,1,-
517804320,house,1,-
517804321,house,2,-
517804322,house,1,-
517804323,house,1,-
517804324,house,2,-
517804325,house,2,-
517804326,house,1,-
517804327,house,1,-
517804328,house,2,-
517804329,house,2,-
517804330,house,2,-
517804331,house,2,-
517804332,house,2,-
517804333,house,1,-
517804334,house,2,-
517804335,house,1,-
517804336,house,2,-
517804337,house,3,-
517804338,house,2,-
517804339,house,2,-
517804340,house,2,-
517804341,house,1,-
517804342,house,2,-
518461035,house,1,-
518461040,house,1,-
518461045,house,1,-
518461050,house,1,-
518461626,yes,1,-
518841587,house,2,-
518841590,apartments,15,-
518841591,house,1,-
518841592,house,2,-
518841594,house,2,-
518841609,house,1,-
518841610,house,1,-
518841611,house,2,-
518841614,yes,3,-
518841615,house,2,-
518841616,house,2,-
518841617,house,3,-
518841618,house,2,-
518841621,house,2,-
518841625,house,2,-
518841629,house,1,-
518841632,house,2,-
518841636,house,2,-
518841638,house,2,-
518841639,house,2,-
518841640,house,2,-
518841641,house,2,-
518841642,house,2,-
518841643,house,2,-
518841644,house,2,-
518841645,house,2,-
518841646,house,2,-
518841647,house,2,-
518841648,house,2,-
518841650,house,2,-
519080868,yes,1,-
519080869,office,8,-
519080870,apartments,9,-
519080871,apartments,7,-
519080872,apartments,7,-
519080874,apartments,21,-
519080875,apartments,14,-
519080876,apartments,4,-
519080877,yes,3,-
519080878,apartments,5,-
519080879,apartments,7,-
519080886,house,1,-
519080887,house,1,-
519080890,apartments,4,-
519080900,house,3,-
519080902,apartments,13,-
519080903,apartments,5,-
519080904,apartments,5,-
519080905,apartments,5,-
519187185,apartments,4,-
519187186,apartments,4,-
520434020,house,2,-
520434021,house,1,-
520434022,house,2,-
520434023,apartments,3,-
520434024,house,1,-
520434025,yes,1,-
520434026,yes,1,-
520434027,house,2,-
520434028,house,1,-
520434029,house,1,-
520903965,house,1,-
520903966,house,1,-
520903967,house,1,-
520903968,house,1,-
520903969,house,2,-
520903970,house,1,-
520903971,house,1,-
520903972,house,2,-
520903973,house,1,-
520903974,house,1,-
520903975,house,1,-
520903978,house,1,-
520903979,house,1,-
520903980,house,1,-
520903981,house,1,-
520903982,house,1,-
520903984,house,1,-
520903985,house,1,-
520903986,house,1,-
520903987,house,1,-
520903988,house,2,-
520903989,house,1,-
520903991,house,2,-
520903993,house,1,-
520903996,house,1,-
520904002,house,1,-
520904008,house,1,-
520904012,house,1,-
520904016,house,1,-
520904020,house,1,-
520904023,house,1,-
520904029,school,2,-
520904031,school,2,-
520904035,school,2,-
520904038,school,1,-
520904044,school,1,-
520904046,school,1,-
520904048,school,1,-
520904049,house,2,-
520904050,house,1,-
520904051,house,1,-
520904052,house,1,-
520904053,house,1,-
520904054,house,1,-
520904055,retail,2,-
520904056,retail,1,-
520904057,house,2,-
520904058,house,1,-
520904059,house,2,-
520904060,house,1,-
520904061,house,1,-
520904062,retail,1,-
520904063,house,1,-
520904064,house,1,-
520904065,house,2,-
520904066,house,1,-
520904067,house,1,-
522083660,office,1,-
522083663,house,2,-
522083666,house,1,-
522097075,apartments,15,-
523160535,house,2,-
523160542,house,2,-
523160544,house,1,-
523160547,house,2,-
524232969,apartments,4,-
525208475,apartments,14,-
530912682,apartments,20,-
530912683,apartments,10,-
530912686,apartments,15,-
530912687,apartments,16,-
530912688,apartments,8,-
530912689,apartments,7,-
530912690,apartments,7,-
530912692,apartments,8,-
531468367,apartments,28,-
531468368,apartments,27,-
531468369,apartments,21,-
531468370,apartments,12,-
531468371,apartments,24,-
531468372,apartments,22,-
531468373,apartments,12,-
531468376,apartments,27,-
532640584,apartments,17,-
532640585,apartments,5,-
537948593,house,2,-
537952251,house,2,-
537984628,apartments,5,-
537985734,apartments,5,-
538744112,house,1,-
538744113,house,1,-
538745172,apartments,4,-
542296216,house,1,-
542298590,house,1,-
542298591,house,1,-
542298592,house,1,-
542298593,house,1,-
542298594,house,1,-
542298595,house,1,-
542298596,house,1,-
542298598,house,1,-
542298599,house,1,-
542298601,house,1,-
542298603,commercial,1,-
544248718,apartments,3,-
544248719,apartments,22,-
544248720,apartments,14,-
544248721,apartments,13,-
544370401,apartments,6,-
544370402,apartments,5,-
544370403,apartments,5,-
544370404,apartments,5,-
544668273,commercial,2,-
544668274,apartments,14,-
544668275,commercial,2,-
544818314,retail,2,-
544818319,retail,1,-
544818321,retail,1,-
545317324,house,1,-
545317328,house,2,-
545317329,house,1,-
545317330,house,2,-
545317331,house,1,-
545582770,retail,2,-
545582771,retail,2,-
545582772,retail,3,-
545582786,yes,5,-
545582792,commercial,2,-
545582795,commercial,2,-
545583600,house,1,-
545583601,house,1,-
545583602,house,1,-
545583603,house,1,-
545583605,house,1,-
545583606,house,1,-
545583607,house,1,-
545583608,house,2,-
545583609,house,2,-
545583610,house,1,-
545583611,house,1,-
545583614,house,1,-
545583615,house,1,-
545583616,house,1,-
545583617,house,1,-
545583618,house,1,-
545583619,house,1,-
545583620,house,1,-
545583621,house,1,-
545583622,house,2,-
545583623,house,2,-
545583624,house,2,-
545583625,house,2,-
545583626,house,2,-
545583627,house,1,-
545583628,house,1,-
545583629,house,2,-
545583630,house,2,-
545583631,house,2,-
546203498,apartments,12,-
546207945,hospital,8,-
546207946,hospital,4,-
546207950,hospital,5,-
546849376,house,1,-
546901841,chapel,1,-
547116387,yes,1,-
547521162,apartments,25,-
549240799,house,1,-
549240800,house,1,-
549240801,house,2,-
549240802,house,1,-
549240803,house,1,-
549240804,house,1,-
549240805,house,2,-
549240806,house,2,-
549240808,house,1,-
549240814,house,2,-
549240816,house,1,-
549240817,house,1,-
549240819,house,1,-
549240823,house,1,-
549240826,house,1,-
549240828,house,2,-
549240829,house,1,-
549240833,house,1,-
549790892,yes,2,-
549790904,yes,2,-
549841201,yes,2,-
549848215,yes,1,-
549848216,yes,2,-
549848217,yes,1,-
549932582,school,3,-
549932583,school,3,-
549932584,school,1,-
549932585,school,2,-
549932588,roof,1,-
550029867,school,3,-
550298962,house,2,-
550469790,yes,3,-
550692748,yes,1,-
550706972,semidetached_house,2,-
550706973,semidetached_house,2,-
550744410,yes,2,-
550746737,yes,1,-
550746738,yes,1,-
550754059,house,1,-
550754060,house,1,-
550758369,apartments,20,-
550758370,apartments,20,-
550758371,apartments,20,-
550758372,apartments,14,-
550758373,apartments,16,-
550758374,apartments,16,-
550758375,apartments,10,-
550758376,apartments,8,-
550910548,residential,4,-
550910550,residential,4,-
550910551,residential,4,-
550942494,yes,2,-
550954391,yes,1,-
550954393,yes,1,-
550954394,hospital,3,-
550954397,yes,2,-
550954405,yes,1,-
550962491,yes,1,-
550962492,yes,2,-
550962493,yes,2,-
550964727,yes,1,-
550964729,yes,1,-
550964731,yes,2,-
550964734,yes,1,-
550967801,house,1,-
550968125,house,1,-
550970748,church,2,-
550970750,yes,2,-
550971238,residential,4,-
551004241,yes,1,-
551004242,yes,1,-
551004244,yes,2,-
551004248,yes,2,-
551004249,yes,2,-
551004250,yes,2,-
551004258,yes,1,-
551004265,yes,2,-
551107833,yes,1,-
551107834,yes,1,-
551107835,yes,1,-
551107836,yes,1,-
551107837,yes,1,-
551107838,yes,1,-
551107839,yes,2,-
551114626,yes,1,-
551114627,yes,2,-
551114629,yes,1,-
551115941,apartments,5,-
551115942,apartments,5,-
551115943,apartments,5,-
551115944,apartments,5,-
551123428,yes,1,-
551123429,yes,2,-
551123431,yes,1,-
551123432,yes,1,-
551123433,yes,2,-
551188950,house,1,-
551307976,house,1,-
551307977,house,2,-
551307978,house,2,-
551307979,house,1,-
551307980,house,1,-
551307981,house,2,-
551307982,house,2,-
551307984,house,2,-
551307986,house,1,-
551307989,house,1,-
551307991,house,2,-
551459529,house,1,-
551459530,house,2,-
551459531,house,1,-
551459532,house,2,-
551459534,house,1,-
551459535,house,1,-
551459536,house,2,-
551459539,house,1,-
551459540,house,1,-
551459541,house,1,-
551459542,house,2,-
551459543,house,1,-
551459544,house,1,-
551459545,house,1,-
551459546,house,1,-
551459549,house,1,-
551459550,house,2,-
551459551,house,2,-
551459552,house,1,-
551459553,house,2,-
551459554,house,3,-
551459556,house,2,-
551459557,house,1,-
551459558,house,2,-
551459559,house,2,-
551459560,house,1,-
551459561,house,2,-
551459562,house,1,-
551459563,house,1,-
551459564,house,2,-
551459565,house,2,-
551459566,house,1,-
551459567,house,2,-
551459568,house,2,-
551459570,house,1,-
551459571,house,2,-
551528508,apartments,14,-
551528509,apartments,18,-
551528510,apartments,12,-
551528511,yes,3,-
551528512,apartments,12,-
551528513,office,5,-
551528514,apartments,8,-
551528533,yes,2,-
551528537,house,2,-
551528542,apartments,14,-
551655021,apartments,16,-
551670214,yes,2,-
551670215,yes,1,-
551674720,yes,1,-
551682313,yes,1,-
551690930,house,-,3.5
551690932,yes,1,-
551690935,yes,2,-
551690938,yes,1,-
551690940,yes,1,-
551690942,yes,1,-
551690945,yes,1,-
551690946,yes,1,-
551690947,yes,1,4
551690948,yes,1,4
551699851,house,1,-
551699852,house,2,-
551699853,house,1,-
551701074,yes,2,-
551701076,yes,1,-
551701077,yes,1,-
551701078,yes,1,-
551701079,yes,1,-
551701085,house,-,6
551701087,yes,1,-
551701088,house,-,6
551705991,commercial,12,-
551705992,residential,12,-
551708401,yes,1,-
551735062,house,-,4
551735063,yes,2,-
551735064,yes,2,-
551735065,yes,2,-
551735066,yes,2,-
551745090,yes,2,-
551745091,house,-,6
551745093,yes,2,8
551745102,yes,1,-
551745103,yes,1,-
551745104,yes,2,-
551745105,yes,2,-
551745106,yes,1,-
551745107,yes,2,-
551761470,yes,2,-
551761471,yes,1,-
551761472,yes,1,-
551761473,yes,2,-
551770550,yes,-,15
551770551,yes,-,15
551770552,yes,-,6
551770554,yes,2,-
551770555,yes,1,-
551770557,yes,3,-
551770558,yes,1,-
551770561,yes,1,-
551770562,yes,1,-
551770563,yes,1,-
551770565,yes,1,-
551987029,apartments,18,-
551998320,yes,4,-
551998321,yes,4,-
551998322,yes,4,-
551998323,yes,4,-
551998324,yes,4,-
551998325,yes,4,-
551998326,yes,4,-
551998327,yes,4,-
551998328,yes,4,-
551998329,yes,4,-
551998330,yes,4,-
551998331,yes,4,-
551999602,apartments,10,-
552412322,retail,2,-
552412323,house,2,-
552470089,yes,2,-
552489135,house,2,-
552489140,house,1,-
552489143,house,1,-
552489144,house,1,-
552489145,house,1,-
552489146,house,1,-
552489149,house,1,-
552489151,house,1,-
552489154,house,1,-
552489156,house,1,-
552489159,house,1,-
552489160,house,2,-
552489163,house,2,-
552489166,house,2,-
552489167,house,2,-
552489168,house,1,-
552489176,house,2,-
552685571,residential,4,-
552685572,yes,2,-
552685574,yes,2,-
552833363,yes,1,-
552833364,yes,1,-
552833365,yes,1,-
552833366,yes,1,-
552833367,yes,2,-
552833368,yes,1,-
552833369,yes,1,-
552833370,yes,2,-
552833371,yes,1,-
552833372,yes,1,-
552833373,yes,1,-
552833375,yes,2,-
552833376,yes,1,-
552833377,yes,2,-
552833386,yes,1,-
552833387,yes,1,-
552856517,yes,2,-
552856518,yes,2,-
552856519,yes,1,-
552856520,yes,2,-
552856521,yes,2,-
552856522,yes,2,-
552856527,yes,2,-
552856528,yes,2,-
552856530,yes,5,-
552856533,yes,2,-
552856535,yes,1,-
552856536,yes,1,-
552888493,yes,1,-
552888496,yes,1,-
552888498,yes,1,-
552888500,yes,1,-
552888502,yes,1,-
552888504,yes,1,-
552888509,yes,1,-
552888511,yes,2,-
552888513,yes,1,-
552888515,yes,1,-
552888518,yes,1,-
552888520,yes,1,-
552888527,yes,2,-
552888529,yes,1,-
552888532,yes,1,-
552888534,yes,1,-
552888537,yes,1,-
552888544,yes,2,-
552905326,yes,1,-
552905328,yes,1,-
552905331,yes,1,-
552905334,yes,1,-
552905337,yes,1,-
552905343,yes,2,-
552905346,yes,1,-
552905349,yes,2,-
552905354,yes,2,-
552905355,yes,1,-
552905357,yes,2,-
552905358,yes,2,-
552905359,yes,2,-
552905360,yes,1,-
552911369,yes,1,-
552911374,yes,1,-
552911376,yes,1,-
552911378,yes,2,-
552911380,yes,2,-
552911382,yes,1,-
552920380,residential,5,-
552920383,yes,2,-
552920385,yes,1,-
552920386,yes,2,-
552920388,yes,2,-
552920389,residential,2,-
552920390,yes,1,-
552920391,yes,2,-
552920392,yes,2,-
552920393,yes,1,-
552920394,yes,1,-
552937731,yes,1,-
552937732,yes,1,-
552937733,yes,1,-
552937734,yes,1,-
552937735,yes,2,-
552937736,yes,2,-
552937738,yes,1,-
552937739,yes,2,-
552937740,yes,2,-
552937741,yes,2,-
552937742,yes,2,-
552937743,yes,2,-
552937744,yes,2,-
552937745,yes,3,-
552937746,yes,2,-
552977181,yes,2,-
552977182,yes,1,-
552977183,yes,1,-
552977184,yes,1,-
552977185,yes,1,-
552977186,yes,1,-
552977188,yes,2,-
552977189,yes,2,-
552977190,yes,1,-
552977191,yes,1,-
552977192,yes,1,-
552977194,yes,2,-
552977195,yes,1,-
552977196,yes,1,-
552977197,apartments,20,-
552977198,yes,1,-
552977199,yes,1,-
552977200,yes,1,-
552977201,yes,1,-
552977202,yes,2,-
552977203,yes,1,-
552977204,yes,1,-
552977220,yes,1,-
552977221,yes,1,-
552977222,yes,1,-
552977224,yes,1,-
552977225,yes,1,-
552977226,yes,2,-
552977228,yes,1,-
552977229,yes,1,-
552977230,yes,2,-
552977231,yes,1,-
552977232,yes,1,-
552977233,yes,2,-
553109041,yes,2,-
553109042,yes,2,-
553109043,yes,1,-
553109045,yes,4,-
553109048,apartments,16,-
553109049,yes,2,-
553109050,yes,2,-
553109051,apartments,12,-
553109052,yes,2,-
553109053,yes,1,-
553109055,yes,1,-
553109056,yes,1,-
553109057,yes,1,-
553109058,yes,2,-
553109060,yes,1,-
553109061,yes,1,-
553109062,yes,1,-
553109063,yes,1,-
553109064,yes,2,-
553109065,yes,2,-
553109066,yes,2,-
553109067,yes,2,-
553109068,yes,1,-
553109071,yes,1,-
553109072,yes,1,-
553109073,house,1,-
553109074,yes,1,-
553109076,yes,1,-
553109080,yes,3,-
553116616,hospital,1,-
553116617,yes,1,-
553116618,yes,1,-
553116619,yes,1,-
553186959,yes,2,-
553186967,yes,1,-
553186968,yes,1,-
553186969,yes,1,-
553186970,yes,1,-
553186971,yes,2,-
553186972,yes,1,-
553186975,yes,2,-
553186976,yes,1,-
553186978,yes,2,-
553186981,yes,1,-
553186982,yes,1,-
553186985,house,2,-
553186989,yes,1,-
553197370,yes,2,-
553197372,yes,1,-
553332703,yes,1,-
553360764,yes,1,-
553360766,yes,1,-
553360767,yes,2,-
553360769,yes,2,-
553360770,yes,1,-
553360771,yes,1,-
553360773,yes,1,-
553377619,yes,2,-
553434794,yes,1,-
553434814,yes,1,-
553434823,yes,2,-
553434826,yes,1,-
553434829,yes,1,-
553434834,yes,1,-
553434838,yes,1,-
553434841,yes,2,-
553434842,yes,2,-
553434844,yes,2,-
553434845,yes,1,-
553434846,yes,1,-
553434847,yes,2,-
553434848,yes,2,-
553434850,yes,1,-
553622828,yes,3,-
553635392,yes,3,-
553635393,yes,3,-
553635394,yes,3,-
553635395,yes,3,-
553640500,residential,3,-
553640501,residential,3,-
553640504,residential,3,-
553640505,residential,3,-
553640506,residential,3,-
553640507,residential,3,-
553640508,residential,3,-
553640509,residential,3,-
553644413,apartments,7,-
553880725,residential,3,-
554054813,apartments,7,-
554086516,yes,1,-
554086518,residential,4,-
554086519,residential,4,-
554086521,residential,4,-
554086522,residential,4,-
554086524,residential,3,-
554086525,residential,3,-
554086526,residential,3,-
554086527,residential,3,-
554086529,residential,4,-
554135771,yes,1,-
554135773,apartments,4,-
554135775,apartments,4,-
554135778,apartments,4,-
554135784,yes,1,-
554135791,yes,1,-
554294941,yes,1,-
554294950,yes,1,-
554294951,yes,2,-
554294953,yes,1,-
554311513,yes,2,-
554311514,yes,2,-
554311519,yes,2,-
554311524,yes,1,-
554311527,yes,1,-
554311528,yes,1,-
554311529,yes,1,-
554311530,yes,1,-
554311531,yes,1,-
554311532,yes,2,-
554311533,yes,1,-
554311534,yes,1,-
554311535,yes,2,-
554311537,yes,1,-
554324983,yes,1,-
554324984,yes,2,-
554325931,residential,2,-
554667508,office,2,-
554712007,yes,1,-
554712008,yes,2,-
554712016,yes,1,-
554980918,residential,5,-
555599251,university,3,-
556805500,apartments,5,-
556805501,apartments,5,-
556805502,apartments,5,-
556805503,apartments,5,-
556805504,apartments,5,-
556805512,house,1,-
556805515,house,1,-
556805525,house,1,-
556805526,house,1,-
556805527,house,1,-
556805529,house,2,-
557120818,apartments,5,-
557120819,apartments,5,-
557120820,apartments,5,-
557120821,apartments,5,-
557120822,apartments,5,-
557120823,apartments,5,-
557120824,apartments,5,-
557120825,apartments,5,-
557120826,apartments,5,-
557120827,apartments,5,-
557120828,apartments,5,-
557120829,apartments,5,-
557124724,apartments,4,-
557124728,apartments,4,-
557124729,apartments,4,-
557829454,school,3,-
557829456,school,2,-
557829457,school,2,-
558126839,residential,3,-
558126921,residential,3,-
558127971,residential,3,-
558129335,residential,3,-
558131448,residential,3,-
558133455,residential,3,-
558134021,residential,3,-
558134022,commercial,2,-
558134468,residential,3,-
558134527,residential,3,-
558134607,residential,3,-
558134685,residential,3,-
558134998,residential,3,-
558135193,residential,3,-
558135439,residential,3,-
558135466,residential,3,-
558135512,residential,3,-
558135572,residential,3,-
558288716,office,6,-
558288719,apartments,11,-
558288721,apartments,11,-
558288722,apartments,11,-
558357966,residential,3,-
558358060,residential,3,-
558358218,residential,3,-
558359070,residential,3,-
558359819,residential,3,-
558359931,residential,3,-
558360489,residential,3,-
558361127,residential,3,-
558361773,residential,3,-
558363488,residential,3,-
558363763,residential,3,-
558364275,residential,3,-
558364490,residential,3,-
558364875,residential,3,-
558365147,residential,3,-
558372968,civic,1,-
558666217,apartments,4,-
558666218,apartments,4,-
558666219,apartments,4,-
558666220,apartments,4,-
558666221,apartments,4,-
558666222,apartments,4,-
558666223,apartments,4,-
558666224,apartments,4,-
558666225,apartments,4,-
558666226,apartments,4,-
558666227,apartments,4,-
558850517,office,3,-
558852196,apartments,4,-
559264424,house,1,-
559264425,house,1,-
559264426,house,2,-
559264427,house,1,-
559264429,house,2,-
559264430,house,2,-
559264431,house,2,-
559264432,house,2,-
559264433,house,2,-
559264434,house,2,-
559264435,house,2,-
559264436,house,2,-
559264437,school,1,-
559264443,house,1,-
559264444,house,1,-
559264445,house,1,-
559264446,house,1,-
559583461,apartments,4,-
559583462,apartments,4,-
559583463,apartments,4,-
559583464,apartments,4,-
559583465,apartments,4,-
559583467,apartments,4,-
559583468,apartments,4,-
559583469,apartments,4,-
559583470,apartments,4,-
559583471,apartments,4,-
559583472,apartments,4,-
559586674,apartments,4,-
559880855,apartments,4,-
559880856,apartments,4,-
559880857,apartments,4,-
559880858,apartments,4,-
559882051,apartments,4,-
559882052,apartments,4,-
559882054,apartments,4,-
559882055,apartments,4,-
559882056,apartments,4,-
559882057,apartments,4,-
559882058,apartments,4,-
559882059,apartments,4,-
559882060,apartments,4,-
559884111,apartments,4,-
559884112,apartments,4,-
559884113,apartments,4,-
559884114,apartments,4,-
559884115,apartments,4,-
559884116,apartments,4,-
559884118,apartments,4,-
559884119,apartments,4,-
559902368,apartments,4,-
559902370,apartments,4,-
559902372,apartments,4,-
559902374,apartments,4,-
559902378,apartments,4,-
559902380,apartments,4,-
559902382,apartments,4,-
559902385,apartments,4,-
559902387,apartments,4,-
559902390,apartments,4,-
559902395,apartments,4,-
559909809,apartments,4,-
559909810,apartments,4,-
559909811,apartments,4,-
560340754,apartments,4,-
560340755,apartments,4,-
560340756,apartments,4,-
560340757,apartments,4,-
560340758,apartments,4,-
560340759,apartments,4,-
560340760,apartments,4,-
560340761,apartments,4,-
560340763,apartments,4,-
560340764,apartments,4,-
560340765,apartments,4,-
560340766,apartments,4,-
560340767,apartments,4,-
560340768,apartments,4,-
560340769,apartments,4,-
560340770,apartments,4,-
560340772,apartments,4,-
560347010,apartments,4,-
560347011,apartments,4,-
560347012,apartments,4,-
560347013,apartments,4,-
560347016,apartments,4,-
560347017,apartments,4,-
560347018,apartments,4,-
560347019,apartments,4,-
560347020,apartments,4,-
560347021,apartments,4,-
560347024,apartments,4,-
560347025,apartments,4,-
560347026,apartments,4,-
562617613,apartments,11,-
565732704,house,1,-
565733303,house,1,-
565733768,house,2,-
566023134,house,1,-
566024932,house,1,-
566027222,house,1,-
566028364,house,2,-
566029236,house,1,-
566029388,house,1,-
566029500,house,1,-
566029899,house,1,-
566029978,house,1,-
566030035,house,1,-
566030300,house,1,-
566031936,house,1,-
566035630,house,1,-
566036014,house,1,-
566036551,house,1,-
566037022,house,2,-
566037236,house,2,-
566037295,house,2,-
566037981,house,1,-
566038472,house,1,-
566038603,house,1,-
566038668,house,1,-
566038967,house,1,-
566039000,house,2,-
566039722,house,2,-
566039760,house,2,-
566039998,house,1,-
566041490,house,1,-
566041535,house,1,-
566041618,house,1,-
566041727,house,1,-
566042265,house,1,-
566042930,house,2,-
566043091,house,2,-
566043151,house,1,-
566043396,house,1,-
566044209,house,2,-
566044454,house,1,-
566044534,house,2,-
566820719,apartments,20,-
566820720,apartments,20,-
566861784,house,2,-
566861787,house,1,-
566862014,house,2,-
566862275,house,1,-
566862835,house,1,-
566863140,house,1,-
566865712,apartments,3,-
566871302,house,2,-
566871526,house,2,-
567287366,apartments,5,-
567288994,apartments,5,-
567291428,apartments,5,-
567292122,apartments,5,-
567293103,apartments,5,-
567296440,apartments,5,-
567297187,apartments,5,-
567300179,apartments,5,-
567300980,apartments,5,-
567302800,apartments,5,-
567304053,apartments,5,-
567595293,apartments,9,-
567595297,apartments,6,-
567595298,hotel,5,-
567595301,apartments,27,-
567595303,apartments,4,-
567595304,apartments,12,-
567595305,apartments,17,-
567595307,school,2,-
567595312,school,2,-
567595313,apartments,6,-
567595314,apartments,7,-
567595316,apartments,20,-
567595317,apartments,14,-
567595318,apartments,12,-
567595319,apartments,9,-
567595320,apartments,12,-
567595321,apartments,10,-
567595322,hotel,8,-
567595323,apartments,7,-
567595324,apartments,15,-
567595325,apartments,13,-
567595326,yes,3,-
567595329,apartments,11,-
567595330,apartments,6,-
567595331,apartments,10,-
567595340,commercial,2,-
567595342,yes,10,-
567595344,school,2,-
567595347,apartments,14,-
567595348,apartments,22,-
567908215,apartments,4,-
567908216,apartments,4,-
568042643,apartments,15,-
568048660,house,1,-
568048732,house,1,-
568048976,house,1,-
568049051,house,1,-
568049291,house,1,-
568049510,house,1,-
568049680,house,1,-
568049911,house,1,-
568050090,house,1,-
568050353,house,1,-
568050452,house,1,-
568050599,house,1,-
568050698,house,1,-
568050737,house,1,-
568051003,house,1,-
568051175,house,1,-
568051429,house,1,-
568051566,house,1,-
568052688,house,1,-
568052821,house,1,-
568332319,apartments,4,-
568619861,cabin,1,-
568623177,house,1,-
568656548,apartments,6,-
568656675,apartments,6,-
568656851,apartments,6,-
568657096,apartments,6,-
568657290,apartments,6,-
568657773,apartments,6,-
568658137,apartments,6,-
568658785,apartments,6,-
568659859,apartments,6,-
568660181,apartments,6,-
568660693,apartments,6,-
568660887,apartments,6,-
568660932,apartments,6,-
568661550,apartments,6,-
569077646,house,2,-
569077647,house,2,-
569077648,house,2,-
569077649,house,2,-
569077651,house,2,-
569077655,house,2,-
569077656,house,2,-
569077657,house,2,-
569077658,house,1,-
569427675,office,2,-
569427676,commercial,2,-
569427678,retail,1,-
569427679,house,1,-
569427681,house,1,-
569427687,house,1,-
569427688,house,1,-
569427690,house,1,-
569427696,house,1,-
569427697,house,1,-
569471465,house,2,-
569471466,house,2,-
569471467,house,2,-
569471468,house,2,-
569471469,house,2,-
569471470,house,2,-
569471471,house,2,-
569471472,house,2,-
569471473,house,2,-
569471474,house,2,-
569471475,house,1,-
569471476,house,1,-
569471479,house,1,-
569471480,house,1,-
569471484,house,1,-
569471486,house,1,-
569471497,house,2,-
569471498,house,2,-
569471499,house,2,-
569471500,house,2,-
569471501,house,2,-
569471504,house,2,-
569471507,house,1,-
569471509,house,2,-
569471511,house,1,-
569471532,house,1,-
569471539,school,1,-
569471540,house,1,-
569471541,house,1,-
569471543,house,1,-
569471546,house,2,-
569774124,house,2,-
569774125,roof,1,-
569774126,roof,1,-
569774127,civic,4,-
569774128,civic,2,-
569774129,house,1,-
569774130,house,1,-
569774131,house,2,-
569774132,house,1,-
569774133,house,1,-
569774134,house,1,-
569774135,house,1,-
569774136,house,2,-
569774137,house,1,-
569774138,house,1,-
569774139,house,2,-
569774140,house,2,-
569774141,house,1,-
569774142,house,2,-
569774143,house,1,-
569774144,house,2,-
569774145,house,1,-
569774147,house,2,-
569774148,house,1,-
569774149,house,2,-
569774152,house,1,-
569774153,house,2,-
569774154,house,1,-
569774155,house,2,-
569774156,house,2,-
569774157,house,1,-
569774158,house,2,-
569774159,house,2,-
569774160,house,2,-
569774162,house,2,-
569774163,yes,1,-
569774164,house,1,-
569774165,house,2,-
569774166,house,2,-
569774167,house,1,-
569774168,house,1,-
569774169,house,1,-
569774170,house,1,-
569774171,house,1,-
569774172,house,1,-
569774173,house,2,-
569774174,house,2,-
569774175,house,1,-
569774176,house,2,-
570809560,house,2,-
570809562,house,2,-
570809563,house,2,-
570809564,house,2,-
570809565,house,2,-
570809568,house,1,-
570809569,house,2,-
570809570,house,2,-
570809571,house,2,-
570809572,house,2,-
570809573,house,2,-
570809574,house,2,-
570809575,house,1,-
570809576,apartments,4,-
570809577,house,2,-
570810342,house,-,7.5
571156304,hospital,2,-
571156305,house,2,-
571156306,house,2,-
571156309,house,2,-
571156312,retail,2,-
571156313,apartments,7,-
571156314,apartments,6,-
571156315,yes,2,-
571156316,yes,2,-
571156317,yes,2,-
571156318,yes,2,-
571156319,yes,2,-
571156320,yes,2,-
571156321,yes,2,-
571156322,house,2,-
571156323,apartments,8,-
571156324,yes,2,-
571156325,house,2,-
571156326,yes,3,-
571728236,yes,1,-
571731530,yes,1,-
571823174,house,1,-
571823360,house,1,-
571823593,house,1,-
572172010,house,2,-
572172011,house,2,-
572172012,house,2,-
572172013,house,2,-
572172014,house,2,-
572172015,house,2,-
572172016,house,2,-
572172017,house,2,-
572172018,house,2,-
572172019,house,2,-
572172020,house,2,-
572172021,house,2,-
572172022,house,2,-
572172023,house,2,-
572172024,house,2,-
572172025,yes,1,-
572172026,yes,1,-
572172027,yes,2,-
572172028,house,2,-
572172029,house,1,-
572172030,house,1,-
572172031,roof,1,-
572172032,house,1,-
572172035,house,1,-
572172037,house,1,-
572172039,house,1,-
572172040,house,2,-
572172041,house,2,-
572172042,school,1,-
572172043,school,2,-
572172045,school,2,-
572172047,house,2,-
572172048,house,2,-
572172049,house,1,-
572172050,house,2,-
572172051,house,2,-
572172052,house,2,-
572172053,house,1,-
572172054,house,1,-
572172055,house,1,-
572172056,house,2,-
572172057,house,2,-
572172058,house,1,-
572172061,house,2,-
572172064,house,1,-
572172068,yes,1,-
572172072,house,2,-
572172076,yes,2,-
572172077,yes,2,-
572172078,yes,2,-
572172079,house,1,-
572172081,house,2,-
572172082,house,1,-
572172084,house,2,-
572172085,house,2,-
572172086,house,2,-
572172089,house,1,-
572172090,house,1,-
572172091,school,2,-
572192460,apartments,20,-
572192462,apartments,16,-
572192468,apartments,20,-
572749376,house,1,-
572914743,apartments,8,-
572916192,yes,5,-
573278275,apartments,8,-
573278276,apartments,8,-
573278278,apartments,8,-
573278280,apartments,8,-
573640540,house,2,-
573782063,yes,1,-
573782070,apartments,7,-
573782071,apartments,8,-
573793064,school,1,-
573793065,school,2,-
573793066,school,2,-
573793067,school,2,-
574238107,apartments,13,-
574238108,apartments,5,-
574238109,apartments,7,-
574238110,apartments,7,-
574238112,yes,4,-
574238113,apartments,16,-
574238114,yes,3,-
574238115,house,2,-
574238116,house,3,-
574238117,apartments,6,-
574238119,apartments,3,-
574238120,yes,3,-
574238123,yes,1,-
574238124,apartments,4,-
574238125,apartments,8,-
574238126,apartments,4,-
574238127,apartments,15,-
574238128,apartments,14,-
574238131,apartments,4,-
574238132,apartments,4,-
574636751,school,2,-
574636753,school,1,-
574636754,house,2,-
574636755,house,1,-
574636756,house,1,-
574636758,house,1,-
574636759,house,1,-
574636760,house,2,-
574636761,house,1,-
574636763,house,1,-
574636764,house,1,-
574636765,house,1,-
574636766,house,1,-
574636767,house,1,-
574636768,house,2,-
574636769,house,3,-
574636770,house,2,-
574636777,yes,1,-
574636778,yes,2,-
574636779,yes,1,-
574636780,house,1,-
574636786,school,2,-
574636787,school,1,-
574636788,school,2,-
574636789,school,3,-
574646699,house,2,-
574646701,house,3,-
574646702,apartments,4,-
574646703,apartments,5,-
574646704,house,2,-
574646706,house,1,-
574646707,house,1,-
574646708,house,2,-
574646709,house,2,-
574646710,house,2,-
574646711,house,2,-
574646712,house,2,-
574646713,house,2,-
574646723,apartments,17,-
577285622,house,3,-
577285623,house,2,-
577285624,house,2,-
577285625,house,2,-
577285626,house,3,-
577285627,house,1,-
577285628,university,2,-
577285631,house,2,-
577285632,house,2,-
577285633,house,1,-
577285634,house,2,-
577285635,house,2,-
577285636,house,2,-
577285637,house,2,-
577285638,house,2,-
577285639,house,1,-
577285640,yes,1,-
577285641,house,2,-
577622765,house,1,-
577622768,house,2,-
577622771,house,2,-
577622774,house,2,-
577622777,house,2,-
577622780,house,1,-
577622783,house,2,-
577622786,house,1,-
577622789,house,1,-
577622792,house,2,-
577622795,house,1,-
577622798,house,1,-
577622801,house,2,-
577622804,house,1,-
577622807,house,1,-
577622809,house,1,-
577622812,house,1,-
577622815,house,1,-
577622818,house,1,-
577622821,house,1,-
577622825,house,1,-
577622828,house,1,-
577622831,house,3,-
577622834,house,1,-
577622837,house,2,-
577622840,house,1,-
577622843,house,1,-
577622846,house,3,-
577622848,house,1,-
577622851,house,2,-
577622854,house,1,-
577622857,house,1,-
577622860,house,1,-
577622863,house,1,-
577622866,house,1,-
577622869,house,1,-
577622872,house,3,-
577622875,house,2,-
577622878,house,1,-
577622881,house,2,-
577622884,house,1,-
577622887,house,1,-
577634008,house,1,-
577634014,house,1,-
577634018,house,1,-
577634021,house,1,-
577634023,house,1,-
577634026,house,2,-
577634029,house,2,-
577634032,house,1,-
577634036,house,2,-
577634040,house,2,-
577634043,house,2,-
577634047,house,2,-
577634050,house,1,-
577634053,house,1,-
577634057,house,1,-
577634060,house,1,-
577634065,house,1,-
577634073,house,2,-
577634078,house,2,-
577634084,house,2,-
577634091,house,1,-
577634096,house,2,-
577634100,house,2,-
577634103,house,2,-
577634107,house,1,-
577634110,house,1,-
577634113,house,1,-
577634116,house,1,-
577634118,house,2,-
577634121,house,1,-
577634124,house,1,-
577634128,house,1,-
577634131,house,1,-
577634134,house,1,-
577634138,house,1,-
577634141,house,1,-
577634144,house,1,-
577634147,house,1,-
577634151,house,1,-
577634154,house,1,-
577634157,house,1,-
578542052,apartments,4,-
578542053,apartments,4,-
578542054,apartments,4,-
578542055,apartments,4,-
578542056,apartments,4,-
578542057,apartments,4,-
578542058,apartments,4,-
578542059,apartments,4,-
578542060,apartments,4,-
578542061,apartments,4,-
578542062,apartments,4,-
578542063,apartments,4,-
578542064,apartments,4,-
578542065,apartments,4,-
578542066,apartments,4,-
578542067,apartments,4,-
578542068,apartments,4,-
578542069,apartments,4,-
578542070,apartments,4,-
578542071,apartments,4,-
578542072,apartments,4,-
578542073,apartments,4,-
578542074,apartments,4,-
578542075,apartments,4,-
578542076,apartments,4,-
578542077,apartments,4,-
578542078,apartments,4,-
578542079,apartments,4,-
578542080,apartments,4,-
578542081,apartments,4,-
578542082,apartments,4,-
578542083,apartments,4,-
578542084,apartments,4,-
578542085,apartments,4,-
578542086,apartments,4,-
578542087,apartments,4,-
578676747,apartments,4,-
579749452,apartments,5,-
579749453,apartments,5,-
579749454,apartments,5,-
579749455,apartments,5,-
579749456,apartments,5,-
579749457,apartments,5,-
579749469,apartments,14,-
580221467,apartments,3,-
580221468,apartments,3,-
580221474,apartments,5,-
580221475,apartments,5,-
580221590,apartments,4,-
580221594,house,2,-
580246166,house,2,-
580246182,house,2,-
580246183,house,2,-
580246184,house,1,-
580246188,house,1,-
580246189,house,1,-
580246190,house,1,-
580246191,house,2,-
580246192,house,2,-
580246193,house,2,-
580246194,house,2,-
580246195,house,2,-
580246196,house,1,-
580246197,house,1,-
580246199,house,2,-
580246200,house,1,-
580246202,house,1,-
580246203,house,2,-
580246204,house,1,-
580246205,house,1,-
580246207,house,2,-
580246209,house,2,-
580246210,house,1,-
580246211,house,1,-
580246212,house,1,-
580246213,house,2,-
580246219,house,1,-
580246222,house,2,-
580246223,house,2,-
580246224,house,1,-
580246227,house,1,-
580246233,house,1,-
580246234,house,2,-
580246237,house,2,-
580246238,house,2,-
580246240,house,2,-
580246248,house,2,-
580246249,house,1,-
580246251,house,1,-
580246252,house,1,-
580246254,house,1,-
580246255,house,2,-
580246256,industrial,3,-
580246266,house,2,-
580246270,retail,2,-
580246274,house,2,-
580246279,yes,1,-
580246280,yes,1,-
580246281,yes,1,-
580246282,yes,2,-
580246293,house,1,-
580246294,house,1,-
580246296,house,2,-
580246298,house,2,-
580246299,house,2,-
580246303,house,1,-
580246320,house,1,-
580246321,house,1,-
580246330,house,1,-
580248373,retail,1,-
580248377,house,1,-
580248380,house,1,-
580248381,house,1,-
580248382,house,1,-
580248390,house,1,-
580248391,house,2,-
580248392,house,2,-
580248394,house,2,-
580248395,house,2,-
580248396,house,2,-
580248403,house,1,-
580248404,house,2,-
580248406,house,1,-
580248407,house,2,-
580248410,house,2,-
580248414,house,1,-
580248415,house,1,-
580248419,house,2,-
580248420,house,1,-
580248421,house,2,-
580248422,house,1,-
580248425,house,2,-
580248429,house,1,-
580248452,house,2,-
580248454,house,1,-
580248456,house,1,-
580248458,house,1,-
580248462,house,1,-
580248471,house,2,-
580248473,house,2,-
580248521,house,1,-
580248524,house,1,-
580248526,house,1,-
580248528,house,1,-
580248541,house,1,-
580248551,house,2,-
580248553,house,2,-
580248555,house,2,-
580248557,house,2,-
580248559,house,2,-
580248570,house,2,-
580248583,house,2,-
580248585,house,2,-
580248587,house,2,-
580248589,house,2,-
580248591,house,2,-
580248594,house,2,-
580250997,house,2,-
580250998,house,2,-
580250999,house,2,-
580251000,house,2,-
580251001,house,2,-
580251002,house,2,-
580251003,house,2,-
580251004,house,2,-
580251005,house,2,-
580251006,house,2,-
580251007,house,2,-
580251008,house,2,-
580251009,house,2,-
580251010,house,2,-
580251011,house,2,-
580251012,house,2,-
580251013,house,2,-
580251014,house,2,-
580251015,house,2,-
580251016,house,2,-
580251017,house,2,-
580251018,house,2,-
580251019,house,2,-
580251020,house,3,-
580251021,house,2,-
580251022,house,2,-
580251023,house,2,-
580251024,house,2,-
580251025,house,2,-
580251026,house,2,-
580251027,house,2,-
580251028,house,2,-
580251029,house,2,-
580251030,house,2,-
580251031,house,2,-
580251032,house,2,-
580251033,house,2,-
580251034,house,2,-
580251035,house,2,-
580251036,house,2,-
580251037,house,2,-
580251038,house,2,-
580251039,house,2,-
580251040,house,2,-
580251041,house,2,-
580251042,house,2,-
580251043,house,2,-
580251044,house,2,-
580251045,house,2,-
580251046,house,2,-
580251050,school,2,-
580251051,school,2,-
580251054,apartments,4,-
580251055,apartments,4,-
580251056,apartments,4,-
580251057,apartments,4,-
580251058,apartments,4,-
580251059,apartments,4,-
580251060,apartments,4,-
580251061,apartments,4,-
580251062,apartments,3,-
580251063,apartments,3,-
580251064,apartments,3,-
580251065,apartments,3,-
580251066,apartments,3,-
580251067,apartments,3,-
580251068,apartments,3,-
580251069,apartments,3,-
580251070,apartments,4,-
580251071,apartments,4,-
580251072,apartments,4,-
580251073,apartments,3,-
580251074,apartments,3,-
580251075,apartments,3,-
580251076,apartments,3,-
580251077,apartments,3,-
580251078,apartments,3,-
580251079,apartments,3,-
580251080,apartments,3,-
580251082,yes,1,-
580251088,apartments,4,-
580251089,apartments,4,-
580251090,apartments,4,-
580251091,apartments,4,-
580251092,apartments,4,-
580251093,apartments,4,-
580251094,apartments,4,-
580251095,apartments,4,-
580251096,apartments,4,-
580251097,apartments,4,-
580251098,apartments,4,-
580251099,apartments,4,-
580251100,apartments,4,-
580251101,apartments,4,-
580251102,apartments,4,-
580251103,apartments,4,-
580251104,apartments,4,-
580251105,apartments,4,-
580251106,apartments,4,-
580252014,house,1,-
580252018,house,2,-
580252021,house,1,-
580252022,house,1,-
580252023,house,1,-
580252024,house,2,-
580258677,apartments,3,-
580258678,apartments,3,-
580258679,apartments,3,-
580258680,apartments,3,-
580258681,apartments,3,-
580258682,apartments,3,-
580258683,apartments,3,-
580258684,apartments,3,-
580258685,apartments,3,-
580258686,apartments,3,-
580258687,apartments,3,-
580258688,apartments,3,-
580264768,house,1,-
580264769,house,2,-
580264770,house,1,-
580264771,house,2,-
580264772,house,2,-
580264773,house,2,-
580264774,house,1,-
580264775,house,1,-
580264776,house,2,-
580264777,house,1,-
580289220,apartments,4,-
580289221,apartments,4,-
580289222,apartments,4,-
580289223,apartments,4,-
580289224,apartments,4,-
580289225,apartments,4,-
580289226,apartments,4,-
580290003,apartments,5,-
580290005,apartments,5,-
580290052,house,2,-
580290053,house,2,-
580290054,house,2,-
580290055,house,2,-
580290056,house,2,-
580290057,house,2,-
580290058,house,2,-
580290059,house,2,-
580290067,house,2,-
580664028,house,2,-
580664031,house,2,-
580664034,house,2,-
580664036,house,2,-
580664038,house,2,-
580664039,house,2,-
580664041,house,2,-
580664043,house,2,-
580664044,house,2,-
580664046,house,2,-
580664048,house,2,-
580664049,house,2,-
580664050,house,2,-
580664056,house,2,-
580664058,house,2,-
580664060,house,2,-
580664068,house,2,-
580664070,house,2,-
580664076,house,2,-
580664077,house,2,-
580664079,house,2,-
580664081,house,2,-
580664094,house,2,-
580664095,house,2,-
580664097,house,2,-
580664099,house,2,-
580664106,house,2,-
580664107,house,2,-
580664108,house,2,-
580664112,house,2,-
580664113,house,2,-
580667224,house,1,-
580668576,house,2,-
580668577,house,2,-
580668578,house,2,-
580668579,house,2,-
580668580,house,2,-
580668581,house,2,-
580668582,house,2,-
580668583,house,2,-
580668584,house,2,-
580668585,house,2,-
580668587,house,2,-
580668649,house,2,-
580670361,house,2,-
580670432,house,2,-
580670449,house,1,-
580671492,apartments,4,-
580671493,apartments,4,-
580671494,apartments,4,-
580671495,apartments,4,-
580671496,apartments,4,-
580672856,house,2,-
580672857,house,2,-
580672858,house,2,-
580672859,house,2,-
580672860,house,2,-
580672861,house,2,-
580672862,house,2,-
580672863,house,2,-
580672865,house,2,-
580672866,house,2,-
580672867,house,2,-
580672868,house,2,-
580672869,house,2,-
580672874,house,2,-
580672875,house,2,-
580672876,house,2,-
580672877,house,2,-
580672878,house,2,-
580672879,house,2,-
580672880,house,2,-
580672881,house,2,-
580672882,house,2,-
580672885,house,2,-
580672886,house,2,-
580672887,house,2,-
580672888,house,2,-
580672889,house,2,-
580672890,house,2,-
580672891,house,2,-
580672892,house,2,-
580672893,house,2,-
580672894,house,2,-
580672895,house,2,-
580672896,house,2,-
580672897,house,2,-
580672898,house,2,-
580672899,house,2,-
580672900,house,2,-
580672901,house,2,-
580672902,house,2,-
580672903,house,2,-
580672904,house,2,-
580672905,house,2,-
580672906,house,2,-
580672907,house,2,-
580672908,house,2,-
580672909,house,2,-
580672910,house,2,-
580672911,house,2,-
580672912,house,2,-
580672913,house,2,-
580672914,house,2,-
580672915,house,2,-
580672917,house,2,-
580672918,house,2,-
580672919,house,2,-
580672920,house,2,-
580672921,house,2,-
580672922,house,2,-
580672923,house,2,-
580672924,house,2,-
580672948,house,2,-
580672973,semidetached_house,2,-
580674012,house,2,-
580674013,house,2,-
580674014,house,2,-
580674015,house,2,-
580674016,house,2,-
580674017,house,2,-
580674018,house,2,-
580674019,house,2,-
580674021,house,2,-
580674022,house,2,-
580674025,house,2,-
580674026,house,2,-
580674027,house,2,-
580674028,house,2,-
580674029,house,2,-
580674030,house,2,-
580674031,house,2,-
580674032,house,2,-
580674033,house,2,-
580674034,house,2,-
580674035,house,2,-
580674036,house,2,-
580674037,house,2,-
580674038,house,2,-
580674040,house,2,-
580674041,house,2,-
580674042,house,2,-
580674043,house,2,-
580674044,house,2,-
580674045,house,2,-
580674046,house,2,-
580674047,house,2,-
580674048,house,2,-
580674049,house,2,-
580674050,house,2,-
580674051,house,2,-
580674052,house,2,-
580674053,house,2,-
580674054,house,2,-
580674055,house,2,-
580674056,house,2,-
580674057,house,2,-
580674058,house,2,-
580674060,house,2,-
580674061,house,2,-
580674062,house,2,-
580674063,house,2,-
580674064,house,2,-
580674065,house,2,-
580674066,house,2,-
580674067,house,2,-
580674069,house,2,-
580674070,house,2,-
580674073,house,2,-
580674074,house,2,-
580674075,house,2,-
580674076,house,2,-
580674077,house,2,-
580674078,house,2,-
580674079,house,2,-
580674080,house,2,-
580674081,house,2,-
580674082,house,2,-
580674083,house,2,-
580674084,house,2,-
580674086,house,2,-
580674087,house,2,-
580674088,house,2,-
580674089,house,2,-
580674090,house,2,-
580674091,house,2,-
580674092,house,2,-
580674093,house,2,-
580674095,house,2,-
580674096,house,2,-
580674097,house,2,-
580674098,house,2,-
580674099,house,2,-
580674100,house,2,-
580674102,house,2,-
580674105,house,2,-
580674106,house,2,-
580674107,house,2,-
580674108,house,2,-
580674109,house,2,-
580674110,house,2,-
580674111,house,2,-
580674112,house,2,-
580674113,house,2,-
580674114,house,2,-
580674115,house,2,-
580674116,house,2,-
580674117,house,2,-
580674118,house,2,-
580674120,house,2,-
580674121,house,2,-
580674122,house,2,-
580674124,house,2,-
580674125,house,2,-
580674126,house,2,-
580674127,house,2,-
580674128,house,2,-
580674130,house,2,-
580674133,house,2,-
580674134,house,2,-
580674135,house,2,-
580674136,house,2,-
580674137,house,2,-
580674138,house,2,-
580674139,house,2,-
580674140,house,2,-
580674141,house,2,-
580674142,house,2,-
580674144,house,2,-
580674145,house,2,-
580674146,house,2,-
580674147,house,2,-
580674148,house,2,-
580674149,house,2,-
580675043,house,2,-
580675044,house,2,-
580675045,house,2,-
580675046,house,2,-
580675047,house,2,-
580675048,house,2,-
580675049,house,2,-
580675050,house,2,-
580675051,house,2,-
580675053,house,2,-
580675054,house,2,-
580675055,house,2,-
580675056,house,2,-
580675057,house,2,-
580675058,house,2,-
580675059,house,2,-
580675060,house,2,-
580675061,house,2,-
580675062,house,2,-
580675063,house,2,-
580675064,house,2,-
580675065,house,2,-
580675066,house,2,-
580675067,house,2,-
580675068,house,2,-
580675069,house,2,-
580675070,house,2,-
580675072,house,2,-
580675073,house,2,-
580675074,house,2,-
580675075,house,2,-
580675076,house,2,-
580675077,house,2,-
580675078,house,2,-
580675079,house,2,-
580675080,house,2,-
580675081,house,2,-
580675082,house,2,-
580675083,house,2,-
580675084,house,2,-
580675085,house,2,-
580675086,house,2,-
580675087,house,2,-
580675088,house,2,-
580675090,house,2,-
580675091,house,2,-
580675092,house,2,-
580675093,house,2,-
580675094,house,2,-
580675095,house,2,-
580675096,house,2,-
580675097,house,2,-
580675098,house,2,-
580675099,house,2,-
580675100,house,2,-
580675101,house,2,-
580675102,house,2,-
580675103,house,2,-
580675104,house,2,-
580675105,yes,1,-
580675181,house,2,-
580675182,house,2,-
580675183,house,2,-
580675184,house,2,-
580675185,house,2,-
580675186,house,2,-
580675187,house,2,-
580675189,house,2,-
580675191,house,2,-
580675192,house,2,-
580675193,house,2,-
580675194,house,2,-
580675195,house,2,-
580675196,house,2,-
580675197,house,2,-
580677309,house,2,-
580677310,house,2,-
580677311,house,2,-
580677312,house,2,-
580677313,house,2,-
580677314,house,2,-
580677315,house,2,-
580677316,house,2,-
580677317,house,2,-
580677318,house,2,-
580677319,house,2,-
580677320,house,2,-
580677321,house,2,-
580677322,house,2,-
580677323,house,2,-
580677324,house,2,-
580677325,house,2,-
580677326,house,2,-
580677327,house,2,-
580677328,house,2,-
580677329,house,2,-
580677330,house,2,-
580677333,yes,1,-
580677334,house,2,-
580677335,house,2,-
580677336,house,2,-
580677337,house,2,-
580677338,house,2,-
580677339,house,2,-
580677340,house,2,-
580677341,house,2,-
580677342,house,2,-
580677343,house,2,-
580677344,house,2,-
580677345,house,2,-
580677346,house,2,-
580677347,house,2,-
580677348,house,2,-
580677349,house,2,-
580677350,house,2,-
580677351,house,2,-
580677352,house,2,-
580677353,house,2,-
580677354,house,2,-
580677355,house,2,-
580677356,house,2,-
580677358,house,2,-
580677368,house,2,-
580677370,house,2,-
580677372,house,2,-
580677374,house,2,-
580677377,house,2,-
580677379,house,2,-
580677381,house,2,-
580677383,house,2,-
580677386,house,2,-
580677388,house,2,-
580677390,house,2,-
580677392,house,2,-
580677394,house,2,-
580677396,house,2,-
580677398,house,2,-
580677399,house,2,-
580677401,house,2,-
580677404,house,2,-
580677406,house,2,-
580677408,house,2,-
580677411,house,2,-
580677413,house,2,-
580677415,house,2,-
580677418,house,2,-
580677420,house,2,-
580677422,house,2,-
580677424,house,2,-
580677426,house,2,-
580677429,house,2,-
580677431,house,2,-
580677432,house,2,-
580677434,house,2,-
580677436,house,2,-
580677437,house,2,-
580677439,house,2,-
580677441,house,2,-
580677443,house,2,-
580677445,house,2,-
580677446,house,2,-
580677447,house,2,-
580677448,house,2,-
580677449,house,2,-
580677450,house,2,-
580677451,house,2,-
580677452,house,2,-
580677453,house,2,-
580677454,house,2,-
580677455,house,2,-
580677456,house,2,-
580677457,house,2,-
580677458,house,2,-
580677459,house,2,-
580677460,house,2,-
580677461,house,2,-
580677462,house,2,-
580677463,house,2,-
580677464,house,2,-
580677465,house,2,-
580677466,house,2,-
580677467,house,2,-
580677468,house,2,-
580677469,house,2,-
580677680,house,2,-
580677681,house,2,-
580677682,house,2,-
580677683,house,2,-
580677684,house,2,-
580677685,house,2,-
580677686,house,2,-
580677687,house,2,-
580677688,house,2,-
580677689,house,2,-
580677690,house,2,-
580677691,house,2,-
580677692,house,2,-
580677693,house,2,-
580677694,house,2,-
580677695,house,2,-
580677696,house,2,-
580677710,house,2,-
580677711,house,2,-
580677712,house,2,-
580677713,house,2,-
580677714,house,2,-
580677715,house,2,-
580677716,house,2,-
580677717,house,2,-
580677718,house,2,-
580677719,house,2,-
580677720,house,2,-
580677721,house,2,-
580677722,house,2,-
580677723,house,2,-
580677724,house,2,-
580677725,house,2,-
580677726,house,2,-
580677727,house,2,-
580677728,house,2,-
580677729,house,2,-
580677730,house,2,-
580677731,house,2,-
580677732,house,2,-
580677734,house,2,-
580677735,house,2,-
580677736,house,2,-
580677752,house,2,-
580677753,house,2,-
580677754,house,2,-
580677755,house,2,-
580677756,house,2,-
580677757,house,2,-
580677758,house,2,-
580677759,house,2,-
580677760,house,2,-
580677762,house,2,-
580677763,house,2,-
580677765,house,2,-
580677768,house,2,-
580677770,house,2,-
580677771,house,2,-
580677773,house,2,-
580677775,house,2,-
580677777,house,2,-
580677779,house,2,-
580677782,house,2,-
580677784,house,2,-
580679342,house,1,-
580679343,house,2,-
580679344,house,2,-
580679345,house,1,-
580679346,house,1,-
580679356,apartments,5,-
580679357,apartments,5,-
580679358,apartments,5,-
580679359,apartments,5,-
580679360,apartments,3,-
580679361,apartments,3,-
580679362,apartments,3,-
580679363,apartments,3,-
580679364,apartments,3,-
581018015,house,2,-
581018016,house,2,-
581018017,house,2,-
581018021,house,2,-
581018026,house,2,-
581018027,house,2,-
581018065,yes,1,-
581019645,apartments,5,-
581019646,apartments,5,-
581019647,apartments,5,-
581019649,apartments,5,-
581019651,apartments,5,-
581019652,apartments,5,-
581019654,apartments,5,-
581019655,yes,1,-
581019656,apartments,5,-
581019658,apartments,5,-
581019659,apartments,5,-
581021903,apartments,7,-
581021904,apartments,5,-
581021905,apartments,5,-
581021906,apartments,5,-
581021907,apartments,5,-
581021908,apartments,5,-
581021909,apartments,5,-
581021910,apartments,5,-
581021911,apartments,5,-
581021912,apartments,5,-
581021913,apartments,5,-
581021914,apartments,5,-
581021917,apartments,18,-
581021918,apartments,18,-
581021925,apartments,19,-
581021927,house,2,-
581028432,house,1,-
581028437,yes,1,-
581028446,house,1,-
581028448,yes,1,-
581028450,house,1,-
581028454,house,1,-
581028455,house,2,-
581028456,school,1,-
581028458,school,2,-
581029743,apartments,4,-
581029744,apartments,4,-
581029745,apartments,4,-
581029746,apartments,4,-
581029747,apartments,4,-
581029748,apartments,4,-
581029749,apartments,4,-
581029750,apartments,4,-
581029751,apartments,4,-
581029752,apartments,4,-
581029753,apartments,4,-
581614967,house,1,-
581614969,house,1,-
581614970,house,1,-
581614971,yes,2,-
581614973,apartments,14,-
581733977,apartments,5,-
581733979,apartments,5,-
581733980,apartments,4,-
581733983,apartments,4,-
581733984,apartments,4,-
581733985,apartments,4,-
581734759,apartments,4,-
581734760,yes,1,-
582085185,house,2,-
582085186,house,2,-
582085187,house,2,-
582085188,house,2,-
582085193,school,2,-
582085195,house,1,-
582085196,house,2,-
582085197,house,2,-
582252903,apartments,5,-
582252904,apartments,5,-
582252905,apartments,5,-
582252906,apartments,5,-
582252907,apartments,5,-
582252908,apartments,5,-
582252909,apartments,5,-
582252910,apartments,5,-
582252911,apartments,5,-
582252912,apartments,5,-
582252913,apartments,5,-
582252914,apartments,5,-
582252915,apartments,5,-
582252916,apartments,6,-
582252917,apartments,6,-
582252918,apartments,6,-
582252919,apartments,5,-
582372584,house,1,-
582372585,house,1,-
582372586,house,2,-
582372587,house,1,-
582372588,house,1,-
582372589,house,2,-
582372590,house,1,-
582372591,house,1,-
582372592,house,1,-
582372593,house,1,-
582372594,house,1,-
582372595,house,1,-
582372596,house,1,-
582372597,house,2,-
582372598,house,1,-
582372599,house,2,-
582372601,house,2,-
582372602,apartments,5,-
582372603,apartments,5,-
582372604,house,2,-
582372607,house,2,-
582372608,house,2,-
582372609,house,2,-
582372610,house,1,-
582372611,house,1,-
582372612,house,1,-
582372613,house,1,-
582372614,house,1,-
582372615,house,1,-
582372616,house,1,-
582372617,house,1,-
582372618,house,2,-
582700476,apartments,4,-
582700477,apartments,4,-
582700478,apartments,4,-
582700479,apartments,4,-
582700480,apartments,4,-
582700481,apartments,4,-
582700482,apartments,4,-
582700483,apartments,4,-
582700484,apartments,4,-
582700485,apartments,4,-
582700486,apartments,4,-
582700487,apartments,4,-
582700488,apartments,4,-
582700489,apartments,4,-
582700490,apartments,4,-
582700491,apartments,4,-
582700492,apartments,4,-
582700493,apartments,4,-
582700494,apartments,4,-
582700495,apartments,4,-
582700496,apartments,4,-
582700497,apartments,4,-
582700498,apartments,4,-
582700499,apartments,4,-
582700500,apartments,4,-
582700501,apartments,4,-
583003282,house,2,-
583055038,house,1,-
583055041,house,2,-
583055042,house,2,-
583835426,house,1,-
583835427,house,2,-
583835429,house,1,-
583835430,house,1,-
583835432,house,1,-
583835433,house,2,-
583835434,house,1,-
583835436,house,1,-
583835442,house,2,-
583835443,house,2,-
583835448,house,2,-
583835452,house,1,-
583835453,house,1,-
583835454,house,1,-
583835479,house,2,-
583835484,house,1,-
583835485,house,2,-
583835486,house,1,-
583835487,house,2,-
583835492,house,2,-
583835495,house,1,-
583835496,house,1,-
583835500,house,2,-
583835502,house,1,-
583835507,house,2,-
583835509,house,2,-
583835515,house,1,-
584201157,house,2,-
585722721,apartments,4,-
585743280,yes,5,-
585743365,yes,5,-
585751514,government,2,-
588215614,yes,1,-
588215615,yes,1,-
590007946,apartments,6,-
590007947,apartments,3,-
590007962,yes,5,10
590007965,apartments,23,-
590007966,apartments,6,-
590007967,apartments,8,-
590007968,apartments,15,-
590007972,apartments,12,-
590007983,apartments,11,-
590008744,office,8,-
590008745,office,8,-
590008747,school,4,-
590008748,apartments,4,-
590008750,office,14,-
590008752,apartments,4,-
590008753,apartments,4,-
590008756,apartments,4,-
590008758,apartments,10,-
590008759,apartments,7,-
590008761,apartments,9,-
590008762,apartments,9,-
590008763,apartments,7,-
590008764,apartments,4,-
590008765,apartments,4,-
590008767,apartments,15,-
590008768,apartments,13,-
590008769,apartments,10,-
590008770,apartments,4,-
590008771,apartments,10,-
590008772,apartments,10,-
590008773,apartments,4,-
590008774,apartments,21,-
590008775,apartments,16,-
590008776,apartments,11,-
591094092,apartments,4,-
591094093,apartments,4,-
591094094,apartments,4,-
591094095,apartments,4,-
591094096,apartments,4,-
591419750,house,1,-
591419751,house,1,-
591419752,house,2,-
591419773,house,1,-
591419778,house,1,-
591419803,residential,5,-
591419804,residential,5,-
591419805,residential,5,-
591419806,residential,5,-
591419807,residential,5,-
591419808,residential,5,-
591419809,residential,5,-
591419810,residential,5,-
591419811,residential,5,-
591419812,residential,5,-
591419813,residential,5,-
591419814,residential,5,-
591419815,residential,5,-
591419816,residential,5,-
591419819,residential,5,-
591419820,residential,5,-
591419821,residential,5,-
591419822,residential,5,-
591419826,house,2,-
591419832,house,1,-
591419833,house,1,-
591419834,house,1,-
591419835,house,1,-
591419836,house,1,-
591419837,house,1,-
591419838,house,1,-
591419839,house,1,-
591419840,house,1,-
591419841,house,1,-
591419842,house,1,-
591419843,house,1,-
591419844,house,1,-
591419845,house,1,-
591419846,house,1,-
591419847,house,1,-
591419848,house,1,-
591419849,house,1,-
591419850,house,1,-
591419851,house,1,-
591419852,house,1,-
591419853,house,1,-
591419854,house,1,-
591419855,house,1,-
591419856,house,1,-
591665194,apartments,3,-
591665195,apartments,3,-
591665196,apartments,3,-
591665197,apartments,3,-
591665198,apartments,3,-
591665199,apartments,3,-
591665200,apartments,3,-
591665201,apartments,3,-
591665202,apartments,3,-
591665203,apartments,3,-
591665204,apartments,3,-
591665205,apartments,3,-
591665206,apartments,3,-
591665207,apartments,3,-
591665208,apartments,3,-
591665209,apartments,3,-
591665210,apartments,3,-
591665211,apartments,3,-
591665212,apartments,3,-
591665213,apartments,3,-
591678174,house,0,-
591678525,apartments,4,-
591678526,apartments,4,-
591678527,apartments,4,-
591686235,apartments,5,-
591686236,apartments,5,-
591686237,apartments,5,-
591686238,apartments,5,-
591686239,apartments,5,-
592793260,apartments,5,-
592793266,apartments,5,-
592793268,apartments,5,-
592793275,apartments,5,-
592793276,apartments,5,-
592793279,apartments,5,-
592793290,apartments,5,-
592793306,apartments,5,-
594380928,office,3,-
594380929,house,2,-
594380930,house,2,-
594380931,house,2,-
594380932,house,2,-
594380933,house,2,-
594380934,house,2,-
594380935,house,2,-
594380936,house,2,-
594380937,house,2,-
594380938,house,2,-
594380939,house,2,-
594380940,house,2,-
597094854,office,1,-
597474036,yes,2,-
597474037,yes,2,-
599953540,yes,2,-
599953543,office,2,-
599953547,yes,2,-
599953550,house,1,-
599953553,house,2,-
599953555,yes,1,-
599953558,yes,1,-
599953560,yes,1,-
599953564,house,1,-
599953566,yes,2,-
599953569,house,1,-
599953572,house,2,-
599953575,school,2,-
599953578,house,2,-
599953579,house,1,-
599953580,house,1,-
599953582,yes,1,-
599953583,yes,2,-
599953591,house,1,-
599953599,house,1,-
599953603,house,1,-
599953606,house,2,-
599953608,house,2,-
599953609,yes,1,-
599953611,yes,2,-
599953612,house,1,-
599953614,house,2,-
599953615,house,2,-
599953616,house,1,-
599953620,house,1,-
602748911,apartments,3,-
602748912,apartments,3,-
602748913,apartments,3,-
602748914,apartments,3,-
602748915,apartments,3,-
602748916,apartments,3,-
602748917,apartments,3,-
602748918,apartments,3,-
602748919,apartments,3,-
602748920,apartments,3,-
602748921,apartments,3,-
602748922,apartments,3,-
602748923,apartments,3,-
602748924,apartments,3,-
602748925,apartments,3,-
602748926,apartments,3,-
602748927,apartments,3,-
602748928,apartments,3,-
602748929,apartments,3,-
602748930,apartments,3,-
602748931,apartments,3,-
602748932,apartments,3,-
602748933,apartments,3,-
602748934,apartments,3,-
602748935,apartments,3,-
602748936,apartments,3,-
602748937,apartments,3,-
602748938,apartments,3,-
602748939,apartments,3,-
602748940,apartments,3,-
602748941,apartments,3,-
602748942,apartments,3,-
602748943,apartments,3,-
602748944,apartments,3,-
602748945,apartments,3,-
602748946,apartments,3,-
602748947,apartments,3,-
602748948,apartments,3,-
602748949,apartments,3,-
602748950,apartments,3,-
602748951,apartments,3,-
602748952,apartments,3,-
602748953,apartments,3,-
602748954,apartments,3,-
602748955,apartments,3,-
602748956,apartments,3,-
602748957,apartments,3,-
602748958,apartments,3,-
602748959,apartments,3,-
602748960,apartments,3,-
602748961,apartments,3,-
602748962,apartments,3,-
602748963,apartments,3,-
603850949,house,1,-
603850950,house,1,-
603850951,house,1,-
603850952,house,1,-
603850953,house,1,-
603850954,house,1,-
603850957,house,1,-
603850959,house,1,-
603850960,house,2,-
603850961,house,1,-
603850964,house,1,-
603850965,house,2,-
603850966,house,1,-
603850967,yes,2,-
603850968,house,2,-
603850969,house,1,-
603850983,house,2,-
603850989,house,1,-
603850990,house,2,-
603851003,house,2,-
603851004,house,1,-
603851006,house,2,-
603851007,house,1,-
603851008,house,2,-
603851009,house,2,-
603851015,house,1,-
603851016,house,1,-
603851017,house,1,-
603851019,house,2,-
603851020,house,1,-
603851022,house,2,-
603851025,yes,1,-
603851026,house,2,-
603861437,house,1,-
603861440,house,1,-
603861449,house,2,-
603861454,yes,3,-
603861457,yes,3,-
603861459,yes,3,-
603861468,house,2,-
603861470,apartments,5,-
603861472,apartments,5,-
603861473,apartments,5,-
604409615,house,2,-
604409616,commercial,2,-
604409617,school,1,-
604409618,school,1,-
604409619,college,2,-
604409620,house,2,-
604409621,college,2,-
604409622,apartments,16,-
604409623,apartments,4,-
604409624,apartments,7,-
604409625,yes,2,-
604409628,yes,2,-
604409631,church,1,-
604409632,apartments,20,-
604409633,office,8,-
604409637,yes,2,-
604409648,office,5,-
604409659,apartments,23,-
604409660,apartments,23,-
604409661,apartments,25,-
604409662,apartments,6,-
604409663,apartments,10,-
604409665,apartments,11,-
604409666,apartments,11,-
604409668,yes,3,-
604409672,yes,4,12
604409673,apartments,4,12
604409677,yes,4,-
604410858,yes,18,-
604414841,apartments,7,-
604414842,apartments,11,-
604414844,apartments,10,-
604414849,apartments,4,-
604414851,apartments,5,-
604414852,office,7,-
604414853,office,8,-
604414854,apartments,7,-
604414855,office,6,-
604414869,apartments,18,-
604414870,apartments,10,-
604414871,apartments,21,-
604414872,apartments,21,-
604414873,apartments,16,-
604414874,apartments,16,-
604414875,apartments,19,-
604414877,apartments,14,-
604414878,apartments,12,-
604414879,apartments,18,-
604414880,apartments,11,-
604414881,apartments,10,-
604414882,apartments,17,-
604414883,apartments,16,-
604414891,apartments,10,-
604414892,apartments,4,-
604414893,apartments,4,-
604414894,apartments,4,-
604414907,apartments,22,-
604414908,apartments,20,-
604414909,apartments,20,-
604414921,apartments,22,-
604440012,apartments,4,-
604713297,apartments,10,-
604713299,yes,2,-
604713301,yes,2,-
604713309,house,2,-
604713312,house,2,-
604713315,apartments,4,-
604713317,house,2,-
604713318,house,2,-
604713325,apartments,5,-
604713333,house,2,-
604713336,apartments,17,-
604713337,apartments,9,-
604713338,apartments,15,-
604715005,apartments,5,-
604715007,apartments,5,-
604715009,apartments,5,-
604715010,apartments,5,-
604715012,apartments,5,-
604715014,apartments,5,-
604715015,apartments,5,-
604715017,apartments,5,-
604715019,apartments,5,-
604715020,apartments,5,-
605426768,house,1,-
605426785,office,2,-
605617033,industrial,1,-
605759310,apartments,4,-
605759349,apartments,8,-
605760726,apartments,4,-
605760727,apartments,4,-
605760728,apartments,4,-
605760729,apartments,4,-
605760730,apartments,4,-
605760731,apartments,4,-
605760732,apartments,4,-
605760733,apartments,4,-
605760734,apartments,4,-
605760735,apartments,4,-
605760736,apartments,4,-
605760737,apartments,4,-
605760738,apartments,4,-
605760739,apartments,4,-
605760740,apartments,4,-
605760741,apartments,4,-
605760742,apartments,4,-
605760743,apartments,4,-
605760744,apartments,4,-
605760745,apartments,4,-
605760746,apartments,4,-
605760747,apartments,4,-
605760748,apartments,4,-
605763874,residential,4,-
605763875,residential,4,-
605763877,residential,4,-
605763879,residential,4,-
605763881,residential,4,-
605763884,residential,4,-
605763886,residential,4,-
605763888,residential,4,-
605763891,residential,4,-
605763893,residential,4,-
605763894,residential,4,-
605763895,residential,4,-
605763896,residential,4,-
605763897,residential,4,-
605763898,residential,4,-
605763899,residential,4,-
605763900,residential,4,-
605763901,residential,4,-
605763902,residential,4,-
605763903,residential,4,-
605763904,residential,4,-
605763926,yes,5,15
605763927,yes,5,15
605763943,house,1,-
605763944,house,1,-
605763945,house,1,-
605763946,house,1,-
605763948,house,2,-
605763949,house,1,-
605763950,house,2,-
605763951,house,1,-
605763958,house,1,-
605763962,house,2,-
605763963,house,1,-
605763964,house,1,-
605763967,house,2,-
605763968,house,1,-
605763970,house,1,-
605763973,house,2,-
605763974,house,2,-
605763975,house,2,-
605763976,house,1,-
605763980,house,2,-
605763981,house,1,-
605763983,house,2,-
605763985,house,2,-
605763998,house,1,-
605764000,house,1,-
605764002,house,2,-
605764008,house,2,-
605764009,house,1,-
605764010,house,1,-
605764011,house,2,-
605764014,house,2,-
605764015,civic,2,-
605764017,house,2,-
605764030,apartments,4,-
605953954,house,1,-
605953958,house,1,-
605954201,house,1,-
606416370,school,2,-
606416371,school,1,-
606416372,school,1,-
606416373,school,1,-
606416374,school,1,-
606416526,school,1,-
606785606,yes,9,22
606785607,apartments,7,-
606785608,apartments,12,-
606785609,apartments,12,-
606785610,apartments,7,-
606785611,apartments,7,-
607456680,apartments,4,-
607476943,yes,3,-
607476944,yes,2,-
607487985,yes,1,-
607750217,yes,3,-
607750306,yes,3,-
607750307,yes,2,-
607786979,school,2,-
607786980,school,2,-
607786981,school,2,-
607786982,school,2,-
607797753,yes,2,-
607798310,industrial,2,-
607798311,industrial,3,-
607798312,industrial,4,-
608659157,apartments,3,-
608659158,apartments,3,-
608659159,apartments,3,-
608659161,apartments,3,-
608659162,apartments,3,-
608659163,apartments,3,-
608659164,apartments,3,-
608659166,yes,3,-
608659167,apartments,3,-
608659169,apartments,3,-
608659170,apartments,3,-
609053078,residential,4,-
609369708,house,1,-
609369710,house,2,-
609535311,residential,4,-
609536727,residential,4,-
609537026,residential,4,-
609537417,residential,4,-
609596096,residential,4,-
609795068,residential,4,-
609795069,residential,4,-
609795070,residential,4,-
609801957,yes,2,-
611899450,retail,2,-
612409684,apartments,5,-
612409685,apartments,5,-
612409686,apartments,5,-
612409687,apartments,5,-
612409688,apartments,5,-
612409689,apartments,5,-
612409690,apartments,5,-
612409691,apartments,5,-
612409692,apartments,5,-
612409693,apartments,5,-
612409694,apartments,5,-
612409695,apartments,5,-
612409696,apartments,5,-
612409697,apartments,5,-
612409698,apartments,5,-
612409699,apartments,5,-
612409703,apartments,10,-
612409706,apartments,11,-
612752866,house,2,-
614121924,commercial,2,-
614898594,yes,3,-
614901267,commercial,6,-
614907015,yes,3,-
614912108,yes,2,-
614945986,house,2,-
614945987,yes,2,-
614945988,apartments,4,-
617283259,retail,1,-
617283262,apartments,4,-
617284466,apartments,4,-
617284467,house,2,-
617284468,house,2,-
617284469,house,2,-
617284470,house,2,-
617284471,apartments,10,-
617287262,apartments,5,-
617287269,apartments,7,-
617287282,apartments,16,-
617287288,apartments,22,-
617287291,apartments,20,-
617624781,yes,4,-
617624782,yes,4,-
617624783,yes,4,-
617624784,yes,4,-
617624785,yes,4,-
617624786,yes,4,-
617624787,yes,4,-
617624788,yes,4,-
617624789,yes,4,-
618367802,yes,2,-
618367812,roof,1,-
619270559,yes,5,-
619270560,yes,5,-
619270561,yes,5,-
619270562,yes,5,-
619270563,yes,5,-
619270564,yes,5,-
619270565,yes,5,-
619270566,yes,5,-
619270567,yes,5,-
619270568,yes,5,-
620641283,apartments,6,-
620988929,parking,2,-
620988935,guardhouse,1,-
620988937,yes,1,-
620988942,school,3,-
620988945,school,2,-
620988947,school,1,-
620988949,school,1,-
621338543,house,1,-
621338545,house,1,-
621338547,house,1,-
621338550,house,2,-
621338552,house,2,-
621338555,house,2,-
621338558,house,2,-
621338560,house,2,-
621338563,house,2,-
621338566,house,2,-
621338569,house,2,-
621338571,house,2,-
621338573,house,2,-
621338576,house,2,-
621338579,house,2,-
621338581,house,2,-
621338583,house,2,-
621338585,house,2,-
621338588,house,2,-
621338591,house,2,-
621338594,house,2,-
621338597,house,2,-
621338601,house,2,-
621338603,house,2,-
621338605,house,2,-
621338606,house,2,-
621338607,house,2,-
621338609,house,2,-
621338612,house,2,-
621338614,house,2,-
621338617,house,2,-
621338620,house,2,-
621338622,house,2,-
621338625,house,2,-
621338628,house,2,-
621338630,house,2,-
621338633,house,2,-
621338636,house,2,-
621338639,house,1,-
621338641,house,1,-
621338647,house,2,-
621338649,house,3,-
621338652,house,2,-
621338655,house,2,-
621338658,house,2,-
621338661,house,1,-
621338665,house,1,-
621338668,house,2,-
621338671,house,2,-
621338674,house,1,-
621338676,house,1,-
621338678,house,1,-
621338680,house,1,-
621338683,house,2,-
621338686,roof,2,-
621338688,house,2,-
621338691,house,2,-
621338694,house,2,-
621338696,house,2,-
621338698,house,2,-
621338700,house,2,-
621338702,house,2,-
621338704,house,2,-
621338706,house,2,-
621338708,house,2,-
621338710,house,2,-
621338712,house,2,-
621338714,house,2,-
621338716,house,2,-
621338717,house,2,-
621338719,house,2,-
621338721,house,2,-
621338723,house,2,-
621338725,house,1,-
621338728,house,2,-
621338730,house,2,-
621338736,house,1,-
621338741,house,2,-
621338746,house,1,-
621338748,house,1,-
621338751,house,1,-
621338753,house,2,-
621338758,house,1,-
621338761,house,1,-
621338763,house,1,-
621338766,house,1,-
621338768,house,1,-
621338771,house,1,-
621338774,house,1,-
621338790,house,1,-
621338791,house,1,-
621575719,apartments,13,-
623169502,apartments,4,-
623169504,apartments,4,-
623169506,yes,1,-
623169507,apartments,4,-
623169509,apartments,4,-
623169511,apartments,4,-
623169513,apartments,4,-
623169515,apartments,4,-
623169517,apartments,4,-
623169519,apartments,4,-
623169521,apartments,4,-
623169523,apartments,4,-
623169525,apartments,4,-
623169527,apartments,4,-
623169539,yes,2,-
623641742,yes,3,-
623937636,apartments,4,-
623937637,apartments,4,-
623937638,apartments,4,-
623937639,apartments,4,-
623937640,apartments,4,-
623937641,apartments,4,-
623937642,apartments,4,-
623937643,apartments,4,-
623937644,apartments,4,-
623937645,apartments,4,-
623937646,apartments,4,-
623937647,apartments,4,-
624238853,apartments,6,-
624558426,yes,1,-
624558427,yes,4,-
624558432,yes,1,-
624558433,yes,1,-
624558434,yes,1,-
624558435,house,1,-
624558444,house,1,-
624558445,house,2,-
624558446,house,1,-
624558447,house,1,-
624558448,house,1,-
624558449,house,1,-
624558450,house,1,-
624558451,house,1,-
624558453,house,1,-
624558454,house,1,-
624558455,house,1,-
624558456,house,1,-
624558457,house,2,-
624558461,house,1,-
624558462,house,1,-
624558463,house,1,-
624558464,house,2,-
624558465,house,1,-
624558466,house,1,-
624558467,house,2,-
624558468,house,1,-
624558469,house,1,-
624558470,house,1,-
624558471,house,2,-
624558474,industrial,1,-
624558475,house,2,-
624558481,house,2,-
624558482,house,1,-
624558483,house,1,-
624558485,house,1,-
624558486,house,1,-
624558487,house,1,-
624558489,apartments,4,-
624558490,apartments,4,-
624558491,apartments,3,-
624558492,apartments,4,-
624558493,apartments,4,-
624558494,apartments,4,-
624558495,apartments,4,-
624558496,house,1,-
624558497,house,1,-
624558498,house,1,-
624558499,house,1,-
624558500,house,2,-
624558501,house,1,-
624558502,house,1,-
624558504,house,1,-
624558506,house,1,-
624558507,house,1,-
624558509,house,2,-
624558511,house,2,-
624558512,house,2,-
624558514,house,2,-
624558516,house,2,-
624558518,yes,2,-
624588146,university,3,-
624588148,university,4,-
624588149,university,4,-
625155251,apartments,10,-
625155252,apartments,11,-
625155253,apartments,10,-
625155254,apartments,9,-
625155255,apartments,10,-
625155259,apartments,11,-
625155265,university,2,-
625288266,house,2,-
625288269,house,2,-
625288273,house,2,-
625288276,house,2,-
625288277,house,2,-
625288278,house,2,-
625288281,house,2,-
625288285,house,2,-
625288288,house,2,-
625288290,house,2,-
625288293,house,2,-
625288295,house,2,-
625288296,house,2,-
625288297,house,2,-
625288298,house,2,-
625288299,house,2,-
625288300,house,2,-
625288301,house,2,-
625288302,house,2,-
625288303,house,2,-
625288304,house,2,-
625288305,house,2,-
625288306,house,2,-
625288308,house,2,-
625288309,house,2,-
625288310,house,2,-
625288311,house,2,-
625288312,house,2,-
625288313,house,2,-
625288314,house,2,-
625288315,house,2,-
625288316,house,2,-
625288317,house,2,-
625288319,house,2,-
625288320,house,2,-
625288321,house,2,-
625288322,house,2,-
625288323,house,2,-
625288324,house,2,-
625288325,house,2,-
625288326,house,2,-
625288327,house,2,-
625288328,house,2,-
625288329,house,2,-
625288330,house,2,-
625288331,house,2,-
625288332,house,2,-
625288333,house,2,-
625288334,house,2,-
625288335,house,2,-
625385291,yes,5,-
625385293,apartments,9,-
625385294,apartments,8,-
625385296,house,2,-
625385297,house,2,-
625385298,apartments,10,-
625385300,house,2,-
625385306,house,1,-
627285428,apartments,4,-
627285429,commercial,2,-
627285445,commercial,1,-
627285448,house,1,-
627285449,house,1,-
627285452,yes,2,-
627285468,house,2,-
627285470,house,2,-
627285471,house,2,-
627285472,house,2,-
627285473,house,2,-
627285474,house,2,-
627285475,house,2,-
627285476,house,2,-
627285478,house,2,-
627285479,house,2,-
627285480,house,2,-
627285482,house,2,-
627285483,house,2,-
627285484,house,2,-
627285485,house,2,-
627285486,house,2,-
627285487,house,2,-
627285488,house,2,-
627285489,house,2,-
627285490,house,2,-
627285491,house,2,-
627285492,house,2,-
627285493,house,2,-
627285494,house,2,-
627285495,house,2,-
627285496,house,2,-
627285497,house,2,-
627285498,house,2,-
627285499,house,1,-
627285500,house,2,-
627285501,house,2,-
627285502,house,2,-
627285503,house,2,-
627285504,house,1,-
627285505,house,1,-
627285510,house,1,-
627285511,house,1,-
627285512,house,2,-
627285513,house,2,-
627285514,house,1,-
627285515,house,1,-
627285516,house,1,-
627285517,house,1,-
627396473,house,2,-
627396474,house,1,-
627396478,house,1,-
627396479,house,2,-
627396480,house,2,-
627396481,house,2,-
627396482,house,1,-
627396483,house,2,-
627396484,house,2,-
627396485,house,3,-
627396486,house,1,-
627396488,house,1,-
627396490,house,1,-
627396491,house,2,-
627396492,house,1,-
627530342,school,2,-
627530343,school,2,-
627530344,school,2,-
627530345,school,2,-
627530348,school,2,-
627530349,school,2,-
627530350,school,2,-
627530425,house,1,-
627530426,house,2,-
627530445,house,2,-
627530446,house,2,-
627530447,house,1,-
627530448,house,1,-
627530449,house,2,-
627530451,school,2,-
627530452,school,2,-
627530453,house,1,-
627530454,house,2,-
627530456,house,1,-
627530457,house,2,-
627530458,house,1,-
627530459,house,2,-
627530460,house,1,-
627530461,house,2,-
627530462,house,2,-
627530463,house,2,-
627530464,house,1,-
627530465,house,2,-
627530467,house,1,-
627530473,house,2,-
627668117,apartments,4,-
627668122,house,2,-
627668133,house,2,-
627668136,apartments,6,-
627668137,commercial,4,-
627668138,apartments,3,-
627668141,apartments,4,-
627668143,apartments,4,-
627668144,yes,5,-
627668146,apartments,9,-
627668148,office,3,-
627668153,apartments,12,-
627668155,apartments,4,-
627799590,hotel,3,-
627799591,hotel,8,-
627878674,school,1,-
627878676,school,2,-
627878678,school,2,-
627878682,school,2,-
627878684,school,2,-
627905080,apartments,3,-
627905081,apartments,3,-
627905082,apartments,3,-
627913553,house,2,-
627913556,retail,2,-
627913557,yes,2,-
627913560,apartments,4,-
627913561,retail,2,-
627913562,house,2,-
627913563,retail,2,-
627913564,house,2,-
627913565,house,2,-
627913566,yes,4,-
627913568,apartments,18,-
627913569,apartments,12,-
627913570,apartments,15,-
627913574,apartments,10,-
627913575,apartments,12,-
627913576,apartments,3,-
627913577,apartments,4,-
627913586,apartments,8,-
627913587,apartments,4,-
627913590,commercial,5,-
627913591,apartments,11,-
627913593,apartments,11,-
627913604,apartments,12,-
627913605,apartments,9,-
627913606,apartments,9,-
627913607,apartments,8,-
627913608,apartments,8,-
627913609,apartments,7,-
627913610,yes,2,-
627913612,apartments,4,-
627913616,apartments,4,-
627913618,apartments,4,-
627913627,apartments,4,-
627913628,apartments,4,-
627913641,apartments,5,-
627913642,apartments,5,-
627913656,apartments,5,-
627923897,industrial,1,-
627923912,apartments,5,-
627923913,apartments,5,-
627923914,apartments,5,-
627923915,apartments,5,-
627923919,apartments,5,-
627923920,apartments,5,-
627923921,apartments,5,-
627923922,apartments,5,-
627923923,apartments,5,-
627923924,apartments,5,-
627923925,apartments,5,-
627923981,apartments,5,-
628363244,apartments,4,-
628427642,yes,1,-
628574047,cabin,1,-
628574048,cabin,1,-
628575344,house,1,-
628576165,house,1,-
628634546,apartments,4,-
628634551,apartments,5,-
628634552,apartments,4,-
628634560,apartments,5,-
628634561,apartments,5,-
628634562,apartments,5,-
628634563,apartments,5,-
628634564,apartments,5,-
628634565,apartments,5,-
628634566,apartments,5,-
628634567,apartments,5,-
628634568,apartments,5,-
628634569,apartments,5,-
628658004,apartments,4,-
628658005,apartments,4,-
628658006,apartments,4,-
628658007,apartments,4,-
629121262,yes,1,-
629121263,retail,1,-
629121264,retail,2,-
629121266,office,2,-
629121268,commercial,2,-
630069609,house,1,-
630069610,house,2,-
630069611,house,2,-
630069612,house,2,-
630069613,house,2,-
630069614,house,2,-
630069615,house,2,-
630781545,roof,1,-
630781557,yes,1,-
631712637,yes,2,-
631712638,yes,3,-
631712639,yes,2,-
632012512,office,2,-
632012519,yes,1,-
632012521,yes,1,-
632012525,house,1,-
632012526,retail,1,-
632012527,retail,1,-
632012528,retail,2,-
632202308,house,2,-
633156477,apartments,6,-
633160816,yes,1,2
634248752,apartments,4,-
634248753,apartments,4,-
634248754,apartments,4,-
634248756,apartments,4,-
634248758,apartments,4,-
634248759,apartments,4,-
634248760,apartments,4,-
635471150,yes,1,-
635471151,yes,1,-
635471152,yes,1,-
635471154,house,2,-
635471155,house,2,-
635471156,house,2,-
635471157,house,2,-
635471158,house,2,-
635471159,house,2,-
635471160,house,2,-
635471161,house,2,-
635471162,house,2,-
635471163,house,2,-
635471164,house,2,-
635471165,house,2,-
635471166,house,2,-
635471167,house,2,-
635471168,house,2,-
635471169,house,2,-
635471170,house,2,-
635471171,house,2,-
635471172,house,2,-
635471173,house,2,-
635471174,house,2,-
635471175,house,2,-
635471176,house,2,-
635471177,house,2,-
635471178,house,2,-
635471179,house,2,-
635471180,house,2,-
635471181,house,2,-
635471182,house,2,-
635471183,house,2,-
635471184,house,2,-
635471185,house,2,-
635678368,house,2,-
635678372,house,2,-
635678374,house,2,-
635678376,house,2,-
635678389,semidetached_house,2,-
635678392,semidetached_house,2,-
635678394,semidetached_house,2,-
635678395,semidetached_house,2,-
635678396,semidetached_house,2,-
635678398,semidetached_house,2,-
635678399,semidetached_house,2,-
635678401,semidetached_house,2,-
635678407,apartments,3,-
635678408,apartments,3,-
635678409,apartments,3,-
635678410,apartments,3,-
635678411,apartments,3,-
635678412,apartments,3,-
635678413,apartments,3,-
635678414,apartments,3,-
635678415,apartments,3,-
635678419,apartments,3,-
635678422,apartments,4,-
635678423,apartments,4,-
635678424,semidetached_house,2,-
635678425,semidetached_house,2,-
635678426,semidetached_house,2,-
636102317,apartments,4,-
636102318,apartments,4,-
636102319,apartments,4,-
636102320,apartments,4,-
636102321,apartments,4,-
636102322,apartments,4,-
636102323,apartments,4,-
636102324,apartments,4,-
636102327,apartments,4,-
636102328,apartments,4,-
636102332,apartments,4,-
636102333,apartments,4,-
636102334,apartments,4,-
636102335,apartments,4,-
636102336,apartments,4,-
636102337,apartments,4,-
636259199,apartments,6,-
636259200,apartments,6,-
636259201,apartments,6,-
636259202,apartments,6,-
636259204,apartments,6,-
636259205,apartments,6,-
636259206,apartments,6,-
636289690,apartments,3,-
636289691,apartments,3,-
636289692,apartments,3,-
636289693,apartments,3,-
636289694,apartments,3,-
636289695,apartments,3,-
636289696,apartments,3,-
636289697,apartments,3,-
636289698,apartments,3,-
636289699,apartments,3,-
636289700,apartments,3,-
636289701,apartments,3,-
636289702,apartments,3,-
636289703,apartments,3,-
636289704,apartments,3,-
636289705,house,3,-
636289706,house,3,-
636289707,house,3,-
636289708,house,3,-
636289709,house,3,-
636289710,house,3,-
636289711,house,3,-
636289713,house,3,-
636289715,house,3,-
636289717,house,3,-
636289719,house,3,-
636289721,house,3,-
636289723,house,3,-
636289724,house,3,-
636289726,house,3,-
636289728,house,3,-
636289729,house,3,-
636289730,house,3,-
636289732,house,3,-
636289734,house,3,-
636289735,house,3,-
636289737,house,3,-
636289740,house,3,-
636289741,house,3,-
636289742,house,3,-
636289743,house,3,-
636289744,house,3,-
636289745,house,3,-
636289746,house,3,-
636289747,house,3,-
636289748,house,3,-
636289749,house,3,-
636289750,house,3,-
636289751,house,3,-
636289752,house,3,-
636289753,house,3,-
636289754,house,3,-
636289755,house,3,-
636289756,house,3,-
636289757,house,3,-
636289758,house,3,-
636289759,house,3,-
636289760,house,3,-
636289761,house,3,-
636289762,house,3,-
636289763,house,3,-
636289764,house,3,-
636289765,house,3,-
636289766,house,3,-
636289767,house,3,-
636289768,house,3,-
636289769,house,3,-
636289770,house,3,-
636289771,house,3,-
636289772,house,3,-
636289773,house,3,-
636289774,house,3,-
636289775,house,3,-
638573481,yes,1,-
638573482,yes,1,-
638855378,commercial,2,-
638855380,retail,2,-
638855381,commercial,2,-
638855382,yes,6,-
638858725,yes,1,-
638933195,yes,2,-
639494234,apartments,15,-
639494236,yes,2,-
639494243,yes,2,-
639494244,yes,2,-
639494268,apartments,5,-
639494269,apartments,5,-
639494270,apartments,5,-
639494295,office,2,-
639494296,house,2,-
639494297,house,2,-
639494299,house,2,-
639494300,yes,2,-
639494301,house,2,-
639494304,office,2,-
639494305,yes,2,-
639494306,yes,2,-
639494310,house,2,-
639494316,yes,1,-
639494318,house,2,-
639494319,yes,3,-
639494320,yes,1,-
639494321,hospital,2,-
639494322,yes,2,-
639494326,office,2,-
639494327,office,2,-
639494328,yes,2,-
639494329,yes,3,-
639494337,yes,3,-
639494338,yes,2,-
639494341,yes,2,-
639494342,yes,2,-
639494353,apartments,4,-
639494354,retail,3,-
639494356,house,1,-
639494357,apartments,6,-
639494358,commercial,3,-
639494359,commercial,2,-
639494360,commercial,2,-
639494363,yes,2,-
639494369,apartments,6,-
639494375,yes,2,-
639494376,hospital,4,-
639494385,yes,2,-
639527671,yes,2,-
639798686,house,2,-
640151798,house,2,-
644878866,apartments,11,-
644878868,yes,2,-
644878873,yes,2,-
644878877,yes,2,-
644878883,apartments,4,-
644878888,yes,2,-
644878889,yes,2,-
644878890,yes,2,-
644878891,yes,2,-
644878892,yes,2,-
644878893,yes,2,-
644878894,yes,1,-
645099842,yes,15,-
645099843,yes,15,-
645102447,yes,3,-
647785104,public,1,-
653248593,apartments,27,-
653248594,apartments,6,-
653248606,yes,1,-
656558727,yes,1,3
656558746,yes,2,-
656567394,apartments,17,-
656567523,apartments,23,-
656821497,apartments,23,-
656821498,apartments,18,-
656841719,house,1,-
656841721,house,1,-
656841722,house,1,-
656841723,house,2,-
656841724,house,2,-
656841727,house,1,-
656841728,house,1,-
656841729,apartments,4,-
656841730,apartments,4,-
656841731,apartments,4,-
656841732,apartments,4,-
656841733,apartments,4,-
656841734,apartments,4,-
656841735,apartments,4,-
656841736,apartments,4,-
656841737,apartments,4,-
656841738,apartments,4,-
656841739,apartments,4,-
656841740,apartments,4,-
657427112,retail,1,-
657638356,house,2,4
657638360,house,-,2
657638362,house,-,2
657638366,house,-,2
657638369,yes,-,2
657638371,yes,-,2
657638373,yes,2,-
657638375,yes,2,4
657638386,yes,-,2
657638387,yes,-,2
657638388,yes,-,2
657638390,house,-,2
657638396,yes,-,4
657638398,yes,2,6
657638408,yes,-,2
657729334,house,1,-
657729335,house,1,-
657729336,house,1,-
657729337,house,1,-
657729338,house,2,-
657729339,house,1,-
657729340,house,1,-
657729341,house,1,-
657729342,house,2,-
657729343,house,2,-
657729344,house,2,-
657729345,house,2,-
657729347,house,1,-
657729348,house,1,-
657729349,house,1,-
657729350,house,1,-
657729351,house,1,-
657729352,house,1,-
657729353,house,1,-
657729354,house,1,-
658319288,apartments,4,-
658319289,apartments,4,-
658319290,apartments,4,-
658319291,apartments,4,-
658319292,apartments,4,-
658319293,apartments,4,-
658319294,apartments,4,-
658319295,apartments,4,-
658319296,apartments,4,-
658319297,apartments,4,-
658319298,apartments,4,-
658319299,apartments,4,-
658319300,apartments,4,-
658319301,apartments,4,-
658328265,house,1,-
658558989,yes,1,-
658558991,roof,2,-
660170893,yes,5,-
660355005,office,9,-
660355015,hotel,4,-
660355018,house,3,-
660355021,yes,4,-
660355026,apartments,11,-
660355048,hospital,2,-
660635606,hotel,2,-
660635612,apartments,8,-
660635613,apartments,4,-
660635614,apartments,10,-
660635615,office,4,-
660635616,apartments,10,-
660635618,apartments,12,-
660635619,yes,2,-
660635620,house,2,-
660635637,yes,1,-
660635645,yes,1,-
660635655,yes,2,-
660635987,apartments,4,-
660635988,apartments,4,-
660635989,apartments,9,-
660635990,apartments,8,-
660635994,apartments,8,-
660636002,apartments,4,-
660636006,apartments,25,-
660636008,apartments,21,-
661051048,apartments,5,-
661051049,apartments,5,-
661051062,apartments,5,-
661051063,apartments,5,-
661051064,apartments,5,-
661051065,apartments,5,-
661051066,apartments,5,-
661522725,apartments,5,-
661522726,apartments,5,-
661522727,apartments,5,-
661522728,apartments,5,-
661522729,apartments,5,-
661738569,yes,4,-
662505433,house,1,-
662505434,house,1,-
662505435,house,2,-
662505440,house,1,-
662505441,house,2,-
662505444,house,2,-
662505446,apartments,3,-
662505448,house,1,-
662505451,house,1,-
662505452,house,1,-
662505453,house,1,-
662505459,house,2,-
662505460,yes,2,-
662505461,house,2,-
662505462,house,2,-
662505464,house,2,-
662505465,house,1,-
662505468,house,1,-
662505470,house,2,-
662505471,house,2,-
662505472,house,2,-
662505474,university,2,-
662505475,house,2,-
662505479,industrial,1,-
662505484,house,1,-
662505488,house,2,-
662883474,yes,14,-
662883940,yes,2,-
662883942,school,2,-
663225564,apartments,23,-
663700379,civic,1,-
667940459,house,2,-
667940460,house,2,-
667940461,house,2,-
667940462,house,2,-
667940463,house,2,-
667940464,house,2,-
667940465,house,2,-
667940466,house,2,-
667942475,house,1,-
667942476,house,1,-
668175066,house,2,-
668175068,house,2,-
668175069,house,2,-
668175070,house,2,-
668175071,house,2,-
668175072,house,2,-
668175073,house,2,-
668175074,house,2,-
668175075,house,2,-
668175076,house,2,-
668175077,house,2,-
668175078,house,2,-
668175079,house,2,-
668175080,house,2,-
668175081,house,2,-
668175084,house,2,-
668175087,house,2,-
668175090,house,2,-
668175093,house,2,-
668175097,house,2,-
668175100,house,2,-
668175104,house,2,-
668175107,house,2,-
668175111,house,2,-
668175114,house,2,-
668175118,house,2,-
668175121,house,2,-
668346750,house,2,-
668346751,house,2,-
668346752,house,2,-
668346753,house,2,-
668346754,house,2,-
668346755,house,2,-
668346756,house,2,-
668346757,house,2,-
668346758,house,2,-
668346759,house,2,-
668346760,house,2,-
668346761,house,2,-
668346762,house,2,-
668346763,house,2,-
668346764,house,2,-
668346765,house,2,-
668346766,house,2,-
668346767,house,2,-
668346768,house,2,-
668346769,house,2,-
668346770,house,2,-
668346771,house,2,-
668346772,house,2,-
668346773,house,2,-
668346774,house,2,-
668346775,house,2,-
668346776,house,2,-
668346777,house,2,-
668346778,house,2,-
668346779,house,2,-
668346780,house,2,-
668346781,house,2,-
668346782,house,2,-
668346783,house,2,-
668346784,house,2,-
668346785,house,2,-
668346786,house,2,-
668346787,house,2,-
668346788,house,2,-
668346789,house,2,-
668346792,house,2,-
668346793,house,2,-
668346794,house,2,-
668346795,house,2,-
668346796,house,2,-
668346797,house,2,-
668346798,house,2,-
668346799,house,2,-
668346802,house,2,-
668346803,house,2,-
668346804,house,2,-
668346805,house,2,-
668346806,house,2,-
668346807,house,2,-
668346808,house,2,-
668346809,house,2,-
668346810,house,2,-
668346811,house,2,-
668346812,house,2,-
668346813,house,2,-
668346814,house,2,-
668346815,house,2,-
668346817,house,2,-
668346818,house,2,-
668346820,house,2,-
668346822,house,2,-
668346824,house,2,-
668346825,house,2,-
668346827,house,2,-
668346828,house,2,-
668346829,house,2,-
668346831,house,2,-
668346833,house,2,-
668346834,house,2,-
668346836,house,2,-
668346838,house,2,-
668346840,house,2,-
668346841,house,2,-
668346843,house,2,-
668346845,house,2,-
668346847,house,2,-
668346849,house,2,-
668346851,house,2,-
668346852,house,2,-
668346854,house,2,-
668346856,house,2,-
668346858,house,2,-
668346859,house,2,-
668346860,house,2,-
668346862,house,2,-
668346864,house,2,-
668346866,house,2,-
668346868,house,2,-
668346869,house,2,-
668346871,house,2,-
668346872,house,2,-
668346874,house,2,-
668346876,house,2,-
668346877,house,2,-
668346879,house,2,-
668346880,house,2,-
668346882,house,2,-
668346884,house,2,-
668346886,house,2,-
668346888,house,2,-
668346890,house,2,-
668346891,house,2,-
668346893,house,2,-
668346895,house,2,-
668346896,house,2,-
668346898,house,2,-
668346900,house,2,-
668346901,house,2,-
668346902,house,2,-
668346903,house,2,-
668346904,house,2,-
668346906,house,2,-
668346907,house,2,-
668346909,house,2,-
668346910,house,2,-
668346911,house,2,-
668346912,house,2,-
668346913,house,2,-
668346914,house,2,-
668346915,house,2,-
668346916,house,2,-
668346917,house,2,-
668346918,house,2,-
668346919,house,2,-
668346920,house,2,-
668346921,house,2,-
668346922,house,2,-
668346923,house,2,-
668346924,house,2,-
668346925,house,2,-
668346926,house,2,-
668346927,house,2,-
668346929,house,2,-
668346930,house,2,-
668346931,house,2,-
668346933,house,2,-
668765406,house,2,-
668765407,house,2,-
668765408,house,2,-
668765409,house,2,-
668765410,house,2,-
668765411,house,2,-
668765412,house,2,-
668765413,house,2,-
668765414,house,2,-
668765415,house,2,-
668765416,house,2,-
668765417,house,2,-
668765418,house,2,-
668765419,house,2,-
668765420,house,2,-
668765421,house,2,-
668765422,house,2,-
668765423,house,2,-
668765424,house,2,-
668765425,house,2,-
668765426,house,2,-
668765427,house,2,-
668765428,house,2,-
668765429,house,2,-
668765431,house,2,-
668765433,house,2,-
668765435,house,2,-
668765436,house,2,-
668765437,house,2,-
668765439,house,2,-
668765441,house,2,-
668765443,house,2,-
668765444,house,2,-
668765446,house,2,-
669031618,yes,2,-
669031619,commercial,2,-
669031620,apartments,4,-
669031622,apartments,4,-
669031623,apartments,4,-
669031624,apartments,10,-
669031625,retail,2,-
669031626,retail,2,-
669031627,retail,2,-
669031628,retail,2,-
669031629,apartments,2,-
669031630,school,2,-
669031636,retail,2,-
671115920,church,1,5
671115922,house,1,-
671865584,apartments,4,-
671865585,apartments,4,-
671865586,apartments,4,-
671865587,apartments,4,-
676386309,office,15,-
676386310,hotel,10,-
677720917,residential,3,-
677720918,residential,3,-
677720919,residential,3,-
677720920,residential,3,-
677725867,residential,6,-
677725869,residential,3,-
677725870,residential,3,-
677725871,residential,3,-
677725872,residential,3,-
677725873,residential,3,-
677725874,residential,3,-
677725875,residential,3,-
677757432,apartments,27,-
677757504,residential,3,-
678028444,house,1,-
678309262,yes,18,-
678801074,yes,7,-
678801075,yes,7,-
678801076,yes,7,-
678801077,yes,7,-
678801078,yes,7,-
678801079,yes,7,-
678801080,apartments,5,-
678801081,apartments,5,-
678965100,apartments,3,-
679622184,apartments,3,-
679622185,apartments,3,-
679622186,apartments,3,-
679622187,apartments,3,-
679622188,apartments,3,-
679622189,apartments,3,-
679622190,apartments,3,-
679622191,apartments,3,-
679622192,apartments,3,-
679622193,apartments,3,-
679622194,apartments,3,-
679622195,apartments,3,-
679622196,apartments,3,-
679622197,apartments,3,-
679622198,apartments,3,-
679622199,apartments,3,-
679622200,apartments,3,-
679622201,apartments,3,-
679622202,apartments,3,-
679622203,apartments,3,-
679622204,apartments,3,-
679622205,apartments,3,-
679622206,apartments,3,-
679622207,apartments,3,-
679622208,apartments,3,-
679622209,apartments,3,-
679622210,apartments,3,-
679622211,apartments,3,-
679622212,apartments,3,-
679622213,apartments,3,-
679622214,apartments,3,-
679622215,apartments,3,-
679622216,apartments,3,-
679622217,apartments,3,-
679622218,apartments,3,-
679622219,apartments,3,-
679622220,apartments,3,-
679622221,apartments,3,-
679622222,apartments,3,-
679622223,apartments,3,-
679622224,apartments,3,-
679622225,apartments,3,-
679622226,apartments,3,-
679622227,apartments,3,-
679622233,apartments,4,-
679622234,apartments,4,-
679622235,apartments,4,-
679622236,apartments,4,-
679622237,apartments,4,-
679622238,apartments,4,-
679622239,apartments,4,-
679622240,apartments,4,-
679622241,apartments,4,-
680624267,house,1,-
680773883,house,2,-
680773884,house,2,-
680773885,house,2,-
680773904,apartments,5,-
680773905,apartments,5,-
680930759,residential,5,-
680930760,apartments,4,-
680930761,apartments,4,-
680930762,apartments,3,-
680930763,apartments,3,-
680930764,apartments,4,-
680930765,apartments,4,-
680930766,apartments,3,-
680930767,apartments,3,-
680930768,apartments,4,-
680930769,apartments,4,-
680930770,apartments,3,-
680930771,apartments,3,-
680930772,apartments,4,-
680930773,apartments,4,-
680930774,apartments,3,-
680930775,apartments,3,-
680930776,apartments,3,-
680930777,apartments,3,-
680930778,apartments,3,-
680930779,apartments,3,-
680930780,apartments,3,-
680930781,apartments,3,-
680930782,apartments,3,-
680930783,apartments,3,-
682017314,house,1,-
682017315,house,1,-
682017316,school,1,-
682017318,house,1,-
682017319,house,1,-
682017320,house,1,-
682017322,house,1,-
682017323,house,1,-
682017324,house,1,-
682017325,house,1,-
682017326,house,1,-
682017327,house,1,-
682017328,house,2,-
682017329,school,1,-
682017331,house,2,-
682017332,house,1,-
682017333,house,1,-
682017334,house,1,-
682017338,house,1,-
682017339,house,1,-
682017340,house,1,-
682017341,house,1,-
682017342,house,1,-
682017343,house,1,-
682017344,house,1,-
682017345,house,1,-
682017346,house,1,-
682017349,house,1,-
682017350,house,2,-
682017353,house,1,-
682017354,house,1,-
682017355,house,2,-
682017360,house,1,-
682017361,house,1,-
682017362,house,1,-
682017364,house,1,-
682017365,house,1,-
682017366,house,1,-
682017367,house,1,-
682017369,house,2,-
682017370,house,1,-
682017372,house,1,-
682017373,house,1,-
682017374,house,1,-
682017375,house,1,-
682017377,house,1,-
682017378,house,2,-
682017379,house,1,-
682017380,house,2,-
682017381,house,2,-
682017383,house,1,-
682017384,house,1,-
682017386,house,2,-
682017387,house,2,-
682017388,house,1,-
682017389,house,2,-
682017390,house,1,-
682017391,house,2,-
682017392,house,1,-
682017393,house,1,-
682017394,house,2,-
682017398,house,1,-
682017399,house,2,-
682017400,house,2,-
682017401,house,1,-
682017402,house,2,-
682017403,house,1,-
682017404,house,1,-
682017405,house,1,-
682017406,house,2,-
682017407,house,1,-
682017408,house,1,-
682017409,house,1,-
682017410,house,2,-
682017411,house,1,-
682017412,house,2,-
682017413,house,1,-
682017414,house,1,-
682017415,house,1,-
682017416,house,1,-
682017417,house,1,-
682017418,house,1,-
682017419,house,2,-
682017420,house,1,-
682017421,house,2,-
682017422,house,1,-
682017423,house,1,-
682017424,house,1,-
682017425,house,1,-
682017426,house,1,-
682017427,house,1,-
682017428,house,1,-
682017433,house,2,-
682017438,house,1,-
682017439,house,1,-
682017440,house,1,-
682017441,house,1,-
682017442,house,2,-
682017444,house,1,-
682017446,house,1,-
682017449,house,1,-
682017454,house,1,-
682017457,house,1,-
682017460,house,1,-
682017462,house,1,-
682017463,house,1,-
682017465,house,1,-
682017466,house,2,-
682017467,house,1,-
682017468,house,1,-
682017469,house,1,-
682017471,house,1,-
682017473,house,2,-
682017475,house,2,-
682017476,house,1,-
682017477,house,2,-
682017480,house,1,-
682017483,house,1,-
682017485,house,1,-
682017486,house,2,-
682017487,house,1,-
682017488,house,1,-
682017489,house,1,-
682321621,apartments,4,-
682321622,apartments,4,-
682321623,apartments,4,-
682321624,apartments,4,-
682321625,apartments,4,-
682545890,house,1,-
682545892,house,1,-
682545893,house,1,-
682545894,house,1,-
682545895,house,2,-
682545897,house,2,-
682788815,house,3,-
682788816,house,2,-
682788817,house,2,-
682788818,house,2,-
682788819,house,2,-
682788820,yes,2,-
682788821,yes,2,-
682788822,house,2,-
682788823,yes,2,-
682788824,yes,2,-
682788825,house,2,-
682788826,house,3,-
682788827,office,3,-
682788828,yes,2,-
682788829,office,2,-
682788830,house,2,-
682788831,yes,2,-
682788832,yes,2,-
682788833,house,2,-
682788834,yes,2,-
682788835,yes,2,-
682788837,yes,2,-
682788839,school,2,-
682788840,yes,4,-
682788844,yes,2,-
682788845,yes,2,-
682788846,yes,2,-
682788847,yes,2,-
682788848,office,2,-
683004538,yes,2,-
683004540,house,2,-
683004542,house,2,-
683004544,house,2,-
683004547,house,2,-
683004548,house,2,-
683004551,house,2,-
683004553,house,2,-
683004555,house,2,-
683004556,house,2,-
683004557,house,2,-
683004558,house,2,-
683004561,house,2,-
683004562,house,2,-
683004563,house,2,-
683004565,house,2,-
683004568,house,2,-
683004570,house,2,-
683004571,house,2,-
683004572,house,2,-
683004573,house,2,-
683004575,yes,2,-
683004576,yes,1,-
683004577,house,2,-
683004578,yes,2,-
683004579,house,2,-
683004581,yes,2,-
683004582,yes,2,-
683004584,yes,2,-
683004585,house,2,-
683004586,house,2,-
683004587,house,2,-
683004588,house,2,-
683004589,house,2,-
683004590,house,2,-
683004591,house,2,-
683004592,house,2,-
683004596,yes,2,-
683004598,yes,1,-
683254835,yes,1,-
683254836,industrial,1,-
683254837,house,1,-
683254838,house,2,-
683254841,house,1,-
683254843,house,1,-
683254844,yes,1,-
683254845,yes,1,-
683254846,house,1,-
683254847,house,1,-
683254848,house,1,-
683254849,house,1,-
683254851,house,1,-
683254854,house,1,-
683254855,house,1,-
683254856,house,2,-
683254857,house,1,-
683254858,house,1,-
683254859,house,1,-
683254860,house,1,-
683254861,house,2,-
683254862,house,2,-
683254863,house,2,-
683254864,house,2,-
683254865,house,2,-
683254866,house,2,-
683254867,house,2,-
683254868,house,2,-
683254869,house,2,-
683254870,house,2,-
683254871,house,1,-
683254872,house,2,-
683254873,yes,2,-
683254874,house,1,-
683254875,house,2,-
683254877,house,1,-
683254878,house,2,-
683254879,house,2,-
683254881,yes,1,-
683254882,apartments,17,-
683426218,apartments,4,-
683426219,apartments,4,-
683426220,apartments,4,-
683426221,apartments,4,-
683426222,apartments,4,-
683426223,apartments,4,-
683426224,apartments,4,-
683426225,apartments,4,-
683426226,apartments,4,-
683426227,apartments,4,-
683426228,apartments,4,-
683426229,apartments,4,-
683426230,apartments,4,-
683426231,apartments,4,-
683426232,apartments,4,-
683426233,apartments,4,-
683426234,apartments,4,-
683426235,apartments,4,-
683426236,apartments,4,-
683426237,apartments,4,-
683426238,apartments,4,-
683426239,apartments,4,-
683426240,apartments,4,-
683426241,apartments,4,-
683426242,apartments,4,-
683426243,apartments,4,-
683426244,apartments,4,-
683426245,apartments,4,-
683426246,apartments,4,-
683426247,apartments,4,-
683426248,apartments,4,-
683426249,apartments,4,-
683426250,apartments,4,-
683426251,apartments,4,-
683426252,apartments,4,-
683426253,apartments,4,-
683426254,apartments,4,-
683426255,apartments,4,-
683428287,school,1,-
683428289,school,1,-
683428291,school,2,-
683428293,school,2,-
683428298,house,1,-
683428301,yes,1,-
683428305,house,1,-
683428307,house,1,-
683428311,house,2,-
683462044,house,2,-
683462046,house,2,-
683462047,house,2,-
683462048,house,2,-
683562114,house,2,-
683562116,house,2,-
683562118,house,2,-
683562122,house,2,-
683562124,house,2,-
683562127,house,2,-
683562130,house,2,-
683562131,house,2,-
683562134,yes,4,-
683754412,house,2,-
683754413,house,2,-
683754414,house,2,-
683754415,house,1,-
683754419,house,1,-
683754420,house,1,-
683754421,house,2,-
683754422,house,1,-
683754423,house,1,-
683754424,house,2,-
683754426,house,1,-
683754427,commercial,1,-
683754431,retail,1,-
683754432,commercial,2,-
683754433,retail,1,-
683754434,retail,1,-
683818793,school,1,-
683818795,yes,3,20
683818801,church,2,-
683818806,apartments,4,20
683818807,apartments,4,20
683818810,yes,1,3
683818811,yes,1,-
683818812,yes,1,3
683818813,yes,1,3
683818814,yes,1,3
683818815,industrial,1,3
683818816,yes,1,3
683818817,house,1,-
683818818,public,1,-
683818819,public,1,-
683818820,public,1,-
683818821,public,1,-
683818822,public,1,-
683818824,house,1,-
683818825,house,1,-
683818826,house,1,-
683818827,house,1,-
683818828,house,1,-
683818829,house,1,-
683818830,house,1,-
683818831,house,1,-
683818832,house,1,-
683818833,house,1,-
683818834,house,1,-
683818835,house,1,-
683818836,house,1,-
683821905,house,-,4
683825727,yes,-,6
683825728,yes,-,10
683825731,yes,-,7
683825734,yes,-,10
683825736,yes,3.5,-
683825737,yes,-,3.5
683825739,yes,-,4
683825742,yes,-,3
683825744,yes,-,3
683825745,house,-,7
683825747,yes,-,18
683825748,house,-,3.5
683825750,yes,-,10
683825752,yes,-,10
683825754,yes,-,14
683825755,yes,-,7.5
683825757,house,-,4
683825758,yes,-,8.5
683825761,yes,-,4
683827777,house,-,4
683827778,house,-,5
683827779,house,-,4
683827780,house,-,3.5
683827781,house,-,4
683827782,house,-,4
683827783,house,-,8
683827784,house,-,4
683827785,house,-,4
683827786,house,-,8
683827787,house,-,4
683827788,house,-,4
683827789,house,-,7.5
683827790,house,-,4
683827791,house,-,4
683827794,house,-,4
683830776,yes,-,14
683830778,house,-,3.5
683830780,house,-,3.5
683830782,house,-,3.5
683830783,house,-,4
683830785,house,-,4
683830786,house,-,3.5
683830788,yes,-,19
683831343,house,-,7.5
683831344,house,-,3.5
683831345,house,-,3.5
683831346,house,-,7
683831347,house,-,3.5
683831348,house,-,3.5
683831349,house,-,3.5
683831350,house,-,3.5
683833027,house,-,3.5
683833028,house,-,3.5
683833029,house,-,3.5
683833030,house,-,3.5
683833031,house,-,3.5
683833032,house,-,7
683833033,house,-,8
683833034,house,-,8
683833035,house,-,7.5
683833036,house,-,3.5
683833037,house,-,4
683833038,house,-,4
683833039,house,-,3.5
683833040,house,-,4
683833041,house,-,3.5
683833042,house,-,3.5
683833043,house,-,8
683833044,house,-,3.5
683833045,house,-,3.5
683833046,house,-,3.5
683833047,house,-,7
683908458,yes,-,10
683908460,yes,-,10
683908461,yes,-,10
683908463,yes,-,10
683911879,house,-,6
683911880,house,-,6
683911881,house,-,3.5
683911882,house,-,3.5
683911883,house,-,6
683911884,house,-,3.5
683911885,house,-,3.5
683911886,house,-,3.5
683911887,house,-,3.5
683911888,house,-,7.5
683911889,house,-,7.5
683911890,house,-,4
683911891,house,-,3.5
683911892,house,-,3.5
683911893,house,-,5
683911894,house,-,5
683911895,house,-,5
683911896,house,-,5
683911897,house,-,4
683911898,house,-,4.5
683911899,house,-,4.5
683911900,house,-,5.6
683911901,house,-,12
683911902,house,-,10
683911903,house,-,11
683911904,house,-,6
683911905,house,-,4.5
683911906,house,-,5
683911907,house,-,5.5
683911908,house,-,7
683911909,house,-,4
683911910,house,-,3.5
683911911,house,-,3
683911912,house,-,3
683911914,house,-,3
683911916,house,-,3.5
683911919,house,4.5,-
683911921,house,-,5
683911923,house,-,5.5
683914800,house,-,5
683914801,house,-,7.5
683914802,house,-,4
683914803,house,-,4
683914804,house,-,3.5
683914805,house,-,3
683914806,house,-,3
683914807,house,-,4
683914808,house,-,4.5
683914809,house,-,3.5
683914810,house,-,3.5
683914811,house,-,6.5
683914812,house,-,5.5
683919134,house,-,5.5
683919135,house,-,5.2
683919136,house,-,4
683919137,house,-,3.5
683919138,house,-,3
683919139,house,-,3
683919140,house,-,3
683919141,house,-,3.5
683919554,house,-,6
683922911,house,-,5
683922912,house,-,5.5
683922913,house,-,4
683922914,house,-,4.5
683922915,house,-,4
683922916,apartments,6,15
683922917,apartments,6,16
683922918,house,-,5
683922919,apartments,-,52.5
683924853,house,-,3.5
683924855,house,-,5.5
683924857,house,-,4
683924858,house,-,12
683924860,house,-,10
683924862,house,-,11
683924865,house,-,8
683926480,house,-,12
683926481,house,-,8
683926482,house,-,4
683926483,house,-,4
683926485,house,-,9
683926486,house,-,8
683926487,house,-,3.5
683926488,house,-,9
683926489,house,-,5
683926490,house,-,4
683929368,house,-,5
683929369,house,-,5
683929370,house,-,4
683929371,house,-,6
683929372,house,-,7
683929373,house,-,5
683929374,house,-,7
683929375,house,-,8.4
683929376,house,-,8.4
683929377,house,-,4
683929378,house,-,7
683929379,house,-,8
683929380,house,-,8
683929381,house,-,5
683929382,house,-,6
683929383,house,-,6
683929384,house,-,8
683929385,house,-,5
683929386,house,-,4
683929387,house,-,10
683930494,house,-,9
683930495,house,-,6
683930496,house,-,3.5
683930497,house,-,3.5
683930498,house,-,5
683930499,house,-,5
683930500,house,-,5
683930501,house,-,5
683930502,house,-,4
683930503,house,-,4
683930504,house,-,4
683930505,house,-,4
683930506,house,-,5.5
683930507,house,-,7
683931180,house,-,5
683931181,house,-,6
683931182,house,-,8
683931183,house,-,7.5
683931184,house,-,4
683933533,house,-,4
683933534,house,-,4
683933535,house,-,9
683933536,house,-,8
683933537,house,-,6.5
683933538,house,-,4
683933539,house,6,-
683933540,house,-,4.5
683933541,house,-,7
683933542,house,-,5
683933543,house,-,4
683933544,house,-,3.5
683933545,house,-,5.5
683933546,house,-,7.5
683933547,house,-,6
683933708,house,-,4
683933709,house,-,5.5
683933710,house,-,5.5
683933712,house,5,-
684040191,house,2,-
684040192,house,1,-
684040193,house,2,-
684040194,house,1,-
684040196,house,1,-
684040197,house,1,-
684040198,house,1,-
684040199,house,1,-
684040201,house,1,-
684040202,house,1,-
684040203,house,2,-
684040204,house,1,-
684040205,house,2,-
684040207,house,1,-
684040208,house,2,-
684040209,house,2,-
684040211,house,2,-
684040212,house,2,-
684040213,house,2,-
684040214,house,2,-
684040215,house,2,-
684040216,house,2,-
684040217,house,2,-
684040218,house,2,-
684040219,house,2,-
684040220,house,2,-
684040221,house,2,-
684040222,house,2,-
684040223,house,2,-
684040224,house,2,-
684040225,house,2,-
684040226,house,2,-
684040227,house,2,-
684040228,house,2,-
684040229,house,2,-
684040230,house,2,-
684040231,house,2,-
684040232,house,2,-
684040233,house,2,-
684040234,house,2,-
684040235,house,2,-
684040236,house,2,-
684040237,house,2,-
684040238,house,2,-
684040239,house,2,-
684040240,house,2,-
684040241,house,2,-
684040242,house,2,-
684040243,house,2,-
684040244,house,2,-
684040245,house,2,-
684040246,house,2,-
684040247,house,2,-
684040248,house,2,-
684040249,house,2,-
684040250,house,2,-
684040251,house,2,-
684040252,house,2,-
684040253,house,2,-
684040254,house,2,-
684040255,house,2,-
684040256,house,2,-
684040257,house,2,-
684040258,house,2,-
684040259,house,2,-
684040260,house,2,-
684040261,house,2,-
684040262,house,2,-
684040263,house,2,-
684040264,house,2,-
684040265,house,2,-
684040266,house,2,-
684040267,house,2,-
684040268,house,2,-
684040269,house,2,-
684040270,house,2,-
684040271,house,2,-
684040272,house,2,-
684040273,house,2,-
684040274,house,2,-
684040275,house,2,-
684040276,house,2,-
684040277,house,2,-
684040278,house,2,-
684040279,house,2,-
684040280,house,2,-
684040281,house,2,-
684040282,house,2,-
684040283,house,2,-
684040284,house,2,-
684040285,house,2,-
684040286,house,2,-
684040287,house,2,-
684040288,house,2,-
684040289,house,2,-
684040290,house,2,-
684040291,house,1,-
684040292,house,1,-
684040293,house,1,-
684040294,house,1,-
684040295,house,1,-
684040296,house,1,-
684040297,house,1,-
684040298,house,1,-
684040299,house,1,-
684040301,house,1,-
684040303,house,1,-
684040305,house,1,-
684040306,house,1,-
684040307,house,1,-
684040308,house,1,-
684040309,house,1,-
684040310,house,1,-
684040311,house,1,-
684040312,house,1,-
684040313,house,1,-
684040314,house,1,-
684040315,house,1,-
684040316,house,1,-
684040317,house,1,-
684040318,house,1,-
684040319,house,1,-
684040320,house,1,-
684040321,house,1,-
684040324,yes,1,-
684040325,house,2,-
684040326,house,1,-
684040327,house,1,-
684040329,house,1,-
684040330,house,1,-
684040331,house,2,-
684040333,house,2,-
684040334,house,1,-
684040335,apartments,11,-
684040336,house,1,-
684040337,house,1,-
684040339,house,2,-
684040340,house,1,-
684040344,house,1,-
684040345,house,1,-
684040352,house,2,-
684040353,house,2,-
684040354,house,2,-
684040355,house,2,-
684040356,house,1,-
684040357,house,2,-
684040358,house,3,-
684040359,house,1,-
684040360,house,1,-
684040361,house,1,-
684040362,house,1,-
684040363,house,1,-
684040364,house,1,-
684040365,house,1,-
684040366,house,1,-
684040367,house,1,-
684040369,house,1,-
684568526,school,3,-
684568527,school,3,-
684588239,school,1,-
684588240,school,3,10
684588242,school,1,2
684588244,school,2,6
684588245,school,2,6
684588246,school,2,-
684588247,school,1,4
684588248,school,1,-
684588249,sports_hall,1,10
684588250,house,1,-
684588251,house,1,-
684588252,house,1,-
684588253,house,1,-
684588254,house,1,-
684588255,house,1,-
684588256,house,1,-
684588257,house,1,-
684672313,yes,1,-
684672317,house,1,-
684672319,house,1,-
684672320,house,2,-
684672321,house,1,-
684672323,house,1,-
684672325,house,1,-
684672326,house,1,-
684672327,house,1,-
684672329,house,1,-
684672330,house,1,-
684672331,house,2,-
684672332,house,1,-
684672334,house,1,-
684672335,house,1,-
684672337,house,1,-
684672339,house,1,-
684672341,apartments,15,-
684673875,roof,2,-
685310527,school,3,-
685310532,house,2,-
685765491,house,2,-
685765494,yes,2,-
686137894,apartments,10,-
686137895,apartments,10,-
686137896,apartments,10,-
686137897,apartments,10,-
686137898,apartments,10,-
686137899,apartments,10,-
686137900,apartments,10,-
686137901,apartments,20,-
686137902,apartments,20,-
686137903,apartments,15,-
686137905,apartments,15,-
686293244,yes,1,-
686293245,retail,1,-
686293246,yes,2,-
686293249,house,1,-
686293250,house,1,-
686293251,house,1,-
686293252,yes,2,-
686293253,house,3,-
686293254,yes,1,-
686443539,apartments,6,-
686443540,apartments,6,-
686443541,apartments,6,-
686443542,apartments,6,-
686443543,apartments,6,-
686443544,apartments,6,-
686443545,apartments,6,-
686443546,apartments,6,-
686443547,apartments,6,-
686443548,apartments,6,-
686443549,apartments,6,-
686443550,apartments,6,-
686738642,yes,3,-
686994283,apartments,18,-
686994284,commercial,1,-
686994287,house,1,-
686994288,house,2,-
686994296,industrial,2,-
686994297,warehouse,2,-
686994298,warehouse,2,-
686994299,industrial,2,-
686994300,industrial,3,-
686994303,industrial,1,-
687247033,apartments,16,-
687247034,university,0,-
687247035,house,2,-
687247036,yes,1,-
687247037,yes,2,-
687247038,house,1,-
687247039,yes,2,-
687247040,yes,2,-
687247041,yes,2,-
687247042,yes,2,-
687247043,house,2,-
687247045,yes,2,-
687247048,apartments,20,-
687247050,apartments,11,-
687247702,house,1,-
687247703,house,2,-
687247704,house,2,-
687247705,house,2,-
687247706,house,2,-
687247707,house,1,-
687588480,hospital,1,-
687655580,hospital,6,-
687655581,hospital,8,-
687675555,yes,3,-
687675556,yes,3,-
687675557,yes,3,-
687675558,yes,3,-
687675559,yes,3,-
687675560,yes,3,-
687675561,yes,3,-
687675562,yes,3,-
687675568,yes,3,-
687675569,yes,3,-
687675570,yes,3,-
687675571,yes,3,-
687675572,yes,3,-
687675573,yes,3,-
687675574,yes,3,-
687675575,yes,3,-
687675576,yes,3,-
687675577,yes,3,-
687675578,yes,3,-
687675579,yes,3,-
687675580,yes,3,-
687675581,yes,3,-
687675582,yes,3,-
687675583,yes,3,-
687675584,yes,3,-
687675585,yes,3,-
687675586,yes,3,-
687675587,yes,3,-
687675588,yes,3,-
687675589,yes,3,-
687675590,yes,3,-
687675591,yes,3,-
687675592,yes,3,-
687675593,yes,3,-
687675594,yes,3,-
687675595,yes,3,-
687675596,yes,3,-
687675597,yes,3,-
687675598,yes,3,-
687675599,yes,3,-
687675600,yes,3,-
687675601,yes,3,-
687675602,yes,3,-
687675603,yes,3,-
687675604,yes,3,-
687675605,yes,3,-
687675606,yes,3,-
687675607,yes,3,-
687675608,yes,3,-
687675609,yes,3,-
687675610,yes,3,-
687675611,yes,3,-
687675612,yes,3,-
687675613,yes,3,-
687675614,yes,3,-
687675615,yes,3,-
687675616,yes,3,-
687675617,yes,3,-
687675618,yes,3,-
687675619,yes,3,-
687675620,yes,3,-
687675621,yes,3,-
687675622,yes,3,-
687675623,yes,3,-
687675624,yes,3,-
687675625,yes,3,-
687675626,yes,3,-
687675627,yes,3,-
687675628,yes,3,-
687675629,yes,3,-
687675630,yes,3,-
687675631,yes,3,-
687675632,yes,3,-
687675633,yes,3,-
687675634,yes,3,-
687675635,yes,3,-
687675636,yes,3,-
687675637,yes,3,-
687675638,yes,3,-
687675639,yes,3,-
687675640,yes,3,-
687675641,yes,3,-
687675642,yes,3,-
687675643,yes,3,-
687675644,yes,3,-
687675645,yes,3,-
687675646,yes,3,-
687675647,yes,3,-
687675648,yes,3,-
687675649,yes,3,-
687675650,yes,3,-
687675651,yes,3,-
687675652,yes,3,-
687675653,yes,3,-
687675654,yes,3,-
687675655,yes,3,-
687675656,yes,3,-
687675657,yes,3,-
687675658,yes,3,-
687675659,yes,3,-
687675660,yes,3,-
687675661,yes,3,-
687675662,yes,3,-
687675663,yes,3,-
687675664,yes,3,-
687675665,yes,3,-
687675666,yes,3,-
687675667,yes,3,-
687675668,yes,3,-
687675669,yes,3,-
687675670,yes,3,-
687675671,yes,3,-
687675672,yes,3,-
687675673,yes,3,-
687675674,yes,3,-
687675675,yes,3,-
687675676,yes,3,-
687675677,yes,3,-
687675678,yes,3,-
687675679,yes,3,-
687675680,yes,3,-
687675681,yes,3,-
687675682,yes,3,-
687675683,yes,3,-
687675684,yes,3,-
687675685,yes,3,-
687675686,yes,3,-
687675687,yes,3,-
687675688,yes,3,-
687675689,yes,3,-
687675690,yes,3,-
687675691,yes,3,-
687675692,yes,3,-
687675693,yes,3,-
687675694,yes,3,-
687675695,yes,3,-
687675696,yes,3,-
687675697,yes,3,-
687675698,yes,3,-
687675699,yes,3,-
687675700,yes,3,-
687675701,yes,3,-
687675702,yes,3,-
687675703,yes,3,-
687675704,yes,3,-
687675705,yes,3,-
687675706,yes,3,-
687675707,yes,3,-
687675708,yes,3,-
687675709,yes,3,-
687675710,yes,3,-
687675711,yes,3,-
687675712,yes,3,-
687675713,yes,3,-
687675714,yes,3,-
687675715,yes,3,-
687675716,yes,3,-
687675717,yes,3,-
687675718,yes,3,-
687675719,yes,3,-
687675720,yes,3,-
687675721,yes,3,-
687675722,yes,3,-
687675723,yes,3,-
687675724,yes,3,-
687675725,yes,3,-
687675726,apartments,6,-
687675727,apartments,6,-
687675728,apartments,6,-
687675729,yes,3,-
687675730,yes,3,-
687675731,yes,3,-
687880521,yes,1,-
687880522,yes,1,-
687880523,house,1,-
687880525,yes,2,-
687880527,house,1,-
687880528,yes,1,-
687880529,yes,1,-
687880530,yes,1,-
687880531,yes,1,-
687880532,yes,1,-
687880533,house,1,-
687880535,house,1,-
687880536,house,1,-
687880537,house,1,-
687880538,house,1,-
687880539,house,2,-
687880540,house,1,-
687880541,house,1,-
687880542,house,2,-
687880543,house,1,-
687880544,yes,2,-
687880545,house,2,-
687880546,house,2,-
687880547,apartments,6,-
687880548,house,2,-
687880549,house,2,-
687880550,house,3,-
687880551,house,1,-
687880552,public,4,-
687880553,retail,1,-
687880554,school,2,-
687880555,school,2,-
687880556,yes,1,-
688525030,yes,2,-
688525031,office,2,-
688525032,roof,1,-
688525033,yes,2,-
688766097,warehouse,3,-
688766098,industrial,2,-
688766099,yes,2,-
688766100,yes,1,-
689243406,retail,1,-
689243407,retail,1,-
689243408,retail,1,-
689243409,commercial,2,-
689243410,commercial,2,-
689243411,commercial,3,-
689244452,yes,1,-
689244453,house,1,-
689244454,house,1,-
689244455,house,1,-
689244456,house,1,-
689244457,house,1,-
689244458,house,1,-
689244459,house,1,-
689244460,house,1,-
689244461,house,1,-
689244462,house,2,-
689246142,yes,1,-
689246143,industrial,2,-
689246145,warehouse,2,-
689246146,warehouse,2,-
689246147,yes,2,-
689246148,yes,1,-
689246149,yes,1,-
689246150,yes,1,-
689246151,yes,1,-
689246152,yes,1,-
689246153,yes,1,-
689246154,yes,1,-
689246155,yes,2,-
689246157,warehouse,1,-
689246158,warehouse,1,-
689246159,warehouse,1,-
689246161,warehouse,2,-
689246162,yes,2,-
689246163,yes,2,-
689246164,warehouse,1,-
689246165,house,1,-
689246167,house,1,-
689246168,house,2,-
689246170,yes,1,-
689246171,yes,1,-
689246172,house,1,-
689246173,house,1,-
689348400,apartments,4,-
689348401,apartments,4,-
689348402,apartments,4,-
689348403,apartments,4,-
689348404,apartments,4,-
689348405,apartments,4,-
689348406,apartments,4,-
689348407,apartments,4,-
689348408,apartments,4,-
689348409,apartments,4,-
689348415,sports_hall,1,-
689348416,roof,1,-
689476711,house,1,-
689476712,house,1,-
689476713,house,1,-
689476715,house,1,-
689476716,house,1,-
689476717,house,1,-
689476720,yes,1,-
689476721,house,1,-
689476722,house,1,-
689476723,house,2,-
689476724,house,1,-
689476725,roof,1,-
689476726,yes,1,-
689476727,house,1,-
689554527,roof,2,-
689554528,yes,1,-
689554529,house,2,-
689554534,sports_hall,2,8
689554535,roof,1,5
689708066,apartments,24,-
689784253,house,1,-
689784254,house,1,-
689784255,house,2,-
689784257,house,2,-
689784258,house,2,-
689784259,house,2,-
689784260,house,2,-
689784261,house,2,-
689784262,house,2,-
689784263,house,2,-
689784264,house,2,-
689784265,house,2,-
689784266,house,2,-
689784267,house,2,-
689784268,yes,1,-
689784272,yes,1,-
689784273,yes,1,-
689784274,yes,1,-
689784275,industrial,1,-
689784276,yes,1,-
689784277,yes,1,-
689784278,industrial,1,-
689784279,industrial,1,-
689784280,industrial,1,-
689784281,warehouse,1,-
689784282,warehouse,1,-
690539340,apartments,15,-
690539341,apartments,15,-
690823308,roof,1,-
690823309,roof,1,-
690823310,roof,1,-
690823311,commercial,2,-
690963490,commercial,1,-
690968326,yes,1,-
690971959,apartments,3,-
690971960,apartments,3,-
690971961,apartments,3,-
690971962,apartments,3,-
690971963,apartments,14,-
690971964,apartments,25,-
691053003,house,3,-
691053004,house,3,-
691053005,house,3,-
691053006,house,3,-
691053007,house,3,-
691053008,house,3,-
691053009,house,3,-
691053010,house,3,-
691053011,house,3,-
691053012,house,3,-
691053013,house,3,-
691053014,house,3,-
691110019,house,1,-
691110021,house,1,-
691110023,house,1,-
691110024,house,1,-
691110025,house,1,-
691110055,house,2,-
691110059,house,2,-
691110060,house,2,-
691110061,house,1,-
691110066,house,1,-
691110068,house,2,-
691110069,house,3,-
691110072,house,2,-
691110073,house,1,-
691110074,house,1,-
691110076,house,2,-
691110077,house,2,-
691110081,house,1,-
691110082,house,2,-
691110086,house,1,-
691110087,house,1,-
691110089,house,1,-
691110094,house,2,-
691110095,house,1,-
691110096,house,1,-
691110099,house,1,-
691110100,house,1,-
691110101,house,1,-
691110102,house,2,-
691110103,house,2,-
691110108,house,2,-
691110109,house,1,-
691110110,house,2,-
691110111,house,2,-
691110112,house,2,-
691110113,house,1,-
691110114,house,1,-
691110116,house,1,-
691110117,house,2,-
691110118,house,1,-
691110119,house,1,-
691110120,yes,1,-
691110121,house,1,-
691110122,house,2,-
691110123,house,1,-
691110124,house,2,-
691110125,house,2,-
691110126,house,2,-
691110127,apartments,2,-
691110128,apartments,3,-
691110129,apartments,3,-
691110130,apartments,2,-
691110131,apartments,3,-
691110132,roof,1,-
691110137,house,1,-
691110138,house,2,-
691110139,house,1,-
691110140,house,1,-
691110141,house,2,-
691110142,house,2,-
691110143,house,1,-
691110144,house,1,-
691110145,house,1,-
691110147,yes,1,-
691110148,house,2,-
691296821,industrial,1,-
691830745,school,1,-
691830746,school,1,-
691830747,school,1,-
692490685,school,2,-
692490686,school,2,-
692490694,house,2,-
692490695,house,2,-
692630987,house,2,-
692630988,house,2,-
692630997,house,2,-
692631003,house,2,-
692631006,house,2,-
693087768,commercial,3,-
693087769,commercial,3,-
693093407,commercial,2,-
693093408,yes,3,-
693093409,commercial,2,-
693093410,commercial,1,-
693093414,commercial,1,-
693103404,retail,1,-
693103405,yes,2,-
693103406,yes,1,-
693103407,yes,2,-
693103409,yes,2,-
693103414,yes,2,-
693103417,yes,1,-
693103419,retail,1,-
693103421,yes,1,-
693103422,yes,1,-
693103423,commercial,1,-
693861001,commercial,2,-
693861002,commercial,2,-
693861003,yes,2,-
693861007,yes,1,-
693861008,yes,1,-
693861013,retail,1,-
693866996,commercial,1,-
693866998,commercial,2,-
693940452,yes,1,-
693950437,apartments,5,-
693950438,apartments,5,-
693950439,apartments,5,-
693950440,apartments,5,-
693950441,apartments,5,-
693950442,apartments,5,-
693950443,apartments,5,-
693950444,apartments,5,-
693955716,yes,-,25
694183621,house,2,-
694183622,house,2,-
694183623,house,2,-
694183624,house,2,-
694183625,house,2,-
694183626,house,2,-
694183627,house,2,-
694183628,house,2,-
694183629,house,2,-
694183630,house,2,-
694564286,yes,1,-
694596779,commercial,2,-
694596780,yes,2,-
694596783,yes,2,-
695554856,house,1,-
698129951,office,1,-
698129955,apartments,4,-
698129956,apartments,4,-
698129957,apartments,4,-
698129958,apartments,4,-
698129959,house,1,-
698638372,yes,1,-
698638373,yes,3,-
698789439,house,1,-
698789440,house,1,-
698789441,house,1,-
698789442,house,1,-
698789444,house,2,-
698789452,house,1,-
698789453,house,1,-
698925715,yes,1,-
699086866,school,1,-
699086867,school,1,-
699086868,school,1,-
699086869,school,1,-
699086870,school,1,-
699086871,school,1,-
699086872,school,1,-
699086873,school,1,-
699143729,yes,1,-
699143730,yes,3,-
699143736,yes,3,-
699145100,house,2,-
699806027,civic,3,-
699806069,house,2,-
699806070,house,2,-
699806071,house,2,-
699806072,house,1,-
700545089,house,2,-
700565997,house,1,-
700590032,yes,2,-
700590033,yes,2,-
700590053,yes,2,-
700590054,yes,2,-
700590055,yes,2,-
700590056,yes,2,-
700590057,yes,2,-
700590058,yes,2,-
700590059,yes,2,-
700590060,yes,2,-
700590061,yes,2,-
700590062,yes,2,-
700590063,yes,2,-
700978866,roof,1,-
700978867,roof,1,-
700978868,roof,1,-
700978869,yes,1,-
701219475,yes,1,-
701219476,yes,1,-
701467532,house,2,-
701966155,apartments,4,-
701966156,apartments,4,-
701966157,apartments,4,-
701966158,apartments,4,-
701966159,apartments,4,-
701966160,apartments,4,-
701966161,apartments,4,-
701966162,apartments,4,-
701966163,apartments,4,-
702245858,house,2,-
702245859,house,1,-
702245860,house,1,-
702245861,house,1,-
702245862,house,1,-
702245864,house,2,-
702245865,house,1,-
702245866,house,1,-
702951117,house,2,-
702951118,house,2,-
702951119,house,2,-
702951120,house,2,-
702951121,house,2,-
704208179,hospital,3,-
704208180,hospital,6,-
707446681,chapel,1,2
707471932,house,2,5
707471933,house,2,4
707471936,house,2,7
707509652,school,2,20
707509653,chapel,2,20
707509655,school,2,10
707509658,school,3,20
707509663,civic,1,2
707509664,hospital,1,3
707509665,hospital,1,3
707509666,hospital,1,2
707509667,hospital,1,2
707509676,house,2,10
707961949,house,1,2
707961954,house,1,2
707961956,yes,5,22
707961959,school,2,14
707961975,yes,1,3
707963259,retail,1,3
707963260,yes,2,8
707963263,yes,2,6
707963264,yes,2,8
707963269,yes,1,7
707963270,yes,1,6
707963271,yes,2,8
707963272,office,1,3
707963277,commercial,6,20
707963282,yes,2,8
707964498,yes,1,-
707964499,yes,3,-
707964501,yes,1,-
707967612,apartments,4,20
708148727,yes,1,2
708148736,yes,1,2
708148737,yes,4,20
708148739,yes,2,6
708148741,yes,3,10
708148742,yes,2,4
708148743,yes,1,6
708148744,yes,2,6
708148745,yes,2,-
708151156,house,1,3
708151157,school,2,8
708151158,school,2,8
708151160,school,1,2
708677288,house,1,-
708677289,house,1,-
708677290,house,2,-
708677291,house,1,-
708677292,house,2,-
708677293,house,2,-
708677295,house,2,-
708677296,house,2,-
708677298,house,2,-
708677299,house,2,-
708677300,house,2,-
708677301,house,2,-
708677302,house,1,-
708677303,roof,1,-
708677304,yes,2,-
708677305,yes,2,-
708677306,house,1,-
708677307,house,1,-
708677308,house,1,-
708677311,house,1,-
708677312,house,2,-
708677313,house,1,-
708677314,house,1,-
708677315,house,1,-
708677316,school,2,-
708677318,house,1,-
709066494,retail,2,-
709066496,yes,1,-
709631780,house,1,3
709637912,yes,1,2
709637918,roof,1,2
709637922,yes,1,2
709637923,yes,1,4
709808832,house,1,3
709808833,house,2,-
709808834,house,2,-
709808835,house,2,2
709808836,house,2,2
709808837,house,2,2
709808838,house,2,2
709808839,house,2,2
709808840,roof,1,2
709808842,yes,2,4
709808844,house,1,2
709808845,house,1,-
709808846,house,1,2
709808847,house,1,2
709808848,house,1,2
709811225,commercial,2,-
709823003,house,2,-
709823004,house,2,-
709823005,house,2,-
709823006,house,2,-
709823007,house,2,-
709823008,house,2,-
709823009,house,2,-
709823010,house,2,-
709823011,house,2,-
709823012,house,2,-
709823013,house,2,-
709823014,house,2,-
709823015,house,2,-
709823016,house,2,-
709823017,house,2,-
709823018,house,2,-
709823019,house,2,-
709823020,house,2,-
709823021,house,2,-
709823022,house,2,-
709823023,house,2,-
709823024,house,2,-
709823025,house,2,-
709823026,house,2,-
709823027,house,2,-
709823028,house,2,-
709823029,house,2,-
709823030,house,2,-
709823059,house,1,-
709823061,yes,1,-
709823062,house,1,-
709823063,house,1,-
709823064,yes,1,-
709823065,yes,1,-
709823066,yes,2,-
710562105,yes,1,-
710562119,hospital,5,-
710562120,house,1,-
710562121,house,1,-
710562122,house,2,-
710562123,house,1,-
710562124,house,1,-
710562125,house,1,-
710562126,house,2,-
710562127,house,1,-
710562128,house,1,-
710562129,house,1,-
710562132,house,2,-
710562133,house,2,-
710562134,house,2,-
710562135,house,2,-
710562136,house,2,-
710562137,house,2,-
710562138,house,2,-
710562139,house,2,-
710562140,house,2,-
710562141,house,2,-
710562142,house,2,-
710562143,house,2,-
710562144,house,2,-
710562145,house,2,-
710562146,house,2,-
710562147,house,2,-
710562148,house,2,-
710562149,house,2,-
710562150,house,2,-
710562151,house,2,-
710562152,house,2,-
710562153,house,2,-
710562154,house,2,-
710562155,house,2,-
710562156,house,2,-
710562157,house,2,-
710562158,house,2,-
710562159,house,2,-
710562160,house,2,-
710562161,house,2,-
710562162,house,3,-
710562163,house,2,-
710562164,house,2,-
710562165,house,1,-
710562166,house,2,-
710562168,house,1,-
710562169,house,3,-
710562170,house,2,-
710562171,house,1,-
710562172,house,2,-
710562173,house,1,-
710562176,house,1,-
710562185,school,1,-
710562186,school,1,-
710562187,school,1,-
710562188,school,1,-
710562189,school,2,-
710562190,house,2,-
710562191,house,1,-
710562192,house,2,-
710562194,house,1,-
710562195,school,2,-
710562197,house,2,-
710562198,house,2,-
710562199,house,1,-
710562200,house,2,-
710562201,house,2,-
710562202,house,2,-
710562203,house,2,-
710562204,house,2,-
710562205,house,2,-
710562206,house,2,-
710562207,house,1,-
710562209,house,1,-
710562210,house,1,-
710562211,house,1,-
710562212,house,2,-
710562213,yes,1,-
710562215,house,1,-
710562216,house,1,-
710562221,house,1,-
710562222,house,1,-
710562223,house,1,-
710562224,house,1,-
710562225,house,1,-
710562226,house,1,-
710562227,house,1,-
710562228,house,1,-
710562231,house,2,-
710562232,house,2,-
710562233,house,2,-
710562234,house,2,-
710562240,house,1,-
710562241,house,1,-
710562242,house,2,-
710562247,house,2,-
710562293,roof,1,-
710743521,commercial,1,-
711145462,yes,1,-
711145463,yes,1,-
711809125,residential,4,-
711809126,residential,4,-
711809127,residential,4,-
712165042,house,2,-
712165043,house,2,-
712165046,house,2,-
712165049,house,2,-
712165055,house,1,-
712165056,house,1,-
712165062,house,1,-
712165063,house,1,-
712165064,house,1,-
712165065,house,2,-
712165066,house,2,-
712165067,house,1,-
712165068,house,2,-
712165069,house,2,-
712165070,house,2,-
712165073,house,1,-
712165074,house,2,-
712165075,house,1,-
712165076,house,1,-
712165077,house,1,-
712165078,house,2,-
712165080,house,1,-
712165082,house,1,-
712165083,house,2,-
712165084,house,1,-
712165085,house,1,-
712165086,house,2,-
712165087,house,1,-
712165088,house,1,-
712165092,house,1,-
712165095,house,1,-
713812115,house,2,-
713812116,house,2,-
713812117,house,2,-
713812118,house,2,-
713812119,house,2,-
713812120,house,2,-
713812121,house,2,-
713812122,house,2,-
713812123,house,2,-
713812124,house,2,-
713812125,yes,2,-
713812126,yes,3,-
713812127,yes,3,-
713812130,house,2,-
713812131,house,3,-
713812132,house,2,-
714132833,commercial,1,-
717000262,house,1,-
717000263,house,1,-
717000264,house,2,-
717000265,house,1,-
717000266,house,1,-
717000267,yes,2,-
717000268,yes,2,-
717000269,house,1,-
717000270,house,1,-
717000271,yes,1,-
717000272,house,1,-
717000274,school,3,-
717000275,school,2,-
717000276,house,2,-
717000277,house,2,-
717000279,yes,1,-
717000280,house,1,-
717000281,house,1,-
717000282,retail,1,-
717000283,yes,1,-
717000284,yes,1,-
717000285,yes,1,-
717000289,house,1,-
717000291,house,1,-
717000292,house,1,-
717000293,house,1,-
717000294,house,1,-
717000295,house,1,-
717000296,house,2,-
717000297,house,1,-
717000298,house,2,-
717000299,house,2,-
717000300,house,1,-
717000302,house,1,-
717000303,house,1,-
717000304,house,2,-
717000305,house,2,-
717000306,house,1,-
717000307,yes,1,-
717000308,yes,1,-
717000309,house,1,-
717000310,house,2,-
717000311,house,2,-
717000312,house,2,-
717000313,house,2,-
717000315,house,2,-
717000316,yes,2,-
717000317,house,2,-
717157126,garage,1,-
717157127,roof,1,-
717157128,house,1,-
717157129,house,2,-
717157132,house,1,-
717157133,house,1,-
717157134,house,2,-
717157135,house,2,-
717157136,house,1,-
717157137,house,1,-
717157138,house,1,-
717157139,house,1,-
717157140,house,1,-
717157141,house,1,-
717157142,house,2,-
717157144,house,1,-
717157145,house,1,-
717157146,house,2,-
717157147,house,1,-
717157149,house,2,-
717157150,house,1,-
717157152,house,1,-
717157153,house,1,-
717157154,house,1,-
717157155,house,1,-
717157156,house,2,-
717157157,house,2,-
717157158,house,1,-
717157160,terrace,1,-
717157161,house,1,-
717157162,house,1,-
717157163,house,2,-
717157164,house,1,-
717157165,house,1,-
717157166,house,1,-
717157167,house,1,-
717157168,roof,1,-
717157169,house,1,-
717157170,house,1,-
717157171,house,2,-
717157172,house,2,-
717157173,house,2,-
717157174,house,1,-
717157175,house,1,-
717157176,house,2,-
717157177,house,2,-
717157178,house,1,-
717157179,house,2,-
717157180,house,1,-
717157181,house,1,-
717157182,house,1,-
717157183,house,2,-
717157184,house,1,-
717157185,house,1,-
717157186,house,1,-
717157187,house,1,-
717157188,house,1,-
717157189,house,1,-
717157190,house,1,-
717157191,house,1,-
717157192,house,2,-
717157194,house,1,-
717157195,house,1,-
717157196,house,1,-
717157197,house,1,-
717157198,house,2,-
717157199,house,2,-
717332115,house,1,-
717332116,house,1,-
717332117,house,1,-
717332118,house,1,-
717332120,house,1,-
717332121,house,1,-
717332122,house,1,-
717332123,house,1,-
717332124,house,1,-
717332128,yes,2,-
717332135,house,1,-
717332136,house,1,-
717332137,house,1,-
717332142,house,1,-
717332143,house,1,-
717332144,house,1,-
717332145,house,2,-
717332146,house,1,-
717332147,house,2,-
717332148,yes,2,-
717332149,house,2,-
717332150,house,2,-
717332151,house,1,-
717332152,yes,1,-
717332153,house,1,-
717332154,house,2,-
717332155,house,1,-
717332156,house,1,-
717332158,school,1,-
717332159,yes,1,-
717332160,house,2,-
717332161,house,2,-
717332162,house,2,-
717332164,house,2,-
717332165,house,2,-
717332166,house,2,-
717332167,house,2,-
717332168,house,2,-
717332169,house,2,-
717332170,house,1,-
717332171,house,2,-
717332174,garage,1,-
717332176,house,1,-
717332177,house,1,-
717332178,school,2,-
717332180,house,1,-
717332181,house,1,-
717332182,house,2,-
717332183,house,1,-
717332184,house,1,-
717332185,house,1,-
717332186,house,1,-
717332187,house,1,-
717332188,house,1,-
717332189,house,1,-
717332190,house,1,-
717332191,house,1,-
717332192,house,2,-
717332193,house,2,-
717332194,house,1,-
717332195,house,1,-
717332196,house,1,-
717332197,house,1,-
717332198,office,1,-
718498321,house,-,3.5
718500221,house,-,3.5
718500222,house,-,5
718500223,house,-,5
718500224,house,-,5.5
718500225,house,-,5
718500226,house,-,5
718500227,apartments,8,20
718500228,house,-,5
718500229,house,-,5.2
718500230,house,5,-
718500231,house,-,3
718500232,house,-,3
718500233,house,-,4
718500234,house,-,5.5
718500235,house,-,3.5
718500236,house,-,3
718500237,house,-,4.5
718500238,house,-,5
718500239,house,-,3.5
718500240,house,-,3.5
718500241,house,-,4
718500242,house,-,3.5
718500243,house,-,5
718500244,house,-,5
718500245,house,-,5.5
718500246,house,-,7
718500247,house,-,3.5
718500248,house,-,7.5
718500249,house,-,5.5
718501423,house,-,3.5
718501424,house,-,5.5
718501425,house,-,3.5
718501426,house,-,3.5
718501427,house,-,3
718501428,house,-,3.5
718501429,house,-,4
718501430,house,-,3.5
718501431,house,-,3.5
718501432,house,-,4
718501433,house,-,3
718501434,house,-,5
718501435,house,5,-
718501436,house,-,3.5
718501437,house,-,5.5
718501438,house,-,5
718501439,house,-,4
718501440,house,-,5.5
718501441,house,-,7.5
718501442,house,-,7.5
718501443,house,-,5
718503785,house,-,7.5
718503786,house,-,3.5
718503787,house,-,5.5
718503788,house,-,3.5
718503789,house,-,3.5
718503790,house,-,3.5
718503791,house,-,5.5
718503792,house,-,3.5
718503793,house,-,3.5
718503794,house,-,5
718503795,house,-,3.5
718503796,house,-,3.3
718503797,house,-,7.5
718503798,house,-,5.5
718503799,house,-,3.5
718503800,house,-,3.5
718503801,house,-,3.5
718503802,house,-,3.5
718503803,house,-,3.5
718503804,house,-,3.5
718503805,house,-,3.5
718503806,house,-,3.3
718503807,house,-,3.5
718503808,house,-,5
718503809,house,-,3.5
718503810,house,-,3.5
718503811,house,-,5.5
718503812,house,-,3.5
718503813,house,-,3.5
718503814,house,-,3.5
718503815,house,-,5.5
718503816,house,-,3.5
718503817,house,-,3.5
718503818,house,-,5.5
718503819,house,-,5
718503820,house,-,3.5
718503821,house,-,3.5
718505303,house,-,5.5
718505304,house,-,8
718505305,house,-,3.5
718505306,house,-,5
718505307,house,-,3.5
718505308,house,-,3.5
718505309,house,-,3.5
718505310,house,-,5.5
718505311,house,-,5.5
718505312,house,-,3.5
718505313,house,-,3.5
718505314,house,-,5.5
718505315,house,-,3.5
718505316,house,-,3.5
718505317,house,-,3.5
718505318,house,-,3.5
718505319,garage,-,7.5
718515593,house,-,3.5
718515594,house,-,3.5
718515595,house,-,3.5
718515596,house,-,5.5
718515597,house,-,5
718515598,house,-,5.5
718515599,house,-,5
718515600,house,-,5
718515601,house,-,5.5
718515602,house,-,3.5
718515603,house,-,3.5
718515604,house,-,3.5
718515605,house,-,3.5
718515606,house,-,3.5
718515607,house,-,3.5
718515608,house,-,5.5
718515609,house,-,5.5
718515610,house,-,3.5
718515611,house,-,5.5
718515612,house,-,5.5
718515613,house,-,3.5
718515614,house,-,3.5
718515615,house,-,5.5
718515616,house,-,5.5
718515617,house,-,5.5
718515618,house,-,5.5
718515619,house,-,3.5
718515620,house,-,3.5
718515621,house,-,5.5
718515622,house,-,3.5
718515623,house,-,5.5
718515624,house,-,5
718515625,house,-,7.5
718515626,house,-,7.5
718515627,house,-,3.5
718515628,house,-,5.5
718515629,house,-,5.5
719059889,yes,1,-
719441906,house,2,-
720030410,yes,1,-
720030411,yes,1,-
720030433,yes,1,-
720030436,house,1,-
720030440,yes,1,-
720030443,yes,2,-
720030444,retail,1,-
720030445,retail,1,-
720030446,retail,1,-
720030447,yes,1,-
720030448,yes,1,-
720030449,house,2,-
720030450,house,2,-
720030451,house,1,-
720030452,house,1,-
720030453,house,1,-
720030454,house,1,-
720030455,house,1,-
720030456,house,1,-
721050647,house,2,-
721050648,house,2,-
721050649,house,1,-
721050650,house,2,-
721050651,house,2,-
721050652,house,2,-
721050653,house,1,-
721050654,school,2,-
721050655,house,1,-
721050656,house,1,-
721050657,house,1,-
721050658,house,1,-
721050659,house,1,-
721050660,house,1,-
721050661,house,1,-
721050662,house,1,-
721050663,house,1,-
721050673,apartments,17,-
721629215,house,1,-
721629216,house,2,-
721629217,house,1,-
721629218,house,1,-
721629219,house,2,-
721629220,house,2,-
721629221,house,1,-
721629222,yes,1,-
721629223,house,1,-
721629224,house,1,-
721629225,yes,1,-
721629226,yes,1,-
721629227,house,1,-
721629228,house,1,-
721629229,house,1,-
721629230,house,2,-
721629231,house,1,-
721629232,roof,1,-
721629233,house,1,-
721629234,house,2,-
721629235,house,1,-
721629236,house,1,-
721629237,house,1,-
721629238,house,1,-
721769433,yes,18,-
722646484,apartments,4,-
722646485,apartments,5,-
722646486,apartments,4,-
722646488,house,1,-
722646491,apartments,4,-
722646494,yes,3,-
722646495,house,3,-
722646496,house,3,-
722646497,house,3,-
722646498,house,3,-
722646503,school,3,-
722646504,school,3,-
722646505,yes,2,-
722646506,office,2,-
722646509,yes,2,-
722646510,church,3,-
722646511,retail,1,-
722646512,yes,2,-
722646513,yes,2,-
722646514,yes,3,-
722646515,yes,2,-
722646516,house,1,-
722646517,yes,2,-
722646518,school,2,-
722646519,yes,2,-
722646521,yes,4,-
722646522,office,2,-
722646523,house,2,-
723000219,house,2,-
723002417,house,1,-
723002418,yes,1,-
723002419,house,1,-
723147953,house,2,-
723147954,house,1,-
723147955,house,2,-
723147956,house,2,-
723147957,house,2,-
723147962,house,1,-
723147963,house,2,-
723147964,house,1,-
723147965,house,2,-
723147966,house,1,-
723147967,house,1,-
723147968,house,1,-
723147969,house,1,-
723147971,house,2,-
723147972,house,1,-
723147973,house,1,-
723147974,house,1,-
723147975,house,2,-
723147976,house,2,-
723147977,house,2,-
723147978,house,2,-
723147979,house,1,-
723147980,house,1,-
723147995,house,2,-
723147996,house,2,-
723147997,house,1,-
723148002,house,2,-
723148003,house,2,-
723148005,house,2,-
723148006,house,1,-
723148007,house,2,-
723148008,house,1,-
723148009,house,2,-
723148010,house,2,-
723148011,house,2,-
723148012,house,2,-
723148017,house,1,-
723148018,house,2,-
723148019,house,2,-
723148020,house,1,-
723148021,house,1,-
723148022,house,1,-
723148023,house,1,-
723167041,house,1,-
723167042,house,2,-
723167043,house,1,-
723167045,house,1,-
723167046,house,1,-
723167047,house,1,-
723167048,house,2,-
723167049,house,2,-
723167050,house,1,-
723167051,house,1,-
723167053,house,2,-
723167054,house,2,-
723167056,house,1,-
723167057,house,1,-
723167059,house,2,-
723167060,house,1,-
723167061,house,2,-
723167062,house,1,-
723167063,house,1,-
723167067,house,2,-
723167068,house,1,-
723167069,house,1,-
723167070,house,2,-
723167071,house,1,-
723167072,house,1,-
723167075,house,2,-
723167076,house,2,-
723167077,house,1,-
723167079,house,2,-
723167080,house,2,-
723167081,house,1,-
723167085,house,2,-
723167086,house,2,-
723167087,house,2,-
723167088,house,2,-
723167089,house,2,-
723167090,house,2,-
723167091,house,2,-
723167092,house,1,-
723167095,house,1,-
723167096,house,2,-
723167098,house,2,-
723167099,house,2,-
723167100,house,2,-
723167102,house,2,-
723167103,house,1,-
723167104,house,1,-
723167108,house,2,-
723167109,house,2,-
723542788,yes,1,-
723551012,apartments,4,-
723551013,apartments,4,-
723551014,apartments,4,-
723551015,apartments,4,-
723551016,apartments,4,-
723551017,apartments,4,-
723552294,house,-,3
723552295,house,-,3
723552296,house,-,3
723562985,yes,1,-
724398889,apartments,5,-
724398890,apartments,5,-
724398891,apartments,5,-
724398892,apartments,5,-
724398893,apartments,5,-
724398894,apartments,5,-
724398895,apartments,5,-
725452594,yes,2,-
725452595,yes,2,-
725452596,house,2,-
725452600,yes,2,-
725452601,yes,2,-
725452602,yes,2,-
725452603,yes,2,-
725452604,house,3,-
725452605,yes,2,-
725452606,yes,3,-
725452607,yes,2,-
725452608,yes,3,-
725452609,yes,2,-
725452610,yes,2,-
725452611,yes,2,-
725452612,yes,2,-
725452613,yes,2,-
725452614,yes,2,-
725452615,yes,2,-
725452616,yes,2,-
725452618,yes,2,-
725452619,school,3,-
725452620,yes,1,-
725452621,yes,1,-
725452622,yes,1,-
725452623,yes,1,-
725452624,yes,1,-
725452626,yes,2,-
725452627,yes,2,-
725452628,yes,2,-
725452629,yes,2,-
725452630,detached,2,-
725452631,yes,2,-
725452633,apartments,4,-
725452634,yes,2,-
725452635,yes,2,-
725452636,college,2,-
725452637,school,1,-
725452642,yes,2,-
725452643,yes,2,-
725452645,apartments,5,-
725452646,apartments,4,-
725452647,office,2,-
725452652,yes,2,-
725452653,yes,2,-
725452657,yes,1,-
725452658,house,1,-
725452662,yes,1,-
725452668,apartments,4,-
725703280,church,2,-
725703284,house,2,-
725703285,yes,1,-
725703286,apartments,4,-
727498675,office,5,-
727827551,hospital,7,-
729401658,roof,1,-
729401659,yes,1,-
729401660,house,1,-
729401661,house,1,-
729401662,office,2,-
729401663,yes,1,-
729401666,house,1,-
729401667,house,1,-
729401668,house,1,-
729401669,yes,1,-
729401670,house,1,-
729401671,yes,1,-
729401672,yes,1,-
729401674,house,1,-
729401675,house,1,-
729401676,house,1,-
729401678,house,1,-
729401679,house,1,-
729401681,house,1,-
729401682,house,1,-
729401687,house,1,-
729401688,house,2,-
729401689,house,2,-
729401690,house,2,-
729401691,house,2,-
729401692,house,2,-
729401694,yes,1,-
729401695,house,1,-
729401696,industrial,1,-
729401697,industrial,2,-
729401698,industrial,2,-
729401699,industrial,3,-
729401700,public,4,-
729401701,industrial,3,-
729401705,house,1,-
729401706,yes,1,-
729401707,public,1,-
729401708,public,2,-
729401710,school,1,-
729401711,office,1,-
729401714,office,2,-
729700080,apartments,9,-
729760896,yes,1,-
729760906,yes,2,-
729760907,retail,2,-
731176767,house,2,-
731176770,yes,2,-
731176771,yes,2,-
731176772,yes,2,-
731176774,yes,1,-
731176775,yes,1,-
731934535,apartments,12,-
734295678,yes,1,-
734295681,yes,1,-
734295683,yes,2,-
734295686,yes,2,-
734295687,school,2,-
734295688,school,1,-
734295690,house,1,-
734295692,house,1,-
734295693,house,1,-
734295694,house,2,-
734295696,house,1,-
734295697,yes,2,-
734295698,house,2,-
734295699,house,1,-
734295700,house,1,-
734295701,house,1,-
734295702,house,1,-
734295703,house,2,-
734295704,house,1,-
734295705,commercial,3,-
734295706,industrial,1,-
734295709,house,2,-
734295713,house,1,-
734295714,yes,1,-
734295715,yes,1,-
734295716,yes,1,-
735357941,house,2,-
735357942,house,1,-
735357943,house,1,-
735357944,house,1,-
735357945,house,1,-
735357946,house,2,-
735357947,house,1,-
735357948,house,2,-
735357949,house,2,-
735357950,house,1,-
735357951,house,1,-
735357952,house,1,-
735357953,house,1,-
735357954,house,1,-
735357955,house,1,-
735357956,house,1,-
735357957,house,1,-
735357958,house,1,-
735357959,house,1,-
735357960,house,2,-
735357961,house,1,-
735357962,house,2,-
735357963,house,1,-
735357964,house,2,-
735357965,house,2,-
735357966,house,1,-
735357967,house,1,-
735357968,house,1,-
735357969,house,1,-
735357970,house,1,-
735357971,house,1,-
735357972,house,1,-
735357973,house,1,-
735357974,house,1,-
735357975,house,1,-
735357976,garage,1,-
735357977,house,2,-
735357978,house,2,-
735357979,house,1,-
735357980,house,2,-
735357981,yes,2,-
735357984,school,2,-
735357986,yes,1,-
735357987,commercial,2,-
735358001,school,2,-
735358002,school,2,-
735358003,apartments,19,-
736333587,chapel,1,3
737878523,commercial,2,-
739944560,commercial,2,-
739944562,commercial,1,-
739944563,commercial,1,-
739944564,commercial,2,-
739944567,commercial,2,-
739944574,commercial,2,-
739944588,yes,2,-
740757568,commercial,2,8
745368003,house,2,-
745368004,house,2,-
745368005,house,2,-
745368007,construction,2,-
745368008,house,1,-
745368009,house,2,-
745368010,house,2,-
745368011,house,1,-
745368012,house,1,-
745368015,house,1,-
745368016,house,1,-
745368017,house,1,-
745368018,house,1,-
745368019,house,1,-
745368020,house,1,-
745368021,house,1,-
745368022,house,2,-
745368023,house,1,-
745368025,house,2,-
745368026,house,1,-
745368027,house,1,-
745368028,house,1,-
745368029,house,1,-
745368030,house,1,-
745368031,house,2,-
745368032,house,1,-
745368033,house,1,-
745368034,house,2,-
745368035,house,1,-
745368037,house,1,-
745368038,house,1,-
745368039,house,1,-
745368040,house,1,-
745368041,house,1,-
745368042,house,2,-
745368043,house,1,-
745368044,house,1,-
746815665,yes,2,-
746815666,yes,2,-
746815667,yes,2,-
746815672,house,2,-
746815675,house,2,-
746815676,house,2,-
746815677,house,2,-
746815678,house,2,-
746815680,house,2,-
746815681,house,2,-
746815682,house,2,-
746815683,house,2,-
746815688,house,2,-
746815689,house,2,-
746815690,house,2,-
746815691,house,2,-
746815692,house,2,-
746815694,house,2,-
746815695,house,2,-
746815696,house,2,-
746815697,yes,2,-
746815700,yes,2,-
746815701,yes,2,-
746815704,house,2,-
746815705,office,2,-
747168870,yes,1,-
747168871,yes,1,-
747168872,house,1,-
747168873,yes,1,-
747168874,yes,2,-
747168875,house,1,-
747168876,yes,1,-
747168877,house,2,-
747168878,industrial,2,-
747168881,yes,1,-
747446697,house,1,-
747446698,yes,2,-
749001355,yes,2,-
749001369,house,2,-
749001370,house,2,-
749001371,house,2,-
749001372,house,2,-
749001373,house,2,-
749001374,house,2,-
749001380,roof,2,-
749001381,yes,2,-
749001382,yes,2,-
749001383,roof,1,-
749001384,house,2,-
749001385,house,2,-
749189548,roof,1,-
749189549,yes,1,-
749637578,apartments,5,-
749637579,apartments,5,-
749637580,apartments,5,-
749637581,apartments,5,-
749637582,apartments,5,-
749637583,apartments,5,-
749637584,apartments,5,-
749637585,apartments,5,-
749637586,apartments,5,-
749647251,yes,2,-
749647252,yes,3,-
749647253,house,2,-
749647254,house,2,-
749647255,house,2,-
749647256,house,2,-
749647257,house,2,-
749647258,house,2,-
749647259,yes,1,-
749647260,yes,2,-
749647261,yes,2,-
749647265,yes,3,-
749647266,apartments,10,-
749647267,yes,2,-
749647268,apartments,3,-
749647269,yes,2,-
749647271,yes,2,-
749647273,yes,1,-
749647274,yes,2,-
749647275,yes,2,-
749647276,yes,2,-
749647277,yes,2,-
749647278,yes,2,-
749647279,church,1,-
749647280,yes,2,-
749647281,yes,2,-
749647282,yes,2,-
749647283,yes,2,-
749647284,yes,2,-
749647285,house,2,-
749647286,house,2,-
749647287,yes,2,-
749647288,yes,2,-
749647289,yes,2,-
749647290,yes,2,-
749647292,office,2,-
749647293,yes,2,-
749647294,yes,2,-
749647296,yes,2,-
749647297,yes,2,-
749647298,yes,3,-
749647299,yes,2,-
749647300,yes,1,-
749647301,yes,2,-
749647302,yes,2,-
749647303,yes,2,-
749647304,yes,2,-
749920732,house,2,-
749920733,house,2,-
749920734,house,2,-
749920735,house,2,-
749947565,apartments,17,-
750591657,apartments,6,-
750591658,apartments,6,-
750591659,apartments,6,-
750591660,apartments,6,-
750591661,apartments,9,-
750591662,apartments,9,-
753572708,house,2,-
753572709,house,2,-
753572710,house,2,-
753572711,house,2,-
753572712,house,2,-
753572713,house,2,-
753572714,house,2,-
753572715,house,2,-
753572716,house,2,-
753572717,house,2,-
753572718,house,2,-
753572719,house,2,-
753572720,house,2,-
753572721,house,2,-
753572722,house,2,-
753572723,house,2,-
753572724,house,2,-
753572725,house,2,-
754941316,yes,1,-
759485802,house,1,-
759485803,house,1,-
759485804,house,1,-
759485808,house,2,-
759485809,house,2,-
759485810,house,1,-
759485811,yes,2,-
759485814,house,1,-
759485816,house,2,-
759485817,house,2,-
759485818,house,2,-
759485819,house,2,-
759485820,house,2,-
759485821,house,2,-
759485822,house,2,-
759485823,house,2,-
759485824,house,2,-
759485825,house,2,-
759485826,house,2,-
759485827,house,2,-
759485828,house,2,-
759485829,house,2,-
759485830,house,2,-
759485831,house,2,-
759485832,house,2,-
759485833,house,2,-
760398552,house,1,-
760398553,house,1,-
760780353,yes,1,-
760780354,yes,1,-
761122182,house,1,-
761122183,house,1,-
761122184,house,1,-
761122185,house,1,-
761122186,yes,1,-
761122187,house,1,-
761122189,yes,1,-
761122190,yes,1,-
761122192,yes,2,-
767719536,house,2,-
770419027,house,3,-
770419028,house,3,-
770419029,house,3,-
770419030,house,3,-
770419031,house,3,-
770419032,house,3,-
770419033,house,3,-
770419034,house,3,-
770419035,house,3,-
770419036,house,3,-
770419037,house,3,-
770419038,house,3,-
770419039,house,3,-
770419040,house,3,-
770419041,house,3,-
770419042,house,3,-
770419043,house,3,-
770419044,house,3,-
770419045,house,3,-
770419046,house,3,-
770419047,house,3,-
770419048,house,3,-
770419049,house,3,-
770419050,house,3,-
770419051,house,3,-
770419052,house,3,-
770419053,house,3,-
770419054,house,3,-
770419055,house,3,-
770419056,house,3,-
770419057,house,3,-
770419058,house,3,-
771170061,house,2,-
771170062,house,1,-
771170063,house,2,-
771170065,house,2,-
771170066,house,2,-
771170067,house,2,-
771170068,house,2,-
771170069,house,2,-
771170070,house,1,-
771170071,house,1,-
771170072,house,2,-
771170073,house,1,-
771170074,house,2,-
771170075,house,2,-
771170076,house,2,-
771170077,house,2,-
771170078,house,1,-
771170079,house,2,-
771170080,house,1,-
771170081,house,1,-
771170082,house,2,-
771170083,house,3,-
771170084,house,3,-
771170085,house,3,-
771170086,house,3,-
771170087,house,3,-
771170088,house,3,-
771170089,house,3,-
771170090,house,3,-
771170092,yes,1,-
771170093,house,2,-
771170094,house,1,-
771170095,house,1,-
771170096,house,1,-
771170097,yes,1,-
771170098,house,1,-
771170101,house,2,-
771170102,house,1,-
771170103,house,1,-
771170104,house,1,-
771170105,house,1,-
771170106,house,2,-
771170107,house,1,-
771170108,house,2,-
771170109,house,1,-
771170110,house,1,-
771170111,house,1,-
771170112,house,2,-
771170113,house,1,-
771170114,house,1,-
771170115,house,1,-
771170116,house,2,-
771170117,house,1,-
771170118,house,1,-
771170119,house,2,-
771170120,house,2,-
771170121,house,2,-
771170122,house,2,-
771170123,house,2,-
771170124,house,2,-
771170125,house,2,-
771170126,house,2,-
771170127,house,2,-
771170128,house,2,-
771170129,house,2,-
771170133,house,2,-
771170134,house,2,-
771170136,house,2,-
771170137,house,2,-
771170138,house,2,-
771170139,house,1,-
771170140,house,1,-
771170141,house,1,-
771170142,house,2,-
771170144,yes,2,-
771170145,house,2,-
771170146,yes,1,-
771768679,garage,1,-
771768680,yes,1,-
771768681,fire_station,2,-
771768682,fire_station,2,-
771768683,house,2,-
771768684,house,2,-
771768685,yes,1,-
777526665,apartments,4,-
780379615,apartments,6,-
780379616,apartments,6,-
780379617,apartments,6,-
780607035,yes,1,-
780607036,apartments,5,-
781374997,yes,-,8
781465072,yes,1,-
781465084,yes,1,-
781465085,house,1,-
781465086,house,1,-
781465087,house,2,-
781465088,house,1,-
781465089,house,2,-
781465090,house,2,-
781465091,house,2,-
781465092,house,1,-
781465093,house,1,-
781465094,house,1,-
781465095,house,1,-
781465096,house,1,-
781465097,house,1,-
781465098,house,1,-
781465099,house,2,-
781465100,house,1,-
781465101,yes,1,-
781465102,house,1,-
784628872,apartments,4,-
784628873,apartments,4,-
784628874,apartments,4,-
784628875,apartments,4,-
784628876,apartments,4,-
784628877,apartments,4,-
784628878,apartments,4,-
784628879,apartments,4,-
784628880,apartments,4,-
784628928,apartments,4,-
784628929,apartments,4,-
784628930,apartments,4,-
784628931,apartments,4,-
784628932,apartments,4,-
784628933,apartments,4,-
784628934,apartments,4,-
784628937,apartments,5,-
784628938,apartments,5,-
784628940,apartments,10,-
784628941,apartments,10,-
784628981,apartments,6,-
784628982,apartments,6,-
784628983,apartments,6,-
784628984,apartments,6,-
784628985,apartments,6,-
784628986,apartments,6,-
784628987,apartments,6,-
784628988,apartments,5,-
784628989,apartments,6,-
784628990,apartments,6,-
784628991,apartments,6,-
784628992,apartments,6,-
784628993,apartments,6,-
784628994,apartments,6,-
784628995,apartments,6,-
784628997,apartments,10,-
784628998,apartments,7,-
784628999,apartments,7,-
785218522,apartments,4,-
785218523,apartments,4,-
785218524,apartments,4,-
785218525,apartments,4,-
785218526,apartments,4,-
785218527,apartments,4,-
785218535,apartments,5,-
785218536,apartments,5,-
785218537,apartments,5,-
785218538,apartments,5,-
785218539,apartments,5,-
786274113,yes,18,-
786382548,apartments,15,-
786977472,apartments,10,-
787973691,apartments,9,-
789085981,house,2,-
789085982,house,2,-
789085983,house,2,-
789085984,house,2,-
789085985,house,2,-
789085986,house,2,-
789085987,house,2,-
789085988,house,2,-
789085989,house,2,-
789085990,house,2,-
789085991,house,2,-
789085992,house,2,-
789085993,house,2,-
789085994,house,2,-
789085995,house,2,-
789085996,house,2,-
789085997,house,2,-
789085998,house,2,-
789085999,house,2,-
789086000,house,2,-
789086001,house,2,-
789086002,house,2,-
789086003,house,2,-
789086004,house,2,-
789086005,house,2,-
789086006,house,2,-
789086007,house,2,-
789086008,house,2,-
789086009,house,2,-
789086010,house,2,-
789086011,house,2,-
789086012,house,2,-
789086013,house,2,-
789086014,house,2,-
789086015,house,2,-
789086016,house,2,-
789086017,house,2,-
789086018,house,2,-
789086019,house,2,-
789086020,house,2,-
789086021,house,2,-
789086022,house,2,-
789086023,house,2,-
789086024,house,2,-
789086025,house,2,-
789086026,house,2,-
789086027,house,2,-
789086028,house,2,-
789086029,house,2,-
789086030,house,2,-
789086031,house,2,-
789086032,house,2,-
789086033,house,2,-
789086034,house,2,-
789086035,house,2,-
789086036,house,2,-
789086037,house,2,-
789086038,house,2,-
789086039,house,2,-
789285039,yes,-,32.5
797578370,apartments,16,-
797578375,apartments,19,-
797578376,apartments,19,-
797745477,apartments,22,-
798540918,apartments,6,-
798540919,apartments,6,-
798540920,apartments,6,-
798540921,apartments,6,-
798540922,apartments,6,-
798550485,house,2,-
798550487,house,2,-
798620831,apartments,4,-
798620836,house,2,-
798620857,apartments,15,-
799393348,apartments,4,-
800026882,apartments,4,-
800026883,apartments,4,-
800026884,apartments,4,-
800026885,apartments,4,-
800026886,apartments,4,-
800026887,apartments,4,-
800026888,apartments,4,-
800026889,apartments,4,-
800026890,apartments,4,-
800565329,house,2,-
800565330,house,2,-
800565331,house,2,-
800565341,house,2,-
800565342,house,2,-
800565343,house,2,-
800565344,house,2,-
800565345,house,2,-
800565346,house,2,-
800565350,house,1,-
800565351,house,1,-
800565352,house,1,-
800565353,house,1,-
800565354,house,1,-
800565358,roof,1,-
800565360,house,1,-
801394626,apartments,4,-
801394627,apartments,4,-
801394628,apartments,4,-
801394629,apartments,4,-
801394630,apartments,4,-
801394631,apartments,4,-
801394632,apartments,4,-
801394633,apartments,4,-
801394634,apartments,4,-
801394635,apartments,4,-
801394636,apartments,4,-
801394637,apartments,4,-
801394638,apartments,4,-
801394639,apartments,4,-
802180816,yes,4,-
802180817,apartments,4,-
802183581,office,15,-
802183582,office,7,-
802183583,office,17,-
802184351,office,20,-
802184352,apartments,12,-
802187615,apartments,29,-
802191567,apartments,8,-
802191568,apartments,7,-
802192969,apartments,10,-
802192970,apartments,10,-
802567631,yes,20,-
802567632,apartments,20,-
802567633,apartments,20,-
803085173,apartments,25,-
803469765,office,10,-
803469766,yes,15,-
805181614,apartments,5,-
805181615,apartments,5,-
805181616,apartments,5,-
805181617,apartments,5,-
805181618,apartments,5,-
805181619,apartments,5,-
805181620,apartments,5,-
805181621,apartments,5,-
805181622,apartments,5,-
805181623,apartments,5,-
805181624,apartments,5,-
805181625,apartments,5,-
805181626,apartments,5,-
805181627,apartments,5,-
805181628,apartments,5,-
805181629,apartments,5,-
805181630,apartments,5,-
805181631,apartments,5,-
805181632,apartments,5,-
805181633,apartments,5,-
805181634,apartments,5,-
805181635,apartments,5,-
807664252,apartments,3,-
807664253,apartments,3,-
807664254,apartments,3,-
807664255,apartments,3,-
807664256,apartments,3,-
807664257,apartments,3,-
807664258,apartments,3,-
807664259,apartments,3,-
807664260,apartments,3,-
807664261,apartments,3,-
807664262,apartments,3,-
807664263,apartments,3,-
807664264,apartments,3,-
807664265,apartments,3,-
807664266,apartments,3,-
807664267,apartments,3,-
807664268,apartments,3,-
807664269,apartments,3,-
807664270,apartments,3,-
807664271,apartments,3,-
807664272,apartments,3,-
807664273,apartments,3,-
807664274,apartments,3,-
807664275,apartments,3,-
807664277,apartments,3,-
807664278,apartments,3,-
807664279,apartments,3,-
807664280,apartments,3,-
807664281,apartments,3,-
807664282,apartments,3,-
807664283,apartments,3,-
807664284,apartments,3,-
807664285,apartments,3,-
807664286,apartments,3,-
807664287,apartments,3,-
807664288,apartments,3,-
807664289,apartments,3,-
807664290,apartments,3,-
807664291,apartments,3,-
807664292,apartments,3,-
807664293,apartments,3,-
807664294,apartments,3,-
807664295,apartments,4,-
807664296,apartments,4,-
807664297,apartments,4,-
807664298,apartments,4,-
807664299,apartments,4,-
807664300,apartments,4,-
807664301,apartments,3,-
807664304,apartments,3,-
807664305,apartments,3,-
807664306,apartments,3,-
807664307,apartments,3,-
807664308,apartments,3,-
807664309,apartments,3,-
807664310,apartments,3,-
807664311,apartments,3,-
807664312,apartments,3,-
807664313,apartments,3,-
807664314,apartments,3,-
807664315,apartments,3,-
807664316,apartments,3,-
807664317,apartments,3,-
807664318,apartments,3,-
807664319,apartments,3,-
807664320,apartments,3,-
807664321,apartments,3,-
807664322,apartments,3,-
807664323,apartments,3,-
807664324,apartments,3,-
807664325,apartments,3,-
807664326,apartments,3,-
807664327,apartments,3,-
807664329,apartments,3,-
807664330,apartments,3,-
807664331,apartments,3,-
807664332,apartments,3,-
807664333,apartments,3,-
807664334,apartments,3,-
807664335,apartments,3,-
807664336,apartments,3,-
807664337,apartments,3,-
807664338,apartments,3,-
807664339,apartments,3,-
807664340,apartments,3,-
807664341,apartments,3,-
807664342,apartments,3,-
807940455,apartments,4,-
807940456,apartments,4,-
807940457,apartments,4,-
807940458,apartments,4,-
807940459,apartments,4,-
807940461,yes,1,-
807940462,yes,1,-
807940463,yes,1,-
807940465,apartments,4,-
807940466,apartments,4,-
807940468,yes,1,-
807940469,apartments,4,-
807940470,apartments,4,-
807940471,yes,1,-
807940474,apartments,3,-
807940475,apartments,3,-
807940476,apartments,3,-
807940477,apartments,3,-
807940478,apartments,3,-
807940479,apartments,3,-
807940480,apartments,3,-
807940481,apartments,3,-
807940482,apartments,3,-
807940483,apartments,3,-
807940484,apartments,3,-
808111812,apartments,4,-
808111813,apartments,4,-
808111814,apartments,4,-
808111815,apartments,4,-
808111816,apartments,4,-
808111817,apartments,4,-
808111818,apartments,4,-
808207025,yes,1,-
808207029,apartments,4,-
808207030,apartments,4,-
808207031,apartments,4,-
808207032,apartments,4,-
808207033,apartments,4,-
808207034,apartments,4,-
808207035,apartments,4,-
808207036,apartments,4,-
808207037,apartments,4,-
808207038,apartments,4,-
808207039,apartments,4,-
808207040,apartments,4,-
808207041,apartments,4,-
808207042,house,2,-
808207043,house,2,-
808207044,house,2,-
808207045,house,2,-
808207046,house,2,-
808207047,house,2,-
808207048,house,2,-
808207049,house,2,-
808207050,house,2,-
808207051,house,2,-
808207052,house,2,-
808207053,house,2,-
808207054,house,2,-
808207055,house,2,-
808207056,house,2,-
808207057,house,2,-
808207058,house,2,-
808207059,house,2,-
808207060,house,2,-
808207061,house,2,-
808207062,house,2,-
808207063,house,2,-
808207064,house,2,-
808207065,house,2,-
808207066,house,2,-
808207067,house,2,-
808207068,house,2,-
808207069,house,2,-
808207070,house,2,-
808207071,house,2,-
808207072,house,2,-
808207073,house,2,-
808207074,house,2,-
808207075,house,2,-
808207076,house,2,-
808207077,house,2,-
808207078,house,2,-
808207079,house,2,-
808207080,house,2,-
808207081,house,2,-
808207082,house,2,-
808207083,house,2,-
808207084,house,2,-
808207085,house,2,-
808207086,house,2,-
808207087,house,2,-
808207088,house,2,-
808207091,apartments,5,-
808207092,house,2,-
808207093,house,2,-
808207094,house,2,-
808207095,house,2,-
808207096,house,2,-
808207097,house,2,-
808207098,house,2,-
808207099,house,2,-
808207100,house,2,-
808207101,house,2,-
808207102,house,2,-
808207103,house,2,-
808207104,house,2,-
808207105,house,2,-
808207106,house,2,-
808207107,house,2,-
808207108,house,2,-
808207109,house,2,-
808207110,house,2,-
808207111,house,2,-
808207112,house,2,-
808207113,house,2,-
808207114,house,2,-
808207115,house,2,-
808207116,house,2,-
808207117,house,2,-
808207118,house,2,-
808207119,house,2,-
808207120,house,2,-
808207121,house,2,-
808207122,house,2,-
808207123,house,2,-
808207124,house,2,-
808207125,house,2,-
808207126,house,2,-
808207127,house,2,-
808207128,house,2,-
808207129,house,2,-
808207130,house,2,-
808207131,house,2,-
808207132,house,2,-
808575474,yes,1,-
808575506,yes,2,-
808575523,apartments,3,-
808575524,apartments,3,-
808575525,apartments,3,-
808575526,apartments,3,-
808575527,apartments,3,-
808575528,apartments,3,-
808575529,apartments,3,-
808575530,apartments,3,-
808575531,apartments,3,-
808575532,apartments,3,-
808575533,apartments,3,-
808575534,apartments,3,-
808575535,apartments,3,-
808575545,apartments,3,-
808575546,apartments,3,-
808575547,apartments,3,-
808575548,apartments,3,-
808575549,apartments,3,-
808575550,apartments,3,-
808575551,apartments,3,-
808575552,apartments,3,-
808575553,apartments,3,-
808575554,apartments,3,-
808575555,apartments,4,-
808575556,apartments,4,-
808575557,apartments,4,-
808575558,apartments,4,-
808575559,apartments,4,-
808575560,apartments,4,-
808575561,apartments,4,-
808575562,apartments,4,-
808575563,apartments,4,-
808575564,apartments,4,-
808575565,apartments,4,-
808575566,apartments,4,-
808575567,apartments,4,-
808575568,apartments,4,-
808575569,apartments,4,-
808575570,apartments,4,-
808575571,apartments,4,-
808575572,apartments,4,-
808575573,apartments,4,-
808575574,apartments,4,-
808860118,apartments,3,-
808860119,apartments,3,-
808860120,apartments,3,-
808860121,apartments,3,-
808860122,apartments,3,-
808860123,apartments,3,-
808860124,apartments,3,-
808860125,apartments,3,-
808860126,apartments,3,-
808860127,apartments,3,-
808860128,apartments,3,-
808860129,apartments,3,-
809319643,yes,1,-
809319650,apartments,3,-
809319651,apartments,3,-
809319652,apartments,3,-
809319653,apartments,3,-
809319654,apartments,3,-
809319655,apartments,3,-
809319656,apartments,3,-
809319657,apartments,3,-
809319658,apartments,3,-
809319659,apartments,3,-
809319660,apartments,3,-
809319661,apartments,3,-
809319662,apartments,3,-
809319663,apartments,3,-
809319664,apartments,3,-
809319665,apartments,3,-
809319666,apartments,3,-
809319667,yes,1,-
809319670,apartments,3,-
809319671,apartments,3,-
809319672,apartments,3,-
809319673,apartments,3,-
809319674,apartments,3,-
809319675,apartments,3,-
809319676,apartments,3,-
809809797,house,2,-
809809798,house,2,-
809809799,house,2,-
809809800,house,2,-
809809801,house,2,-
809809802,house,2,-
809809803,house,2,-
809809804,house,2,-
809809805,house,2,-
809809806,house,2,-
809809807,house,2,-
809809808,house,2,-
809809809,house,2,-
809809810,house,2,-
809809811,house,2,-
809809812,house,2,-
809809813,house,2,-
809809814,house,2,-
809809815,house,2,-
809809816,house,2,-
809809817,house,2,-
809809818,house,2,-
809809819,house,2,-
809809820,house,2,-
809809821,house,2,-
809809822,house,2,-
809809823,house,2,-
809809824,house,2,-
809809825,house,2,-
809809826,house,2,-
809809827,house,2,-
809809828,house,2,-
809809829,house,2,-
809809830,house,2,-
809809831,house,2,-
809809832,house,2,-
809809833,house,2,-
809809834,house,2,-
809809835,house,2,-
809809836,house,2,-
809809837,house,2,-
809809838,house,2,-
809809839,house,2,-
809809840,house,2,-
809809841,house,2,-
809809842,house,2,-
809809843,house,2,-
809809844,house,2,-
809809845,house,2,-
809809846,house,2,-
809809847,house,2,-
809809848,house,2,-
809809849,house,2,-
809809850,house,2,-
809809851,house,2,-
809809852,house,2,-
809809853,house,2,-
809809854,house,2,-
809809855,house,2,-
809809856,house,2,-
809809857,house,2,-
809809858,house,2,-
809809859,house,2,-
809809860,house,2,-
809809861,house,2,-
809809862,house,2,-
809809870,house,2,-
809809871,house,2,-
809809872,house,2,-
809809873,house,2,-
809809874,house,2,-
809809875,house,2,-
809809876,house,2,-
809809877,house,2,-
809809878,house,2,-
809809879,house,2,-
809809880,house,2,-
809809881,house,2,-
809809882,house,2,-
809809883,house,2,-
809809884,house,2,-
809809885,house,2,-
809809886,house,2,-
809809887,house,2,-
809809888,house,2,-
809809889,house,2,-
809809890,house,2,-
809809891,house,2,-
809809892,house,2,-
809809893,house,2,-
809809894,house,2,-
809809895,house,2,-
809809896,house,2,-
809809897,house,2,-
809809898,house,2,-
809809899,house,2,-
809809900,house,2,-
809809901,house,2,-
809809902,house,2,-
809809903,house,2,-
809809904,house,2,-
809809905,house,2,-
809809906,house,2,-
809809907,house,2,-
809809908,house,2,-
809809909,house,2,-
809809910,house,2,-
809809911,house,2,-
809809912,house,2,-
809809913,house,2,-
809809914,house,2,-
809809915,house,2,-
809809916,house,2,-
809809917,house,2,-
809809918,house,2,-
809809919,house,2,-
809809920,house,2,-
809809921,house,2,-
809809922,house,2,-
809809923,house,2,-
809809924,house,2,-
809809925,house,2,-
809809926,house,2,-
809809927,house,2,-
809809928,house,2,-
809809929,house,2,-
809809930,house,2,-
809809931,house,2,-
809809932,house,2,-
809809933,house,2,-
809809934,house,2,-
809809935,house,2,-
809809936,house,2,-
809809937,house,2,-
809809938,house,2,-
809809939,house,2,-
809809940,house,2,-
809809941,house,2,-
809809942,house,2,-
809809943,house,2,-
809809944,house,2,-
809809945,house,2,-
809809946,house,2,-
809809947,house,2,-
809809948,house,2,-
809809949,house,2,-
809809950,house,2,-
809809951,house,2,-
809809952,house,2,-
809809953,house,2,-
809809954,house,2,-
809809955,house,2,-
809809956,house,2,-
809809957,house,2,-
809809958,house,2,-
809809959,house,2,-
809809960,house,2,-
809809961,house,2,-
809809962,house,2,-
809809963,house,2,-
809809964,house,2,-
809809965,house,2,-
809809966,house,2,-
809809967,house,2,-
809809968,house,2,-
809809969,house,2,-
809809970,house,2,-
809809971,house,2,-
809809972,house,2,-
809809973,house,2,-
809809974,house,2,-
809809975,house,2,-
809809976,house,2,-
809809977,house,2,-
809809978,house,2,-
809809979,house,2,-
809809980,house,2,-
809809981,house,2,-
809809982,house,2,-
809809983,house,2,-
809809984,house,2,-
809809985,house,2,-
809809986,house,2,-
809809987,house,2,-
809809988,house,2,-
809809989,house,2,-
809809990,house,2,-
809809991,house,2,-
809809992,house,2,-
809809993,house,2,-
809809994,house,2,-
809809995,house,2,-
809809996,house,2,-
809809997,house,2,-
809809998,house,2,-
809809999,house,2,-
809810000,house,2,-
809810001,house,2,-
809810002,house,2,-
809810003,house,2,-
809810004,house,2,-
809810005,house,2,-
809810006,house,2,-
809810007,house,2,-
809810008,house,2,-
809810009,house,2,-
809810010,house,2,-
809810011,house,2,-
809810012,house,2,-
809810013,house,2,-
809810014,house,2,-
809810015,house,2,-
809810016,house,2,-
809810017,house,2,-
809810018,house,2,-
809810019,house,2,-
809810020,house,2,-
809810021,house,2,-
809810022,house,2,-
809810023,house,2,-
809810024,house,2,-
809810025,house,2,-
809810026,house,2,-
809810027,house,2,-
809810028,house,2,-
809810029,house,2,-
809810030,house,2,-
809810031,house,2,-
809810032,house,2,-
809810033,house,2,-
809810034,house,2,-
809810035,house,2,-
809810036,house,2,-
809810037,house,2,-
809810038,house,2,-
809810039,house,2,-
809810040,house,2,-
809810041,house,2,-
809810042,house,2,-
809810043,house,2,-
809810044,house,2,-
809810045,house,2,-
809810046,house,2,-
809810047,house,2,-
809810048,house,2,-
809810049,house,2,-
809810050,house,2,-
809810051,house,2,-
809810052,house,2,-
809810053,house,2,-
809810054,house,2,-
809810055,house,2,-
809810056,house,2,-
809810057,house,2,-
809810058,house,2,-
809810059,house,2,-
809810060,house,2,-
809810061,house,2,-
809810062,house,2,-
809810063,house,2,-
809810064,house,2,-
809810065,house,2,-
809810066,house,2,-
809810067,house,2,-
809810068,house,2,-
809810069,house,2,-
809810070,house,2,-
809810071,house,2,-
809810072,house,2,-
809810073,house,2,-
809810074,house,2,-
809810075,house,2,-
809810076,house,2,-
809810077,house,2,-
809810078,house,2,-
809810079,house,2,-
809810080,house,2,-
809810081,house,2,-
809810082,house,2,-
809810083,house,2,-
809810084,house,2,-
809810085,house,2,-
809810086,house,2,-
809810087,house,2,-
809810088,house,2,-
809810089,house,2,-
809810090,house,2,-
809810091,house,2,-
809810092,house,2,-
809810093,house,2,-
809810094,house,2,-
809810095,house,2,-
809810096,house,2,-
809810097,house,2,-
809810098,house,2,-
809810103,house,2,-
809810104,house,2,-
809810105,house,2,-
809810106,house,2,-
809810107,house,2,-
809810108,house,2,-
809810109,house,2,-
809810110,house,2,-
809810111,house,2,-
809810112,house,2,-
809810113,house,2,-
809810114,house,2,-
809810115,house,2,-
809810116,house,2,-
809810117,house,2,-
809810118,house,2,-
809810119,house,2,-
809810120,house,2,-
809810121,house,2,-
809810122,house,2,-
809810123,house,2,-
809810124,house,2,-
809810125,house,2,-
809810126,house,2,-
809810127,house,2,-
809810128,house,2,-
809810129,house,2,-
809810130,house,2,-
809810131,house,2,-
809810132,house,2,-
809810133,house,2,-
809810134,house,2,-
809810135,house,2,-
809810136,house,2,-
809810137,house,2,-
809810138,house,2,-
809810139,house,2,-
809810140,house,2,-
809810141,house,2,-
809810142,house,2,-
809810143,house,2,-
809810144,house,2,-
809810145,house,2,-
809810146,house,2,-
809810147,house,2,-
809810148,house,2,-
809810156,yes,1,-
809810157,yes,1,-
809810158,apartments,5,-
809810159,apartments,5,-
809810160,apartments,5,-
809810161,apartments,5,-
809810162,apartments,5,-
809810163,apartments,5,-
809810164,apartments,5,-
809810165,apartments,5,-
809810166,apartments,5,-
809810167,apartments,5,-
809861950,apartments,4,-
809861951,apartments,4,-
809861952,apartments,4,-
809861953,apartments,4,-
809861954,apartments,4,-
809861955,apartments,4,-
809861956,apartments,4,-
809861957,apartments,4,-
809861958,apartments,4,-
809861959,apartments,4,-
809861960,apartments,4,-
810018763,yes,1,-
810776827,apartments,6,-
810776828,apartments,7,-
810776829,apartments,7,-
810776830,apartments,6,-
810776831,apartments,6,-
813303886,apartments,3,-
813303887,apartments,3,-
813303888,apartments,3,-
813303889,apartments,3,-
813303890,apartments,3,-
813303891,apartments,3,-
813303892,apartments,3,-
813303893,apartments,3,-
813303894,apartments,3,-
813303895,apartments,3,-
813303896,apartments,3,-
813303897,apartments,3,-
813303898,apartments,3,-
813303899,apartments,3,-
813303900,apartments,3,-
813303901,apartments,3,-
813303902,apartments,3,-
813303903,apartments,3,-
813303904,apartments,3,-
813303905,apartments,3,-
813303907,apartments,3,-
813303908,apartments,3,-
813303909,apartments,3,-
813303910,apartments,3,-
813303911,apartments,3,-
813303912,apartments,3,-
813303913,apartments,3,-
813303914,apartments,3,-
813303915,apartments,3,-
813303916,apartments,3,-
813303917,apartments,3,-
813303918,apartments,3,-
813303919,apartments,3,-
813303920,apartments,3,-
813303921,apartments,3,-
813303922,apartments,3,-
813303923,apartments,3,-
813303924,apartments,3,-
813303925,apartments,3,-
813303926,apartments,3,-
813515613,apartments,3,-
813515614,apartments,3,-
813515615,apartments,3,-
813515616,apartments,3,-
813515617,apartments,3,-
813515618,apartments,3,-
813515632,apartments,3,-
813515633,apartments,3,-
813515634,apartments,3,-
813515635,apartments,3,-
813515636,apartments,3,-
813515637,apartments,3,-
813515638,apartments,3,-
813515639,apartments,3,-
813515640,apartments,3,-
813515641,apartments,3,-
813515642,apartments,3,-
813515643,apartments,3,-
813515644,apartments,3,-
813515645,apartments,3,-
813515646,apartments,3,-
813515647,apartments,3,-
813515648,apartments,3,-
813515649,apartments,3,-
813515650,apartments,3,-
813515651,apartments,3,-
813515652,apartments,3,-
813515653,apartments,3,-
813515654,apartments,3,-
813515655,apartments,3,-
813993379,house,1,-
813993382,yes,1,-
813993387,house,1,-
814362593,apartments,3,-
814362594,apartments,3,-
814362595,apartments,3,-
814362596,apartments,3,-
814362597,apartments,3,-
814362598,apartments,3,-
814362599,apartments,3,-
814362600,apartments,3,-
814362601,apartments,3,-
814362602,apartments,3,-
814362603,apartments,3,-
814362604,apartments,3,-
814362605,apartments,3,-
814362606,apartments,3,-
814362607,apartments,3,-
814362608,apartments,3,-
815085532,apartments,3,-
815085533,apartments,3,-
815085534,apartments,3,-
815085535,apartments,3,-
815085536,apartments,3,-
815085537,apartments,3,-
815085538,apartments,3,-
815085539,apartments,3,-
815085540,apartments,3,-
815085541,apartments,3,-
815085546,apartments,3,-
815085547,apartments,3,-
815085548,apartments,3,-
815085549,apartments,3,-
815085550,apartments,3,-
815085551,apartments,3,-
815085552,apartments,3,-
815085553,apartments,3,-
815085554,apartments,3,-
815085555,apartments,3,-
815085556,apartments,3,-
815085557,apartments,3,-
815085558,apartments,3,-
815987866,apartments,4,-
815987867,apartments,4,-
815987868,apartments,4,-
815987869,apartments,4,-
815987870,apartments,4,-
815987871,apartments,5,-
815987872,apartments,5,-
815987873,apartments,5,-
815987874,apartments,5,-
815987875,apartments,5,-
815987876,apartments,5,-
815987877,apartments,5,-
816700325,apartments,5,-
816939713,apartments,10,-
817730572,house,2,-
817730573,house,1,-
817730574,house,2,-
818915691,apartments,6,-
819578498,apartments,8,-
819578499,apartments,8,-
819578500,apartments,8,-
821912383,apartments,9,-
821912384,apartments,9,-
821912385,apartments,9,-
821912386,apartments,9,-
823508114,yes,1,-
823508115,house,1,-
823508116,house,1,-
823508117,house,1,-
828590309,apartments,13,-
828590343,apartments,5,-
828590344,apartments,5,-
828590346,apartments,4,-
828590348,apartments,4,-
828590365,house,1,-
828590366,school,1,-
828590367,school,1,-
828590368,school,2,-
833366496,house,1,-
837460794,yes,1,-
837460816,apartments,4,-
837460817,house,1,-
838366393,apartments,5,-
838366394,apartments,5,-
839429175,house,1,-
839429176,house,1,-
839429177,house,1,-
839429178,house,2,-
839429179,house,1,-
839429180,house,2,-
842259784,apartments,4,-
842259785,apartments,4,-
842259787,apartments,5,-
842259788,apartments,5,-
842259789,apartments,5,-
842259790,apartments,5,-
842259791,apartments,5,-
842259792,apartments,5,-
842259793,apartments,5,-
842259794,apartments,5,-
842259795,apartments,5,-
842259796,apartments,5,-
842259797,apartments,5,-
842259798,apartments,5,-
842259799,apartments,5,-
843662019,apartments,4,-
845165955,house,1,-
845165965,school,1,-
845165966,yes,1,-
845165967,church,1,-
847332430,apartments,3,-
847342383,apartments,5,-
847342384,apartments,5,-
847342385,apartments,5,-
847342386,apartments,5,-
847342387,apartments,5,-
847342388,apartments,5,-
847342389,apartments,5,-
847342390,apartments,5,-
847342391,apartments,5,-
847342392,apartments,5,-
851310478,apartments,4,-
851310484,apartments,5,-
851310487,apartments,14,-
855190836,yes,1,-
857332850,yes,1,-
860865199,house,1,-
860865200,house,1,-
864690344,apartments,23,-
864690345,apartments,17,-
867124798,apartments,19,-
867124799,apartments,19,-
877577559,yes,1,-
881289250,school,3,-
881289251,school,1,-
881289252,school,1,-
881289254,school,1,-
881289255,school,2,-
881289256,school,2,-
881289263,yes,1,-
881289264,house,1,-
881289265,yes,2,-
881289266,yes,2,-
881289267,house,2,-
881289268,house,2,-
881289269,house,2,-
881289270,yes,1,-
881289271,house,2,-
881289272,house,2,-
881289273,yes,2,-
881289274,house,1,-
881289277,house,2,-
881289278,house,1,-
881289279,commercial,1,-
881289280,house,2,-
881289281,house,1,-
881289282,house,1,-
881289284,house,1,-
881289286,house,1,-
881289287,house,1,-
881289288,house,1,-
881289289,house,1,-
881289290,house,1,-
881289291,house,1,-
881289292,house,1,-
881289293,house,1,-
881640702,semidetached_house,2,-
881640703,semidetached_house,2,-
881640704,semidetached_house,2,-
881640705,semidetached_house,2,-
881640706,semidetached_house,2,-
881640707,semidetached_house,2,-
881640708,semidetached_house,2,-
881640709,semidetached_house,2,-
881950150,office,15,-
886691932,house,1,-
886691933,house,1,-
887595817,yes,1,-
888528990,church,1,5
888528991,fire_station,2,-
888994216,house,2,-
888994217,house,2,-
888994218,house,2,-
888994219,house,2,-
888994220,house,2,-
888994221,house,2,-
888994222,house,2,-
888994223,house,2,-
888994224,house,2,-
888994225,house,2,-
888994226,house,2,-
888994227,house,2,-
888994228,house,2,-
888994229,house,2,-
888994230,house,2,-
888994231,house,2,-
888994232,house,2,-
888994233,house,2,-
888994234,house,2,-
888994235,house,2,-
888994236,house,2,-
888994237,house,2,-
888994238,house,2,-
888994239,house,2,-
888994240,house,2,-
888994241,house,2,-
888994242,house,2,-
888994243,house,2,-
888994244,house,2,-
888994245,house,2,-
888994246,house,2,-
888994247,house,2,-
888994248,house,2,-
888994249,house,2,-
888994250,house,2,-
888994251,house,2,-
888994252,house,2,-
888994253,house,2,-
888994254,house,2,-
888994255,house,2,-
888994256,house,2,-
888994257,house,2,-
888994258,house,2,-
888994259,house,2,-
888994260,house,2,-
888994261,house,2,-
888994262,house,2,-
888994263,house,2,-
888994264,house,2,-
888994265,house,2,-
888994266,house,2,-
888994267,house,2,-
888994268,house,2,-
888994269,house,2,-
896025822,office,16,-
896025823,apartments,20,-
897164891,commercial,2,-
897227978,apartments,20,-
897761029,commercial,2,-
897761040,apartments,6,-
897761041,apartments,6,-
897761042,apartments,6,-
897761046,apartments,15,-
897761047,apartments,22,-
897761052,apartments,22,-
900184146,house,1,-
900184147,house,1,-
900184148,house,1,-
902432840,retail,1,-
903824424,roof,1,-
905860793,apartments,21,-
906290447,yes,2,-
908092410,house,1,-
908092411,house,1,-
912197888,house,1,-
912197889,house,1,-
912197890,house,2,-
912197891,house,1,-
912197892,house,1,-
912197893,house,1,-
912197894,house,1,-
912197895,house,1,-
912197896,house,1,-
912197897,house,2,-
912197898,house,1,-
912197899,house,1,-
912197901,house,1,-
912197902,house,1,-
912197903,house,1,-
912197904,house,1,-
912197905,house,1,-
912197906,house,1,-
912197907,house,1,-
913005247,school,3,-
913005248,house,2,-
913005255,house,2,-
913005256,house,1,-
913005258,house,2,-
914019031,house,1,-
914019032,house,1,-
914019033,house,1,-
914019034,house,1,-
914019035,house,1,-
914019036,house,1,-
914019037,house,2,-
914019038,house,2,-
914019039,house,1,-
914019040,house,1,-
914019041,house,1,-
914019042,house,1,-
914019045,house,2,-
914019050,house,1,-
914019051,house,1,-
914019052,house,1,-
914019055,house,1,-
914268837,house,1,-
914268838,house,2,-
914268839,house,1,-
914268840,house,1,-
914268841,house,1,-
914268842,house,1,-
914268843,house,1,-
914268844,house,1,-
914268845,house,1,-
914268846,house,1,-
914268847,house,1,-
914268848,house,1,-
914268849,house,1,-
914268850,house,1,-
914268851,house,2,-
914268852,house,1,-
914268853,house,1,-
914268856,house,1,-
914268857,house,1,-
914414458,house,2,-
914414459,house,2,-
914414461,house,1,-
914414462,house,2,-
914414463,house,2,-
914414464,house,1,-
914414465,house,1,-
914414468,house,2,-
914414469,house,1,-
914414470,house,2,-
914414480,house,1,-
914414481,house,1,-
914414482,house,2,-
914414483,house,1,-
914414484,house,1,-
914414485,house,2,-
914414486,house,1,-
914414487,house,1,-
914414489,house,1,-
914414490,house,2,-
914414491,house,1,-
914414492,house,2,-
914414493,house,2,-
914434861,house,2,-
914434862,house,2,-
914434863,house,2,-
914434864,house,2,-
914434865,house,2,-
914434866,house,2,-
914434867,house,2,-
914434868,house,2,-
914434869,house,2,-
914434870,house,2,-
914434871,house,2,-
914434872,house,2,-
914434873,house,2,-
914434874,house,2,-
914434875,house,2,-
914434876,house,2,-
914434877,house,2,-
914434878,house,2,-
914434879,house,2,-
914434880,house,2,-
914434881,house,2,-
914434882,house,2,-
914434883,house,2,-
914434884,house,2,-
914434885,house,2,-
914434886,house,2,-
914434887,house,2,-
914434888,house,2,-
914434889,house,2,-
914434890,house,2,-
914434891,house,2,-
914434892,house,2,-
914434893,house,2,-
914434894,house,2,-
914434895,house,2,-
914434896,house,2,-
914434897,house,2,-
914434898,house,2,-
914434899,house,2,-
914434900,house,2,-
914434901,house,2,-
914434902,house,2,-
914434903,house,2,-
914434904,house,2,-
914434905,house,2,-
914434906,house,2,-
914434907,house,2,-
914434908,house,2,-
914434909,house,2,-
914434910,house,2,-
914434911,house,2,-
914434912,house,2,-
914434913,house,2,-
914434914,house,2,-
914434915,house,2,-
914434916,house,2,-
914434917,house,2,-
914434918,house,2,-
914434919,house,2,-
914434920,house,2,-
914434921,house,2,-
914434922,house,2,-
914434923,house,2,-
914434924,house,2,-
914434925,house,2,-
914434926,house,2,-
914434927,house,2,-
914434928,house,2,-
914434929,house,2,-
914434930,house,2,-
914434931,house,2,-
914434932,house,2,-
914434933,house,2,-
914434934,house,2,-
914434935,house,2,-
914434936,house,2,-
914434937,house,2,-
914434938,house,2,-
914434939,house,2,-
914434940,house,2,-
914434941,house,2,-
914434942,house,2,-
914434943,house,2,-
914434944,house,2,-
914434945,house,2,-
914434946,house,2,-
914434947,house,2,-
914434948,house,2,-
914434949,house,2,-
914434950,house,2,-
914434951,house,2,-
914434952,house,2,-
914434953,house,2,-
914434954,house,2,-
914434955,house,2,-
914434956,house,2,-
914434957,house,2,-
914434958,house,2,-
914434959,house,2,-
914434960,house,2,-
914434961,house,2,-
914434962,house,2,-
914434963,house,2,-
914434964,house,2,-
914434965,house,2,-
914434966,house,2,-
914434967,house,2,-
914434968,house,2,-
914434969,house,2,-
914434970,house,2,-
914434971,house,2,-
914434972,house,2,-
914434973,house,2,-
914434974,house,2,-
914434975,house,2,-
914434976,house,2,-
914434977,house,2,-
914434978,house,2,-
914434979,house,2,-
914434980,house,2,-
914434981,house,2,-
914434982,house,2,-
914434983,house,2,-
914434984,house,2,-
914434985,house,2,-
914434986,house,2,-
914434987,house,2,-
914434988,house,2,-
914434989,house,2,-
914434990,house,2,-
914434991,house,2,-
914434992,house,2,-
914434993,house,2,-
914434994,house,2,-
914434995,house,2,-
914434996,house,2,-
914434997,house,2,-
914434998,house,2,-
914434999,house,2,-
914435000,house,2,-
914435001,house,2,-
914435002,house,2,-
914435003,house,2,-
914435004,house,2,-
914435005,house,2,-
914435006,house,2,-
914435007,house,2,-
914435008,house,2,-
914435009,house,2,-
914435010,house,2,-
914435011,house,2,-
914435012,house,2,-
914435013,house,2,-
914435014,house,2,-
914435015,house,2,-
914435016,house,2,-
914435017,house,2,-
914435018,house,2,-
914435019,house,2,-
914435020,house,2,-
914435021,house,2,-
914435022,house,2,-
914435023,house,2,-
914435024,house,2,-
914435025,house,2,-
914435026,house,2,-
914435027,house,2,-
914435028,house,2,-
914435030,house,2,-
914435031,house,2,-
914435032,house,2,-
914435033,house,2,-
914435034,house,2,-
914435035,house,2,-
914435036,house,2,-
914435037,house,2,-
914435038,house,2,-
914435039,house,2,-
914435040,house,2,-
914435041,house,2,-
914435042,house,2,-
914435043,house,2,-
914435044,house,2,-
914435045,house,2,-
914435046,house,2,-
914435047,house,2,-
914435048,house,2,-
914435049,house,2,-
914435050,house,2,-
914435051,house,2,-
914435052,house,2,-
914435053,house,2,-
914435054,house,2,-
914435055,house,2,-
914435056,house,2,-
914435057,house,2,-
914435058,house,2,-
914435059,house,2,-
914435060,house,2,-
914435061,house,2,-
914435062,house,2,-
914435063,house,2,-
914435064,house,2,-
914435065,house,2,-
914435066,house,2,-
914435067,house,2,-
914435068,house,2,-
914435069,house,2,-
914435070,house,2,-
914435071,house,2,-
914435072,house,2,-
914435073,house,2,-
914435074,house,2,-
914435075,house,2,-
914435076,house,2,-
914435077,house,2,-
914435078,house,2,-
914435079,house,2,-
914435080,house,2,-
914435081,house,2,-
914435082,house,2,-
914435083,house,2,-
914435084,house,2,-
914435085,house,2,-
914435086,house,2,-
914435087,house,2,-
914435088,house,2,-
914435089,house,2,-
914435090,house,2,-
914435091,house,2,-
914435092,house,2,-
914435093,house,2,-
914435094,house,2,-
914435095,house,2,-
914435096,house,2,-
914435097,house,2,-
914435098,house,2,-
914435099,house,2,-
914435100,house,2,-
914435101,house,2,-
914435102,house,2,-
914435103,house,2,-
914435104,house,2,-
914435105,house,2,-
914435106,house,2,-
914435107,house,2,-
914435108,house,2,-
914435109,house,2,-
914524826,house,2,-
914524831,house,2,-
914524833,house,2,-
914524834,house,2,-
914524835,house,2,-
914524836,house,2,-
914524837,house,2,-
914524838,house,2,-
914524840,house,2,-
914524841,house,2,-
914524842,house,2,-
915480558,yes,1,-
915480559,house,2,-
915480560,house,1,-
915625525,yes,1,-
916521241,house,1,-
916521243,house,1,-
916521244,house,1,-
916521245,house,2,-
916521246,house,1,-
916521247,house,1,-
916521248,house,1,-
916521249,house,2,-
916521250,house,1,-
916521252,house,2,-
916521253,house,2,-
916521254,house,2,-
916521255,house,2,-
916521256,house,2,-
916521257,house,2,-
916521258,house,2,-
916521259,house,2,-
916521260,house,2,-
916521261,house,1,-
916521265,yes,1,-
916521266,house,1,-
916521269,retail,1,-
916521271,house,2,-
916521272,yes,2,-
916521273,house,2,-
916521274,yes,1,-
916521275,house,1,-
916521276,commercial,2,-
916521277,house,2,-
916521278,yes,2,-
916521279,house,1,-
916521280,house,1,-
916521281,house,1,-
916521282,yes,2,-
916521283,house,2,-
916521284,kindergarten,2,-
916785826,house,2,-
916785827,house,2,-
916785828,house,2,-
916785829,house,2,-
916785830,house,2,-
916785831,house,2,-
916785832,house,2,-
916785833,house,2,-
916785834,house,2,-
916785835,house,2,-
916785836,house,2,-
916785837,house,2,-
916785838,house,2,-
916785839,house,2,-
916785840,house,2,-
916785841,house,2,-
916785842,house,2,-
916785843,house,2,-
916785844,house,2,-
916785845,house,2,-
916785846,house,2,-
916785847,house,2,-
916785848,house,2,-
916785849,house,2,-
916785850,house,2,-
916785851,house,2,-
916785852,house,2,-
916785853,house,2,-
916785854,house,2,-
916785855,house,2,-
916785856,house,2,-
916785857,house,2,-
916785858,house,2,-
916785859,house,2,-
916785860,house,2,-
916785861,house,2,-
916785862,house,2,-
916785863,house,2,-
916785864,house,2,-
916785865,house,2,-
916785866,house,2,-
916785867,house,2,-
916785868,house,2,-
916785869,house,2,-
916785870,house,2,-
916785871,house,2,-
916785872,house,2,-
916785873,house,2,-
916785874,house,2,-
916785875,house,2,-
916785876,house,2,-
916785877,house,2,-
916785878,house,2,-
916785879,house,2,-
916785880,house,2,-
916785881,house,2,-
916785882,house,2,-
916785883,house,2,-
916785884,house,2,-
916785885,house,2,-
916785886,house,2,-
916785887,house,2,-
916785888,house,2,-
916785889,house,2,-
916785890,house,2,-
916785891,house,2,-
916785892,house,2,-
916785893,house,2,-
916785894,house,2,-
916785895,house,2,-
916785896,house,2,-
916785897,house,2,-
916785898,house,2,-
916785899,house,2,-
916785900,house,2,-
916785901,house,2,-
916785902,house,2,-
916785903,house,2,-
916785904,house,2,-
916785905,house,2,-
916785906,house,2,-
916785907,house,2,-
916785908,house,2,-
916785909,house,2,-
916785910,house,2,-
916785911,house,2,-
916785912,house,2,-
916785913,house,2,-
916785914,house,2,-
916785915,house,2,-
916785916,house,2,-
916785917,house,2,-
916785918,house,2,-
916785919,house,2,-
916785920,house,2,-
916785921,house,2,-
916785922,house,2,-
916785923,house,2,-
916785924,house,2,-
916785925,house,2,-
916785926,house,2,-
916785927,house,2,-
916785928,house,2,-
916785929,house,1,-
916785930,house,1,-
916785931,house,1,-
916785932,house,1,-
916785933,house,1,-
916785934,house,1,-
916785935,house,1,-
916785936,house,2,-
916785937,house,2,-
916785938,house,2,-
916785941,house,2,-
916785942,house,2,-
916785952,house,2,-
916785953,house,2,-
916785954,house,2,-
916785955,house,2,-
916785956,house,2,-
916785957,house,2,-
916785958,house,2,-
916785959,house,2,-
916785960,house,2,-
916785961,house,2,-
916785962,house,2,-
916785963,house,2,-
916785964,house,2,-
916785965,house,2,-
916785966,house,2,-
916785967,house,2,-
916785968,house,2,-
916785969,house,2,-
916785970,house,2,-
916785971,house,2,-
916785972,house,2,-
916785973,house,2,-
916785974,house,2,-
916785975,house,2,-
916785976,house,2,-
916785977,house,2,-
916785978,house,2,-
916785979,house,2,-
916785980,house,2,-
916785981,house,2,-
916785982,house,2,-
916785983,house,2,-
916785984,house,2,-
916785985,house,2,-
916785986,house,2,-
916785987,house,2,-
916785988,house,2,-
916785989,house,2,-
916785990,house,2,-
916785991,house,2,-
916785992,house,2,-
916785993,house,2,-
916785994,house,2,-
916785995,house,2,-
916785996,house,2,-
916785997,house,2,-
916785998,house,2,-
916785999,house,2,-
916786000,house,2,-
916786001,house,2,-
916786002,house,2,-
916786003,house,2,-
916786004,house,2,-
916786005,house,2,-
916786006,house,2,-
916786007,house,2,-
916786008,house,2,-
916786009,house,2,-
916786010,house,2,-
916786011,house,2,-
916786012,house,2,-
916786013,house,1,-
916786014,house,2,-
916786015,house,2,-
916786016,house,2,-
916786017,house,2,-
916786018,house,2,-
916786019,house,2,-
916786020,house,2,-
916786021,house,2,-
916786022,house,2,-
916786023,house,2,-
916786024,house,2,-
916786025,house,2,-
916786026,house,2,-
916786027,house,2,-
916786028,house,2,-
916786029,house,2,-
916786030,house,2,-
916786031,house,2,-
916786032,house,2,-
916786033,house,2,-
916786034,house,2,-
916786035,house,2,-
916786036,house,2,-
916786037,house,2,-
916786038,house,2,-
916786039,house,2,-
916786040,house,2,-
916786041,house,2,-
916786042,house,2,-
916786043,house,2,-
916786045,house,2,-
916786046,house,2,-
916786047,house,2,-
916786048,house,2,-
916786049,house,2,-
916786050,house,2,-
916786051,house,2,-
916786052,house,2,-
916786053,house,2,-
916786054,house,2,-
916786055,house,2,-
916786056,house,2,-
916786057,house,2,-
916786058,house,2,-
916786059,house,2,-
916786060,house,2,-
916786061,house,2,-
916786062,house,2,-
916786063,house,2,-
916786064,house,2,-
916786065,house,2,-
916786066,house,2,-
916786067,house,2,-
916786068,house,1,-
916860266,house,2,-
916860267,house,2,-
916860268,house,2,-
916860269,house,2,-
916860271,house,2,-
916860272,house,2,-
916860273,house,2,-
916860274,house,2,-
916860275,house,2,-
916860276,house,2,-
916860277,house,2,-
916860278,house,2,-
916860279,house,2,-
916860280,house,2,-
916860281,house,2,-
916860282,house,2,-
916860283,house,2,-
916860284,house,2,-
916860285,house,2,-
916860286,house,2,-
916860287,house,2,-
916860288,house,2,-
916860289,house,2,-
916860290,house,2,-
916860291,house,2,-
916860292,house,2,-
916860293,house,2,-
916860294,house,2,-
916860295,house,2,-
916860296,house,2,-
916860297,house,2,-
916860298,house,2,-
916860299,house,2,-
916860300,house,2,-
916860301,house,2,-
916860302,house,2,-
916860303,house,2,-
916860304,house,2,-
916860305,house,2,-
916860306,house,2,-
916860307,house,2,-
916860308,house,2,-
916860309,house,2,-
916860310,house,2,-
916860311,house,2,-
916860312,house,2,-
916860313,house,2,-
916860314,house,2,-
916860315,house,2,-
916860316,house,2,-
916860317,house,2,-
916860318,house,2,-
916860319,house,2,-
916860320,house,2,-
916860321,house,2,-
916860322,house,2,-
916860323,house,2,-
916860324,house,2,-
916860325,house,2,-
916860326,house,2,-
916860327,house,2,-
916860328,house,2,-
916860329,house,2,-
916860330,house,2,-
916860331,house,2,-
916860332,house,2,-
916860333,house,2,-
916860334,house,2,-
916860335,house,2,-
916860336,house,2,-
916860337,house,2,-
916860338,house,2,-
916860339,house,2,-
916860340,house,2,-
916860341,house,2,-
916860342,house,2,-
916860343,house,2,-
916860344,house,2,-
916860345,house,2,-
916860346,house,2,-
916860347,house,2,-
916860348,house,2,-
916860349,house,2,-
916860350,house,2,-
916860351,house,2,-
916860352,house,2,-
916860353,house,2,-
916860354,house,2,-
916860355,house,2,-
916860356,house,2,-
916860357,house,2,-
916860358,house,2,-
916860359,house,2,-
916860360,house,2,-
916860361,house,2,-
916860362,house,2,-
916860363,house,2,-
916860364,house,2,-
916860365,house,2,-
916860366,house,2,-
916860367,house,2,-
916860368,house,2,-
916860369,house,2,-
916860370,house,2,-
916860371,house,2,-
916860372,house,2,-
916860373,house,2,-
916860374,house,2,-
916860375,house,2,-
916860376,house,2,-
916860377,house,2,-
916860378,house,2,-
916860379,house,2,-
916860380,house,2,-
916860381,house,2,-
916860382,house,2,-
916860383,house,2,-
916860384,house,2,-
916860385,house,2,-
916860386,house,2,-
916860387,house,2,-
916860388,house,2,-
916860389,house,2,-
916860390,house,2,-
916860391,house,2,-
916860392,house,2,-
916860393,house,2,-
916860394,house,2,-
916860395,house,2,-
916860396,house,2,-
916860397,house,2,-
916860398,house,2,-
916860399,house,2,-
916860400,house,2,-
916860401,house,2,-
916860402,house,2,-
916860403,house,2,-
916860404,house,2,-
916860405,house,2,-
916860406,house,2,-
916860407,house,2,-
916860408,house,2,-
916860409,house,2,-
916860410,house,2,-
916860411,house,2,-
916860412,house,2,-
916860413,house,2,-
916860414,house,2,-
916860415,house,2,-
916860416,house,2,-
916860417,house,2,-
916860418,house,2,-
916860419,house,2,-
916860420,house,2,-
916860421,house,2,-
916860422,house,2,-
916860423,house,2,-
916860424,house,2,-
916860425,house,2,-
916860426,house,2,-
916860427,house,2,-
916860428,house,2,-
916860429,house,2,-
916860430,house,2,-
916860431,house,2,-
916860432,house,2,-
916860433,house,2,-
916860434,house,2,-
916860435,house,2,-
916860436,house,2,-
916860437,house,2,-
916860438,house,2,-
916860439,house,2,-
916860440,house,2,-
916860441,house,2,-
916860442,house,2,-
916860443,house,2,-
916860444,house,2,-
916860445,house,2,-
916860446,house,2,-
916860447,house,2,-
916860450,house,2,-
916860453,house,2,-
916860465,house,2,-
916860466,house,2,-
916860467,house,2,-
916860468,house,2,-
916860469,house,2,-
916860470,house,2,-
916860471,house,2,-
916860487,house,2,-
916860488,house,2,-
916860489,house,2,-
916860490,house,2,-
916860491,house,2,-
916860492,house,2,-
916860493,house,2,-
916860494,house,2,-
916860495,house,2,-
916860496,house,2,-
916860497,house,2,-
916860498,house,2,-
916860499,house,2,-
916860500,house,2,-
916860501,house,2,-
916860502,house,2,-
916860503,house,2,-
916860504,house,2,-
916860505,house,2,-
916860506,house,2,-
916860507,house,2,-
916860508,house,2,-
917208035,house,2,-
917208036,house,2,-
917208037,house,2,-
917208038,house,2,-
917208039,house,2,-
917208040,house,2,-
917208041,house,2,-
917208042,house,2,-
917208043,house,2,-
917208044,house,2,-
917208045,house,2,-
917208046,house,2,-
917208047,yes,2,-
917208048,house,2,-
917208049,house,2,-
917208050,house,2,-
917208051,house,2,-
917208052,house,2,-
917208053,house,2,-
917208054,house,2,-
917208055,house,2,-
917208056,house,2,-
917208057,house,2,-
917208058,house,2,-
917208059,house,2,-
917208060,house,2,-
917208061,house,2,-
917208062,house,2,-
917208063,house,2,-
917208064,house,2,-
917208065,house,2,-
917208066,house,2,-
917208067,house,2,-
917208068,house,2,-
917208069,house,2,-
917208070,house,2,-
917208071,house,2,-
917208072,house,2,-
917208073,house,2,-
917208074,house,2,-
917208075,house,2,-
917208076,house,2,-
917208077,house,2,-
917208078,house,2,-
917208079,house,2,-
917208080,house,2,-
917208081,house,2,-
917208082,house,2,-
917208083,house,2,-
917208084,house,2,-
917208085,house,2,-
917208086,house,2,-
917208087,house,2,-
917208088,house,2,-
917208089,house,2,-
917208090,house,2,-
917208091,house,2,-
917208092,house,2,-
917208093,house,2,-
917208094,house,2,-
917208095,house,2,-
917208096,house,2,-
917208097,house,2,-
917208098,house,2,-
917208099,house,2,-
917208100,house,2,-
917208101,house,2,-
917208102,house,2,-
917208103,house,2,-
917208104,house,2,-
917208105,house,2,-
917208106,house,2,-
917208107,house,2,-
917208108,house,2,-
917208109,house,2,-
917208110,house,2,-
917208111,house,2,-
917208112,house,2,-
917208113,house,2,-
917208114,house,2,-
917208115,house,2,-
917208116,house,2,-
917208117,house,2,-
917208118,house,2,-
917208119,house,2,-
917208120,house,2,-
917208121,house,2,-
917208122,house,2,-
917208123,house,2,-
917208124,house,2,-
917208125,house,2,-
917208126,house,2,-
917208127,house,2,-
917208128,house,2,-
917208129,house,2,-
917208130,house,2,-
917208131,house,2,-
917208132,house,2,-
917208133,house,2,-
917208134,house,2,-
917208135,house,2,-
917208136,house,2,-
917208137,house,2,-
917208138,house,2,-
917208139,house,2,-
917208140,house,2,-
917208141,house,2,-
917208142,house,2,-
917208143,house,2,-
917208144,house,2,-
917208145,house,2,-
917208146,house,2,-
917208147,house,2,-
917208148,house,2,-
917208149,house,2,-
917208150,house,2,-
917208151,house,2,-
917208152,house,2,-
917208153,house,2,-
917208154,house,2,-
917208155,house,2,-
917208156,house,2,-
917208157,house,2,-
917208158,house,2,-
917208159,house,2,-
917208160,house,2,-
917208161,house,2,-
917208162,house,2,-
917208163,house,2,-
917208164,house,2,-
917208165,house,2,-
917208166,house,2,-
917208167,house,2,-
917208168,house,2,-
917208169,house,2,-
917208170,house,2,-
917208171,house,2,-
917208172,house,2,-
917208173,house,2,-
917208174,house,2,-
918054129,yes,1,-
918054130,yes,1,-
918054131,yes,1,-
918318760,house,2,-
918318763,house,2,-
918318764,house,1,-
918318765,house,1,-
918318766,house,1,-
918318767,house,2,-
918318768,house,1,-
918318769,house,1,-
918318770,house,2,-
918318773,house,1,-
918318774,house,1,-
918318776,house,2,-
918318777,house,1,-
918318778,house,1,-
918318779,house,1,-
918318780,house,2,-
918695829,apartments,17,-
918828161,house,2,-
918828162,house,2,-
918828163,house,2,-
918828164,house,2,-
918828165,house,2,-
918828166,house,2,-
918828167,house,2,-
918828168,house,2,-
918828169,house,2,-
918828170,house,2,-
918828171,house,2,-
918828172,house,2,-
918828173,house,2,-
918828174,house,2,-
918828175,house,2,-
918828176,house,2,-
918828177,house,2,-
918828178,house,2,-
918828179,house,2,-
918828180,house,2,-
918828181,house,2,-
918828182,house,2,-
918828183,house,2,-
918828184,house,2,-
918828185,house,2,-
918828186,house,2,-
918828187,house,2,-
918828188,house,2,-
918828189,house,2,-
918828190,house,2,-
918828191,house,2,-
918828192,house,2,-
918828193,house,2,-
918828194,house,2,-
918828195,house,2,-
918828196,house,2,-
918828197,house,2,-
918828198,house,2,-
918828199,house,2,-
918828200,house,2,-
918828201,house,2,-
918828202,house,2,-
918828203,house,2,-
918828204,house,2,-
918828205,house,2,-
918828206,house,2,-
918828207,house,2,-
918828208,house,2,-
918828209,house,2,-
918828210,house,2,-
918828211,house,2,-
918828212,house,2,-
918828213,house,2,-
918828214,house,2,-
918828215,house,2,-
918828216,house,2,-
918828217,house,2,-
918828218,house,2,-
918828219,house,2,-
918828220,house,2,-
918828221,house,2,-
918828222,house,2,-
918828223,house,2,-
918828224,house,2,-
918828225,house,2,-
918828226,house,2,-
918828227,house,2,-
918828228,house,2,-
918828229,house,2,-
918828230,house,2,-
918828231,house,2,-
918828232,house,2,-
918828233,house,2,-
918828234,house,2,-
918828235,house,2,-
918828236,house,2,-
918828237,house,2,-
918828238,house,2,-
918828239,house,2,-
918828240,house,2,-
918828241,house,2,-
918828242,house,2,-
918828243,house,2,-
918828244,house,2,-
918828245,house,2,-
918828246,house,2,-
918828247,house,2,-
918828248,house,2,-
918828249,house,2,-
918828250,house,2,-
918828251,house,2,-
918828252,house,2,-
918828253,house,2,-
918828254,house,2,-
918828255,house,2,-
918828256,house,2,-
918828257,house,2,-
918828258,house,2,-
918828259,house,2,-
918828260,house,2,-
918828261,house,2,-
918828262,house,2,-
918828263,house,2,-
918828264,house,2,-
918828265,house,2,-
918828266,house,2,-
918828267,house,2,-
918828268,house,2,-
918828269,house,2,-
918828270,house,2,-
918828271,house,2,-
918828272,house,2,-
918828273,house,2,-
918828274,house,2,-
918828275,house,2,-
918828276,house,2,-
918828277,house,2,-
918828278,house,2,-
918828279,house,2,-
918828280,house,2,-
918828281,house,2,-
918828282,house,2,-
918828283,house,2,-
918828284,house,2,-
918828285,house,2,-
918828286,house,2,-
918828287,house,2,-
918828288,house,2,-
918828289,house,2,-
918828290,house,2,-
918828291,house,2,-
918828292,house,2,-
918828293,house,2,-
918828294,house,2,-
918828295,house,2,-
918828296,house,2,-
918828297,house,2,-
918828298,house,2,-
918828299,house,2,-
918828300,house,2,-
918828301,house,2,-
918828302,house,2,-
918828303,house,2,-
918828304,house,2,-
918828305,house,2,-
918828306,house,2,-
918828307,house,2,-
918828308,house,2,-
918828309,house,2,-
918828310,house,2,-
918828311,house,2,-
918828312,house,2,-
918828313,house,2,-
918828314,house,2,-
918828315,house,2,-
918828316,house,2,-
918828317,house,2,-
918828318,house,2,-
918828319,house,2,-
918828320,house,2,-
918828321,house,2,-
918828322,house,2,-
918828323,house,2,-
918828324,house,2,-
918828325,house,2,-
918828326,house,2,-
918828327,house,2,-
918828328,house,2,-
918828329,house,2,-
918828330,house,2,-
918828331,house,2,-
918828332,house,2,-
918828333,house,2,-
918828334,house,2,-
918828335,house,2,-
918828336,house,2,-
918828337,house,2,-
918828338,house,2,-
918828339,house,2,-
918828340,house,2,-
918828341,house,2,-
918828342,house,2,-
918828343,house,2,-
918828344,house,2,-
918828345,house,2,-
918828346,house,2,-
918828347,house,2,-
918828348,house,2,-
918828349,house,2,-
918828350,house,2,-
918828351,house,2,-
918828352,house,2,-
918828353,house,2,-
918828354,house,2,-
918828355,house,2,-
918828356,house,2,-
918828357,house,2,-
918828358,house,2,-
918828359,house,2,-
918828360,house,2,-
918828361,house,2,-
918828362,house,2,-
918828363,house,2,-
918828364,house,2,-
918828365,house,2,-
918828366,house,2,-
918828367,house,2,-
918828368,house,2,-
918828369,house,2,-
918828370,house,2,-
918828371,house,2,-
918828372,house,2,-
918828373,house,2,-
918828374,house,2,-
918828375,house,2,-
918828376,house,2,-
918828377,house,2,-
918828378,house,2,-
918828379,house,2,-
918828380,house,2,-
918828381,house,2,-
918828382,house,2,-
918828383,house,2,-
918828384,house,2,-
918828385,house,2,-
918828386,house,2,-
918828387,house,2,-
918828388,house,2,-
918828389,house,2,-
918828390,house,2,-
918828391,house,2,-
918828392,house,2,-
918828393,house,2,-
918828394,house,2,-
918828395,house,2,-
918828396,house,2,-
918828397,house,2,-
918828398,house,2,-
918828399,house,2,-
918828400,house,2,-
918828401,house,2,-
918828402,house,2,-
919612511,house,2,-
919612512,house,2,-
919612513,house,2,-
919612514,house,2,-
919612515,house,2,-
919612516,house,2,-
919612517,house,2,-
919612518,house,2,-
919612519,house,2,-
919612520,house,2,-
919612521,house,2,-
919612522,house,2,-
919612523,house,2,-
919612524,house,2,-
919612525,house,2,-
919612526,house,2,-
919612527,house,2,-
919612528,house,2,-
919612529,house,2,-
919612530,house,2,-
919612531,house,2,-
919612532,house,2,-
919612533,house,2,-
919612534,house,2,-
919612535,house,2,-
919612536,house,2,-
919612537,house,2,-
919612538,house,2,-
919612539,house,2,-
919612540,house,2,-
919612541,house,2,-
919612542,house,2,-
919612543,house,2,-
919612544,house,2,-
919612545,house,2,-
919612546,house,2,-
919612547,house,2,-
919612548,house,2,-
919612549,house,2,-
919612550,house,2,-
919612551,house,2,-
919612552,house,2,-
919612553,house,2,-
919612554,house,2,-
919612555,house,2,-
919612556,house,2,-
919612557,house,2,-
919612558,house,2,-
919612559,house,2,-
919612560,house,2,-
919612561,house,2,-
919612562,house,2,-
919612563,house,2,-
919612564,house,2,-
919612565,house,2,-
919612566,house,2,-
919612567,house,2,-
919612568,house,2,-
919612569,house,2,-
919612570,house,2,-
919612571,house,2,-
919612572,house,2,-
919612573,house,2,-
919612574,house,2,-
919612575,house,2,-
919612576,house,2,-
919612577,house,2,-
919612578,house,2,-
919612579,house,2,-
919612580,house,2,-
919612581,house,2,-
919612582,house,2,-
919612583,house,2,-
919612584,house,2,-
919612585,house,2,-
919612586,house,2,-
919612587,house,2,-
919612588,house,2,-
919612589,house,2,-
919612590,house,2,-
919612591,house,2,-
919612592,house,2,-
919612593,house,2,-
919612594,house,2,-
919612598,house,2,-
919612599,house,2,-
919612600,house,2,-
919612601,house,2,-
919612602,house,2,-
919612603,house,2,-
919612604,house,2,-
919612605,house,2,-
919612606,house,2,-
919612607,house,2,-
919612608,house,2,-
919612609,house,2,-
919612610,house,2,-
919612611,house,2,-
919612612,house,1,-
919612615,yes,1,-
919702458,house,2,-
919702459,house,2,-
919702460,house,2,-
919702461,house,2,-
919702462,house,2,-
919702463,house,2,-
919702464,house,2,-
919702465,house,2,-
919702466,house,2,-
919702467,house,2,-
919702468,house,2,-
919702469,house,2,-
919702470,house,2,-
919702471,house,2,-
919702472,house,2,-
919702473,house,2,-
919702474,house,2,-
919702475,house,2,-
919702476,house,2,-
919702477,house,2,-
919702478,house,2,-
919702479,house,2,-
919702480,house,2,-
919702481,house,2,-
919702482,house,2,-
919774184,yes,2,-
919866143,apartments,5,-
919866144,apartments,5,-
919899936,apartments,5,-
919899937,apartments,11,-
919899938,retail,2,-
919899939,house,2,-
919899940,house,2,-
919899941,house,2,-
919899942,house,2,-
919899943,house,2,-
919899944,house,2,-
919899945,house,2,-
919899946,house,2,-
919899947,house,2,-
919899948,house,2,-
919899949,house,2,-
919899950,house,2,-
919899951,house,2,-
919899952,house,2,-
919899953,house,2,-
919899954,house,2,-
919899955,house,2,-
919899956,house,2,-
919899957,house,2,-
919899958,house,2,-
919899959,house,2,-
919899960,house,2,-
919899961,house,2,-
919899962,house,2,-
919899963,house,2,-
919899964,house,2,-
919899965,house,2,-
919899966,house,2,-
919899967,house,2,-
919899968,house,2,-
919899969,house,2,-
919899970,house,2,-
919899971,house,2,-
919899972,house,2,-
919899973,house,2,-
919899974,house,2,-
919899975,house,2,-
919899976,house,2,-
919899977,house,2,-
919899978,house,2,-
919899979,house,2,-
919899980,house,2,-
919899981,house,2,-
919899982,house,2,-
919899983,house,2,-
919899984,house,2,-
919899985,house,2,-
919899986,house,2,-
919899987,house,2,-
920564563,retail,5,-
920564565,house,1,-
921010179,house,2,-
921010180,house,2,-
921010181,house,2,-
921010182,house,2,-
921010183,house,2,-
921010184,house,2,-
921010185,house,2,-
921010186,house,2,-
921010187,house,2,-
921010188,house,2,-
921010189,house,2,-
921010190,house,2,-
921010191,house,2,-
921010192,house,2,-
921010193,house,2,-
921010194,house,2,-
921010195,house,2,-
921010196,house,2,-
921010197,house,2,-
921010198,house,2,-
921010199,house,2,-
921010200,house,2,-
921010201,house,2,-
921010202,house,2,-
921010203,house,2,-
921010204,house,2,-
921010205,house,2,-
921010206,house,2,-
921010207,house,2,-
921010208,house,2,-
921010209,house,2,-
921010210,house,2,-
921010211,house,2,-
921010212,house,2,-
921010213,house,2,-
921010214,house,2,-
921010215,house,2,-
921010216,house,2,-
921050998,house,2,-
921302405,apartments,5,-
921302406,apartments,5,-
921302407,apartments,5,-
921302408,apartments,5,-
921302409,apartments,5,-
921302410,apartments,5,-
921302411,apartments,5,-
921302412,apartments,5,-
921894818,house,2,-
921894819,house,2,-
921894820,house,2,-
921894821,house,2,-
921894822,house,2,-
921894823,house,2,-
921894824,house,2,-
921894825,house,2,-
921894826,house,2,-
921894827,house,2,-
921894828,house,2,-
921894829,house,2,-
921894830,house,2,-
921894831,house,2,-
921894832,house,2,-
921894833,house,2,-
921894834,house,2,-
921894835,house,2,-
921894836,house,2,-
921894837,house,2,-
921894838,house,2,-
921894839,house,2,-
921894840,house,2,-
921894841,house,2,-
921894842,house,2,-
921894843,house,2,-
921894844,house,2,-
921894845,house,2,-
921894846,house,2,-
921894847,house,2,-
921894848,house,2,-
921894849,house,2,-
921894850,house,2,-
921894851,house,2,-
921894852,house,2,-
921894853,house,2,-
921894854,house,2,-
921894855,house,2,-
921894856,house,2,-
921894857,house,2,-
921894858,house,2,-
921894859,house,2,-
921894860,house,2,-
921894861,house,2,-
921894862,house,2,-
921894863,house,2,-
921894864,house,2,-
921894865,house,2,-
921894866,house,2,-
921894867,house,2,-
921894868,house,2,-
921894869,house,2,-
921894870,house,2,-
921894871,house,2,-
921894872,house,2,-
921894873,house,2,-
921894874,house,2,-
921894875,house,2,-
921894876,house,2,-
921894877,house,2,-
921894878,house,2,-
921894879,house,2,-
921894880,house,2,-
921894881,house,2,-
921894882,house,2,-
921894883,house,2,-
921894884,house,2,-
921894885,house,2,-
921894886,house,2,-
921894887,house,2,-
921894888,house,2,-
921894889,house,2,-
921894890,house,2,-
921894891,house,2,-
921894892,house,2,-
921894893,house,2,-
921894894,house,2,-
921894895,house,2,-
921894896,house,2,-
921894897,house,2,-
921894898,house,2,-
921894899,house,2,-
921894900,house,2,-
921894901,house,2,-
921894902,house,2,-
921894903,house,2,-
921894904,house,2,-
921894905,house,2,-
921894906,house,2,-
921894907,house,2,-
921894908,house,2,-
921894909,house,2,-
921894910,house,2,-
921894911,house,2,-
921894912,house,2,-
921894913,house,2,-
921894914,house,2,-
921894915,house,2,-
921894916,house,2,-
921894917,house,2,-
921894918,house,2,-
921894919,house,2,-
921894920,house,2,-
921894921,house,2,-
921894922,house,2,-
921894923,house,2,-
921894924,house,2,-
921894925,house,2,-
921894926,house,2,-
921894927,house,2,-
921894928,house,2,-
921894929,house,2,-
921894930,house,2,-
921894931,house,2,-
921894932,house,2,-
921894933,house,2,-
921894934,house,2,-
921894935,house,2,-
921894936,house,2,-
921894937,house,2,-
921894938,house,2,-
921894939,house,2,-
921894940,house,2,-
921894941,house,2,-
921894942,house,2,-
921894943,house,2,-
921894944,house,2,-
921894945,house,2,-
921894946,house,2,-
921894947,house,2,-
921894948,house,2,-
921894949,house,2,-
921894950,house,2,-
921894951,house,2,-
921894952,house,2,-
921894953,house,2,-
921894954,house,2,-
921894955,house,2,-
921894956,house,2,-
921894957,house,2,-
921894958,house,2,-
921894959,house,2,-
921894960,house,2,-
921894961,house,2,-
921894962,house,2,-
921894963,house,2,-
921894964,house,2,-
921894965,house,2,-
921894966,house,2,-
921894967,house,2,-
921894968,house,2,-
921894969,house,2,-
921894970,house,2,-
921894971,house,2,-
921894972,house,2,-
921894973,house,2,-
921894974,house,2,-
921894975,house,2,-
921894976,house,2,-
921894977,house,2,-
921894978,house,2,-
921894979,house,2,-
921894980,house,2,-
921894981,house,2,-
921894982,house,2,-
921894983,house,2,-
921894984,house,2,-
921894985,house,2,-
921894986,house,2,-
921894987,house,2,-
921894988,house,2,-
921894989,house,2,-
921894990,house,2,-
921894991,house,2,-
921894992,house,2,-
921894993,house,2,-
921894994,house,2,-
921894995,house,2,-
921894996,house,2,-
921894997,house,2,-
921894998,house,2,-
921894999,house,2,-
921895000,house,2,-
921895001,house,2,-
921895002,house,2,-
921895003,house,2,-
921895004,house,2,-
921895005,house,2,-
921895006,house,2,-
921895007,house,2,-
921895008,house,2,-
921895009,house,2,-
921895010,house,2,-
921895011,house,2,-
921895012,house,2,-
921895013,house,2,-
921895014,house,2,-
921895015,house,2,-
921895016,house,2,-
921895017,house,2,-
921895018,house,2,-
921901233,house,2,-
921901234,house,2,-
921901235,house,2,-
921901236,house,2,-
921901237,house,2,-
921901238,house,2,-
921901239,house,2,-
921901240,house,2,-
921901241,house,2,-
921901242,house,2,-
921901243,house,2,-
921901244,house,2,-
921901245,house,2,-
921901246,house,2,-
921901247,house,2,-
921901248,house,2,-
921901249,house,2,-
921901250,house,2,-
921901251,house,2,-
921901252,house,2,-
921901253,house,2,-
921901254,house,2,-
921901255,house,2,-
921901256,house,2,-
921901257,house,2,-
921901258,house,2,-
921901259,house,2,-
921901260,house,2,-
921901261,house,2,-
921901262,house,2,-
921901263,house,2,-
921901264,house,2,-
921901265,house,2,-
921901266,house,2,-
921901267,house,2,-
921901268,house,2,-
921901269,house,2,-
921901270,house,2,-
921901271,house,2,-
921901272,house,2,-
921901273,house,2,-
921901274,house,2,-
921901275,house,2,-
921901276,house,2,-
921901277,house,2,-
921901278,house,2,-
921901279,house,2,-
921901280,house,2,-
921901281,house,2,-
921901282,house,2,-
921901283,house,2,-
921901284,house,2,-
921901285,house,2,-
921901286,house,2,-
921901287,house,2,-
921901288,house,2,-
921901289,house,2,-
921901290,house,2,-
921901291,house,2,-
921901292,house,2,-
921901293,house,2,-
921901294,house,2,-
921901295,house,2,-
921901296,house,2,-
921901297,house,2,-
921901298,house,2,-
921901299,house,2,-
921901300,house,2,-
921901301,house,2,-
921901302,house,2,-
921901303,house,2,-
921901304,house,2,-
921901305,house,2,-
921901306,house,2,-
921901307,house,2,-
921901308,house,2,-
921901309,house,2,-
921901310,house,2,-
921901311,house,2,-
921901312,house,2,-
921901313,house,2,-
921901314,house,2,-
921901315,house,2,-
921901316,house,2,-
921901317,house,2,-
921901318,house,2,-
921901319,house,2,-
921901320,house,2,-
921901321,house,2,-
921901324,house,2,-
921901325,house,2,-
921901326,house,2,-
921901327,house,2,-
921901328,house,2,-
921901329,house,2,-
921901330,house,2,-
921901331,house,2,-
921901332,house,2,-
921901333,house,2,-
921901334,house,2,-
921901335,house,2,-
921901336,house,2,-
921901337,house,2,-
921901338,house,2,-
921901339,house,2,-
921901340,house,2,-
921901341,house,2,-
921901342,house,2,-
921901343,house,2,-
921901344,house,2,-
921901345,house,2,-
921901346,house,2,-
921901347,house,2,-
921901348,house,2,-
921901350,house,2,-
921901351,house,2,-
921901352,house,2,-
921901353,house,2,-
921901354,house,2,-
921901355,house,2,-
921901356,house,2,-
921901357,house,2,-
921901358,house,2,-
921901359,house,2,-
921901360,house,2,-
921901361,house,2,-
921901362,house,2,-
921901363,house,2,-
921901364,house,2,-
921901365,house,2,-
921901366,house,2,-
921901367,house,2,-
921901368,house,2,-
921901369,house,2,-
921901370,house,2,-
921901371,house,2,-
921901372,house,2,-
921901373,house,2,-
921901374,house,2,-
921901375,house,2,-
921901376,house,2,-
921901377,house,2,-
921901378,house,2,-
921901379,house,2,-
921901380,house,2,-
921901381,house,2,-
921901382,house,2,-
921901383,house,2,-
921901384,house,2,-
921901385,house,2,-
921901386,house,2,-
921901387,house,2,-
921901388,house,2,-
921901389,house,2,-
921901390,house,2,-
921901391,house,2,-
921901392,house,2,-
921901393,house,2,-
921901394,house,2,-
921901395,house,2,-
921901396,house,2,-
921901397,house,2,-
921901398,house,2,-
921901399,house,2,-
921901400,house,2,-
921901401,house,2,-
921901402,house,2,-
921901403,house,2,-
921901404,house,2,-
921901405,house,2,-
921901406,house,2,-
921901407,house,2,-
921901408,house,2,-
921901409,house,2,-
921901410,house,2,-
921901411,house,2,-
921901412,house,2,-
921901413,house,2,-
921901414,house,2,-
921901415,house,2,-
921901416,house,2,-
921901417,house,2,-
921901418,house,2,-
921901419,house,2,-
921901420,house,2,-
921901421,house,2,-
921901422,house,2,-
921901423,house,2,-
921901424,house,2,-
921901425,house,2,-
921901426,house,2,-
921901427,house,2,-
921901428,house,2,-
921901429,house,2,-
921901430,house,2,-
921901431,house,2,-
921901432,house,2,-
921901433,house,2,-
921901434,house,2,-
921901435,house,2,-
921901436,house,2,-
921901437,house,2,-
921901438,house,2,-
921901439,house,2,-
921901440,house,2,-
921901441,house,2,-
921901442,house,2,-
921901443,house,2,-
921901444,house,2,-
921901445,house,2,-
921901446,house,2,-
921901447,house,2,-
921901448,house,2,-
921901449,house,2,-
921901450,house,2,-
921901451,house,2,-
921901452,house,2,-
921901453,house,2,-
921901454,house,2,-
921901455,house,2,-
921901456,house,2,-
921901457,house,2,-
921901458,house,2,-
921901459,house,2,-
921901460,house,2,-
921901461,house,2,-
921901462,house,2,-
921901463,house,2,-
921901464,house,2,-
921901465,house,2,-
921901466,house,2,-
921901467,house,2,-
921901468,house,2,-
921901469,house,2,-
921901470,house,2,-
921901471,house,2,-
921901472,house,2,-
921901473,house,2,-
921901474,house,2,-
921901475,house,2,-
921901476,house,2,-
921901477,house,2,-
921901478,house,2,-
921901479,house,2,-
921901480,house,2,-
921901481,house,2,-
921901482,house,2,-
921901483,house,2,-
921901484,house,2,-
921901485,house,2,-
921901486,house,2,-
921901487,house,2,-
921901488,house,2,-
921901489,house,2,-
921901490,house,2,-
921901491,house,2,-
921901492,house,2,-
921901493,house,2,-
921901494,house,2,-
921901495,house,2,-
921901496,house,2,-
921901497,house,2,-
921901498,house,2,-
921901499,house,2,-
921901500,house,2,-
921901501,house,2,-
921901502,house,2,-
921901503,house,2,-
921901504,house,2,-
921901505,house,2,-
921901506,house,2,-
921901507,house,2,-
921901508,house,2,-
921901509,house,2,-
921901510,house,2,-
921901511,house,2,-
921901512,house,2,-
921901513,house,2,-
921901514,house,2,-
921901515,house,2,-
921901516,house,2,-
921901517,house,2,-
921901518,house,2,-
921901519,house,2,-
921901520,house,2,-
921901521,house,2,-
921901522,house,2,-
921901523,house,2,-
921901524,house,2,-
921901525,house,2,-
921901526,house,2,-
921901527,house,2,-
921901528,house,2,-
921901529,house,2,-
921901530,house,2,-
921901531,house,2,-
921901532,house,2,-
921901533,house,2,-
921901534,house,2,-
921901535,house,2,-
921901536,house,2,-
921901537,house,2,-
921901538,house,2,-
921901539,house,2,-
921901540,house,2,-
921901541,house,2,-
921901542,house,2,-
921901543,house,2,-
921901544,house,2,-
921901545,house,2,-
921901546,house,2,-
921901547,house,2,-
921901548,house,2,-
921901549,house,2,-
921901550,house,2,-
921901551,house,2,-
921901552,house,2,-
921901553,house,2,-
921901554,house,2,-
921901555,house,2,-
921901556,house,2,-
921901557,house,2,-
921901558,house,2,-
921901559,house,2,-
921901560,house,2,-
921901561,house,2,-
921901562,house,2,-
921901563,house,2,-
921901564,house,2,-
921901565,house,2,-
921901566,house,2,-
921901567,house,2,-
921901568,house,2,-
921901569,house,2,-
921901570,house,2,-
921901571,house,2,-
921901572,house,2,-
921901573,house,2,-
921901574,house,2,-
921901575,house,2,-
921901576,house,2,-
921901577,house,2,-
921901578,house,2,-
921901579,house,2,-
921901580,house,2,-
921901581,house,2,-
921901582,house,2,-
921901583,house,2,-
921901584,house,2,-
921901585,house,2,-
921901586,house,2,-
921901587,house,2,-
921901588,house,2,-
921901589,house,2,-
921901590,house,2,-
921901591,house,2,-
921901592,house,2,-
921901593,house,2,-
921901594,house,2,-
921901595,house,2,-
921901596,house,2,-
921901597,house,2,-
921901598,house,2,-
921901599,house,2,-
921901600,house,2,-
921901601,house,2,-
921901602,house,2,-
921901603,house,2,-
921901604,house,2,-
921901605,house,2,-
921901606,house,2,-
921901607,house,2,-
921901608,house,2,-
921901609,house,2,-
921901610,house,2,-
921901611,house,2,-
921901612,house,2,-
921901613,house,2,-
921901614,house,2,-
921901615,house,2,-
921901616,house,2,-
921901617,house,2,-
921901618,house,2,-
921901619,house,2,-
921901620,house,2,-
921901621,house,2,-
921901622,house,2,-
921901623,house,2,-
921901624,house,2,-
921901625,house,2,-
921901626,house,2,-
921901627,house,2,-
921901628,house,2,-
921901629,house,2,-
921901630,house,2,-
921901631,house,2,-
921901632,house,2,-
921901633,house,2,-
921901634,house,2,-
921901635,house,2,-
921901636,house,2,-
921901637,house,2,-
921901638,house,2,-
921901639,house,2,-
921901640,house,2,-
921901641,house,2,-
921901642,house,2,-
921901643,house,2,-
921901644,house,2,-
921901645,house,2,-
921901646,house,2,-
921901647,house,2,-
921901648,house,2,-
921901649,house,2,-
921901650,house,2,-
921901651,house,2,-
921901652,house,2,-
921901653,house,2,-
921901654,house,2,-
921901655,house,2,-
921901656,house,2,-
921901657,house,2,-
921901658,house,2,-
921901659,house,2,-
921901660,house,2,-
921901661,house,2,-
921901662,house,2,-
921901663,house,2,-
921901664,house,2,-
921901665,house,2,-
921901666,house,2,-
921901667,house,2,-
921901668,house,2,-
921901669,house,2,-
921901670,house,2,-
921901671,house,2,-
921901672,house,2,-
921901673,house,2,-
921901674,house,2,-
921901675,house,2,-
921901676,house,2,-
921901677,house,2,-
921901678,house,2,-
921901679,house,2,-
921901680,house,2,-
921901681,house,2,-
921901682,house,2,-
921901683,house,2,-
921901684,house,2,-
921901685,house,2,-
921901686,house,2,-
921901687,house,2,-
921901688,house,2,-
921901689,house,2,-
921901690,house,2,-
921901691,house,2,-
921901692,house,2,-
921901693,house,2,-
921901694,house,2,-
921901695,house,2,-
921901696,house,2,-
921901697,house,2,-
921901698,house,2,-
921901699,house,2,-
921901700,house,2,-
921901701,house,2,-
921901702,house,2,-
921901703,house,2,-
921901704,house,2,-
921901705,house,2,-
921901706,house,2,-
921901707,house,2,-
921901708,house,2,-
921901709,house,2,-
921901710,house,2,-
921901711,house,2,-
921901712,house,2,-
921901713,house,2,-
921901714,house,2,-
921901715,house,2,-
921901716,house,2,-
921901717,house,2,-
921901718,house,2,-
921901719,house,2,-
921901720,house,2,-
921901721,house,2,-
921901722,house,2,-
921901723,house,2,-
921901724,house,2,-
921901725,house,2,-
921901726,house,2,-
921901727,house,2,-
921901728,house,2,-
921901729,house,2,-
921901730,house,2,-
921901731,house,2,-
921901732,house,2,-
921901733,house,2,-
921901734,house,2,-
921901735,house,2,-
921901736,house,2,-
921901737,house,2,-
921901738,house,2,-
921901739,house,2,-
921901740,house,2,-
921901741,house,2,-
921901742,house,2,-
921901743,house,2,-
921901744,house,2,-
921901745,house,2,-
921901746,house,2,-
921901747,house,2,-
921901748,house,2,-
921901749,house,2,-
921901750,house,2,-
921901751,house,2,-
921901752,house,2,-
921901753,house,2,-
921901754,house,2,-
921901755,house,2,-
921901756,house,2,-
921901757,house,2,-
921901758,house,2,-
921901759,house,2,-
921901760,house,2,-
921901761,house,2,-
921901762,house,2,-
921901763,house,2,-
921901764,house,2,-
921901765,house,2,-
921901766,house,2,-
921901767,house,2,-
921901768,house,2,-
921901769,house,2,-
921901770,house,2,-
921901771,house,2,-
921901772,house,2,-
921901773,house,2,-
921901774,house,2,-
921901775,house,2,-
921901776,house,2,-
921901777,house,2,-
921901778,house,2,-
921901779,house,2,-
921901780,house,2,-
921901781,house,2,-
921901782,house,2,-
921901783,house,2,-
921901784,house,2,-
921901785,house,2,-
921901786,house,2,-
921901787,house,2,-
921901788,house,2,-
921901789,house,2,-
921901790,house,2,-
921901791,house,2,-
921901792,house,2,-
921901793,house,2,-
921901794,house,2,-
921901795,house,2,-
921901796,house,2,-
921901797,house,2,-
921901798,house,2,-
921901799,house,2,-
921901800,house,2,-
921901801,house,2,-
921901802,house,2,-
921901803,house,2,-
921901804,house,2,-
921901805,house,2,-
921901806,house,2,-
921901807,house,2,-
921901808,house,2,-
921901809,house,2,-
921901810,house,2,-
921901811,house,2,-
921901812,house,2,-
921901813,house,2,-
921901814,house,2,-
921901815,house,2,-
921901816,house,2,-
921901817,house,2,-
921901818,house,2,-
921901819,house,2,-
921901820,house,2,-
921901821,house,2,-
921901822,house,2,-
921901823,house,2,-
921901824,house,2,-
921901825,house,2,-
921901826,house,2,-
921901827,house,2,-
921901828,house,2,-
921901829,house,2,-
921901830,house,2,-
921901831,house,2,-
921901832,house,2,-
921901833,house,2,-
921901834,house,2,-
921901835,house,2,-
921901836,house,2,-
921901837,house,2,-
921901838,house,2,-
921901839,house,2,-
921901840,house,2,-
921901841,house,2,-
921901842,house,2,-
921901843,house,2,-
921901844,house,2,-
921901845,house,2,-
921901846,house,2,-
921901847,house,2,-
921901848,house,2,-
921901849,house,2,-
921901850,house,2,-
921901851,house,2,-
921901852,house,2,-
921901853,house,2,-
921901854,house,2,-
921901855,house,2,-
921901856,house,2,-
921901857,house,2,-
921901858,house,2,-
921901859,house,2,-
921901860,house,2,-
921901861,house,2,-
921901862,house,2,-
921901863,house,2,-
921901864,house,2,-
921901865,house,2,-
921901866,house,2,-
921901867,house,2,-
921901868,house,2,-
921901869,house,2,-
921901870,house,2,-
921901871,house,2,-
921901872,house,2,-
921901873,house,2,-
921901874,house,2,-
921901875,house,2,-
921901876,house,2,-
921901877,house,2,-
921901878,house,2,-
921901879,house,2,-
921901880,house,2,-
921901881,house,2,-
921901882,house,2,-
921901883,house,2,-
921901884,house,2,-
921901885,house,2,-
921901886,house,2,-
921901887,house,2,-
921901888,house,2,-
921901889,house,2,-
921901890,house,2,-
921901891,house,2,-
921901892,house,2,-
921901893,house,2,-
921901894,house,2,-
921901895,house,2,-
921901896,house,2,-
921901897,house,2,-
921901898,house,2,-
921901899,house,2,-
921901900,house,2,-
921901901,house,2,-
921901902,house,2,-
921901903,house,2,-
921901904,house,2,-
921901905,house,2,-
921901906,house,2,-
921901907,house,2,-
921901908,house,2,-
921901909,house,2,-
921901910,house,2,-
921901911,house,2,-
921901912,house,2,-
921901913,house,2,-
921901914,house,2,-
921901915,house,2,-
921901916,house,2,-
921901917,house,2,-
921901918,house,2,-
921901919,house,2,-
921901920,house,2,-
921901921,house,2,-
921901922,house,2,-
921901923,house,2,-
921901924,house,2,-
921901925,house,2,-
921901926,house,2,-
921901927,house,2,-
921901928,house,2,-
921901929,house,2,-
921901930,house,2,-
921901931,house,2,-
921901932,house,2,-
921901933,house,2,-
921901934,house,2,-
921901935,house,2,-
921901936,house,2,-
921901937,house,2,-
921901938,house,2,-
921901939,house,2,-
921901940,house,2,-
921901941,house,2,-
921901942,house,2,-
921901943,house,2,-
921901944,house,2,-
921901945,house,2,-
921901946,house,2,-
921901947,house,2,-
921901948,house,2,-
921901949,house,2,-
921901950,house,2,-
921901951,house,2,-
921901952,house,2,-
921901953,house,2,-
921901954,house,2,-
921901955,house,2,-
921901956,house,2,-
921901957,house,2,-
921901958,house,2,-
921901959,house,2,-
921901960,house,2,-
921901961,house,2,-
921901962,house,2,-
921901963,house,2,-
921901964,house,2,-
921901965,house,2,-
921901966,house,2,-
921901967,house,2,-
921901968,house,2,-
921901969,house,2,-
921901970,house,2,-
921901971,house,2,-
921901972,house,2,-
921901973,house,2,-
921901974,house,2,-
921901975,house,2,-
921901976,house,2,-
921901977,house,2,-
921901978,house,2,-
921901979,house,2,-
921901980,house,2,-
921901981,house,2,-
921901982,house,2,-
921901983,house,2,-
921901984,house,2,-
921901985,house,2,-
921901986,house,2,-
921901987,house,2,-
921901988,house,2,-
921901989,house,2,-
921901990,house,2,-
921901991,house,2,-
921901992,house,2,-
921901993,house,2,-
921901994,house,2,-
921901995,house,2,-
921901996,house,2,-
921901997,house,2,-
921901998,house,2,-
921901999,house,2,-
921902000,house,2,-
921902001,house,2,-
921902002,house,2,-
921902003,house,2,-
921902004,house,2,-
921902005,house,2,-
921902006,house,2,-
921902007,house,2,-
921902008,house,2,-
921902009,house,2,-
921902612,house,2,-
922757321,apartments,3,-
922961248,apartments,9,-
922961249,apartments,9,-
922961250,apartments,9,-
922961254,yes,19,-
923085565,house,1,-
923085567,yes,1,-
923085568,house,1,-
923085572,house,1,-
923085575,house,1,-
923164447,apartments,19,-
923177495,apartments,27,-
923177498,apartments,17,-
923201012,apartments,18,-
923201022,apartments,13,-
923201023,apartments,13,-
923537927,apartments,6,-
923537928,apartments,6,-
923537929,apartments,6,-
923537930,apartments,6,-
923539747,apartments,20,-
923539748,apartments,20,-
923559644,apartments,26,-
923833034,apartments,14,-
923833038,apartments,11,-
923833041,apartments,4,-
923833042,apartments,4,-
923833043,apartments,14,-
923928573,commercial,2,-
923928578,apartments,25,-
923928579,apartments,18,-
923928580,apartments,26,-
923928581,apartments,24,-
924399784,apartments,20,-
924399786,apartments,20,-
924399787,apartments,24,-
924399790,apartments,18,-
924399791,apartments,11,-
924399792,apartments,14,-
924399793,apartments,24,-
924399797,office,8,-
924410579,apartments,26,-
924410580,apartments,26,-
924410583,apartments,26,-
924410584,apartments,19,-
924410585,apartments,30,-
924410586,apartments,24,-
924410587,apartments,24,-
924410588,apartments,24,-
924410589,apartments,22,-
924410590,apartments,26,-
924410591,apartments,29,-
924410594,apartments,24,-
924410595,apartments,5,-
924410599,apartments,12,-
924410600,apartments,15,-
924524002,apartments,14,-
924524003,apartments,14,-
924524004,apartments,13,-
924524014,apartments,9,-
924954802,apartments,17,-
924954803,apartments,5,-
924954805,apartments,28,-
925294593,apartments,5,-
925294594,apartments,5,-
925294595,apartments,5,-
925294596,apartments,5,-
925294597,apartments,5,-
925294598,apartments,5,-
925294601,apartments,5,-
925294602,apartments,5,-
925294603,apartments,5,-
925294604,apartments,5,-
925294605,apartments,5,-
925294606,apartments,5,-
925294607,apartments,5,-
925294608,apartments,5,-
925294609,apartments,5,-
925294610,apartments,5,-
925294611,apartments,5,-
925294612,apartments,5,-
925294614,apartments,15,-
925294615,apartments,15,-
925294616,apartments,15,-
925294617,apartments,5,-
925294618,apartments,5,-
925294619,apartments,5,-
925294620,apartments,5,-
925294621,apartments,5,-
925361358,yes,1,-
925547584,house,1,-
925547586,house,2,-
925547587,house,1,-
925547588,house,1,-
925547590,house,2,-
925547591,house,2,-
925547593,house,1,-
925547594,house,2,-
925875433,house,2,-
925875434,house,1,-
925875435,house,1,-
925875437,house,1,-
925875439,house,2,-
925875440,house,1,-
925875443,house,1,-
926020802,house,1,-
926220926,house,2,-
926220930,house,2,-
926220931,house,1,-
926220932,house,1,-
926220933,house,1,-
926220934,house,2,-
926220935,house,2,-
926220936,house,1,-
926220937,house,1,-
926220938,house,1,-
926323193,house,1,-
926323195,house,1,-
926323196,house,1,-
926323199,house,1,-
926323201,house,1,-
926323206,house,1,-
926323210,house,1,-
926323211,house,1,-
926323214,house,2,-
926323215,church,1,-
926323216,house,2,-
926821705,church,1,-
926821708,house,2,-
926821709,house,1,-
926821710,house,1,-
926821711,house,1,-
926821712,house,1,-
926821713,yes,2,-
926821714,house,2,-
926821715,school,4,-
926821716,fire_station,2,-
928495782,house,2,-
928495783,house,2,-
928495784,house,1,-
928495786,office,2,-
928495788,roof,1,-
928740186,school,2,-
928897201,house,2,-
928897204,house,2,-
928897207,house,2,-
928897208,house,2,-
928897209,house,2,-
928897212,house,2,-
928897216,house,2,-
928897218,house,2,-
928897219,house,2,-
928897220,house,2,-
928897224,house,2,-
929226070,yes,1,-
929226071,house,2,-
929226072,house,2,-
929226073,house,1,-
929226080,house,1,-
929226082,house,1,-
929226083,house,1,-
929226084,house,1,-
929226086,house,1,-
929226087,house,1,-
929226088,house,1,-
929226090,house,1,-
929226092,house,1,-
929226093,house,1,-
929226094,house,1,-
929226097,house,1,-
929226098,house,1,-
929226104,house,1,-
929226105,house,1,-
929226106,house,1,-
929226107,house,2,-
929226108,house,2,-
929226109,house,1,-
929226110,house,1,-
929226112,house,1,-
929226113,house,2,-
929226115,house,1,-
929226116,house,1,-
929226117,house,2,-
929226118,house,1,-
929226119,house,2,-
929226120,house,1,-
929226121,house,2,-
929751841,yes,2,-
929751842,house,1,-
929751843,house,2,-
930313130,school,2,-
930313131,house,1,-
930313132,house,2,-
930313133,house,1,-
930313134,house,1,-
930313135,house,1,-
930313137,house,1,-
930313138,house,2,-
930313139,house,1,-
930313141,house,2,-
930313144,public,2,-
930313145,house,2,-
930313146,house,2,-
930313147,house,2,-
930313148,yes,1,-
930313149,yes,1,-
930313150,yes,1,-
930313151,yes,1,-
930313152,house,2,-
930313153,yes,1,-
930313154,house,2,-
930313155,house,2,-
930313157,house,2,-
930313158,house,2,-
930313159,house,2,-
930313160,house,2,-
930313161,house,2,-
930313162,house,2,-
930313163,house,2,-
930313164,house,2,-
930313165,house,2,-
930313166,house,2,-
930313167,house,2,-
930313168,house,2,-
930313169,house,2,-
930313170,house,2,-
930313171,house,2,-
930313172,house,2,-
930313173,house,2,-
930313174,house,2,-
930313175,house,2,-
930313176,house,2,-
930313177,house,2,-
930313178,house,2,-
930313179,house,2,-
930313180,house,2,-
930313181,house,2,-
930313182,house,2,-
930313183,house,2,-
930313184,house,2,-
930313185,house,2,-
930313186,house,2,-
930313187,house,2,-
930313188,house,2,-
930313189,house,2,-
930313190,house,1,-
930313191,house,1,-
930313192,house,1,-
930313194,house,1,-
930313195,house,2,-
930313196,house,1,-
930313197,house,1,-
930313199,house,1,-
930313200,house,1,-
930313201,house,1,-
930313202,house,1,-
930313203,house,1,-
930313204,house,2,-
930313205,house,1,-
930313206,house,2,-
930313207,house,1,-
930313208,house,2,-
930313209,house,1,-
930313212,house,1,-
930313213,house,2,-
930688260,house,1,-
930688261,house,1,-
930688262,house,1,-
930688263,house,1,-
930688264,house,1,-
930688266,house,1,-
930688267,house,1,-
930688268,house,1,-
930688269,house,1,-
930688270,house,1,-
930688271,house,1,-
930688272,house,1,-
930688273,house,1,-
930688274,house,1,-
930688275,house,2,-
930688276,house,1,-
930688277,house,1,-
930688278,house,1,-
930688279,house,1,-
930688281,house,1,-
930688283,house,1,-
930688284,house,1,-
930688285,house,2,-
930688286,house,1,-
930688288,house,1,-
930688290,house,1,-
930688291,house,1,-
930688292,house,2,-
930688293,house,1,-
930688294,house,2,-
930688297,house,1,-
930688298,house,2,-
930688299,house,1,-
930688300,house,2,-
930688301,house,1,-
930688302,house,1,-
930688303,house,1,-
930688304,school,2,-
930688305,school,2,-
931034071,house,1,-
931034072,yes,1,-
931591043,yes,1,-
931595130,house,1,-
931595131,house,1,-
931595132,house,1,-
931595133,house,1,-
932037424,house,2,-
932037425,house,2,-
932037426,house,2,-
932037427,house,2,-
932037428,house,2,-
932037429,house,2,-
932037430,house,2,-
932037431,house,2,-
932037432,house,2,-
932037433,house,2,-
932037434,house,2,-
932037435,house,2,-
932037436,house,2,-
932037437,house,2,-
932037438,house,2,-
932037439,house,2,-
932037440,house,2,-
932037441,house,2,-
932037442,house,2,-
932037443,house,2,-
932037444,house,2,-
932037445,house,2,-
932037446,house,2,-
932037447,house,2,-
932037448,house,2,-
932037449,house,2,-
932037450,house,2,-
932037451,house,2,-
932037452,house,2,-
932037453,house,2,-
932037454,house,2,-
932037455,house,2,-
932037456,house,2,-
932037457,house,2,-
932037458,house,2,-
932037459,house,2,-
932037460,house,2,-
932037461,house,2,-
932037462,house,2,-
932037463,house,2,-
932037464,house,2,-
932037465,house,2,-
932037466,house,2,-
932037467,house,2,-
932037468,house,2,-
932037469,house,2,-
932913061,house,2,-
932913062,house,2,-
932913063,house,1,-
932913064,house,1,-
932913065,house,1,-
932913066,house,1,-
932913067,house,1,-
932913068,house,1,-
932913069,house,1,-
932913070,house,1,-
932913072,house,2,-
932913074,house,1,-
932913075,house,1,-
932913076,yes,1,-
932913077,house,2,-
932913079,house,1,-
932913080,house,1,-
932913081,house,2,-
932913082,house,1,-
932913083,house,2,-
932913085,house,1,-
932913086,house,2,-
932913087,house,1,-
932913088,house,1,-
932913089,garage,1,-
932913090,house,2,-
932913092,house,1,-
932913093,roof,1,-
932913096,house,1,-
932913098,house,1,-
932913099,house,1,-
932913100,house,1,-
932913101,house,1,-
932913102,house,1,-
932913103,house,1,-
932913104,house,1,-
932913105,house,2,-
932913106,house,1,-
932913107,house,2,-
932913108,house,2,-
932913109,house,2,-
932913110,house,1,-
932913112,house,1,-
932913113,house,2,-
932913119,house,2,-
932913120,house,1,-
932913121,house,2,-
932913122,house,2,-
932913123,house,2,-
932913124,house,1,-
932913125,house,1,-
932913126,house,2,-
932913127,house,1,-
932913128,house,1,-
932913129,house,1,-
932913130,house,1,-
932913131,yes,1,-
932913132,house,2,-
932913133,house,1,-
932913134,house,1,-
932913136,house,1,-
932913138,house,1,-
932913139,house,2,-
932913140,house,1,-
932913141,house,2,-
932913142,house,1,-
932913143,house,1,-
932913144,house,2,-
932913145,house,1,-
932913146,house,1,-
932913147,house,1,-
932913148,house,1,-
932913149,house,1,-
932913151,house,1,-
932913153,house,1,-
932913154,house,1,-
933350759,school,3,-
933350763,house,1,-
933350768,yes,2,-
933902561,house,1,-
933902562,house,2,-
933902563,house,2,-
933902564,house,1,-
933902565,house,1,-
933902572,house,1,-
933902573,house,2,-
933902576,house,2,-
933902577,house,1,-
933902582,house,2,-
933902583,house,2,-
933902584,house,2,-
933902585,house,2,-
933902586,house,2,-
933902587,house,2,-
933902588,house,2,-
933902589,house,2,-
933902591,house,2,-
933902592,house,2,-
933902593,house,2,-
933902594,house,2,-
933902595,house,2,-
933902596,house,2,-
933902597,house,2,-
933902598,house,2,-
933902599,house,2,-
933902600,house,2,-
933902601,house,2,-
933902602,house,2,-
933902603,house,2,-
933902604,house,2,-
933902605,house,2,-
933902606,house,2,-
933902607,house,2,-
933902608,house,2,-
933902609,house,2,-
933902610,house,2,-
933902611,house,2,-
933902612,house,2,-
933902613,house,2,-
933902614,house,1,-
934488963,yes,1,-
935847344,house,1,-
935847345,house,1,-
935847346,yes,1,-
935847347,house,2,-
935847348,house,2,-
935847349,church,1,-
935847350,house,1,-
935847352,house,2,-
935847355,house,1,-
935847356,house,1,-
935847357,house,1,-
935847358,house,1,-
935847359,house,1,-
935847360,house,1,-
935847361,house,1,-
935847362,house,1,-
935847365,house,1,-
935847367,house,1,-
935847368,house,2,-
935847369,house,2,-
935847374,house,2,-
941085441,house,1,-
941085442,house,1,-
941085443,house,2,-
941085444,house,1,-
941085445,house,1,-
941150527,house,1,-
941150528,house,1,-
941150529,house,1,-
941150530,house,1,-
941150531,house,1,-
941150532,house,1,-
941150536,house,1,-
941150538,house,2,-
941150539,house,1,-
941150540,house,2,-
941150541,house,1,-
941150542,house,1,-
941150543,house,2,-
941150544,house,1,-
941150545,house,1,-
941150546,house,1,-
941150547,house,1,-
941150549,house,2,-
941150550,house,1,-
941150551,house,1,-
941150552,house,1,-
941150553,house,1,-
941150554,house,1,-
941150556,house,2,-
941150557,house,1,-
941150558,house,1,-
941150559,house,1,-
941150560,house,1,-
941150561,house,1,-
941150562,house,1,-
941150563,house,1,-
941825759,house,1,-
941825761,house,1,-
941825762,house,1,-
941825763,house,1,-
941825766,house,1,-
941946270,house,1,-
943331859,house,2,-
943331860,house,2,-
943331861,house,2,-
943331862,house,2,-
943331863,house,2,-
943331864,house,3,-
943331865,house,3,-
943331866,house,3,-
943331867,house,2,-
943331868,house,2,-
943331869,house,2,-
943331870,house,2,-
943331871,house,1,-
943331872,house,1,-
943331873,house,1,-
943331874,house,1,-
943331875,house,1,-
943360580,house,1,-
943360581,house,1,-
943360584,house,1,-
943360585,house,1,-
943360586,house,2,-
943360587,house,2,-
943360591,house,1,-
943360593,house,1,-
943360595,house,1,-
943360597,house,1,-
943360598,house,2,-
943360601,house,2,-
943360602,garage,1,-
943360605,house,2,-
943360606,house,1,-
943669160,house,2,-
943669161,house,1,-
943669162,house,1,-
943669163,house,2,-
943669165,house,1,-
943669167,house,2,-
943669168,house,1,-
943669169,house,1,-
943669170,house,1,-
943669187,house,1,-
943669203,house,2,-
943669204,house,2,-
943669209,yes,2,-
944287921,yes,2,-
944287931,house,1,-
944287932,house,1,-
944287933,house,1,-
944287935,house,2,-
944849069,house,1,-
951828927,apartments,4,-
951828928,apartments,4,-
951828929,apartments,4,-
951828930,apartments,4,-
951828931,apartments,4,-
951828932,apartments,4,-
953605012,cabin,1,-
953605013,cabin,1,-
953605014,cabin,1,-
953605015,cabin,1,-
953605016,cabin,1,-
953605017,cabin,1,-
953605018,cabin,1,-
953605019,cabin,1,-
953605020,cabin,1,-
953605021,cabin,1,-
953605022,cabin,1,-
953605023,cabin,1,-
953843078,house,2,-
953843082,house,2,-
953843092,house,1,-
953843094,house,1,-
954450784,yes,1,-
954450793,yes,1,-
958545003,house,1,-
958545004,house,1,-
958545005,house,2,-
961427840,house,2,-
961427841,house,2,-
961427842,house,2,-
961427843,commercial,2,-
961427846,house,2,-
961427847,house,2,-
961427851,roof,1,-
963326015,yes,1,-
963517880,house,1,-
963517883,yes,2,-
963517884,house,2,-
963517885,house,2,-
963517886,yes,1,-
963517889,yes,1,-
963517890,yes,1,-
963517891,house,2,-
963517892,school,1,-
963517893,school,2,-
963705059,commercial,1,-
963705060,house,1,-
963705061,house,1,-
963705062,house,1,-
963705063,yes,1,-
963705064,house,1,-
963705065,house,1,-
963705068,house,1,-
963705069,school,1,-
965102420,apartments,5,-
965102421,apartments,5,-
965102422,apartments,5,-
965102423,apartments,5,-
965102424,apartments,5,-
966039942,commercial,2,-
966039944,yes,2,-
966039945,yes,2,-
966039946,apartments,4,-
966039948,house,2,-
966039949,yes,3,-
966039950,house,2,-
966039951,house,2,-
966039954,apartments,4,-
966039955,apartments,4,-
966039956,apartments,4,-
966039957,apartments,4,-
966039958,apartments,4,-
966039959,apartments,4,-
966039960,apartments,4,-
967134969,apartments,6,-
967340230,apartments,6,-
967340264,yes,2,-
967402388,apartments,5,-
967402395,apartments,6,-
967402396,apartments,6,-
967402397,apartments,6,-
967402398,apartments,6,-
967402399,apartments,6,-
967402400,apartments,6,-
967402401,apartments,6,-
967407030,apartments,9,-
967407032,apartments,7,-
967919241,industrial,2,9
970748535,apartments,5,-
970748536,apartments,5,-
970748537,apartments,5,-
970748538,apartments,5,-
970748539,apartments,5,-
971037711,house,2,-
971037712,house,2,-
971037713,house,1,-
971037714,yes,1,-
971037715,house,1,-
971037716,house,2,-
971037718,school,1,-
971037719,house,2,-
971255549,office,2,-
971255550,yes,2,-
972413053,house,2,-
972413054,house,2,-
972413055,house,2,-
972413056,house,2,-
972413057,house,2,-
972413058,house,2,-
972413059,house,2,-
972413060,house,2,-
972413061,house,2,-
972413062,house,2,-
972413063,house,2,-
972413064,school,1,-
972413065,house,2,-
972413066,house,2,-
972413067,house,2,-
972413068,house,2,-
972413069,house,2,-
972413070,office,2,-
972413073,yes,2,-
972413074,house,2,-
972413075,house,1,-
972413077,retail,2,-
972413083,house,2,-
972945753,house,2,-
972945754,house,2,-
973611359,apartments,5,-
973611360,apartments,5,-
974167858,house,1,-
974167859,house,1,-
974167860,house,2,-
974167861,house,1,-
974167862,house,1,-
974167865,commercial,2,-
974167866,house,1,-
974167867,house,1,-
974167868,house,1,-
974167869,house,1,-
974167870,house,1,-
974167871,house,1,-
974167872,house,1,-
974167873,house,1,-
974167874,house,1,-
974167875,house,1,-
974167884,house,1,-
974167885,commercial,1,-
974167888,house,1,-
974167889,retail,1,-
974401122,house,1,-
974401123,house,1,-
974401125,house,2,-
974401127,house,2,-
974401129,house,2,-
974401130,house,2,-
974401131,house,2,-
974401132,house,2,-
974401133,house,1,-
974401134,yes,1,-
974401135,house,1,-
974401136,house,1,-
974401137,house,2,-
974401138,house,1,-
974401141,house,2,-
974401142,house,2,-
974401143,house,1,-
974401144,house,2,-
974401145,house,2,-
974401146,house,2,-
974401147,house,2,-
974401148,house,2,-
974401149,house,2,-
974401152,house,2,-
974401154,house,1,-
974401155,house,1,-
974401156,house,1,-
974401157,house,1,-
974401158,house,1,-
974401159,house,2,-
974401160,house,1,-
974401162,house,1,-
974401163,house,2,-
974401164,house,1,-
974401165,house,1,-
974401167,house,1,-
974401168,house,1,-
974401169,house,2,-
974401170,house,2,-
974401171,house,1,-
974401172,yes,1,-
983294405,commercial,1,-
983294406,commercial,1,-
983379239,service,1,-
984977796,yes,1,-
985861321,office,2,-
985861326,commercial,2,-
985861327,commercial,2,-
986752862,office,2,-
987240052,apartments,4,-
987242373,yes,1,-
987242374,yes,1,-
987242375,yes,1,-
987242384,yes,1,-
987791270,apartments,5,-
987791271,apartments,5,-
988026076,apartments,11,-
988026079,apartments,12,-
988026080,apartments,12,-
988038149,yes,2,-
988038150,apartments,5,-
988038151,apartments,5,-
988038152,apartments,5,-
988038153,apartments,5,-
988038154,apartments,5,-
988038155,apartments,5,-
988755560,apartments,6,-
989069262,house,1,-
989069267,yes,1,-
990887220,ruins,1,-
991564854,house,1,-
992813212,house,1,-
993111063,house,2,-
993319438,house,1,-
993559418,house,1,-
993645054,house,2,-
994004683,house,2,-
994095286,roof,1,-
995099515,house,1,-
995099516,house,1,-
995099517,yes,1,-
995355354,apartments,5,-
995755000,house,1,-
995755008,yes,1,-
995755009,house,2,-
995755013,yes,2,-
995755014,yes,2,-
995755016,house,1,-
995755017,house,1,-
995755018,yes,2,-
995755020,house,2,-
995755021,house,2,-
995755025,house,2,-
995755030,house,2,-
995755041,house,1,-
995755042,house,1,-
995755044,house,1,-
995755045,house,1,-
995755046,house,1,-
995755047,house,1,-
995755048,house,1,-
995755049,house,1,-
995755050,house,1,-
995755052,house,1,-
995755053,house,1,-
996360422,house,1,-
996360423,house,1,-
996360424,house,2,-
996360425,house,1,-
996360427,house,2,-
996360428,house,2,-
996360429,house,1,-
996360435,house,1,-
996360442,house,1,-
996360443,house,2,-
996360446,house,1,-
996360447,house,1,-
996360448,house,1,-
996360449,house,2,-
996360450,house,2,-
996360451,house,1,-
996360452,house,1,-
996360453,house,1,-
996360454,house,1,-
996360455,house,2,-
996360456,house,2,-
996360457,house,2,-
996360459,house,1,-
996360461,house,1,-
996360468,house,2,-
996360470,house,2,-
996360520,house,1,-
996480232,house,1,-
996480234,house,2,-
996480235,house,2,-
996480236,house,2,-
996480237,house,2,-
996480238,house,2,-
996480239,house,2,-
996480240,house,2,-
996480241,house,2,-
996480242,house,2,-
996480243,house,2,-
996480244,house,2,-
996480245,house,2,-
996480246,house,2,-
996480247,house,2,-
996480248,house,2,-
996480249,house,2,-
996480250,house,2,-
996480251,house,2,-
996480252,house,2,-
996480253,house,2,-
996480254,house,2,-
996480255,house,2,-
996480256,house,2,-
996480257,house,2,-
996480258,house,2,-
996480259,house,2,-
996480260,house,2,-
996480261,house,2,-
996480262,house,2,-
996480263,house,2,-
996480264,house,2,-
996480265,house,2,-
996480266,house,2,-
996480267,house,2,-
996675799,yes,1,-
996675802,hospital,3,-
996675803,hospital,1,-
998584068,apartments,5,-
998773836,house,2,-
998775896,house,2,-
998775897,house,2,-
998775898,house,2,-
998775899,house,2,-
998775900,house,2,-
998775901,house,2,-
998775902,house,2,-
998775903,house,2,-
998775904,house,2,-
998775905,house,2,-
998775906,house,2,-
998775907,house,2,-
998775908,house,2,-
998775909,house,2,-
998775910,house,2,-
998775911,house,2,-
998775912,house,2,-
998775913,house,2,-
998775914,house,2,-
998775915,house,2,-
998775916,house,2,-
998775917,house,2,-
998775918,house,2,-
998775919,house,2,-
998775920,house,2,-
998775921,house,2,-
998775922,house,2,-
998775923,house,2,-
998775924,house,2,-
998775925,house,2,-
998775926,house,2,-
998775927,house,2,-
998775928,house,2,-
998775929,house,2,-
998775930,house,2,-
998775931,house,2,-
998775932,house,2,-
998775933,house,2,-
998775934,house,2,-
998775935,house,2,-
998775936,house,2,-
998775937,house,2,-
998775938,house,2,-
998775939,house,2,-
998775940,house,2,-
998775941,house,2,-
998775942,house,2,-
998775943,house,2,-
998775944,house,2,-
998775945,house,2,-
998775946,house,2,-
998775947,house,2,-
998775948,house,2,-
998775949,house,2,-
998775950,house,2,-
998775951,house,2,-
998775952,house,2,-
998775953,house,2,-
998775954,house,2,-
998775955,house,2,-
998775956,house,2,-
998775957,house,2,-
998775958,house,2,-
998775959,house,2,-
998775960,house,2,-
998775961,house,2,-
998775962,house,2,-
998775963,house,2,-
998775964,house,2,-
998775965,house,2,-
998775966,house,2,-
998775967,house,2,-
998775968,house,2,-
998775969,house,2,-
998775970,house,2,-
998775971,house,2,-
998775972,house,2,-
998775973,house,2,-
998775974,house,2,-
998775975,house,2,-
998775976,house,2,-
998775977,house,2,-
998775978,house,2,-
998775979,house,2,-
998775980,house,2,-
998775981,house,2,-
998775982,house,2,-
998775983,house,2,-
998775984,house,2,-
998775985,house,2,-
998775986,house,2,-
998775987,house,2,-
998775988,house,2,-
998775989,house,2,-
998775990,house,2,-
998775991,house,2,-
998775992,house,2,-
998775993,house,2,-
1000370931,yes,1,-
1000370939,house,1,-
1000370940,house,1,-
1000370941,house,1,-
1000370942,house,1,-
1000370943,house,2,-
1000370944,house,2,-
1000370945,yes,1,-
1000370946,house,2,-
1000370947,house,1,-
1000370948,house,1,-
1000370950,house,2,-
1000370951,house,2,-
1000370952,house,2,-
1000370953,house,2,-
1000370954,house,2,-
1000370956,house,2,-
1000370957,house,1,-
1000370958,house,2,-
1000370959,house,1,-
1000370960,house,1,-
1000370961,house,1,-
1000370962,house,1,-
1000370963,house,1,-
1000370964,house,1,-
1000370966,house,1,-
1000370967,house,2,-
1000370968,house,1,-
1000370969,house,1,-
1000370973,commercial,3,-
1000656292,apartments,4,-
1000656293,apartments,4,-
1000656294,apartments,4,-
1000656295,apartments,4,-
1000656296,apartments,4,-
1000656297,apartments,4,-
1000656298,apartments,4,-
1000656299,apartments,4,-
1000656300,apartments,4,-
1000656301,apartments,4,-
1000656302,apartments,4,-
1000656303,apartments,4,-
1000656304,apartments,4,-
1000656305,apartments,4,-
1000656308,apartments,4,-
1000656309,apartments,4,-
1000892472,house,2,-
1000894478,house,1,-
1000894479,house,1,-
1000894480,house,1,-
1000894481,house,1,-
1000894482,house,1,-
1000894483,house,1,-
1000894484,roof,1,-
1000894485,roof,1,-
1000902884,house,1,-
1000902885,house,2,-
1000902886,house,1,-
1000902887,house,1,-
1000902889,house,1,-
1000902890,house,1,-
1000902891,house,1,-
1000902892,house,1,-
1000902910,house,1,-
1000902911,house,1,-
1000902912,house,1,-
1000902913,house,1,-
1000902914,house,1,-
1000902915,house,1,-
1000902916,yes,2,-
1000902920,house,1,-
1000902921,house,1,-
1000902922,house,2,-
1000902938,house,1,-
1000902939,house,1,-
1000902942,house,2,-
1001820528,house,1,-
1001820530,house,1,-
1001820531,house,2,-
1001820532,house,2,-
1001820533,house,1,-
1002436752,house,2,-
1002436753,house,2,-
1002436754,house,2,-
1002436755,house,2,-
1002436756,house,2,-
1002436757,house,2,-
1002436758,house,2,-
1002436760,house,2,-
1002436761,house,2,-
1002436762,house,2,-
1002436763,house,2,-
1003190008,house,1,-
1003267683,house,2,-
1003267684,house,2,-
1003267685,house,2,-
1003267686,house,2,-
1003267687,house,2,-
1003267688,house,2,-
1003267689,house,2,-
1003267690,house,2,-
1003267691,house,2,-
1003267693,house,2,-
1003267695,yes,1,-
1004578344,yes,1,-
1004817231,apartments,3,-
1004817232,apartments,3,-
1005298218,house,1,-
1005298219,house,1,-
1005298220,house,1,-
1005996076,house,1,-
1005996077,yes,1,-
1005996079,house,1,-
1005996080,house,1,-
1005996081,house,2,-
1005996082,house,2,-
1005996083,house,3,-
1005996084,house,1,-
1005996085,house,2,-
1005996088,house,1,-
1005996089,house,2,-
1005996090,house,1,-
1006752892,apartments,4,-
1006807634,house,1,-
1006807635,house,2,-
1006834362,yes,1,-
1006834363,yes,1,-
1006834365,yes,1,-
1006834366,house,1,-
1006834368,house,2,-
1006834370,yes,2,-
1006834371,yes,1,-
1006834372,yes,1,-
1006834374,retail,1,-
1006834375,commercial,2,-
1006834376,yes,1,-
1006834377,yes,1,-
1006834378,yes,2,-
1006834379,house,1,-
1006834384,yes,1,-
1006834385,house,1,-
1006834386,house,1,-
1006834387,yes,2,-
1006837359,yes,2,-
1007172138,house,1,-
1007172139,yes,1,-
1007172140,yes,1,-
1007172145,house,2,-
1007172147,house,1,-
1007360107,house,2,-
1007360108,house,2,-
1007360109,house,2,-
1007360134,house,1,-
1007360135,house,1,-
1007360136,house,1,-
1007360137,yes,1,-
1007360138,house,1,-
1007360140,house,1,-
1007360144,commercial,1,-
1007368550,apartments,4,-
1007368552,yes,1,-
1007368553,apartments,4,-
1007368556,apartments,4,-
1007368558,apartments,4,-
1007368559,office,4,-
1007368562,apartments,4,-
1007403261,house,2,-
1007403262,house,1,-
1007403263,yes,2,-
1007650314,apartments,5,-
1007799795,house,1,-
1007799796,house,1,-
1007799798,house,2,-
1007844566,house,1,-
1007844567,house,2,-
1007844568,house,1,-
1007844570,yes,1,-
1007844571,yes,1,-
1007844572,yes,2,-
1007844573,house,2,-
1007844574,house,1,-
1007844575,house,1,-
1007844576,house,1,-
1007844577,house,2,-
1007844580,house,1,-
1007844581,retail,1,-
1008132703,school,2,-
1008132704,yes,2,-
1008132705,yes,2,-
1008132706,house,1,-
1008132707,house,1,-
1008132709,house,2,-
1008132710,yes,1,-
1008132718,school,2,-
1008132720,house,2,-
1008132721,house,1,-
1008132722,house,2,-
1008132723,house,1,-
1008132724,house,1,-
1008132725,house,1,-
1008132727,house,2,-
1008132728,house,1,-
1008132729,house,1,-
1008132732,yes,2,-
1008132737,house,2,-
1008132738,house,2,-
1008132739,house,2,-
1008132740,house,1,-
1008132741,house,1,-
1008132742,house,1,-
1008132743,house,2,-
1008132744,house,1,-
1008132745,house,1,-
1008132746,house,1,-
1008132747,house,1,-
1008132748,house,1,-
1008132749,house,1,-
1008132750,house,1,-
1008132852,house,1,-
1008132853,house,2,-
1008132854,house,2,-
1008132855,house,2,-
1008132856,house,2,-
1008132857,house,2,-
1008132858,house,2,-
1008132859,house,2,-
1008132860,house,2,-
1008132861,house,2,-
1008132862,house,2,-
1008132863,house,2,-
1008132864,house,2,-
1008132865,house,2,-
1008132866,house,2,-
1008132867,house,2,-
1008132868,house,2,-
1008132906,house,2,-
1008132907,house,1,-
1008132908,house,2,-
1008132909,house,1,-
1009012787,house,2,-
1009012788,house,2,-
1009012789,house,2,-
1009012790,house,2,-
1009012791,house,2,-
1009012792,house,2,-
1009173399,yes,2,-
1009173401,yes,2,-
1009620909,parking,1,-
1009620910,yes,1,-
1010102111,house,2,-
1010102112,house,2,-
1010102113,house,2,-
1010102114,house,2,-
1010102115,house,2,-
1010102116,house,2,-
1010102117,house,2,-
1010102118,house,1,-
1010102119,house,2,-
1010102120,house,1,-
1010102121,house,2,-
1010102122,house,2,-
1010102126,house,1,-
1010102129,house,1,-
1010102132,house,1,-
1010102135,house,2,-
1010102136,house,1,-
1010102155,house,2,-
1010102160,house,2,-
1010102161,house,1,-
1010102162,house,1,-
1010102164,yes,1,-
1010102165,yes,1,-
1010102167,house,1,-
1010102168,yes,1,-
1010102172,house,2,-
1010102173,house,2,-
1010102176,house,1,-
1010102177,house,1,-
1010102178,house,2,-
1010102179,house,2,-
1010246477,house,1,-
1010246479,house,1,-
1010246480,house,2,-
1010246481,house,1,-
1010246482,house,1,-
1010246484,house,2,-
1010246485,yes,1,-
1010246486,retail,1,-
1010246487,yes,1,-
1010246488,house,1,-
1010246489,yes,2,-
1010246490,yes,2,-
1010246491,yes,2,-
1010246492,house,2,-
1010246494,house,2,-
1010380050,house,1,-
1010380051,house,1,-
1010380052,house,2,-
1010380053,house,1,-
1010380055,house,2,-
1010380056,house,1,-
1010380057,house,2,-
1010380058,house,2,-
1010380061,house,1,-
1011014201,yes,2,-
1011014202,house,2,-
1011014203,house,1,-
1011014204,house,2,-
1011014205,house,2,-
1011014206,house,1,-
1011014207,house,2,-
1011014208,house,1,-
1011014209,house,1,-
1011014210,house,2,-
1011014211,house,1,-
1011014212,house,1,-
1011014213,yes,1,-
1011014214,house,2,-
1011014223,house,1,-
1011014224,house,1,-
1011014225,house,1,-
1011014228,house,1,-
1011014229,house,1,-
1011014230,house,2,-
1011014231,house,1,-
1011014232,house,1,-
1011014233,house,1,-
1011014235,house,1,-
1011014236,house,2,-
1011014239,house,1,-
1011014240,house,2,-
1011014245,house,1,-
1011014253,house,2,-
1011014254,house,1,-
1011014256,house,1,-
1011014258,house,1,-
1011014259,house,1,-
1011014260,house,2,-
1011014261,house,2,-
1011014262,house,1,-
1011014263,house,1,-
1011014264,house,2,-
1011014265,house,1,-
1011014266,house,1,-
1011014274,house,1,-
1011014275,house,1,-
1011014276,house,1,-
1011014277,house,1,-
1011014278,house,2,-
1011014279,house,2,-
1011014280,house,1,-
1011014281,house,1,-
1011014282,house,1,-
1011014283,house,1,-
1011014284,house,1,-
1011014285,house,2,-
1011014286,house,2,-
1011014294,office,1,-
1011014295,yes,2,-
1011014296,office,2,-
1011014297,office,1,-
1011240704,house,2,-
1011240705,house,2,-
1011240706,house,2,-
1011240707,house,2,-
1011240708,house,2,-
1011240709,house,2,-
1011240710,house,2,-
1011240711,house,2,-
1011334135,house,1,-
1011334136,yes,2,-
1011334137,yes,2,-
1011334138,yes,2,-
1012605239,yes,2,-
1012605240,office,1,-
1013211175,retail,2,-
1013211177,commercial,1,-
1013211178,yes,2,-
1013211179,yes,2,-
1013211180,yes,2,-
1013337096,house,1,-
1013337097,house,1,-
1013337099,house,1,-
1013337100,house,1,-
1013337101,house,1,-
1013337103,house,1,-
1013337105,house,1,-
1013337106,house,1,-
1013337107,house,1,-
1013337108,house,1,-
1013337109,house,1,-
1013337110,house,1,-
1013337111,house,2,-
1013337113,house,1,-
1013337116,house,1,-
1013337117,house,1,-
1013337118,house,1,-
1013337119,house,1,-
1013337120,house,1,-
1013337121,house,1,-
1013337122,house,1,-
1013337123,house,1,-
1013337125,house,1,-
1013337126,house,1,-
1013337128,house,1,-
1013337129,house,2,-
1013337130,house,2,-
1013337131,house,1,-
1013337132,house,1,-
1013337133,house,1,-
1013337134,house,1,-
1013347741,house,1,-
1013347742,house,2,-
1013347743,house,1,-
1013347744,house,1,-
1013347745,house,2,-
1013347746,house,1,-
1013347747,house,1,-
1013347748,house,1,-
1013347749,house,1,-
1013347750,house,2,-
1013347752,house,2,-
1013347753,house,1,-
1013347756,house,1,-
1013347757,house,1,-
1013347759,house,1,-
1013347761,house,2,-
1013347762,house,1,-
1013544436,house,1,-
1013916530,house,2,-
1013916531,house,2,-
1013916532,yes,1,-
1013916533,roof,1,-
1013916538,house,2,-
1013916539,house,3,-
1014627082,apartments,9,-
1014627083,apartments,7,-
1015657139,apartments,4,-
1015657140,apartments,4,-
1015657141,apartments,4,-
1015657142,apartments,4,-
1015669724,apartments,5,-
1016421698,yes,1,-
1016421699,yes,1,-
1016421700,yes,2,-
1016421701,yes,1,-
1016421704,yes,2,-
1016421705,hospital,3,-
1016421706,retail,1,-
1016421708,house,1,-
1016421709,house,1,-
1016421710,house,1,-
1016421711,house,1,-
1016421712,house,1,-
1016421713,house,1,-
1016421715,house,1,-
1016421716,house,1,-
1016421717,house,2,-
1016421718,house,1,-
1016421719,house,1,-
1016421720,house,1,-
1016421721,house,1,-
1016421722,house,1,-
1016421723,house,2,-
1016421724,house,1,-
1016421725,house,1,-
1016421728,house,1,-
1016421729,house,1,-
1016421730,house,2,-
1016421731,house,1,-
1016421733,house,1,-
1016421735,house,2,-
1016421739,house,1,-
1016421740,house,1,-
1016421741,house,2,-
1016421746,house,2,-
1016421747,house,2,-
1016421748,house,2,-
1016421749,house,1,-
1016421752,house,1,-
1016421754,house,1,-
1016421755,house,1,-
1016421756,house,2,-
1016421757,yes,1,-
1016950427,house,1,-
1016950428,house,2,-
1016950429,house,1,-
1016950430,house,1,-
1016962747,retail,2,-
1016962748,retail,1,-
1016962749,retail,1,-
1016962750,commercial,3,-
1016962751,retail,2,-
1016962752,retail,1,-
1016962753,retail,1,-
1016962754,retail,1,-
1016962755,retail,1,-
1016962756,retail,2,-
1016986550,retail,2,-
1016986551,retail,2,-
1016986552,retail,2,-
1016986553,retail,2,-
1016986554,office,3,-
1016986555,retail,1,-
1017590387,house,2,-
1019494659,apartments,10,-
1019560974,apartments,4,-
1019560975,apartments,4,-
1019560978,apartments,11,-
1021258413,house,2,-
1021258414,house,2,-
1021258415,house,2,-
1021258416,house,2,-
1021258417,house,2,-
1021258418,house,2,-
1021258419,house,2,-
1021258420,house,2,-
1021258421,house,2,-
1021258422,house,2,-
1021258423,house,2,-
1021258424,house,2,-
1021258425,house,2,-
1021258426,house,2,-
1021258427,house,2,-
1021258428,house,2,-
1021258429,house,2,-
1021258430,house,2,-
1021258431,house,2,-
1021258432,house,2,-
1021258433,house,2,-
1021258434,house,2,-
1021258435,house,2,-
1021258436,house,2,-
1021258437,house,2,-
1021258438,house,2,-
1021258439,house,2,-
1021258440,house,2,-
1021258441,house,2,-
1021258442,house,2,-
1021258443,house,2,-
1021258444,house,2,-
1021258445,house,2,-
1021258446,house,2,-
1021258447,house,2,-
1021258448,house,2,-
1021258449,house,2,-
1021258450,house,2,-
1021258451,house,2,-
1021258452,house,2,-
1021258453,house,2,-
1021258454,house,2,-
1021258455,house,2,-
1021258456,house,2,-
1021258457,house,2,-
1021258458,house,2,-
1021258459,house,2,-
1021258460,house,2,-
1021258461,house,2,-
1021258462,house,2,-
1021258463,house,2,-
1021258464,house,2,-
1021258465,house,2,-
1021258466,house,2,-
1021258467,house,2,-
1021258468,house,2,-
1021258469,house,2,-
1021258470,house,2,-
1021258471,house,2,-
1021258472,house,2,-
1021258473,house,2,-
1021258474,house,2,-
1021258475,house,2,-
1021258476,house,2,-
1021258477,house,2,-
1021258478,house,2,-
1021258479,house,2,-
1021258480,house,2,-
1021258481,house,2,-
1021258482,house,2,-
1021258483,house,2,-
1021258484,house,2,-
1021258485,house,2,-
1021258486,house,2,-
1021258487,house,2,-
1021258488,house,2,-
1021258489,house,2,-
1021258490,house,2,-
1021258491,house,2,-
1021258492,house,2,-
1021258493,house,2,-
1021258494,house,2,-
1021258495,house,2,-
1021258496,house,2,-
1021258497,house,2,-
1021258498,house,2,-
1021258499,house,2,-
1021258500,house,2,-
1021258501,house,2,-
1021258502,house,2,-
1021258503,house,2,-
1021258504,house,2,-
1021258505,house,2,-
1021258506,house,2,-
1021258507,house,2,-
1021258508,house,2,-
1021258509,house,2,-
1021258511,apartments,7,-
1021258512,apartments,7,-
1021258513,apartments,7,-
1021548318,yes,1,-
1022710193,apartments,4,-
1022710194,apartments,4,-
1022710195,apartments,4,-
1022710196,apartments,4,-
1022710197,apartments,4,-
1022710198,apartments,4,-
1023645514,apartments,28,-
1023645515,apartments,24,-
1023645516,apartments,28,-
1023645517,apartments,30,-
1023645518,apartments,27,-
1024010805,apartments,14,-
1025042184,house,1,-
1025042185,house,1,-
1025042187,house,1,-
1025042188,yes,2,-
1025042191,yes,1,-
1025042196,house,2,-
1025042197,house,1,-
1025985583,house,1,-
1025985584,house,1,-
1025985586,house,1,-
1025985587,house,1,-
1025985588,house,2,-
1025985590,house,1,-
1025985591,house,2,-
1025985593,house,2,-
1025985594,house,1,-
1025985595,house,1,-
1025985596,house,1,-
1025985597,house,2,-
1025985598,house,2,-
1025985599,office,2,-
1025985600,yes,1,-
1025985601,yes,1,-
1025985606,house,2,-
1025985607,house,1,-
1025985610,house,2,-
1025985611,house,1,-
1025985612,house,1,-
1025985613,school,1,-
1025985614,school,1,-
1025985615,house,2,-
1025985616,house,1,-
1025985617,house,1,-
1025985618,house,2,-
1025985619,house,1,-
1025985622,house,1,-
1025985623,house,2,-
1025985624,house,1,-
1025985626,house,1,-
1025985627,house,2,-
1025985628,house,1,-
1025985629,house,1,-
1025985630,house,1,-
1025985632,house,1,-
1025985633,house,1,-
1025985634,house,2,-
1025985635,house,1,-
1025985636,house,1,-
1025985637,house,1,-
1025985638,house,2,-
1025985639,house,1,-
1025985640,house,2,-
1025985641,house,1,-
1025985643,house,1,-
1025985644,house,2,-
1025985646,house,1,-
1025985647,house,1,-
1025985648,house,1,-
1025985649,yes,1,-
1026232000,house,1,-
1026232013,house,1,-
1026232014,house,1,-
1026232018,house,2,-
1026232019,house,1,-
1026232020,house,1,-
1026232021,house,1,-
1026232023,house,2,-
1026232025,house,1,-
1026232026,house,1,-
1026232031,house,1,-
1026232032,house,1,-
1026232033,house,1,-
1026232034,house,1,-
1026232035,house,2,-
1026232047,house,1,-
1026232048,house,1,-
1026232057,house,1,-
1026232070,house,1,-
1026232072,house,1,-
1026232073,house,2,-
1026232077,house,1,-
1026232084,house,1,-
1026232085,house,1,-
1026232101,school,4,-
1026232102,school,2,-
1030456203,commercial,1,-
1033053665,apartments,21,-
1033355838,house,2,-
1033355840,house,1,-
1033355844,house,2,-
1033355851,house,1,-
1033355853,house,1,-
1033882639,commercial,2,-
1034776498,hospital,3,-
1035224816,school,2,-
1035224819,yes,1,-
1035224820,house,1,-
1035224822,house,1,-
1035224824,house,1,-
1035224825,house,1,-
1035224831,yes,1,-
1035224832,yes,2,-
1035224833,yes,1,-
1035224834,yes,2,-
1035224838,yes,2,-
1035224839,yes,1,-
1035224840,yes,1,-
1035224841,yes,3,-
1035224842,house,2,-
1035224843,yes,1,-
1035224844,yes,1,-
1035224847,yes,2,-
1035224848,school,3,-
1035224850,yes,1,-
1035224851,yes,1,-
1035224856,retail,1,-
1035224857,retail,2,-
1035484600,house,1,-
1035484605,yes,1,-
1035493028,apartments,5,-
1035493029,apartments,5,-
1035493031,apartments,5,-
1035493032,apartments,5,-
1035493033,apartments,5,-
1035493034,apartments,5,-
1035493035,apartments,5,-
1035493036,apartments,5,-
1035493037,apartments,5,-
1035493038,apartments,5,-
1035493039,apartments,5,-
1035493040,apartments,5,-
1035493041,apartments,5,-
1035493044,apartments,5,-
1035493045,apartments,5,-
1035493046,apartments,5,-
1035493047,apartments,5,-
1035493048,apartments,5,-
1035493049,apartments,5,-
1037370135,house,2,-
1037370136,house,2,-
1037370137,house,2,-
1037370138,house,2,-
1037370139,house,2,-
1037370140,house,2,-
1037370141,house,2,-
1037370142,house,2,-
1037370143,house,2,-
1037370144,house,2,-
1037370145,house,2,-
1037370146,house,2,-
1037370147,house,2,-
1037370148,house,2,-
1037370149,house,2,-
1037370150,house,2,-
1037370151,house,2,-
1037370152,house,2,-
1037370153,house,2,-
1037370154,house,2,-
1037370155,house,2,-
1037370156,house,2,-
1037370157,house,2,-
1037370158,house,2,-
1037370159,house,2,-
1037370160,house,2,-
1037370161,house,2,-
1037370162,house,2,-
1037370163,house,2,-
1037370164,house,2,-
1037370165,house,2,-
1037370166,house,2,-
1037370167,house,2,-
1037370168,house,2,-
1037370169,house,2,-
1037370170,house,2,-
1037370171,house,2,-
1037370172,house,2,-
1037370173,house,2,-
1037370174,house,2,-
1037370175,house,2,-
1037370176,house,2,-
1037370177,house,2,-
1037370178,house,2,-
1037370179,house,2,-
1037370180,house,2,-
1037370181,house,2,-
1037370182,house,2,-
1037370183,house,2,-
1037370184,house,2,-
1037370185,house,2,-
1037370186,house,2,-
1037370187,house,2,-
1037370188,house,2,-
1037370189,house,2,-
1037370190,house,2,-
1037370191,house,2,-
1037370192,house,2,-
1037370193,house,2,-
1037370194,house,2,-
1037370195,house,2,-
1037370196,house,2,-
1037370197,house,2,-
1037370198,house,2,-
1037370199,house,2,-
1037370200,house,2,-
1037370201,house,2,-
1037370202,house,2,-
1037370203,house,2,-
1037370204,house,2,-
1037370205,house,2,-
1037370206,house,2,-
1037370207,house,2,-
1037370208,house,2,-
1037370209,house,2,-
1038035410,house,2,-
1038035411,house,2,-
1038035412,house,2,-
1038035413,house,2,-
1038035414,house,2,-
1038035415,house,2,-
1038035416,house,2,-
1038035417,house,2,-
1038343511,house,1,-
1038343513,house,1,-
1038343514,house,2,-
1038343515,house,1,-
1038343521,house,1,-
1038343525,house,1,-
1038343526,house,1,-
1038343527,commercial,2,-
1038343528,house,2,-
1038343529,house,1,-
1038343530,house,1,-
1038343531,house,1,-
1038343532,house,1,-
1038343533,house,1,-
1038343534,house,2,-
1038343535,house,2,-
1038343536,house,1,-
1038343537,house,2,-
1038343541,house,1,-
1038343543,house,1,-
1038343545,house,1,-
1038343548,house,1,-
1038343549,house,2,-
1038343550,house,2,-
1038343553,house,1,-
1038343554,house,1,-
1038343556,house,1,-
1038343557,house,1,-
1038343558,house,2,-
1038343560,house,1,-
1038343568,house,2,-
1038343569,house,1,-
1038343570,house,1,-
1038343577,house,1,-
1038343579,house,2,-
1038343580,house,1,-
1038343581,house,1,-
1038762589,apartments,5,-
1038762590,apartments,5,-
1038762591,apartments,4,-
1038762592,apartments,4,-
1038762593,apartments,5,-
1039075527,commercial,1,-
1039075530,yes,1,-
1039075535,yes,2,-
1039075538,yes,1,-
1039075539,yes,1,-
1039075541,yes,1,-
1039075542,yes,1,-
1039075550,house,2,-
1039075552,house,1,-
1039075554,house,1,-
1039075555,house,1,-
1039075556,house,1,-
1039075557,house,1,-
1039075558,house,1,-
1039075559,house,1,-
1039075560,house,1,-
1039075561,house,2,-
1039075562,house,1,-
1039739517,house,1,6
1039739518,house,1,-
1039739529,house,2,7
1039739530,house,1,4
1039739532,house,1,4
1039739533,house,2,-
1039739546,house,1,-
1039739548,house,2,-
1039739553,house,1,-
1039739558,house,1,-
1039739559,house,1,-
1039739576,house,2,-
1039739577,house,1,-
1039739578,house,1,-
1039739580,house,1,-
1039739581,house,1,-
1039901226,house,1,4
1039901227,house,1,-
1039901228,house,1,5
1039901231,house,1,-
1039901232,house,1,-
1039901234,house,1,5
1039901237,house,1,4
1039901238,house,1,4
1039901239,house,2,-
1039901242,house,1,4
1039901243,house,1,4
1039901267,house,1,-
1039901299,house,2,-
1039901301,house,1,-
1039901303,house,1,-
1040061769,house,1,-
1040303784,house,2,-
1040303786,house,2,-
1040317502,detached,2,-
1040317524,house,1,-
1040317546,house,2,-
1040317550,house,2,-
1040331630,house,1,-
1040331631,house,1,-
1040331633,house,2,-
1040331634,house,1,-
1040331637,house,2,-
1040331645,house,2,-
1040331646,house,1,-
1040369044,house,2,-
1040369046,house,2,-
1040369047,house,1,-
1040673989,retail,1,-
1040673990,retail,1,-
1040673991,retail,1,-
1040673992,house,1,-
1040673993,house,1,-
1040673994,house,1,-
1040673995,house,1,-
1040673996,house,1,-
1040673997,house,1,-
1040673998,house,1,-
1040673999,house,1,-
1040674001,house,1,-
1040674002,house,1,-
1040674003,house,1,-
1040674004,house,1,-
1040674005,house,1,-
1040674006,house,1,-
1040674007,house,1,-
1040674008,house,1,-
1040674009,house,1,-
1040674010,house,1,-
1040674011,house,1,-
1040674012,house,1,-
1040674013,house,1,-
1040674015,house,1,-
1040674016,house,1,-
1040674017,house,1,-
1040674018,house,1,-
1040674021,house,1,-
1040674024,house,1,-
1040674025,house,2,-
1040674026,house,2,-
1040674027,house,1,-
1040674028,house,2,-
1040674029,house,2,-
1040674030,house,1,-
1040674031,house,1,-
1040674032,house,1,-
1040674035,house,1,-
1040674036,house,1,-
1040674037,house,1,-
1040674039,house,1,-
1040674041,house,1,-
1040674042,house,1,-
1040674043,house,1,-
1040674044,house,1,-
1040674046,house,1,-
1040674047,house,1,-
1040674048,house,1,-
1040674049,house,1,-
1040674050,house,1,-
1040674052,house,1,-
1040674053,house,1,-
1040674054,house,1,-
1040674056,house,1,-
1040674057,house,1,-
1040674059,house,1,-
1040674060,house,1,-
1040674061,house,1,-
1040674062,house,1,-
1040674063,house,2,-
1040674064,house,1,-
1040674065,house,1,-
1040674066,house,1,-
1040674068,house,1,-
1040674069,house,1,-
1040674070,house,2,-
1040674071,house,1,-
1040674072,house,1,-
1040674073,house,1,-
1040674074,house,1,-
1040674075,house,1,-
1040674078,house,1,-
1040674079,house,1,-
1040674085,house,1,-
1040674086,detached,1,-
1040674087,detached,2,-
1040674088,house,1,-
1040674089,house,1,-
1040674092,house,1,-
1040674093,house,1,-
1040899169,detached,1,-
1040899172,house,2,-
1040899173,house,1,-
1040899174,house,1,-
1040899175,house,1,-
1040899176,house,1,-
1040899177,house,1,-
1040899178,house,2,-
1040899179,house,1,-
1040899180,house,1,-
1040899181,house,1,-
1040899182,house,1,-
1040899183,house,1,-
1040899184,house,1,-
1040899185,house,1,-
1040899188,house,1,-
1040899189,house,1,-
1040899190,house,1,-
1040899191,house,1,-
1040899193,house,1,-
1040899194,house,1,-
1040899195,house,1,-
1040899196,house,1,-
1040899218,house,1,-
1040899219,house,1,-
1040899220,house,1,-
1040899221,house,1,-
1040899222,house,1,-
1040899224,house,1,-
1040899225,house,2,-
1040899229,house,1,-
1040899230,house,1,-
1040959789,house,2,-
1040959791,house,2,-
1040959792,house,2,-
1040959795,house,2,-
1040959796,house,1,-
1040959798,house,1,-
1040959799,house,1,-
1040959800,house,1,-
1040959802,house,1,-
1040959804,house,1,-
1040959806,house,2,-
1040959807,house,1,-
1040959808,house,1,-
1040959810,house,1,-
1040959811,house,2,-
1040959816,retail,1,-
1040959820,house,1,-
1040959822,house,2,-
1040959823,house,1,-
1040959839,retail,1,-
1040959840,house,1,-
1040959841,house,1,-
1040959844,house,1,-
1040959845,house,1,-
1040959846,house,1,-
1040959847,house,1,-
1040959848,house,1,-
1040959849,house,1,-
1040959850,house,1,-
1040959851,house,1,-
1040959852,house,1,-
1040959853,house,1,-
1040959854,house,1,-
1040959855,house,2,-
1040959856,house,1,-
1040959858,house,1,-
1040959859,house,1,-
1041154039,house,1,-
1041154040,house,1,-
1041154041,house,1,-
1041154042,house,1,-
1041154114,house,1,-
1041154115,house,1,-
1041154116,house,1,-
1041154117,house,1,-
1041154118,house,1,-
1041154119,house,1,-
1041154123,house,1,-
1041154124,house,1,-
1041154125,house,1,-
1041154126,house,1,-
1041154127,house,1,-
1041154128,house,1,-
1041154130,house,2,-
1041154131,house,1,-
1041156478,house,1,-
1041156479,house,1,-
1041156480,house,2,-
1041156483,house,1,-
1041156484,house,2,-
1041156485,house,2,-
1041156486,house,1,-
1041156488,detached,1,-
1041156489,house,1,-
1041156492,house,1,-
1041156493,house,1,-
1041156495,house,2,-
1041170683,house,1,-
1041170689,house,2,-
1041170690,house,1,-
1041170691,house,2,-
1041170692,house,1,-
1041170693,house,2,-
1041170694,house,1,-
1041170695,house,1,-
1041284153,hospital,1,-
1041559358,house,1,-
1041559359,house,2,-
1041559361,house,2,-
1041559362,house,1,-
1041559363,house,2,-
1041559364,house,1,-
1041559365,house,1,-
1041559366,house,2,-
1041559367,house,1,-
1041559371,house,2,-
1041559373,house,2,-
1041559375,house,2,-
1041559379,house,1,-
1041559380,house,1,-
1041559381,house,2,-
1041559383,house,2,-
1041559384,house,1,-
1041559385,house,1,-
1041559386,yes,1,-
1041559387,house,1,-
1041559388,house,1,-
1041559393,house,1,-
1041559394,house,1,-
1041559395,yes,1,-
1041810665,school,3,-
1041810667,yes,1,-
1041810668,house,1,-
1041810669,house,1,-
1041810670,house,1,-
1041810671,house,1,-
1041950408,yes,1,-
1041950409,yes,1,-
1041950410,yes,1,-
1041950411,yes,2,-
1041950412,house,1,-
1041950416,yes,1,-
1041950417,yes,2,-
1042941843,house,1,5
1043451478,apartments,4,-
1043451479,apartments,4,-
1043451480,apartments,4,-
1043451481,apartments,4,-
1043451482,apartments,4,-
1043451483,apartments,4,-
1043451484,apartments,4,-
1043451485,apartments,4,-
1043451486,apartments,4,-
1043451487,apartments,4,-
1043451488,apartments,4,-
1043451489,apartments,4,-
1043451490,apartments,4,-
1043451491,apartments,4,-
1043451492,apartments,4,-
1043451493,apartments,4,-
1043451494,apartments,4,-
1043451495,apartments,4,-
1043451496,apartments,4,-
1043451497,apartments,4,-
1043451498,apartments,4,-
1043575274,office,2,-
1043824440,house,1,-
1043824448,house,1,-
1043824450,house,1,-
1043824461,house,1,-
1043824462,house,1,-
1043824463,house,1,-
1043824464,house,1,-
1043824465,house,2,-
1043824466,house,1,-
1043824467,house,2,-
1043824468,house,1,-
1043824469,house,1,-
1043824470,house,1,-
1043824473,house,2,-
1043824474,house,2,-
1043824475,house,2,-
1043824476,house,2,-
1043824477,house,2,-
1043824478,house,2,-
1043824479,house,2,-
1043824480,house,2,-
1043824481,house,2,-
1043824482,house,2,-
1043824483,house,2,-
1043824484,house,2,-
1043824485,house,2,-
1043824486,house,2,-
1043824487,house,2,-
1043824488,house,2,-
1043824489,house,2,-
1043824490,house,2,-
1043824491,house,2,-
1043824492,house,2,-
1043824493,house,2,-
1043824494,house,2,-
1043824495,house,2,-
1043824496,house,2,-
1043824497,house,2,-
1043824498,house,2,-
1043824499,house,2,-
1043824500,house,2,-
1043824501,house,2,-
1043824502,house,2,-
1043824503,house,2,-
1043824504,house,2,-
1043824505,house,2,-
1043824506,house,2,-
1043824507,house,2,-
1043824508,house,2,-
1043824509,house,2,-
1043824510,house,2,-
1043824511,house,2,-
1043824512,house,2,-
1043824513,house,2,-
1043824514,house,2,-
1043824515,house,2,-
1043824516,house,2,-
1043824517,house,2,-
1043824518,house,2,-
1043824519,house,2,-
1043824520,house,2,-
1043824521,house,2,-
1043824522,house,2,-
1043824523,house,1,-
1044068769,house,1,-
1044068770,house,2,-
1044068771,house,1,-
1044068779,house,2,-
1044068781,house,1,-
1044068782,house,1,-
1044068783,house,1,-
1044068787,house,2,-
1044068792,house,2,-
1044068793,house,1,-
1044068794,house,1,-
1044068796,house,1,-
1044068798,house,2,-
1044068799,house,1,-
1044068801,house,1,-
1047700468,apartments,5,-
1047712946,house,2,-
1047712947,house,2,-
1047712948,house,1,-
1047712949,house,1,-
1047712951,house,1,-
1047712952,house,2,-
1047712953,house,2,-
1047712957,house,2,-
1047712958,house,2,-
1047712961,house,2,-
1047712971,house,1,-
1047712972,house,2,-
1047712975,house,1,-
1049171004,apartments,15,-
1051381367,yes,2,-
1051381368,house,2,-
1051381369,yes,2,-
1051381370,yes,2,-
1051381376,school,2,-
1051381377,school,2,-
1051381378,apartments,4,-
1051381379,school,1,-
1051381380,school,2,-
1051381381,school,1,-
1051381382,school,2,-
1051670445,apartments,4,-
1051681858,office,2,-
1051681860,school,2,-
1051681861,house,2,-
1051681862,house,2,-
1051681864,yes,2,-
1051681865,house,2,-
1051681866,house,1,-
1051681867,house,1,-
1051681868,house,2,-
1051681869,office,2,-
1051681870,office,1,-
1051681871,house,2,-
1051681872,house,2,-
1051681873,house,2,-
1051681874,house,2,-
1051681875,office,2,-
1051955660,apartments,15,-
1051955661,apartments,21,-
1051955662,apartments,19,-
1051955663,apartments,25,-
1051955664,apartments,25,-
1051963922,yes,1,-
1051963924,apartments,5,-
1051963926,apartments,5,-
1051963927,apartments,5,-
1051963928,apartments,5,-
1051963929,apartments,4,-
1052459412,yes,1,-
1052701048,apartments,4,-
1053042870,office,2,-
1055850565,yes,2,-
1055850568,yes,2,-
1055850570,apartments,5,-
1055850571,retail,2,-
1055850572,yes,2,-
1055850573,office,5,-
1055850574,retail,2,-
1055850575,yes,2,-
1055850576,office,2,-
1056932994,house,1,-
1056994332,yes,1,-
1061415715,yes,1,-
1062497264,kindergarten,1,-
1063562211,university,4,-
1064389638,commercial,2,-
1064389639,yes,2,-
1064389641,house,2,-
1064389642,house,1,-
1064389643,house,1,-
1064389644,house,1,-
1064389645,house,2,-
1064389646,house,2,-
1064389647,house,1,-
1064389650,house,1,-
1064389651,house,1,-
1064389652,house,1,-
1064389653,house,2,-
1064389656,house,1,-
1064389657,house,1,-
1064389658,house,2,-
1064389659,house,2,-
1064389660,house,2,-
1064389661,house,1,-
1064389662,yes,1,-
1064423735,house,2,-
1064423736,house,1,-
1064423737,house,2,-
1064423740,house,1,-
1064423741,house,2,-
1064423744,yes,2,-
1068062966,school,3,-
1068062967,yes,2,-
1068062978,yes,1,-
1068062979,yes,1,-
1068062982,apartments,4,-
1068062983,apartments,4,-
1068062984,apartments,4,-
1068062985,apartments,4,-
1068062986,apartments,4,-
1068062987,apartments,4,-
1068062988,apartments,4,-
1068062989,apartments,4,-
1068062990,apartments,4,-
1068062991,apartments,4,-
1068062992,yes,1,-
1068062994,apartments,4,-
1068091450,yes,1,-
1068091452,yes,1,-
1069452668,house,3,-
1069723734,retail,2,-
1069723735,retail,2,-
1069723736,retail,2,-
1069723737,retail,1,-
1072015114,apartments,4,-
1072015115,apartments,5,-
1072015119,apartments,10,-
1074648248,house,1,-
1074648249,house,2,-
1074648252,house,2,-
1074648253,house,2,-
1074648257,house,2,-
1074648258,house,2,-
1074648260,house,1,-
1074684730,commercial,1,-
1075397749,yes,1,-
1075397763,commercial,1,-
1075397777,yes,1,-
1075397786,yes,1,-
1075397789,yes,2,-
1075403800,apartments,12,-
1075624122,house,1,-
1075624125,house,1,-
1075624132,house,1,-
1075624139,yes,1,-
1075624141,retail,1,-
1075624142,retail,1,-
1075624143,yes,4,-
1075624150,retail,2,-
1075624151,retail,2,-
1075624155,yes,2,-
1075624157,yes,2,-
1075624158,retail,1,-
1075624160,retail,1,-
1075624161,retail,1,-
1075624164,retail,1,-
1075624165,retail,1,-
1076053900,yes,2,-
1076053901,yes,4,-
1076053905,yes,3,-
1076053907,yes,1,-
1076053908,retail,1,-
1076053909,yes,2,-
1076053910,yes,4,-
1076053911,yes,3,-
1076053912,yes,1,-
1076053916,yes,1,-
1076053924,yes,3,-
1076053937,house,2,-
1076053943,yes,1,-
1076053950,yes,2,-
1076053953,roof,1,-
1077151980,apartments,4,-
1077824889,apartments,5,-
1077824890,apartments,6,-
1077824891,apartments,6,-
1077824893,apartments,6,-
1079337111,apartments,5,-
1079817872,yes,2,-
1079817873,yes,2,-
1079874616,apartments,5,-
1079874617,apartments,5,-
1079879744,yes,1,-
1080416251,apartments,7,-
1080419439,yes,1,-
1080419441,yes,2,-
1080419442,yes,1,-
1080419443,house,2,-
1080419444,house,1,-
1080419445,house,1,-
1080419446,house,2,-
1080419447,house,2,-
1080419448,house,1,-
1080582772,yes,2,-
1080582773,yes,2,-
1081005605,apartments,15,-
1082210883,apartments,6,-
1082398948,apartments,4,-
1082402256,yes,1,-
1083040165,house,1,-
1083730157,retail,3,-
1083730158,yes,3,-
1083730161,retail,2,-
1083730162,yes,1,-
1083730166,yes,2,-
1083730178,roof,1,-
1083730185,roof,1,-
1083730186,roof,1,-
1083730187,roof,1,-
1083730188,roof,1,-
1083730191,house,2,-
1083730192,yes,2,-
1083730220,warehouse,1,-
1083730221,yes,1,-
1083730222,yes,1,-
1083730224,yes,2,-
1083730226,yes,1,-
1083730227,retail,1,-
1083730231,retail,1,-
1083730235,yes,1,-
1083730236,yes,1,-
1083730237,yes,-,2
1083730238,yes,1,-
1083747683,retail,1,-
1085433397,yes,1,-
1085913876,house,2,-
1085913881,house,1,-
1085913882,house,1,-
1085913883,house,1,-
1085913884,house,2,-
1085913885,house,1,-
1085913886,house,1,-
1085913887,house,1,-
1085913888,house,2,-
1085913889,house,1,-
1085913890,house,1,-
1085913891,house,1,-
1085913894,house,1,-
1085913896,house,1,-
1085913899,house,1,-
1085913900,house,1,-
1085913901,yes,1,-
1085913902,house,1,-
1085913903,house,2,-
1085913904,house,2,-
1085913906,house,2,-
1085913907,house,2,-
1085913908,house,2,-
1085913909,house,2,-
1085913915,house,2,-
1085913916,house,1,-
1085913917,apartments,5,-
1085913922,house,2,-
1085913923,house,2,-
1085913925,house,1,-
1085913926,house,1,-
1085913927,house,2,-
1085913928,house,1,-
1085913931,house,1,-
1085913932,house,1,-
1085913934,house,2,-
1086027837,apartments,24,-
1086027840,yes,4,-
1086300783,yes,1,-
1086300784,yes,1,-
1086300785,yes,1,-
1086561985,school,2,-
1086561986,school,2,-
1088943314,university,3,-
1091975877,school,1,-
1091975878,school,1,-
1094581942,house,1,-
1094581943,house,2,-
1094581944,house,1,-
1094581946,house,1,-
1094581947,house,2,-
1094581949,house,1,-
1094581950,house,1,-
1094581951,house,1,-
1094581952,yes,2,-
1094581953,house,1,-
1096867089,house,2,-
1096997058,house,2,-
1096997059,house,2,-
1096997060,house,2,-
1096997061,house,2,-
1096997062,house,2,-
1096997063,house,2,-
1096997064,house,2,-
1096997065,house,2,-
1096997066,house,2,-
1096997067,house,2,-
1096997068,house,2,-
1096997069,house,2,-
1096997070,house,2,-
1096997071,house,2,-
1096997072,house,2,-
1096997073,house,2,-
1096997074,house,2,-
1096997075,house,2,-
1096997076,house,2,-
1096997077,house,2,-
1096997078,house,2,-
1096997079,house,2,-
1096997080,house,2,-
1096997081,house,2,-
1096997082,house,2,-
1096997083,house,2,-
1096997084,house,2,-
1096997085,house,2,-
1096997086,house,2,-
1096997087,house,2,-
1096997088,house,2,-
1096997089,house,2,-
1096997090,house,2,-
1096997091,house,2,-
1097417181,house,2,-
1097417182,house,2,-
1097417183,house,2,-
1097417184,house,2,-
1097417185,house,2,-
1097417186,house,2,-
1097417187,house,2,-
1097417188,house,2,-
1097417189,house,1,-
1097417191,house,1,-
1097417192,house,1,-
1097417193,house,1,-
1097417194,house,1,-
1097417195,house,1,-
1097417196,house,1,-
1097417219,house,2,-
1097836558,roof,1,-
1097836559,roof,1,-
1097836560,house,1,-
1100718680,apartments,8,-
1100718686,yes,1,-
1101760634,house,2,-
1101859481,house,2,-
1101859483,house,1,-
1102161588,house,1,-
1102161592,house,1,-
1102161593,house,1,-
1102161597,yes,1,-
1102161601,house,1,-
1102161615,house,1,-
1103973396,house,1,-
1104156074,yes,1,-
1104156087,yes,1,-
1105825927,industrial,1,-
1105825931,house,1,-
1105825932,house,1,-
1105825933,house,2,-
1105825934,yes,1,-
1105825935,house,1,-
1105825936,yes,1,-
1105825937,house,1,-
1105825938,house,1,-
1105825939,house,1,-
1105825940,commercial,2,-
1105825941,house,1,-
1105825942,yes,1,-
1105825943,yes,1,-
1105825944,house,1,-
1106951746,yes,2,-
1109650535,yes,2,-
1110871792,house,2,-
1112711763,house,1,-
1112711764,house,2,-
1112711765,house,2,-
1112711766,yes,1,-
1112711770,house,2,-
1112711771,house,2,-
1112711780,house,2,-
1112711782,house,2,-
1112711783,house,2,-
1112711784,house,1,-
1112711785,house,1,-
1112711790,house,1,-
1112711791,house,1,-
1112711792,house,1,-
1112711793,house,2,-
1112711794,house,2,-
1112711796,house,1,-
1112711798,house,2,-
1112711802,house,1,-
1112711805,house,2,-
1112711808,house,2,-
1112711814,house,1,-
1112711815,house,1,-
1112711816,house,2,-
1112711817,house,2,-
1112711823,house,2,-
1112711824,house,2,-
1112711826,house,1,-
1112711831,house,2,-
1112711836,house,2,-
1112711838,house,2,-
1112711839,house,2,-
1112711840,house,2,-
1112711841,house,2,-
1112711842,yes,1,-
1112711845,school,3,-
1112711846,school,1,-
1112711847,house,2,-
1112711849,house,2,-
1112711850,house,1,-
1112711851,house,1,-
1112711853,house,1,-
1112711855,house,3,-
1112711858,house,2,-
1112711861,yes,2,-
1112711862,school,2,-
1112711863,school,2,-
1113156741,house,1,-
1113723048,apartments,4,-
1113723049,apartments,4,-
1113723050,apartments,4,-
1114703587,apartments,4,-
1116284988,house,1,-
1116284989,house,1,-
1116284990,house,2,-
1116516101,house,1,-
1116516102,house,1,-
1116518876,house,1,-
1116518877,house,1,-
1116518878,house,1,-
1116518879,house,2,-
1116518880,house,2,-
1116518881,house,1,-
1116518882,house,2,-
1116518883,house,1,-
1116518884,house,1,-
1116518885,house,1,-
1116518886,house,1,-
1116518887,house,1,-
1116518888,house,1,-
1116518889,house,1,-
1116518890,house,1,-
1116518891,house,1,-
1116518892,house,1,-
1116518893,house,1,-
1116518894,house,1,-
1116518895,house,1,-
1116518896,house,1,-
1116518898,house,2,-
1116576425,house,1,-
1116887516,house,2,-
1116888458,house,1,-
1116893810,house,1,-
1116907727,house,2,-
1116907728,house,2,-
1116907729,house,2,-
1116907730,house,2,-
1116907731,house,2,-
1116907732,house,2,-
1116907733,house,2,-
1116907734,house,2,-
1116907735,house,2,-
1116907736,house,2,-
1116907737,house,2,-
1116907738,house,2,-
1116907739,house,2,-
1116907740,house,2,-
1116907741,house,2,-
1116907742,house,2,-
1116907743,house,2,-
1116907744,house,2,-
1116907745,house,2,-
1116907746,house,2,-
1116907747,house,2,-
1116907748,house,2,-
1116907749,house,2,-
1116907750,house,2,-
1116907751,house,2,-
1116907752,house,2,-
1116907753,house,2,-
1116907754,house,2,-
1116907755,house,2,-
1116907756,house,2,-
1116907757,house,2,-
1116907758,house,2,-
1116907759,house,2,-
1116907760,house,2,-
1116907761,house,2,-
1116907762,house,2,-
1116907763,house,2,-
1116907764,house,2,-
1116907765,house,2,-
1116907766,house,2,-
1116907767,house,2,-
1116907768,house,2,-
1116907769,house,2,-
1116907770,house,2,-
1116907771,house,2,-
1116907772,house,2,-
1116907773,house,2,-
1116907774,house,2,-
1116907775,house,2,-
1116907776,house,2,-
1116907777,house,2,-
1116907778,house,2,-
1116907779,house,2,-
1116907780,house,2,-
1116907781,house,2,-
1116907782,house,2,-
1116907783,house,2,-
1116907784,house,2,-
1116907785,house,2,-
1116907786,house,2,-
1116907787,house,2,-
1116907788,house,2,-
1116907789,house,2,-
1116907790,house,2,-
1116907791,house,2,-
1116907792,house,2,-
1116907793,house,2,-
1116907794,house,2,-
1116907795,house,2,-
1116907796,house,2,-
1116907797,house,2,-
1116907798,house,1,-
1116907799,house,1,-
1116907800,house,1,-
1116907801,house,1,-
1116907802,house,1,-
1116907803,house,1,-
1116907804,house,1,-
1116907805,house,1,-
1116907806,house,1,-
1116907807,house,1,-
1116907808,house,1,-
1116907809,house,1,-
1116907810,house,1,-
1116907811,house,1,-
1116907812,house,1,-
1116907813,house,1,-
1116907814,house,1,-
1116907815,house,1,-
1116907816,house,1,-
1116907817,house,1,-
1116907818,house,1,-
1116907819,house,1,-
1116907820,house,1,-
1116907821,house,1,-
1116907822,house,1,-
1116907823,house,1,-
1116907824,house,1,-
1116907825,house,1,-
1116907826,house,1,-
1116907827,house,1,-
1116907828,house,1,-
1116969765,house,1,-
1116970585,house,1,-
1117139386,house,1,-
1117139541,house,1,-
1117139542,house,1,-
1117139543,house,2,-
1117141705,house,2,-
1117141706,house,2,-
1117141707,house,2,-
1117141708,house,2,-
1117141709,house,2,-
1117141710,house,2,-
1117141711,house,2,-
1117141712,house,2,-
1117141713,house,2,-
1117141714,house,2,-
1117141715,house,2,-
1117141716,house,2,-
1117141717,house,2,-
1117141718,house,2,-
1117141719,house,2,-
1117141720,house,2,-
1117141721,house,2,-
1117141722,house,2,-
1117141723,house,2,-
1117141724,house,2,-
1117141725,house,2,-
1117141726,house,2,-
1117141727,house,2,-
1117141728,house,2,-
1117141729,house,2,-
1117141730,house,2,-
1117141731,house,2,-
1117141732,house,2,-
1117141733,house,2,-
1117141734,house,2,-
1117141735,house,2,-
1117141736,house,2,-
1117141737,house,2,-
1117141738,house,2,-
1117141739,house,2,-
1117141740,house,2,-
1117141741,house,2,-
1117141742,house,2,-
1117141743,house,2,-
1117141744,house,2,-
1117141745,house,2,-
1117141746,house,2,-
1117141747,house,2,-
1117141748,house,2,-
1117141749,house,2,-
1117141750,house,2,-
1117141751,house,2,-
1117141752,house,2,-
1117141753,house,2,-
1117141754,house,2,-
1117141755,house,2,-
1117141756,house,2,-
1117141757,house,2,-
1117141758,house,2,-
1117141759,house,2,-
1117141760,house,2,-
1117141761,house,2,-
1117141762,house,2,-
1117141763,house,2,-
1117141764,house,2,-
1117141765,house,2,-
1117141766,house,2,-
1117141767,house,2,-
1117141768,house,2,-
1117141769,house,2,-
1117141770,house,2,-
1117141771,house,2,-
1117141772,house,2,-
1117141773,house,2,-
1117141774,house,2,-
1117141775,house,2,-
1117141776,house,2,-
1117141777,house,2,-
1117141778,house,2,-
1117141779,house,2,-
1117141780,house,2,-
1117141781,house,2,-
1117141782,house,2,-
1117141783,house,2,-
1117141784,house,2,-
1117141785,house,2,-
1117141786,house,2,-
1117141787,house,2,-
1117141788,house,2,-
1117141789,house,2,-
1117141790,house,2,-
1117141791,house,2,-
1117141792,house,2,-
1117143463,house,2,-
1117143464,house,2,-
1117143465,house,2,-
1117143466,house,2,-
1117143467,house,2,-
1117143468,house,2,-
1117143469,house,2,-
1117143470,house,2,-
1117143471,house,2,-
1117143472,house,2,-
1117143473,house,2,-
1117143474,house,2,-
1117143475,house,2,-
1117143476,house,2,-
1117143477,house,2,-
1117143478,house,2,-
1117143479,house,2,-
1117143480,house,2,-
1117143481,house,2,-
1117143482,house,2,-
1117143483,house,2,-
1117143484,house,2,-
1117143485,house,2,-
1117143486,house,2,-
1117143487,house,2,-
1117143488,house,2,-
1117143489,house,2,-
1117143490,house,2,-
1117143491,house,2,-
1117143492,house,2,-
1117143493,house,2,-
1117143494,house,2,-
1117143495,house,2,-
1117143496,house,2,-
1117143497,house,2,-
1117143498,house,2,-
1117143499,house,2,-
1117143500,house,2,-
1117143501,house,2,-
1117143502,house,2,-
1117143503,house,2,-
1117143504,house,2,-
1117143505,house,2,-
1117143506,house,2,-
1117143507,house,2,-
1117143508,house,2,-
1117143509,house,2,-
1117143510,house,2,-
1117143511,house,2,-
1117143512,house,2,-
1117143513,house,2,-
1117143514,house,2,-
1117143515,house,2,-
1117143516,house,2,-
1117143517,house,2,-
1117143518,house,2,-
1117143519,house,2,-
1117143520,house,2,-
1117143521,house,2,-
1117143522,house,2,-
1117255530,apartments,4,-
1117255531,apartments,4,-
1117255532,apartments,4,-
1117255533,apartments,4,-
1117255536,apartments,4,-
1117255537,apartments,4,-
1117255538,apartments,4,-
1117255539,apartments,4,-
1117255541,apartments,4,-
1117255542,apartments,15,-
1117255544,apartments,5,-
1117255545,apartments,5,-
1117255546,apartments,15,-
1117255547,apartments,8,-
1117255551,apartments,5,-
1117255553,apartments,5,-
1117255554,apartments,7,-
1117468660,apartments,6,-
1117468661,apartments,5,-
1117468662,apartments,3,-
1117468663,apartments,5,-
1117468666,apartments,7,-
1117468667,apartments,7,-
1117652729,apartments,12,-
1117914635,house,1,-
1117914916,yes,1,-
1117915636,house,2,-
1118141313,house,1,-
1118141314,house,1,-
1118141317,house,1,-
1118141318,house,1,-
1118141323,house,1,-
1118141324,house,1,-
1118151621,apartments,6,-
1118151622,apartments,6,-
1118151623,apartments,6,-
1118151624,apartments,6,-
1118151625,apartments,6,-
1118151637,apartments,5,-
1118151638,apartments,5,-
1118151639,apartments,5,-
1118151640,apartments,5,-
1118151641,apartments,5,-
1118151642,apartments,5,-
1118151643,apartments,5,-
1118151644,apartments,5,-
1118151645,apartments,5,-
1118381234,house,2,-
1118381235,house,2,-
1118381236,house,2,-
1118381237,house,2,-
1118381238,house,2,-
1118381239,house,2,-
1118381240,house,2,-
1118381241,house,2,-
1118381242,house,2,-
1118381243,house,2,-
1118381244,house,2,-
1118381245,house,2,-
1118381246,house,2,-
1118381247,house,2,-
1118381248,house,2,-
1118381249,house,2,-
1118381250,house,2,-
1118381251,house,2,-
1118381252,house,2,-
1118381253,house,2,-
1118381254,house,2,-
1118401925,house,2,-
1118472407,house,2,-
1118472419,house,2,-
1118472430,house,2,-
1118472438,industrial,1,-
1118472439,industrial,1,-
1118472443,industrial,2,-
1118472444,yes,1,-
1119038770,yes,1,-
1119038774,yes,1,-
1119038775,yes,2,-
1119055913,yes,1,-
1119055914,detached,2,-
1119055916,house,2,-
1119055917,house,2,-
1119055918,house,2,-
1119055919,house,2,-
1119055920,house,2,-
1119055921,house,2,-
1119055922,house,2,-
1119055923,house,2,-
1119055924,house,2,-
1119055925,house,2,-
1119055926,house,2,-
1119055927,house,2,-
1119055928,house,2,-
1119055929,house,2,-
1119055930,house,2,-
1119055931,house,2,-
1119055932,house,2,-
1119055933,house,2,-
1119055934,house,2,-
1119055935,house,2,-
1119055936,school,3,-
1119055937,school,3,-
1119055940,house,1,-
1119055941,house,1,-
1119055942,house,2,-
1119055943,house,2,-
1119055944,house,2,-
1119055945,house,2,-
1119055946,house,2,-
1119055947,house,2,-
1119055948,house,2,-
1119055949,house,2,-
1119055950,house,2,-
1119055951,house,2,-
1119055952,house,2,-
1119055953,house,2,-
1119055954,house,2,-
1119278335,house,1,-
1119278338,house,2,-
1119278353,house,1,-
1119278355,house,1,-
1119278356,house,2,-
1119278357,house,1,-
1119278358,house,2,-
1119278359,house,2,-
1119278360,house,1,-
1119278361,house,2,-
1119278364,house,1,-
1119278365,house,2,-
1119278366,house,1,-
1119278367,house,2,-
1119278368,house,2,-
1119278369,house,1,-
1119278374,house,3,-
1119278378,retail,2,-
1119278379,house,2,-
1119278381,house,2,-
1119278382,house,2,-
1119278383,house,1,-
1119363754,yes,3,-
1119500279,yes,1,-
1119647296,house,2,-
1119978570,yes,1,-
1120695090,house,2,-
1120874072,house,1,-
1120874074,house,2,-
1120874079,house,2,-
1120874095,house,2,-
1120874107,yes,2,-
1120874108,retail,2,-
1123669458,yes,1,-
1123669460,yes,1,-
1131857022,apartments,3,-
1131857023,apartments,3,-
1131857026,apartments,3,-
1131857027,apartments,3,-
1131857028,apartments,3,-
1131857029,apartments,3,-
1131857030,apartments,3,-
1131857031,apartments,3,-
1131857032,apartments,3,-
1131857033,apartments,3,-
1131857034,apartments,3,-
1131857035,apartments,3,-
1131857036,apartments,3,-
1131857037,apartments,3,-
1131857038,apartments,3,-
1131857039,apartments,3,-
1131857040,apartments,3,-
1131857041,apartments,3,-
1131857042,apartments,3,-
1137557195,house,2,-
1141219361,apartments,4,-
1141219362,apartments,4,-
1147960213,house,2,-
1150654075,commercial,1,-
1151225885,house,2,-
1151225893,house,1,-
1151225902,hospital,2,-
1151225903,hospital,1,-
1151225906,house,1,-
1151225908,house,2,-
1151225910,house,1,-
1151225913,house,1,-
1151225915,house,1,-
1151225917,house,1,-
1151225924,house,1,-
1151225926,house,1,-
1151225927,house,1,-
1151225928,house,2,-
1151225933,house,1,-
1151225940,house,2,-
1151225941,house,1,-
1151225942,house,1,-
1151225943,house,1,-
1151225944,house,2,-
1151225945,house,1,-
1151225946,house,1,-
1151653641,house,2,-
1152799290,apartments,5,-
1153036663,apartments,6,-
1153036664,apartments,6,-
1153036665,apartments,6,-
1153036666,apartments,6,-
1153360282,apartments,4,-
1153360283,apartments,4,-
1153360284,apartments,4,-
1153360285,apartments,4,-
1153937189,apartments,18,-
1153937190,apartments,18,-
1153937191,apartments,18,-
1153937192,apartments,18,-
1153937199,house,3,-
1153937201,garage,1,-
1154347518,apartments,5,-
1154347519,apartments,5,-
1154347520,apartments,5,-
1154347521,apartments,5,-
1154347522,apartments,5,-
1154347523,apartments,5,-
1154347525,apartments,4,-
1155348983,house,2,-
1155348984,house,2,-
1156974803,house,1,-
1156974808,house,1,-
1156974809,house,1,-
1156974810,house,1,-
1156974811,house,1,-
1156974812,house,1,-
1156974813,house,1,-
1156974814,house,1,-
1156974815,house,1,-
1156974816,house,1,-
1156974817,house,1,-
1156974833,house,1,-
1156974835,house,2,-
1156974846,house,1,-
1156974847,house,2,-
1157085425,yes,2,-
1157085426,house,2,-
1157085428,house,2,-
1157085433,yes,2,-
1157085435,yes,1,-
1157085439,house,1,-
1157085453,retail,1,-
1157085459,yes,1,-
1157085468,house,2,-
1157085470,house,1,-
1157085473,retail,1,-
1157085474,house,1,-
1157085478,house,2,-
1157086962,yes,2,-
1157086965,yes,2,-
1157518479,house,2,-
1157518484,house,1,-
1157518488,school,2,-
1157518491,school,2,-
1157518492,school,1,-
1157518493,house,1,-
1157518498,school,1,-
1157518502,house,2,-
1158025225,yes,1,-
1158025226,yes,1,-
1158025227,yes,1,-
1158025228,yes,1,-
1158025229,yes,2,-
1158025230,yes,1,-
1158025237,house,2,-
1158025239,house,2,-
1158025240,house,1,-
1158025243,house,2,-
1158464217,house,2,-
1158464229,house,2,-
1158464240,house,1,-
1158464243,school,1,-
1158562072,retail,2,-
1158562078,yes,2,-
1158562082,retail,1,-
1158562083,yes,2,-
1158562091,yes,1,-
1158562093,house,1,-
1158562095,house,1,-
1158562096,house,1,-
1159396554,apartments,12,-
1159396556,apartments,23,-
1160083698,house,2,-
1160083701,house,1,-
1160083703,house,1,-
1160083704,house,1,-
1160083715,house,1,-
1160083716,house,1,-
1160083717,house,1,-
1160083718,house,1,-
1160083719,house,1,-
1160083720,house,1,-
1160083721,house,1,-
1160083722,house,1,-
1160083723,house,1,-
1160083724,house,1,-
1160083729,yes,4,-
1160083737,house,2,-
1160083797,yes,1,-
1160234747,house,1,-
1160234749,house,1,-
1162298704,yes,1,-
1162298705,yes,1,-
1162298706,yes,1,-
1162298707,yes,2,-
1162298708,yes,2,-
1162298711,yes,1,-
1162298712,yes,2,-
1162298713,yes,1,-
1162298715,yes,1,-
1162299446,house,1,-
1162299447,house,1,-
1162299448,house,1,-
1162299449,house,1,-
1162299450,house,1,-
1162299451,house,1,-
1162299452,house,1,-
1162299453,house,1,-
1162299454,house,1,-
1162299455,house,1,-
1162299456,house,1,-
1162299457,house,1,-
1162299458,house,1,-
1162299459,house,1,-
1162299460,house,1,-
1162299461,house,1,-
1162299462,house,1,-
1162299463,house,1,-
1162299464,house,1,-
1162299465,house,1,-
1162299466,house,1,-
1162299467,house,1,-
1162299468,house,1,-
1162299469,house,1,-
1162299470,house,1,-
1162299471,house,1,-
1162299472,house,1,-
1162299473,house,1,-
1162299474,house,1,-
1162299475,house,1,-
1162299476,house,1,-
1162299477,house,1,-
1162299478,house,1,-
1162299479,house,1,-
1162299480,house,1,-
1162299481,house,1,-
1162299482,house,1,-
1162299483,house,1,-
1162299484,house,1,-
1162299485,house,1,-
1162299486,house,1,-
1162299487,house,1,-
1162299488,house,1,-
1162299489,house,1,-
1162299490,house,1,-
1162299491,house,1,-
1162299492,house,1,-
1162299493,house,1,-
1162299494,house,1,-
1162299495,house,1,-
1162299496,house,1,-
1162299497,house,1,-
1162299498,house,1,-
1162299499,house,1,-
1162299500,house,1,-
1162299501,house,1,-
1162299502,house,1,-
1162299503,house,1,-
1162299504,house,1,-
1162299505,house,1,-
1162299506,house,1,-
1162299507,house,1,-
1162299508,house,1,-
1162299509,house,1,-
1162299510,house,1,-
1162299511,house,1,-
1162299512,house,1,-
1162299513,house,1,-
1162299514,house,1,-
1162299515,house,1,-
1162299516,house,1,-
1162299517,house,1,-
1162299518,house,1,-
1162299519,house,1,-
1162299520,house,1,-
1162299521,house,1,-
1162299522,house,1,-
1162299523,house,1,-
1162299524,house,1,-
1162299525,house,1,-
1162299526,house,1,-
1162299527,house,1,-
1162299528,house,1,-
1162299529,house,1,-
1162299530,house,1,-
1162299531,house,1,-
1162299532,house,1,-
1162299533,house,1,-
1162299534,house,1,-
1162299535,house,1,-
1162299536,house,1,-
1162299537,house,1,-
1162299538,house,1,-
1162299539,house,1,-
1162299540,house,1,-
1162299541,house,1,-
1162299542,house,1,-
1162299543,house,1,-
1162299544,house,1,-
1162299545,house,1,-
1162302153,yes,2,-
1162302154,retail,1,-
1162302155,yes,1,-
1162302157,yes,1,-
1162302158,house,1,-
1162470961,yes,5,-
1162678570,yes,1,-
1162678571,yes,1,-
1162678572,yes,1,-
1162678573,yes,2,-
1162678574,yes,3,-
1162678580,yes,3,-
1162956825,yes,1,-
1162956826,yes,1,-
1162956828,retail,1,-
1163065190,house,2,-
1163065193,house,1,-
1163145901,house,2,-
1163145903,house,1,-
1163145904,house,1,-
1163145905,house,1,-
1163145907,house,2,-
1163410878,yes,1,-
1163410885,house,2,-
1163410886,house,1,-
1164027963,yes,1,-
1164027964,yes,2,-
1164028003,yes,1,-
1165166115,commercial,4,-
1167460624,apartments,8,-
1169018285,university,1,-
1169028298,apartments,5,-
1169513708,yes,1,-
1169513710,yes,1,-
1170423574,yes,1,-
1170945455,house,1,-
1171014619,yes,1,-
1171014620,roof,1,-
1171014625,roof,1,-
1171646988,yes,2,-
1171646989,yes,2,-
1171646990,house,2,-
1171646991,house,2,-
1171646992,yes,2,-
1178497797,house,1,-
1178497798,house,1,-
1178497801,house,1,-
1178798593,apartments,5,-
1180906907,yes,2,-
1180906908,yes,2,-
1180906909,house,2,-
1180906910,house,2,-
1180906911,house,2,-
1180906912,house,2,-
1180906913,house,2,-
1180906915,house,2,-
1180906916,house,2,-
1180906917,house,2,-
1180906918,house,2,-
1180906919,house,2,-
1181041351,house,1,-
1181041358,house,1,-
1182798599,yes,4,-
1182798600,yes,2,-
1183752524,yes,1,-
1184311074,yes,1,-
1184341513,yes,1,-
1184750649,semidetached_house,3,-
1184750652,yes,3,-
1184750655,yes,2,-
1184750656,yes,2,-
1184750657,yes,2,-
1184750659,yes,1,-
1184750660,yes,2,-
1184750661,yes,3,-
1184750662,apartments,8,-
1184750670,yes,3,-
1184750672,yes,3,-
1184750677,yes,3,-
1184750678,yes,2,-
1184750679,commercial,2,-
1185348136,house,2,-
1185348137,house,2,-
1185348138,house,2,-
1185348139,house,2,-
1185348140,house,2,-
1185348141,house,2,-
1185348142,house,2,-
1185348143,house,2,8
1185348144,house,2,-
1185348145,house,2,-
1185348146,house,2,-
1185348147,house,2,-
1185348148,house,2,-
1185348149,house,2,-
1185348150,house,2,-
1185348151,house,2,-
1185348152,house,2,-
1185348153,house,2,-
1185348154,house,2,-
1185348155,house,2,8
1185348156,house,2,-
1185348157,house,2,-
1185348199,house,2,-
1185348200,house,2,-
1185348204,house,2,-
1185348205,house,2,-
1185348209,house,2,-
1185348210,house,2,-
1185348214,house,2,-
1185348215,house,2,-
1185348219,house,2,-
1185348220,house,2,-
1185348227,house,2,-
1185348228,house,2,-
1185348231,house,2,-
1185348232,house,2,-
1185348235,house,2,-
1185348236,house,2,-
1185348244,yes,1,-
1185348246,house,2,-
1185348247,house,2,-
1185348250,house,2,-
1185348251,house,2,-
1185348254,house,2,-
1185348255,house,2,-
1185348258,house,2,-
1185348259,house,2,-
1185348262,house,2,-
1185348263,house,2,-
1185348266,house,2,-
1185348267,house,2,-
1185391949,house,2,-
1185391950,house,2,-
1185391954,house,2,-
1185391955,house,2,-
1185391958,house,2,-
1185391959,house,2,-
1185391962,house,2,-
1185391963,house,2,-
1185391966,house,2,-
1185391967,house,2,-
1185391970,house,2,-
1185391971,house,2,-
1185391974,house,2,-
1185391975,house,2,-
1185391977,house,2,-
1185391978,house,2,-
1185391981,house,2,-
1185391982,house,2,-
1185391985,house,2,-
1185391986,house,2,-
1185391989,house,2,-
1185391990,house,2,-
1185392008,house,1,-
1185392010,house,1,-
1185392015,house,2,-
1185392016,house,2,-
1185392017,house,2,-
1185392020,house,2,-
1185392021,house,2,-
1185392024,house,2,-
1185392025,house,2,-
1185392028,house,2,-
1185392029,house,2,-
1185392032,house,2,-
1185392033,house,2,-
1185392036,house,2,-
1185392037,house,2,-
1185392040,house,2,-
1185392041,house,2,-
1185392044,house,2,-
1185392045,house,2,-
1185392050,house,2,-
1185392051,house,2,-
1185392061,house,2,-
1185392062,house,2,-
1185392065,house,2,-
1185392066,house,2,-
1185392069,house,2,-
1185392070,house,2,-
1185392073,house,2,-
1185392074,house,2,-
1185407852,yes,1,-
1185410948,yes,1,-
1185410955,retail,1,-
1185521724,yes,1,-
1185521726,yes,1,-
1186518679,house,1,-
1188353124,house,1,-
1188353125,house,2,-
1188353126,house,1,-
1188353127,house,1,-
1188353131,house,2,-
1188353132,house,2,-
1188353133,house,1,-
1188353135,house,2,-
1188353136,house,1,-
1188353137,house,1,-
1188353139,house,1,-
1188353140,house,2,-
1188353141,house,1,-
1188353142,house,1,-
1188353146,house,2,-
1188353147,house,2,-
1189013150,house,1,-
1189013152,yes,1,-
1189013155,yes,1,-
1189535592,house,1,-
1189535597,house,1,-
1189535600,house,1,-
1197547256,yes,2,-
1197547257,apartments,5,-
1197722605,yes,1,-
1198171221,terrace,2,-
1198171222,house,1,-
1198171223,house,2,-
1198171224,house,2,-
1198171225,house,2,-
1198171226,house,2,-
1198171227,house,2,-
1198171228,house,2,-
1198171229,house,2,-
1198171230,house,2,-
1198171231,house,2,-
1198171232,house,2,-
1198171233,house,2,-
1198171239,house,2,-
1198171240,house,2,-
1198171241,house,2,-
1198171242,house,2,-
1198171243,house,2,-
1198171244,house,2,-
1198171245,house,2,-
1198171246,house,2,-
1198171247,house,2,-
1198171248,house,2,-
1198175255,house,2,-
1198175256,house,2,-
1198175257,house,2,-
1198175258,house,2,-
1198175259,house,2,-
1198175260,house,2,-
1206736814,yes,1,-
1208120837,apartments,5,-
1208416639,yes,3,9
1210648762,house,2,-
1211622750,kindergarten,1,-
1213731602,house,1,-
1213731603,retail,1,-
1213731605,house,1,-
1213731606,house,1,-
1213731609,house,2,-
1213731611,detached,2,-
1213731612,house,1,-
1213731613,house,1,-
1213731614,yes,1,-
1213731615,house,2,-
1213731616,house,1,-
1216698236,apartments,6,-
1216698237,apartments,6,-
1221759576,yes,2,-
1221878117,house,2,-
1221878325,house,1,-
1221878326,house,1,-
1222055123,house,0,-
1222055124,house,0,-
1222055128,house,0,-
1222055131,house,0,-
1222055132,house,0,-
1231240208,house,1,-
1231240209,yes,1,-
1231240211,house,1,-
1231240212,house,1,-
1231240213,house,1,-
1231240214,house,2,-
1234023342,yes,2,-
1234202743,house,2,-
1236348006,yes,1,-
1236348007,yes,1,-
1236348008,apartments,10,-
1237297706,yes,2,-
1237394912,house,1,-
1237394913,house,1,-
1237394914,yes,2,-
1237394920,yes,1,-
1237394922,yes,1,-
1237394923,yes,1,-
1237394924,yes,1,-
1237394925,yes,2,-
1237448595,yes,2,-
1237448597,yes,1,-
1237669939,apartments,4,-
1238144586,apartments,6,-
1238144587,apartments,7,-
1239776210,yes,1,-
1242581021,house,1,-
1247306113,house,2,-
1247306114,house,1,-
1247306115,house,1,-
1247306116,house,1,-
1247306117,house,2,-
1247306120,house,1,-
1247306121,house,1,-
1247306123,house,1,-
1247306135,house,1,-
1247306136,house,1,-
1247306141,house,1,-
1247306143,house,1,-
1247306144,house,1,-
1247306145,house,1,-
1247306148,house,1,-
1247306149,house,1,-
1247306151,house,1,-
1247306154,house,1,-
1247306155,house,1,-
1247306156,house,1,-
1249346009,house,2,-
1256981628,house,1,-
1256981629,house,1,-
1259826645,apartments,5,-
1263332274,yes,2,-
1263332275,apartments,8,-
1263332276,retail,2,-
1263527294,apartments,4,-
1265261500,apartments,5,-
1265261502,apartments,5,-
1267767127,apartments,5,-
1267767128,apartments,5,-
1267767129,apartments,5,-
1267767130,apartments,5,-
1267767131,apartments,5,-
1267767132,apartments,5,-
1267767133,apartments,5,-
1267767134,apartments,5,-
1267767135,apartments,5,-
1267767136,apartments,5,-
1267767137,apartments,5,-
1267767138,apartments,5,-
1267767139,apartments,5,-
1267767140,apartments,5,-
1267767141,apartments,5,-
1267767142,apartments,5,-
1267767143,apartments,5,-
1267767144,apartments,5,-
1267767145,apartments,5,-
1267767147,apartments,5,-
1267767148,apartments,5,-
1267767149,apartments,5,-
1267767150,apartments,5,-
1267767151,apartments,5,-
1267767152,apartments,5,-
1267767153,apartments,5,-
1267767154,apartments,5,-
1267767155,apartments,5,-
1267767156,apartments,5,-
1267767157,apartments,5,-
1267767158,apartments,5,-
1267767159,apartments,5,-
1270246435,house,1,-
1270246437,house,1,-
1270246438,house,1,-
1273587822,yes,1,-
1274300735,house,2,-
1274300736,house,2,-
1274511142,house,2,-
1274515694,house,2,-
1274515700,house,1,-
1274515705,apartments,9,-
1277667155,apartments,5,-
1277667156,apartments,5,-
1277667157,apartments,5,-
1277868068,house,2,-
1277868069,yes,2,-
1278343117,university,2,-
1278343153,yes,1,-
1278343166,yes,1,-
1278942073,yes,2,-
1281764128,retail,2,-
1282048798,yes,1,-
1282048804,house,1,-
1282048805,house,1,-
1284506294,apartments,18,-
1288796739,house,2,-
1288796740,house,2,-
1288796741,house,2,-
1288796742,house,2,-
1288796743,house,2,-
1288796744,house,2,-
1288796745,house,2,-
1288796746,house,2,-
1288796747,house,2,-
1288796748,house,2,-
1288796749,house,2,-
1288796753,house,2,-
1288796754,house,2,-
1288796755,house,2,-
1288796756,house,2,-
1288796757,house,2,-
1288796758,house,2,-
1288796759,house,2,-
1288796760,house,2,-
1288796761,house,2,-
1288796762,house,2,-
1289001630,house,2,-
1289001636,house,2,-
1289001637,house,2,-
1289001638,house,1,-
1289001639,house,3,-
1289001640,house,1,-
1289001641,house,2,-
1289001643,house,2,-
1289001647,house,1,-
1289767875,house,1,-
1289767876,house,1,-
1289772193,house,2,-
1290396946,residential,3,-
1290578200,apartments,4,-
1290578202,apartments,4,-
1290578203,apartments,4,-
1292541329,house,2,-
1292541332,house,2,-
1292541349,house,1,-
1292734130,house,2,-
1292734131,house,2,-
1292734132,house,2,-
1292734133,house,2,-
1292734134,house,2,-
1292734139,house,2,-
1292734140,house,2,-
1292734143,yes,1,-
1292973164,house,1,-
1292973171,house,1,-
1293771779,house,2,-
1293771782,house,1,-
1293771785,house,1,-
1293771787,house,2,-
1293771789,house,1,-
1293771790,house,1,-
1293771791,house,1,-
1293771794,yes,2,-
1293771797,yes,1,-
1293845111,yes,4,-
1293932410,yes,4,-
1293932461,yes,4,-
1294628890,house,1,-
1294628891,house,1,-
1294628893,house,1,-
1294628894,house,1,-
1294628895,house,1,-
1294628899,retail,1,-
1294628902,house,2,-
1294628905,house,1,-
1294628906,house,1,-
1295074224,house,1,-
1295074226,retail,2,-
1295074229,house,1,-
1295074235,house,1,-
1295074236,house,1,-
1295074237,house,1,-
1295074240,house,1,-
1295074245,house,1,-
1295546241,yes,1,-
1295546248,yes,1,-
1296312618,apartments,4,-
1296524628,house,2,-
1296734552,house,2,-
1296747836,house,2,-
1296747838,house,2,-
1296747840,house,1,-
1296747841,house,1,-
1296749408,house,2,-
1296749411,house,2,-
1296749412,house,2,-
1296749413,house,2,-
1296749414,house,2,-
1296749415,house,1,-
1296756655,apartments,4,-
1296756656,apartments,4,-
1296756657,apartments,4,-
1296756658,apartments,4,-
1296756659,apartments,4,-
1296756660,apartments,4,-
1296756661,apartments,4,-
1296756662,apartments,4,-
1296756663,apartments,4,-
1296756664,apartments,4,-
1296756665,apartments,4,-
1298236747,yes,2,-
1299879126,house,1,-
1300626121,house,2,-
1300626135,house,2,-
1300626146,apartments,2,-
1300749954,house,2,-
1300749955,house,2,-
1300749956,house,2,-
1300749957,house,2,-
1300749958,house,2,-
1300749959,house,2,-
1300749960,house,2,-
1300749961,house,2,-
1300749962,house,2,-
1300749963,house,2,-
1300749964,house,2,-
1300749965,house,2,-
1300749966,house,2,-
1300749967,house,2,-
1300749968,house,2,-
1300749969,house,2,-
1300749970,house,2,-
1300749971,house,2,-
1300749972,house,2,-
1300749973,house,2,-
1300749974,house,2,-
1300749975,house,2,-
1300749976,house,2,-
1300749977,house,2,-
1301184821,yes,1,-
1301184830,yes,1,-
1301184833,house,1,-
1301198425,apartments,5,-
1301198426,apartments,5,-
1301198427,apartments,5,-
1301198428,apartments,5,-
1301198429,apartments,10,-
1301198430,apartments,10,-
1301404551,apartments,4,-
1302167339,yes,1,-
1302167340,yes,1,-
1302167341,yes,1,-
1302167344,apartments,5,-
1302167345,apartments,5,-
1302167346,apartments,5,-
1302167347,apartments,5,-
1302167348,apartments,5,-
1302167349,apartments,5,-
1302167350,apartments,5,-
1302167351,apartments,5,-
1302167352,apartments,5,-
1302167353,apartments,5,-
1302167354,apartments,5,-
1302167355,apartments,5,-
1302167356,apartments,5,-
1302167357,apartments,5,-
1302167358,apartments,5,-
1302167359,apartments,5,-
1302167360,apartments,5,-
1302167361,apartments,5,-
1302167362,apartments,5,-
1302167363,apartments,5,-
1302167364,apartments,5,-
1302167365,apartments,5,-
1302167366,apartments,5,-
1302167367,apartments,5,-
1302167368,apartments,5,-
1302167369,apartments,5,-
1302167370,apartments,5,-
1302167371,apartments,5,-
1303125021,apartments,24,-
1303982905,apartments,4,-
1304668361,yes,3,-
1311142848,yes,1,-
1312258926,house,2,-
1312564706,apartments,22,-
1314275442,yes,2,-
1314275444,yes,2,-
1314381620,house,1,-
1314968458,house,2,-
1314968459,house,2,-
1314968460,house,2,-
1314968461,house,2,-
1315579303,yes,1,-
1315786908,apartments,6,-
1315786909,apartments,6,-
1315786910,apartments,6,-
1315786911,apartments,6,-
1315786912,apartments,6,-
1315789157,yes,14,-
1315789158,yes,14,-
1315792343,yes,6,-
1322512376,house,2,-
1322512377,house,2,-
1322512378,house,2,-
1322512379,house,2,-
1322512380,house,2,-
1322512381,house,2,-
1322512382,house,2,-
1322512383,house,2,-
1322512384,house,2,-
1322512385,house,2,-
1322512386,house,2,-
1322512387,house,2,-
1322512388,house,2,-
1322512389,house,2,-
1322512390,house,2,-
1322512391,house,2,-
1322512392,house,2,-
1322512393,house,2,-
1322977159,yes,1,-
1323868462,retail,1,-
1323990144,residential,6,-
1323990145,residential,6,-
1324256312,yes,1,-
1324924058,house,1,-
1326185595,apartments,5,15
1326185596,apartments,5,15
1326185597,apartments,5,15
1326185598,apartments,5,15
1329767240,apartments,4,-
1329767241,apartments,4,-
1329767242,apartments,4,-
1329767243,apartments,4,-
1329767244,apartments,4,-
1329767245,apartments,4,-
1329767246,apartments,4,-
1329767247,apartments,4,-
1329767248,apartments,4,-
1329767249,apartments,4,-
1329767252,apartments,4,-
1329767253,apartments,4,-
1329767254,apartments,4,-
1329767255,apartments,4,-
1329767256,apartments,4,-
1335813952,yes,3,-
1335813954,house,2,7.5
1335813955,house,2,7.5
1337559143,apartments,3,-
1337559144,apartments,3,-
1337701389,apartments,4,-
1339251006,yes,5,-
1339251007,yes,5,-
1339251008,yes,5,-
1339251011,yes,5,-
1339318594,apartments,7,-
1339454017,yes,4,-
1339454018,yes,4,-
1339454019,yes,4,-
1339454020,yes,4,-
1339454021,yes,4,-
1339454022,yes,4,-
1339454023,yes,4,-
1339454024,yes,4,-
1339454025,yes,4,-
1339454026,yes,4,-
1339454027,yes,4,-
1339454028,yes,4,-
1339454029,yes,4,-
1339454030,yes,4,-
1339454031,yes,4,-
1339454032,yes,4,-
1341106546,yes,5,-
1341106547,yes,5,-
1341106550,yes,5,-
1341106551,yes,5,-
1341106565,yes,5,-
1341106568,yes,5,-
1341106569,yes,5,-
1341106575,yes,5,-
1341106576,yes,5,-
1341106577,yes,5,-
1341427922,yes,2,-
1341427923,yes,2,-
1341427924,house,2,-
1341427925,house,2,-
1341427926,house,2,-
1341427927,house,2,-
1341427928,house,2,-
1343905610,retail,1,-
1343905611,retail,1,-
1347186149,yes,1,-
1347391302,apartments,5,-
1347391303,apartments,5,-
1347391304,apartments,5,-
1347391305,apartments,5,-
1347391306,apartments,5,-
1347391307,apartments,5,-
1347391308,apartments,5,-
1347391309,apartments,5,-
1347391310,apartments,5,-
1347391311,apartments,5,-
1347391312,apartments,5,-
1347391313,apartments,5,-
1350810153,apartments,5,-
1350810154,apartments,5,-
1350810155,apartments,5,-
1350810156,apartments,5,-
1350810193,apartments,5,-
1350810194,apartments,5,-
1350810198,apartments,5,-
1350810201,apartments,5,-
1350810202,apartments,5,-
1350810203,apartments,5,-
1350810204,apartments,5,-
1350810205,apartments,5,-
1350810206,apartments,5,-
1350810210,apartments,5,-
1350810211,apartments,5,-
1350831683,house,1,-
1350831691,house,1,-
1350831698,house,2,-
1350831699,house,2,-
1350831700,house,2,-
1350831701,house,2,-
1350831702,house,2,-
1350831703,house,2,-
1350831704,house,2,-
1350831705,house,2,-
1350831706,house,2,-
1350831707,house,2,-
1350831708,house,2,-
1350831709,house,2,-
1350831710,house,2,-
1350831711,house,2,-
1350831712,house,2,-
1350831713,house,2,-
1350831714,house,2,-
1350831715,house,2,-
1350831716,house,2,-
1350831717,house,2,-
1350831718,house,2,-
1350831719,house,2,-
1350831720,house,2,-
1350831721,house,2,-
1350831722,house,2,-
1350831723,house,2,-
1350831724,house,2,-
1350831725,house,2,-
1350831726,house,2,-
1350831727,house,2,-
1350831728,house,2,-
1350831729,house,2,-
1350831730,house,2,-
1350831731,house,2,-
1350831732,house,2,-
1350831733,house,2,-
1350831734,house,2,-
1350831735,house,2,-
1350831736,house,2,-
1350831737,house,2,-
1350831738,house,2,-
1350831739,house,2,-
1350831740,house,2,-
1350831741,house,2,-
1350831742,house,2,-
1350831743,house,2,-
1350831744,house,2,-
1350831745,house,2,-
1350831746,house,2,-
1350831747,house,2,-
1350831748,house,2,-
1350831749,house,2,-
1350831750,house,2,-
1350831751,house,2,-
1350831752,house,2,-
1350831753,house,2,-
1350831754,house,2,-
1350831755,house,2,-
1350831756,house,2,-
1350831757,house,2,-
1350831758,house,2,-
1350831759,house,2,-
1350831760,house,2,-
1350831761,house,2,-
1350831762,house,2,-
1350831763,house,2,-
1350831764,house,2,-
1350831765,house,2,-
1350831766,house,2,-
1350831767,house,2,-
1350831768,house,2,-
1350831769,house,2,-
1350831770,house,2,-
1350831771,house,2,-
1350831772,house,2,-
1350831773,house,2,-
1350831774,house,2,-
1350831775,house,2,-
1350831776,house,2,-
1350831777,house,2,-
1350831778,house,2,-
1350831779,house,2,-
1350831780,house,2,-
1350831781,house,2,-
1350831782,house,2,-
1350831783,house,2,-
1350831784,house,2,-
1350831785,house,2,-
1350831786,house,2,-
1350831787,house,2,-
1350831788,house,2,-
1350831789,house,2,-
1350831790,house,2,-
1350831791,house,2,-
1350831792,house,2,-
1350831793,house,2,-
1350831794,house,2,-
1350831795,house,2,-
1350831796,house,2,-
1350831797,house,2,-
1350831798,house,2,-
1350831799,house,2,-
1350831800,house,2,-
1350831801,house,2,-
1350831802,house,2,-
1350831803,house,2,-
1350831804,house,2,-
1350831805,house,2,-
1350831806,house,2,-
1350831807,house,2,-
1350831808,house,2,-
1350831809,house,2,-
1350831810,house,2,-
1350831811,house,2,-
1350831812,house,2,-
1350831813,house,2,-
1350831814,house,2,-
1350831815,house,2,-
1350831816,house,2,-
1350831817,house,2,-
1350831818,house,2,-
1350831819,house,2,-
1350831820,house,2,-
1350831821,house,2,-
1350831822,house,2,-
1350831823,house,2,-
1350831824,house,2,-
1350831825,house,2,-
1350831826,house,2,-
1350831827,house,2,-
1350831828,house,2,-
1350831829,house,2,-
1350831830,house,2,-
1350831831,house,2,-
1350831832,house,2,-
1350831833,house,2,-
1350831834,house,2,-
1350831835,house,2,-
1350831836,house,2,-
1350831837,house,2,-
1350831838,house,2,-
1350831839,house,2,-
1350831840,house,2,-
1350831841,house,2,-
1350831842,house,2,-
1350831843,house,2,-
1350831844,house,2,-
1350831845,house,2,-
1350831846,house,2,-
1350831847,house,2,-
1350831848,house,2,-
1350831849,house,2,-
1350831850,house,2,-
1350831851,house,2,-
1350831852,house,2,-
1350831853,house,2,-
1350831854,house,2,-
1350831855,house,2,-
1350831856,house,2,-
1350831861,house,1,-
1350831863,house,1,-
1350831873,house,1,-
1350831874,house,1,-
1350831878,house,1,-
1354825548,house,2,-
1357073500,apartments,5,-
1357073501,apartments,5,-
1357073502,apartments,5,-
1357111003,house,2,-
1357111004,house,2,-
1357111005,house,2,-
1357111006,house,2,-
1357111007,house,2,-
1357111008,house,2,-
1357111009,house,2,-
1357111010,house,2,-
1357111011,house,2,-
1357111012,house,2,-
1357111013,house,2,-
1357111016,house,2,-
1357111017,house,2,-
1357111018,house,2,-
1357111019,house,2,-
1357111020,house,2,-
1357111021,house,2,-
1357111022,house,2,-
1357111023,house,2,-
1357111024,house,2,-
1357111025,house,2,-
1357111026,house,2,-
1357111027,house,2,-
1357111028,house,2,-
1357111029,house,2,-
1357111030,house,2,-
1357111031,house,2,-
1357111032,house,2,-
1357111033,house,2,-
1357111034,house,2,-
1357111035,house,2,-
1357111036,house,2,-
1357111037,house,2,-
1357111038,house,2,-
1357111039,house,2,-
1357111040,house,2,-
1357111041,house,2,-
1357111042,house,2,-
1357111043,house,2,-
1358270387,kindergarten,1,-
1358270396,yes,2,-
1359369600,yes,2,-
1361947995,retail,1,-
1362052516,yes,1,-
1362073968,apartments,5,-
1362073969,apartments,5,-
1362073970,apartments,5,-
1362073971,apartments,5,-
1362073972,apartments,5,-
1362073973,apartments,5,-
1362073974,apartments,5,-
1362073975,apartments,5,-
1363185297,roof,-,4.2
1363187400,yes,-,5
1363187401,yes,-,6
1363204914,yes,2,10
1363204916,house,2,6
1363204917,house,1,3
1363204920,house,1,5
1363204937,house,2,8
1363204938,house,2,8
1363204939,house,2,8
1363204940,house,2,8
1363228164,house,1,-
1364770942,apartments,15,-
1367346350,house,1,-
1367346351,house,1,-
1367346352,house,1,-
1367346353,house,1,-
1367346354,house,1,-
1368189598,retail,1,-
1371016404,apartments,21,-
1371243697,apartments,6,-
1374744271,apartments,5,-
1374744272,apartments,5,-
1374744273,apartments,5,-
1374744274,apartments,5,-
1374831376,yes,4,-
1374831379,yes,3,-
1378133845,yes,3,-
1378988765,apartments,4,-
1378988766,apartments,4,-
1378988767,apartments,4,-
1382304085,yes,20,-
1382304090,yes,20,-
1384796676,apartments,4,-
1384796677,apartments,4,-
1384796678,apartments,4,-
1384796679,apartments,4,-
1384796699,apartments,3,-
1384796700,apartments,3,-
1384796701,apartments,3,-
1384796702,apartments,3,-
1384796703,apartments,3,-
1384796704,apartments,3,-
1384796705,apartments,3,-
1384796706,apartments,3,-
1384796707,apartments,3,-
1384796708,apartments,3,-
1384796709,apartments,3,-
1384796710,apartments,3,-
1384796711,apartments,3,-
1384796712,apartments,3,-
1384796713,apartments,3,-
1384796714,apartments,3,-
1384796715,apartments,3,-
1384796716,apartments,3,-
1384796717,apartments,3,-
1384796718,apartments,3,-
1384796719,apartments,3,-
1384796738,apartments,3,-
1384796739,apartments,3,-
1384796740,apartments,3,-
1384796741,apartments,3,-
1384796742,apartments,3,-
1384796743,apartments,3,-
1384796744,apartments,3,-
1384796745,apartments,3,-
1384796746,apartments,3,-
1384796747,apartments,3,-
1384796748,apartments,3,-
1384796749,apartments,3,-
1384796750,apartments,3,-
1384796751,apartments,3,-
1384796752,apartments,3,-
1384796753,apartments,3,-
1384796754,apartments,3,-
1384796755,apartments,3,-
1384796756,apartments,3,-
1384796757,apartments,3,-
1384796758,apartments,3,-
1384796759,apartments,3,-
1384796760,apartments,3,-
1384796761,apartments,3,-
1384796762,apartments,3,-
1384796763,apartments,3,-
1384796764,apartments,3,-
1384796765,apartments,3,-
1384796766,apartments,3,-
1384796767,apartments,3,-
1384796768,apartments,3,-
1384796769,apartments,3,-
1384796770,apartments,3,-
1384796771,apartments,3,-
1384796772,apartments,3,-
1384796773,apartments,3,-
1384796774,apartments,3,-
1384796775,apartments,3,-
1384796776,apartments,3,-
1384796777,apartments,3,-
1384796781,apartments,4,-
1384796782,apartments,4,-
1384796783,apartments,4,-
1384796784,apartments,4,-
1384796785,apartments,4,-
1384796786,apartments,4,-
1384796787,apartments,4,-
1384796788,apartments,4,-
1384796789,apartments,4,-
1384796790,apartments,4,-
1384796791,apartments,4,-
1384796792,apartments,4,-
1384796793,apartments,4,-
1384796794,apartments,4,-
1384796795,apartments,4,-
1384796796,apartments,4,-
1384796797,apartments,4,-
1384796798,apartments,4,-
1384796799,apartments,4,-
1384796800,apartments,4,-
1384796801,apartments,4,-
1386636253,apartments,5,-
1401405618,yes,3,-
1408202260,yes,2,6
1414165875,apartments,5,-
1416846125,apartments,5,-
1416846126,apartments,5,-
1419028487,apartments,4,-
1419028488,apartments,4,-
1419028489,apartments,4,-
1419028490,apartments,4,-
1419028491,apartments,4,-
1419028492,apartments,4,-
1419028493,apartments,4,-
1419028494,apartments,4,-
1419028495,apartments,4,-
1419028496,apartments,4,-
1419028497,apartments,4,-
1419028498,apartments,4,-
1419028499,apartments,4,-
1419028500,apartments,4,-
1419028501,apartments,4,-
1419028502,apartments,4,-
1419028503,apartments,4,-
1419028504,apartments,4,-
1419028505,apartments,4,-
1419028506,apartments,4,-
1419028507,apartments,4,-
1419028508,apartments,4,-
1419028509,apartments,4,-
1419028510,apartments,4,-
1419028511,apartments,4,-
1419028512,apartments,4,-
1419028513,apartments,4,-
1419028514,apartments,4,-
1419028515,apartments,4,-
1419028516,apartments,4,-
1419028517,apartments,4,-
1419028518,apartments,4,-
1419028519,apartments,4,-
1419028520,apartments,4,-
1419028521,apartments,4,-
1419028522,apartments,4,-
1419028523,apartments,4,-
1419028524,apartments,4,-
1419028525,apartments,4,-
1419028526,apartments,4,-
1419028527,apartments,4,-
1419028528,apartments,4,-
1419028529,apartments,4,-
1419028530,apartments,4,-
1419028531,apartments,4,-
1419028532,apartments,4,-
1419028533,apartments,4,-
1419028534,apartments,4,-
1419028535,apartments,4,-
1419028536,apartments,4,-
1419028537,apartments,4,-
1419028538,apartments,4,-
1419028539,apartments,4,-
1419028546,apartments,7,-
1419028547,apartments,7,-
1419028548,apartments,7,-
1419028549,apartments,7,-
1419028550,apartments,7,-
1419028551,apartments,7,-
1419028552,apartments,7,-
1419028553,apartments,7,-
1419028554,apartments,7,-
1419028555,apartments,7,-
1419028556,apartments,4,-
1419028557,apartments,4,-
1419028558,apartments,4,-
1419028559,apartments,4,-
1419028560,apartments,4,-
1419028561,apartments,4,-
1419028562,apartments,4,-
1419028563,apartments,4,-
1419028564,apartments,4,-
1419028565,apartments,4,-
1419028566,apartments,4,-
1419028567,apartments,4,-
1419028568,apartments,4,-
1422136325,apartments,4,-
1422136326,apartments,4,-
1422136327,apartments,4,-
1422136329,apartments,4,-
1422136330,apartments,4,-
1427706451,apartments,4,-
1427706452,apartments,4,-
1427706453,apartments,4,-
1427717493,yes,2,-
1428364571,apartments,15,-
1430542274,apartments,4,-
1431039750,house,1,-
1431815114,apartments,8,-
1431815115,apartments,8,-
1431815116,apartments,7,-
1432774147,apartments,6,-
1432774160,apartments,6,-
1434604417,yes,9,22
1435547200,apartments,9,-
1435547201,yes,7,-
1435547202,apartments,16,-
1437029446,apartments,20,-
1444314044,yes,2,-
1447565886,yes,1,-
1453748213,yes,1,-
1453947750,apartments,12,-
1453947751,apartments,12,-
1453947752,apartments,7,-
1453947753,apartments,7,-
1453947754,apartments,7,-
1453947755,apartments,7,-
1453947756,apartments,7,-
1453947757,apartments,7,-
1453947758,yes,9,22
1453947759,yes,9,22
1453949648,apartments,12,-
1462949462,school,3,-
1462949463,school,3,-
1462949464,school,3,-
1462949465,school,3,-
1462951444,school,2,-
1467870705,house,3,-
1473256634,apartments,28,-
1473739052,office,16,-
1473739053,apartments,20,-
1473746253,house,1,5
1473746254,barn,2,-
1473746256,house,1,-
1473746259,house,1,5
1473746260,yes,-,5
1473746262,yes,2,-
1473746263,house,2,-
1475380631,house,2,-
1475529099,house,2,-
1475529321,house,2,-
1475529717,house,3,-
1475530301,house,2,-
1475530869,house,2,-
1475532021,house,2,-
1475533171,retail,4,-
1475533697,retail,4,-
1475535075,house,2,-
1484161840,house,2,-
1484161841,house,2,-
1484161842,house,2,-
1484161843,house,2,-
1484161844,house,2,-
1484161845,house,2,-
1484161846,house,2,-
1484161847,house,2,-
1484161848,house,2,-
1484161851,house,2,-
1484161852,house,2,-
1484161853,house,2,-
1484161854,house,2,-
1484161855,house,2,-
1484161856,house,2,-
1484161857,house,2,-
1484161858,house,2,-
1484161859,house,2,-
1484161860,house,2,-
1484161861,house,2,-
1484161862,house,2,-
1484161863,house,2,-
1484161864,house,2,-
1484161865,house,2,-
1484161866,house,2,-
1484161867,house,2,-
1484161868,house,2,-
1484161869,house,2,-
1484161870,house,2,-
1484161871,house,2,-
1484161872,house,2,-
1484161873,house,2,-
1484161874,house,2,-
1484161875,house,2,-
1484161876,house,2,-
1484161877,house,2,-
1484161878,house,2,-
1484161879,house,2,-
1484161880,house,2,-
1484161881,house,2,-
1484161882,house,2,-
1484161883,house,2,-
1484161884,house,2,-
1484161885,house,2,-
1484161886,house,2,-
1484161887,house,2,-
1484161888,house,2,-
1484161889,house,2,-
1484161890,house,2,-
1484161891,house,2,-
1484161892,house,2,-
1484161893,house,2,-
1484161894,house,2,-
1484161895,house,2,-
1484161896,house,2,-
1484161897,house,2,-
1484161898,house,2,-
1484161899,house,2,-
1484161900,house,2,-
1484161901,house,2,-
1484161902,house,2,-
1484161903,house,2,-
1484161904,house,2,-
1484161905,house,2,-
1484161906,house,2,-
1484161907,house,2,-
1484161908,house,2,-
1484161909,house,2,-
1484161910,house,2,-
1484161911,house,2,-
1484161912,house,2,-
1484161913,house,2,-
1484161914,house,2,-
1484161915,house,2,-
1484161916,house,2,-
1484161917,house,2,-
1484161918,house,2,-
1484161919,house,2,-
1484161920,house,2,-
1484161921,house,2,-
1484161922,house,2,-
1484161923,house,2,-
1484161924,house,2,-
1484161925,house,2,-
1484161926,house,2,-
1484161927,house,2,-
1484161928,house,2,-
1484161929,house,2,-
1484161930,house,2,-
1484161931,house,2,-
1484161932,house,2,-
1484161933,house,2,-
1484161934,house,2,-
1484161935,house,2,-
1484161936,house,2,-
1484161937,house,2,-
1484161938,house,2,-
1484161939,house,2,-
1484161940,house,2,-
1484161941,house,2,-
1484161942,house,2,-
1484161943,house,2,-
1484161944,house,2,-
1484161945,house,2,-
1484161946,house,2,-
1484161947,house,2,-
1484161948,house,2,-
1484161949,house,2,-
1484161950,house,2,-
1484161951,house,2,-
1484161952,house,2,-
1484161953,house,2,-
1484161954,house,2,-
1484161955,house,2,-
1484161956,house,2,-
1484161957,house,2,-
1484161958,house,2,-
1484161959,house,2,-
1484161960,house,2,-
1484161961,house,2,-
1484161962,house,2,-
1484161963,house,2,-
1484161964,house,2,-
1484161965,house,2,-
1484161966,house,2,-
1484161967,house,2,-
1484161968,house,2,-
1484161969,house,2,-
1484161970,house,2,-
1484161971,house,2,-
1484161972,house,2,-
1484161973,house,2,-
1484161974,house,2,-
1484161975,house,2,-
1484161976,house,2,-
1484161977,house,2,-
1484161978,house,2,-
1484161979,house,2,-
1484161980,house,2,-
1484161981,house,2,-
1484161982,house,2,-
1484161983,house,2,-
1484161984,house,2,-
1484161985,house,2,-
1484161986,house,2,-
1484161987,house,2,-
1484161988,house,2,-
1484161989,house,2,-
1484161990,house,2,-
1484161991,house,2,-
1484161992,house,2,-
1484161993,house,2,-
1484161994,house,2,-
1484161995,house,2,-
1484161996,house,2,-
1484161997,house,2,-
1484161998,house,2,-
1484161999,house,2,-
1484162000,house,2,-
1484162001,house,2,-
1484162002,house,2,-
1484162003,house,2,-
1484162004,house,2,-
1484162005,house,2,-
1484162006,house,2,-
1484162007,house,2,-
1484162008,house,2,-
1484162009,house,2,-
1484162010,house,2,-
1484162011,house,2,-
1484162012,house,2,-
1484162013,house,2,-
1484162014,house,2,-
1484162015,house,2,-
1484162016,house,2,-
1484162017,house,2,-
1484162018,house,2,-
1484162019,house,2,-
1484162020,house,2,-
1484162021,house,2,-
1484162022,house,2,-
1484162023,house,2,-
1484162024,house,2,-
1484162025,house,2,-
1484162026,house,2,-
1484162027,house,2,-
1484162028,house,2,-
1484162029,house,2,-
1484162030,house,2,-
1484162031,house,2,-
1484162032,house,2,-
1484162033,house,2,-
1484162034,house,2,-
1484162035,house,2,-
1484162036,house,2,-
1484162037,house,2,-
1484162038,house,2,-
1484162039,house,2,-
1484162040,house,2,-
1484162041,house,2,-
1484162042,house,2,-
1484162043,house,2,-
1484162044,house,2,-
1484162045,house,2,-
1484162046,house,2,-
1484162047,house,2,-
1484162048,house,2,-
1484162049,house,2,-
1484162050,house,2,-
1484162051,house,2,-
1484162052,house,2,-
1484162053,house,2,-
1484162054,house,2,-
1484162055,house,2,-
1484162056,house,2,-
1484162057,house,2,-
1484162058,house,2,-
1484162059,house,2,-
1484162060,house,2,-
1484162061,house,2,-
1484162062,house,2,-
1484162063,house,2,-
1484162064,house,2,-
1484162065,house,2,-
1484162066,house,2,-
1484162067,house,2,-
1484162068,house,2,-
1484162069,house,2,-
1484162070,house,2,-
1484162071,house,2,-
1484162072,house,2,-
1484162073,house,2,-
1484162074,house,2,-
1484162075,house,2,-
1484162076,house,2,-
1484162077,house,2,-
1484162078,house,2,-
1484162079,house,2,-
1484162080,house,2,-
1484162081,house,2,-
1484162082,house,2,-
1484162083,house,2,-
1484162084,house,2,-
1484162085,house,2,-
1484162086,house,2,-
1484162087,house,2,-
1484162088,house,2,-
1484162089,house,2,-
1484162090,house,2,-
1484162091,house,2,-
1484162092,house,2,-
1484162093,house,2,-
1484162094,house,2,-
1484162095,house,2,-
1484162097,house,2,-
1484162101,house,2,-
1484162102,house,2,-
1484162103,house,2,-
1484162104,house,2,-
1484162105,house,2,-
1484162106,house,2,-
1484162107,house,2,-
1484162108,house,2,-
1484162109,house,2,-
1484162110,house,2,-
1484162111,house,2,-
1484162112,house,2,-
1484162113,house,2,-
1484162114,house,2,-
1484162115,house,2,-
1484162116,house,2,-
1484162117,house,2,-
1484162118,house,2,-
1484162119,house,2,-
1484162120,house,2,-
1484162122,house,2,-
1484162123,house,2,-
1484162124,house,2,-
1484162125,house,2,-
1484162126,house,2,-
1484162127,house,2,-
1484162128,house,2,-
1484162129,house,2,-
1484162130,house,2,-
1484162131,house,2,-
1484162132,house,2,-
1484162133,house,2,-
1484162134,house,2,-
1484162135,house,2,-
1484162136,house,2,-
1484162137,house,2,-
1484162138,house,2,-
1484162139,house,2,-
1484162140,house,2,-
1484162141,house,2,-
1484162142,house,2,-
1484162143,house,2,-
1484162144,house,2,-
1484162145,house,2,-
1484162146,house,2,-
1484162147,house,2,-
1484162148,house,2,-
1484162149,house,2,-
1484162150,house,2,-
1484162151,house,2,-
1484162152,house,2,-
1484162153,house,2,-
1484162154,house,2,-
1484162155,house,2,-
1484162156,house,2,-
1484162157,house,2,-
1484162158,house,2,-
1484162159,house,2,-
1484162160,house,2,-
1484162161,house,2,-
1484162162,house,2,-
1484162163,house,2,-
1484162164,house,2,-
1484162165,house,2,-
1484162166,house,2,-
1484162167,house,2,-
1484162168,house,2,-
1484162169,house,2,-
1484162170,house,2,-
1484162171,house,2,-
1484162172,house,2,-
1484162173,house,2,-
1484162174,house,2,-
1484162175,house,2,-
1484162176,house,2,-
1484162177,house,2,-
1484162178,house,2,-
1484162179,house,2,-
1484162180,house,2,-
1484162181,house,2,-
1484162182,house,2,-
1484162183,house,2,-
1484162184,house,2,-
1484162185,house,2,-
1484162186,house,2,-
1484162187,house,2,-
1484162188,house,2,-
1484162189,house,2,-
1484162190,house,2,-
1484162191,house,2,-
1484162192,house,2,-
1484162193,house,2,-
1484162194,house,2,-
1484162195,house,2,-
1484162196,house,2,-
1484162197,house,2,-
1484162198,house,2,-
1484162199,house,2,-
1484162200,house,2,-
1484162201,house,2,-
1484162202,house,2,-
1484162203,house,2,-
1484162204,house,2,-
1484162205,house,2,-
1484162206,house,2,-
1484162207,house,2,-
1484162208,house,2,-
1484162209,house,2,-
1484162210,house,2,-
1484162211,house,2,-
1484162212,house,2,-
1484162213,house,2,-
1484162214,house,2,-
1484162215,house,2,-
1484162216,house,2,-
1484162217,house,2,-
1484162218,house,2,-
1484162219,house,2,-
1484162220,house,2,-
1484162221,house,2,-
1485871172,yes,2,-
1494123100,house,2,-
1494123101,house,1,-
1494123102,house,2,-
1494123103,house,1,-
1494123104,house,2,-
1494123107,house,2,-
1494123108,yes,2,-
1494123109,house,2,-
1494123110,house,2,-
1494123111,house,2,-
1494123112,yes,2,-
1494123113,house,2,-
1494123114,house,2,-
1494123115,house,2,-
1494123117,house,2,-
1494123118,house,2,-
1494123119,house,2,-
1494123120,yes,2,-
1494123121,house,2,-
1494123122,house,2,-
1494123123,house,2,-
1494123129,house,2,-
1494123130,yes,2,-
1494123131,house,2,-
1494123132,house,2,-
1494123133,house,2,-
1494123134,house,2,-
1494123135,house,1,-
1494123137,house,1,-
1494123138,house,2,-
1494123139,house,1,-
1494123140,house,1,-
1494123141,house,1,-
1494123142,house,2,-
1494123143,house,2,-
1494123144,house,2,-
1494123146,house,1,-
1494123147,house,2,-
1494123148,house,2,-
1494123149,house,2,-
1494123150,house,2,-
1494123151,house,2,-
1494123152,house,2,-
1494123153,house,2,-
1497804420,yes,1,-
1497804424,yes,1,-
1498923008,apartments,4,-
1498923010,apartments,22,-
1498923017,apartments,4,-
1498923018,apartments,4,-
1498923019,apartments,4,-
1498923020,apartments,4,-
1498923021,apartments,4,-
1498923022,apartments,4,-
1498923023,apartments,4,-
1498937348,house,-,3
1498937574,house,2,6.5
1499179249,house,2,-
1499179252,house,2,-
1499179253,house,2,-
1499199277,house,2,-
1499199278,house,2,-
1499199281,house,1,-
1499199282,house,1,-
1499199283,house,1,-
1499199284,house,1,-
1499199285,house,1,-
1499228082,house,1,-
1499228083,house,2,-
1499228084,house,2,-
1499228085,house,2,-
1499228086,house,2,-
1499228087,house,1,-
1499228088,house,1,-
1499228090,house,1,-
1499228092,house,1,-
1499228094,house,1,-
1499228095,house,1,-
1499228104,house,1,-
1499228105,house,1,-
1499228107,house,2,-
1499228112,house,2,-
1499228113,house,1,-
1499228114,house,1,-
1499228115,house,1,-
1499228117,house,2,-
1499228118,house,2,-
1499228119,house,2,-
1499487682,house,2,-
1499487684,house,1,-
1499487685,house,2,-
1499487686,house,2,-
1499487687,house,1,-
1499487690,house,2,-
1499487691,house,1,-
1499487692,house,2,-
1499487693,house,1,-
1499487694,house,2,-
1499487695,house,2,-
1499487696,house,2,-
1499487697,house,2,-
1499487698,house,2,-
1499487699,house,2,-
1499487700,house,2,-
1499487704,house,1,-
1499487717,house,2,-
1499487721,house,1,-
1499487722,house,1,-
1499487725,house,2,-
1499487733,house,2,-
1499487734,house,2,-
1499487735,house,2,-
1499487736,house,2,-
1499487737,house,2,-
1499487738,house,2,-
1499487739,house,2,-
1499487740,house,2,-
1499487741,house,2,-
1499496402,house,2,-
1499496403,house,1,-
1499496404,house,2,-
1499496405,house,2,-
1499496406,house,2,-
1499496407,house,2,-
1499496408,house,2,-
1499496409,house,2,-
1499496410,house,2,-
1499496411,house,2,-
1499496412,house,2,-
1499496413,house,2,-
1499496414,house,2,-
1499496415,house,2,-
1499496416,house,1,-
1499496417,house,2,-
1499496418,house,1,-
1499496419,house,1,-
1499496420,house,2,-
1499504330,house,2,-
1499504331,house,1,-
1499504332,house,2,-
1499504333,house,1,-
1499504336,yes,1,-
1499504337,yes,2,-
1499504339,house,2,-
1499514155,house,2,-
1499514158,house,1,-
1499514162,house,1,-
1499514163,house,2,-
1499514168,house,1,-
1499514169,house,1,-
1499514170,house,1,-
1499514179,house,1,-
1499514180,house,1,-
1499514181,house,1,-
1499514182,house,2,-
1499514185,house,2,-
1499735871,yes,3,-
1499735877,yes,2,-
1499735878,yes,2,-
1499735879,yes,2,-
1499735880,house,2,-
1499735881,house,2,-
1499735882,house,2,-
1499735883,house,2,-
1499735884,house,2,-
1499735885,house,2,-
1499735886,house,2,-
1499735887,house,2,-
1499735888,house,2,-
1499735889,house,2,-
1499735890,house,1,-
1499735893,yes,1,-
1499735894,yes,2,-
1499735897,garage,1,-
1499735898,garage,1,-
1500649194,house,2,-
1500649195,house,1,-
1500649199,house,1,-
1500649200,shed,1,3
1500846875,commercial,2,-
1500846876,commercial,1,-
1500848863,house,2,8
1500848864,apartments,3,-
1500848874,house,2,-
1500889063,house,1,-
1500889064,house,2,-
1500889073,house,2,-
1500889074,house,1,-
1500889076,house,2,-
1500889077,house,1,-
1500889078,house,2,-
1500952317,house,1,-
1500954458,yes,2,-
1500954460,house,2,-
1500954461,house,1,-
1500954466,house,1,-
1500954468,house,1,-
1500954469,house,2,-
1500954479,house,1,-
1500954481,house,1,-
1500954483,house,2,-
1502733118,yes,2,-
1502733119,yes,1,-
1502733139,house,2,-
1502733140,house,2,-
1502733141,house,2,-
1502733142,house,2,-
1502733143,house,2,-
1502733144,house,2,-
1502733145,house,2,-
1502733146,house,2,-
1502733147,house,2,-
1502733148,house,2,-
1502733149,house,2,-
1502733150,house,2,-
1502733151,house,2,-
1502733152,house,2,-
1502733155,house,2,-
1502733156,house,2,-
1502733157,house,2,-
1502733158,house,2,-
1502733159,house,2,-
1502733161,house,2,-
1502733163,house,2,-
1503809994,house,2,-
1503810002,house,2,-
1503810006,house,2,-
1503810007,house,2,-
1503810017,house,1,-
1503810018,house,2,-
1503810029,house,1,-
1503810030,house,1,-
1503810031,house,1,-
1503811663,house,1,-
1503811667,house,1,-
1503811668,house,1,-
1503811669,house,1,-
1503811670,house,1,-
1503811671,house,1,-
1503811672,house,1,-
1504711825,yes,1,-
1508004929,yes,1,-
1525527085,house,2,5
1526557345,house,1,-
1526557346,house,1,-
1526557347,house,1,-
1526557348,house,1,-
1526557349,yes,1,-
1526557350,house,1,-
1526557352,yes,1,-
1526557353,house,1,-
1526557355,house,1,-
1526859915,apartments,5,-
1527654420,yes,2,-
1527654422,school,2,-
1528050278,yes,1,-
1528241715,apartments,30,-
1528280889,apartments,8,-
1529263864,office,2,-
1529501749,yes,2,-
1529501751,house,2,-
1529501752,house,2,-
1529501753,retail,2,-
1530939961,yes,2,-
1531033086,yes,2,-
1531046579,apartments,4,-
1531046580,apartments,4,-
1531046581,apartments,4,-
1531046585,apartments,4,-
1531046591,yes,1,-
1533972212,residential,4,-
1534418464,yes,1,-
1534418466,house,1,-
1539292026,house,1,-
1543321739,apartments,4,-
1543321740,apartments,4,-
1543321741,apartments,4,-
1543321742,apartments,4,-
1543321743,apartments,4,-
1543321744,apartments,4,-
1543321745,apartments,4,-
1543321746,apartments,4,-
1543321747,apartments,4,-
1543321748,apartments,4,-
1543321749,apartments,4,-
1545843566,yes,1,-
1545887452,yes,2,-
1545891219,apartments,8,-
1545891222,yes,2,-
1545891223,yes,2,-
1545891224,yes,2,-
1545891225,yes,2,-
1545891233,house,2,-
1545891234,house,2,-
