{
"type": "FeatureCollection",
"name": "comunas_gran_valparaiso",
"crs": { "type": "name", "properties": { "name": "urn:ogc:def:crs:OGC:1.3:CRS84" } },
"features": [
{"type":"Feature","properties":{"name":"Concón"},"geometry":{"type":"MultiPolygon","coordinates":[[[[-71.5233189000636,-32.918048099942403],[-71.523345700401805,-32.918063800086898],[-71.523380599950599,-32.918036799908698],[-71.523385900010794,-32.9180187997855],[-71.523428899668502,-32.917996300003203],[-71.523439600400096,-32.917969200264601],[-71.523420799559503,-32.9179466997156],[-71.523401999617306,-32.917940000375502],[-71.523361800008303,-32.917940000375502],[-71.523332300232696,-32.917922000232501],[-71.523353799612394,-32.917904000085798],[-71.523401999617306,-32.917892700033697],[-71.523404699953005,-32.9178656998034],[-71.523439600400096,-32.917840900003497],[-71.523482500344798,-32.917813899757398],[-71.523498599951395,-32.917777900170499],[-71.523479800009099,-32.917739599833602],[-71.523428899668502,-32.917735100164997],[-71.523385900010794,-32.917723800091402],[-71.523334999670098,-32.917757600013701],[-71.523302799558806,-32.917773399749798],[-71.523257500213901,-32.917817199662302],[-71.523254799878202,-32.917855399671502],[-71.523233100174195,-32.9179017001087],[-71.523203600398602,-32.917922000232501],[-71.523171400287197,-32.917928700327998],[-71.523099199992899,-32.917952200051403],[-71.523125800006795,-32.917996300003203],[-71.523168699951498,-32.918007499748001],[-71.523225000065295,-32.9179940000285],[-71.523273599820499,-32.917979299795199],[-71.523265499711599,-32.918008499671302],[-71.523273299783199,-32.918036799908698],[-71.5233189000636,-32.918048099942403]]],[[[-71.521908100401504,-32.917719299668001],[-71.521916099899101,-32.917683300042597],[-71.521913399563303,-32.917656299748401],[-71.521875900290098,-32.9176404999913],[-71.521832899734093,-32.917694600121401],[-71.521825200273796,-32.917729299686997],[-71.521838300405605,-32.917746299942998],[-71.521881500387593,-32.917747400163499],[-71.521908100401504,-32.917719299668001]]],[[[-71.521776599620296,-32.917593200243601],[-71.521747099844703,-32.917595500228799],[-71.521712200295894,-32.9176067000244],[-71.521691099768205,-32.917648300329901],[-71.5217041999,-32.917674299945404],[-71.521739100347105,-32.917692300138803],[-71.521768600122698,-32.9176698002736],[-71.521784699729196,-32.917644999664702],[-71.521795399562507,-32.917618000112903],[-71.521776599620296,-32.917593200243601]]],[[[-71.442633200407698,-33.001761600265098],[-71.443643900323707,-33.000627399649801],[-71.444326200426403,-32.999570200215302],[-71.4449297003124,-32.999192699913003],[-71.446232700343799,-32.998683899743099],[-71.446856600071499,-32.998036499930897],[-71.447470900402195,-32.996924700239198],[-71.447916600428698,-32.995733800093603],[-71.448753000230198,-32.994735000353998],[-71.449146700378193,-32.993833800195503],[-71.449794199746705,-32.993371700191901],[-71.450698099856993,-32.9925488001765],[-71.452387300002101,-32.9920601001348],[-71.453446799997593,-32.991264599710298],[-71.453995100206001,-32.990770099884898],[-71.454554899748402,-32.990492200344299],[-71.4558521999693,-32.989930499670002],[-71.456852700413606,-32.989288899989099],[-71.458606299883101,-32.9883593001896],[-71.459584199613204,-32.987056700057103],[-71.461144199562597,-32.985838599866298],[-71.463274999823199,-32.985342299633402],[-71.465359599728799,-32.985348100197299],[-71.466538699624707,-32.984844600337702],[-71.468609900259494,-32.984877000183801],[-71.4697686003136,-32.984314199799798],[-71.470755599977494,-32.983450300073301],[-71.473840199965807,-32.9831968002824],[-71.474779199949097,-32.983444299698697],[-71.475766199613105,-32.983184700031899],[-71.476125600286906,-32.982539900016],[-71.476060200239203,-32.981911200056302],[-71.475677499961904,-32.981059800101697],[-71.475680399723601,-32.980448300103703],[-71.475975799924996,-32.980102599648703],[-71.477244999945597,-32.979392999816397],[-71.478609099789296,-32.9784102999159],[-71.480282800402506,-32.9771503001394],[-71.483253900051295,-32.975955399871403],[-71.484380900355603,-32.975799700050501],[-71.486774200020406,-32.9764137002553],[-71.487046700368595,-32.9764971002352],[-71.490421999674396,-32.977313699964],[-71.492009900398202,-32.9782928996515],[-71.494775900294599,-32.977692400107102],[-71.495923700191,-32.977335299946802],[-71.496310000017701,-32.977356899924303],[-71.497617600321604,-32.976508499808801],[-71.4991510002571,-32.975513600188499],[-71.499648799875203,-32.974844000277898],[-71.499408499638406,-32.972244600150901],[-71.499391299595601,-32.971934999630399],[-71.499425599968106,-32.9715388997787],[-71.499520000328104,-32.971214900071601],[-71.499648799875203,-32.970898100196898],[-71.499932000056702,-32.970523600358497],[-71.500198099908502,-32.970278799700999],[-71.500661600052396,-32.969997999685297],[-71.501459799894704,-32.969587500198003],[-71.501957600411103,-32.969227500368],[-71.502421099656701,-32.968788200070598],[-71.504275100232206,-32.966771999884003],[-71.506146200239201,-32.964712399832699],[-71.507914300313999,-32.962753699768598],[-71.508695300113601,-32.961918299658002],[-71.508978600008106,-32.961435799756501],[-71.509287599804594,-32.960622000299999],[-71.509330499749296,-32.960485200311602],[-71.512579600130806,-32.958979200073102],[-71.5126637004077,-32.958946600029002],[-71.517447300262504,-32.957324600178097],[-71.520667899795001,-32.956250000109897],[-71.533940100282706,-32.9525481998486],[-71.538902899663597,-32.951176999716402],[-71.542467800088303,-32.95006189998],[-71.544698800232396,-32.950062800037202],[-71.545620900210295,-32.946865299668701],[-71.545970200227103,-32.946770099675199],[-71.546055000291602,-32.946482300107199],[-71.548847999952102,-32.946667700353302],[-71.549582999720997,-32.946706000228403],[-71.549808299889193,-32.946476500006199],[-71.549878099885007,-32.946404399758897],[-71.549904900223197,-32.946282899744403],[-71.549958500001296,-32.946192799671202],[-71.550076500002106,-32.946116299721801],[-71.550146299997905,-32.946075799854803],[-71.550237499660497,-32.946039799706199],[-71.550392999832894,-32.945985799832798],[-71.550478900333601,-32.945931699664001],[-71.550607600167694,-32.945877699724498],[-71.550714900335194,-32.945756199740103],[-71.550768500113193,-32.945675100148897],[-71.550693400057099,-32.9456076000235],[-71.550661299658799,-32.945558099647499],[-71.550688099997004,-32.945495099951202],[-71.550773899886394,-32.945427500179299],[-71.550838300109106,-32.945400500059698],[-71.550999200054605,-32.945355500093399],[-71.551117200055302,-32.945342000023601],[-71.551288900445499,-32.9452834999488],[-71.551476700442194,-32.945261000315597],[-71.551605400276301,-32.945220500056799],[-71.551718100216902,-32.945179900270197],[-71.551777099768103,-32.945125899871599],[-71.551836100217699,-32.945040400178002],[-71.551809200166502,-32.944950399855799],[-71.551669799600703,-32.944887300216898],[-71.551637600387707,-32.944801800292602],[-71.551578599938097,-32.944734300254296],[-71.551519600386897,-32.944698300313298],[-71.551337200163402,-32.944675700267503],[-71.551267400167504,-32.944653199725799],[-71.551138700333397,-32.944653199725799],[-71.551063600277303,-32.944644200110602],[-71.551047499772494,-32.944608200132897],[-71.551074300110699,-32.944540699946799],[-71.551106500222005,-32.944455199687397],[-71.551219200162606,-32.9444055999098],[-71.551299600278796,-32.944374099656699],[-71.551481999603993,-32.944347099969299],[-71.551535699993394,-32.944275099757299],[-71.551541000053604,-32.9442031002406],[-71.551487400275505,-32.944126499813002],[-71.551417600279606,-32.9440634998505],[-71.551283499774001,-32.944027499636398],[-71.551369400274794,-32.943937499790898],[-71.551535699993394,-32.943941999634497],[-71.551605400276301,-32.9439283998382],[-71.551696599938893,-32.943874400182899],[-71.551696599938893,-32.943775399723997],[-71.551739199846295,-32.943754699949899],[-71.551814599939703,-32.943833900042897],[-71.551911200273693,-32.943860899887],[-71.5520399001079,-32.943874400182899],[-71.552045299881001,-32.943820399740702],[-71.552115000163894,-32.943739400146498],[-71.552233000164705,-32.9437169001204],[-71.552190100220002,-32.943671799786102],[-71.552114700126594,-32.943606099884803],[-71.552173999715194,-32.943523299846703],[-71.552211599599701,-32.943455800340203],[-71.552275999822399,-32.9434376998461],[-71.552356399938603,-32.943347700154],[-71.552415400388199,-32.943266700126699],[-71.552399299883305,-32.943176599995198],[-71.5524797997126,-32.943136100289401],[-71.552554899768694,-32.943095599811201],[-71.552511999824006,-32.943037099757703],[-71.5524208001614,-32.942947000146098],[-71.552511999824006,-32.942875000301797],[-71.552592499653201,-32.9428210000032],[-71.552672899769405,-32.942776000231703],[-71.552758699658895,-32.942730999683398],[-71.552871099562196,-32.942732799947002],[-71.552903599710802,-32.942785000037098],[-71.553010899878203,-32.942776000231703],[-71.553112800272501,-32.942735500342401],[-71.553177199596902,-32.942658900151102],[-71.553161099990405,-32.942541900181602],[-71.553107399601004,-32.942474299659501],[-71.553177199596902,-32.942384299740802],[-71.553182499657098,-32.942307800265503],[-71.553064499656301,-32.942258300303699],[-71.553123500105897,-32.942105200048502],[-71.553150400156994,-32.942006100357503],[-71.553123299781504,-32.941935900026898],[-71.553220100439901,-32.941862099831802],[-71.553289799824498,-32.9418080996684],[-71.553375700325205,-32.941762999868303],[-71.553456100441494,-32.941718000312299],[-71.553568800382095,-32.941641500260602],[-71.553649000174005,-32.941629799909798],[-71.553750899670007,-32.941679300223399],[-71.553799399712105,-32.941740500093204],[-71.553858199837407,-32.941850400264101],[-71.553949400398295,-32.941913400295697],[-71.554083800042903,-32.941952100282002],[-71.554180299765704,-32.941947600337102],[-71.554287599933105,-32.941965600115502],[-71.554357099891703,-32.942034999796498],[-71.554410999707002,-32.942136700356102],[-71.554523599934598,-32.942145700226497],[-71.554566599592306,-32.942132199666602],[-71.554620200268701,-32.942055699973302],[-71.554598699990706,-32.942010600299497],[-71.554582600384194,-32.941947600337102],[-71.554598699990706,-32.9418665997811],[-71.554652400380107,-32.941830600180303],[-71.554754299875995,-32.941785499637803],[-71.554759699649196,-32.941722500268902],[-71.554732900209302,-32.941623499662299],[-71.554770400380804,-32.941546900015503],[-71.554743600042698,-32.9414658998463],[-71.554695300324795,-32.941506400317103],[-71.554588000157395,-32.9414389000247],[-71.554502200267905,-32.9414164001671],[-71.554400299873706,-32.941506400317103],[-71.554330299553499,-32.941472200104997],[-71.5544164003785,-32.941407400222403],[-71.5544164003785,-32.9413307996345],[-71.554545100212593,-32.941272299921202],[-71.554523599934598,-32.941222800133701],[-71.5544164003785,-32.941236300078501],[-71.554346600382601,-32.941245300040499],[-71.554319800044397,-32.9411958002378],[-71.5544164003785,-32.941150799639303],[-71.554464400059103,-32.9410894998475],[-71.554469700119299,-32.940995000033602],[-71.554405399609493,-32.940959000078003],[-71.554314400271295,-32.940957199778303],[-71.554234000155006,-32.940939199794599],[-71.554174999705495,-32.940934699797999],[-71.554271500326607,-32.940867100308999],[-71.554325199817598,-32.940813100291898],[-71.554351700118502,-32.940724899740701],[-71.554325199817598,-32.9406329997285],[-71.554244699988402,-32.940664600074903],[-71.554174999705495,-32.940723100190098],[-71.554158900098997,-32.940745600224197],[-71.5540941998389,-32.940724899740701],[-71.554019399820206,-32.940714100174901],[-71.553949599824307,-32.940754600236197],[-71.553879900439696,-32.940786100270998],[-71.553836999596697,-32.940813100291898],[-71.553815500216999,-32.940826600299303],[-71.553724299656096,-32.940808600289003],[-71.553649199600002,-32.940754600236197],[-71.553568800382095,-32.940754600236197],[-71.553552699877301,-32.940817600294601],[-71.553445399709801,-32.940822100296998],[-71.553418600269893,-32.940831100301303],[-71.553343500213899,-32.940948199786803],[-71.553257599713106,-32.940957199778303],[-71.553091099670198,-32.940909500114998],[-71.552989099562893,-32.940837399851397],[-71.552914300442495,-32.940772600257397],[-71.552903299673503,-32.940603299946098],[-71.552989399600193,-32.940516000093901],[-71.553225500213102,-32.9404574998416],[-71.553300600269196,-32.940394400012003],[-71.553456100441494,-32.940295400180098],[-71.553450800381299,-32.940209900338999],[-71.553423900330102,-32.9402008000027],[-71.553311300102493,-32.940205300036602],[-71.553257599713106,-32.940187299899797],[-71.553241500106594,-32.940115300070097],[-71.553262700347304,-32.940063099911903],[-71.553305900329306,-32.940002799794698],[-71.553413199598495,-32.939926200251797],[-71.553477599821207,-32.939872199660101],[-71.553603900255197,-32.939811900166703],[-71.553611700326798,-32.939728099913502],[-71.553557999937397,-32.939678600015398],[-71.553450800381299,-32.939692100195998],[-71.553407799825294,-32.939741600086499],[-71.553327399709005,-32.939759600313899],[-71.553273700218,-32.9397325999714],[-71.553241500106594,-32.939669599893897],[-71.553219800402601,-32.939590399840498],[-71.553268100120505,-32.939486800276597],[-71.553391700218796,-32.939372499623602],[-71.553348800274094,-32.9392733998857],[-71.553284199727003,-32.939252699811497],[-71.553311300102493,-32.9391339002756],[-71.553364899880606,-32.939066300163802],[-71.553375700325205,-32.938998800270603],[-71.553337800403398,-32.938946600207103],[-71.5533485999498,-32.938892500254802],[-71.553278799953802,-32.938811499916],[-71.553193300101697,-32.938832200093401],[-71.5531664000506,-32.938886199812302],[-71.553043099989594,-32.938877200364097],[-71.552978399729597,-32.938816000020502],[-71.552887500104305,-32.938796200011097],[-71.552844600159602,-32.938760199914299],[-71.552882100331104,-32.938674599826101],[-71.552914000405195,-32.938622400325301],[-71.552989399600193,-32.938553099744503],[-71.553075200387994,-32.938481100092098],[-71.553187900328595,-32.938463000087502],[-71.553316600162702,-32.938449499719297],[-71.553412899561195,-32.9383927999598],[-71.553498800061902,-32.9383657999538],[-71.553499000386196,-32.938287499663701],[-71.553412899561195,-32.938230700283199],[-71.553316600162702,-32.938251399842699],[-71.553236200046399,-32.938332500211501],[-71.553128599841699,-32.938298300279797],[-71.553053799822905,-32.938274000022602],[-71.552903599710802,-32.938246899709398],[-71.552785599710006,-32.938246899709398],[-71.552672899769405,-32.938264999758204],[-71.552613900218205,-32.938287499663701],[-71.552519899608598,-32.938365100319302],[-71.552314799856205,-32.937821800059801],[-71.551980000444701,-32.937368000217802],[-71.550847100005598,-32.936690800358903],[-71.550513199807796,-32.936143600261097],[-71.549825700256207,-32.935729599792502],[-71.549700399647094,-32.935585300287102],[-71.549834299828404,-32.935134899812098],[-71.550211900369902,-32.934630600311898],[-71.550237699984905,-32.933715699676497],[-71.550578500142393,-32.933118099991802],[-71.550641100141306,-32.932282199626599],[-71.550512299695896,-32.931230400032902],[-71.550847100005598,-32.930488400339001],[-71.551550900386303,-32.930034500290098],[-71.551756900250595,-32.929760800151698],[-71.551861800119596,-32.929274399990298],[-71.551647199784796,-32.928510799875497],[-71.549860299767701,-32.927993299948],[-71.549674800356499,-32.927731600304398],[-71.549050499980098,-32.927608700077599],[-71.548318099935699,-32.927759800165497],[-71.547706199903502,-32.928092100167099],[-71.547269800135098,-32.928119399632799],[-71.547045700116101,-32.928072499830201],[-71.546935699612902,-32.928072499830201],[-71.546679599806893,-32.928065799748701],[-71.546444899667605,-32.928042099883797],[-71.546337600398502,-32.928069200307803],[-71.546271900313499,-32.928122099720298],[-71.546237699654,-32.928165399884399],[-71.546172599643697,-32.928203100046602],[-71.546134399684604,-32.928208700027298],[-71.546079400331294,-32.928217199903102],[-71.545996299879306,-32.928218299993397],[-71.545962799905695,-32.928209300213702],[-71.545928600144606,-32.928193000174701],[-71.545817899853802,-32.928075899635097],[-71.545731400176805,-32.927956600261403],[-71.5456992000654,-32.927901400278699],[-71.545657699695894,-32.927797900123998],[-71.545626800345104,-32.927697700138701],[-71.545585200262593,-32.927612099900301],[-71.545460499728094,-32.927405600209603],[-71.545373399976498,-32.927213599679497],[-71.545245900291505,-32.927100000231597],[-71.545110499923695,-32.927044799714501],[-71.544970999644903,-32.9269806000122],[-71.544883800180301,-32.926973899848001],[-71.544788600319805,-32.926994099868899],[-71.544612899731703,-32.927094299897099],[-71.544529800177997,-32.927158500270899],[-71.544468800078604,-32.927195599914803],[-71.544401100343805,-32.927213099769901],[-71.544358799575406,-32.927207999635897],[-71.544331300348006,-32.927193399708699],[-71.544277699671596,-32.927140499740901],[-71.544226699617994,-32.927080800055698],[-71.544194500404899,-32.926973899848001],[-71.544203400014496,-32.926905599765398],[-71.544283100343094,-32.926750200330602],[-71.544230999853198,-32.926717699995997],[-71.543898699554902,-32.9267932998441],[-71.5436723995618,-32.926805199709598],[-71.543636399576798,-32.926682200173801],[-71.5435448001639,-32.926681900075401],[-71.543038600399598,-32.926772799679298],[-71.542924100235197,-32.926899100163297],[-71.542349599763199,-32.927029600319997],[-71.542098599693006,-32.927019200216897],[-71.541867800038702,-32.927014799795998],[-71.541691999737594,-32.927062200069699],[-71.539912200004494,-32.927770899899798],[-71.539642300279098,-32.927915800277503],[-71.539541900071299,-32.928002799654898],[-71.539636000393998,-32.928108199659697],[-71.539673699991496,-32.928110800219102],[-71.539711899950603,-32.928103600235801],[-71.539739300363493,-32.928076799916099],[-71.539744100061995,-32.928047999968499],[-71.539738400251494,-32.928018799635097],[-71.540003299954094,-32.927868399707101],[-71.541545900434699,-32.927284000198803],[-71.541606400172498,-32.927280800176398],[-71.541671899933107,-32.9272958999982],[-71.541854499582598,-32.9272473002178],[-71.541888899668095,-32.927324700190603],[-71.541870900124707,-32.927367800178203],[-71.541896900064003,-32.927449099782898],[-71.541965100160297,-32.927518200203302],[-71.542002400007604,-32.927599100045299],[-71.541980499979303,-32.927658500039797],[-71.541917500230099,-32.9277145997047],[-71.541788999822003,-32.927761100073397],[-71.541623999965495,-32.927849299980601],[-71.541426400247403,-32.927996300133401],[-71.541256599794096,-32.928169500154802],[-71.541107200080901,-32.928274500339697],[-71.540847499827194,-32.928383499624204],[-71.540531699783998,-32.928474699834098],[-71.540368200114102,-32.928502400310002],[-71.5403409003126,-32.928461200203401],[-71.540197200409807,-32.928518600009902],[-71.540171499609599,-32.928549900068802],[-71.540170199747394,-32.928586600263301],[-71.5401933996379,-32.928622200357403],[-71.540232000245595,-32.928621100272103],[-71.540529000346595,-32.9285607003659],[-71.540886100434903,-32.928451499981399],[-71.541227100018503,-32.928328600000697],[-71.541426400247403,-32.928241199814202],[-71.541591899567194,-32.928409400327503],[-71.541582000132706,-32.928783200218398],[-71.541332500249098,-32.929097000115298],[-71.541215500073207,-32.929068900207902],[-71.541052199829295,-32.929131499924999],[-71.541025200065107,-32.929155299779403],[-71.540813099741698,-32.929198600191803],[-71.540811799879506,-32.9292200000639],[-71.540526699761102,-32.929286600365501],[-71.540436400210396,-32.928928899682802],[-71.540469000072093,-32.9289187998938],[-71.540459900138302,-32.9288822001187],[-71.540420400316904,-32.928889099947703],[-71.540386199657405,-32.928902699794698],[-71.540135499624597,-32.9290904999202],[-71.540244800340105,-32.929397000075902],[-71.540200299597601,-32.929381399961301],[-71.540156600152301,-32.929309199820302],[-71.540112100307994,-32.929264899665903],[-71.540074799562504,-32.929269199693799],[-71.540074000061907,-32.929300599768297],[-71.540139799859801,-32.929325299845402],[-71.540152800278605,-32.929389099737897],[-71.540105999848905,-32.929385099805103],[-71.540074399812198,-32.929422099742297],[-71.5400036997044,-32.929438300027797],[-71.5399678003307,-32.9294054998376],[-71.539938299656797,-32.929369900058703],[-71.539908000380507,-32.929367200009203],[-71.539893900423806,-32.929429300372199],[-71.539860200126,-32.929471699629701],[-71.539786000181806,-32.929447700052499],[-71.539733100191398,-32.929486100126901],[-71.539592500374695,-32.929477399811098],[-71.539563400349394,-32.929425800338301],[-71.539602000058807,-32.929405900207797],[-71.539589599714603,-32.929371000134701],[-71.539555000203094,-32.929369599969398],[-71.539510999822198,-32.929382699845299],[-71.539505399724703,-32.929428499632003],[-71.539469900101295,-32.929471799910701],[-71.539387600048201,-32.929491399937604],[-71.539303900419995,-32.929533600111498],[-71.539208299910797,-32.929588700303],[-71.539221400042607,-32.929625200258997],[-71.539141900038203,-32.929715100063703],[-71.539046700177707,-32.929701700149003],[-71.538937599786394,-32.929699199917103],[-71.538155000087301,-32.9293834998319],[-71.538056899566698,-32.9293834998319],[-71.537970199565393,-32.929397000075902],[-71.537945200349398,-32.929430199885402],[-71.537926899870399,-32.929471999718601],[-71.537984000383105,-32.929503699809899],[-71.538082600367005,-32.929571500252401],[-71.538197999745094,-32.929610299888303],[-71.538456499849502,-32.929719200262298],[-71.538444699579898,-32.929745599715901],[-71.538517899699201,-32.929769499685698],[-71.538679999793899,-32.929839099696601],[-71.538750699901698,-32.929907000162402],[-71.538522899722096,-32.9300812],[-71.538518700098095,-32.930133799630703],[-71.538623800291404,-32.930332499765498],[-71.538529499644497,-32.930351599709802],[-71.538540399802102,-32.930377499836901],[-71.538480100388696,-32.930397800114598],[-71.538463600133497,-32.930368399996901],[-71.538439200093805,-32.9303698996723],[-71.538396399862094,-32.930269900144197],[-71.538367800198401,-32.930246500202102],[-71.538307100136294,-32.930233900346799],[-71.538059500189505,-32.930323599726897],[-71.538036600336298,-32.930415199810398],[-71.537865899771006,-32.930470000121197],[-71.537489099628502,-32.930512600193403],[-71.536977400378007,-32.930509400287903],[-71.536878399745504,-32.930522000103998],[-71.536668099645894,-32.930566800273503],[-71.536433800155194,-32.930703599815899],[-71.536210499636795,-32.930663399760697],[-71.536115400387601,-32.930746999749999],[-71.536090800023501,-32.930841199874102],[-71.535817200137402,-32.930890200305697],[-71.535791200198204,-32.930840500180103],[-71.535769699920095,-32.930788700189503],[-71.535734800371401,-32.930779699917302],[-71.535675799921805,-32.930802200219098],[-71.5356489995836,-32.930795500344303],[-71.535581999636506,-32.9308000001027],[-71.535520299749507,-32.930813500130597],[-71.535439799920297,-32.930795500344303],[-71.535408199883506,-32.930762099734203],[-71.5353756997349,-32.930719999671901],[-71.5353753996976,-32.930673899715003],[-71.535292300143894,-32.9306760998345],[-71.535214499752101,-32.930649099734801],[-71.535147400091901,-32.930644599968701],[-71.535096499751305,-32.930633400315202],[-71.535069700311396,-32.930586099972601],[-71.535029400091105,-32.930550100303797],[-71.534927499696906,-32.930545599778704],[-71.534906000317207,-32.930563600369801],[-71.534849700203395,-32.930563600369801],[-71.534844300430194,-32.930550100303797],[-71.534790699753799,-32.930525300288899],[-71.534761199978206,-32.930559099845397],[-71.534726300429398,-32.930565799738098],[-71.5346700003156,-32.930563600369801],[-71.534616399639305,-32.930561299967799],[-71.534565399585603,-32.930550100303797],[-71.534498299925502,-32.930550100303797],[-71.534439300374302,-32.930552299672499],[-71.534409799700299,-32.930543300130203],[-71.534350800149099,-32.930527599937903],[-71.534275700093005,-32.930536600235797],[-71.534216699643494,-32.930540400311003],[-71.534167100063399,-32.9305466998401],[-71.534105400176401,-32.930552899843001],[-71.534029600332801,-32.930553999904198],[-71.533481799587705,-32.930387999825101],[-71.532545700264393,-32.9299175002065],[-71.531590800100503,-32.9292286001238],[-71.530807600326796,-32.928422599873699],[-71.530743500141398,-32.928187199628098],[-71.530748599877199,-32.928154800103897],[-71.530780799988605,-32.928138999959302],[-71.530815700435696,-32.928094000257303],[-71.530807600326796,-32.9280715000207],[-71.530759299710596,-32.928067000123399],[-71.530721800437405,-32.928033200368802],[-71.530735199708104,-32.928001700315903],[-71.530732500270702,-32.927947699983697],[-71.530684199654502,-32.927931899802097],[-71.530652100154498,-32.927940900364],[-71.530614500269905,-32.927967899782303],[-71.530552800382907,-32.927936399706198],[-71.530512599875706,-32.9279633998798],[-71.530445500215507,-32.927983699957501],[-71.530399899935105,-32.927995000228997],[-71.530327500214796,-32.927997199661199],[-71.530247000385501,-32.927970200251799],[-71.530217499711597,-32.927961199692902],[-71.530215100311494,-32.927923899804497],[-71.530271200100998,-32.927877900181301],[-71.530282199971595,-32.927851899793602],[-71.530249699822903,-32.927828399683101],[-71.530258000256197,-32.927800100314997],[-71.530319499818802,-32.927763099699497],[-71.530351600217202,-32.9277585997866],[-71.530408000044005,-32.9277406001328],[-71.530448199652994,-32.927713500362103],[-71.530485800435798,-32.927706800253397],[-71.530528700380501,-32.927697799667598],[-71.530552800382907,-32.927659499854002],[-71.530534000440696,-32.927639299985003],[-71.530474999991199,-32.9276482998227],[-71.530434800382196,-32.927675300084303],[-71.530391900437493,-32.927695499945102],[-71.530340900383806,-32.927718000277302],[-71.530305999936701,-32.927724799914103],[-71.530273900436697,-32.9277382996573],[-71.530247000385501,-32.927763099699497],[-71.530225599820497,-32.927785600014502],[-71.530217499711597,-32.927808100323901],[-71.530206799878201,-32.927837400255598],[-71.530181300300598,-32.9278556999842],[-71.530126300049005,-32.927862099987202],[-71.530075399708394,-32.927859899797703],[-71.530029800326204,-32.927835099782698],[-71.5300411002342,-32.927781799820998],[-71.530072700270907,-32.927754099873503],[-71.530070299972493,-32.927716799897802],[-71.530059300101797,-32.927673000361203],[-71.530022000254604,-32.9276538003095],[-71.529986900381502,-32.927682000195396],[-71.529952299971697,-32.927680799815398],[-71.529877199915703,-32.927642499994398],[-71.529793999750694,-32.927608700077599],[-71.529732100437698,-32.927576200058397],[-71.529694799692194,-32.927541199734399],[-71.529641100201104,-32.927491699801799],[-71.5296196996361,-32.927448899970301],[-71.529574100253996,-32.927383599706602],[-71.529533599709396,-32.927319600063001],[-71.529525499600496,-32.927267800272702],[-71.529541900142604,-32.927203499694699],[-71.529592600158907,-32.927152999753297],[-71.5296196996361,-32.927111200332398],[-71.529691800217407,-32.927103400073896],[-71.529745499708497,-32.927128200294],[-71.529780300442596,-32.927123700348901],[-71.529831299597902,-32.9270854002867],[-71.529836700269399,-32.927033600359401],[-71.529890300047398,-32.927006599901901],[-71.529965400103507,-32.9269886000951],[-71.530011000383993,-32.927006599901901],[-71.530062000437596,-32.926993100047099],[-71.530064900199307,-32.926944599630197],[-71.530094199650605,-32.926918800289997],[-71.530115600215694,-32.926896299754503],[-71.530131699822206,-32.926862500306598],[-71.530120999988796,-32.926839999756901],[-71.530078100044094,-32.9268152997399],[-71.530059600139197,-32.926798299718101],[-71.5299948998791,-32.926797200364099],[-71.529946600161296,-32.926828800375802],[-71.529925199596207,-32.926848999675897],[-71.529898400156398,-32.926889600337901],[-71.529852799875897,-32.926907600164903],[-71.529804500157994,-32.926914300334197],[-71.5297591002019,-32.926910800200801],[-71.529724300366098,-32.926908599987698],[-71.529678400048297,-32.926925599988301],[-71.529589899823193,-32.926943599807899],[-71.529525499600496,-32.926968400072901],[-71.529485299991507,-32.926993100047099],[-71.529437000273603,-32.927004399691199],[-71.529404800162197,-32.927040400048803],[-71.529380700159805,-32.927076399637699],[-71.529340499652506,-32.927101199865497],[-71.529294900270401,-32.927134999976197],[-71.529238500443597,-32.927159699903903],[-71.529160700051804,-32.927128200294],[-71.529109799711193,-32.927134999976197],[-71.529050800159894,-32.927171000280701],[-71.529034699655099,-32.927177699676001],[-71.528994400333104,-32.927171000280701],[-71.528946399754204,-32.927211400227897],[-71.5288683999364,-32.927227199784198],[-71.528724900358,-32.927179899882397],[-71.528606900357204,-32.927129200114301],[-71.528478099911794,-32.927060600054503],[-71.528181699885494,-32.926870299832402],[-71.527964499826197,-32.9266698999092],[-71.527761999798201,-32.926480799997002],[-71.527574199801506,-32.926297299782298],[-71.527473600167795,-32.926205000228599],[-71.527340900135698,-32.9261229002188],[-71.527140999832199,-32.926022699844502],[-71.526966699717605,-32.925905600202398],[-71.526893799635701,-32.925850300162999],[-71.526832699823302,-32.925808099740202],[-71.526821900277,-32.925615199961499],[-71.526875200017699,-32.925333399960103],[-71.526911200002701,-32.9251006999692],[-71.526977399551001,-32.925092999819398],[-71.527025700167201,-32.925088499770702],[-71.527063300051694,-32.925083999721799],[-71.527095399551698,-32.925077199881997],[-71.527116899829693,-32.925072699832498],[-71.527140999832199,-32.925056899891501],[-71.527135699772003,-32.925029900338899],[-71.527116899829693,-32.925000699763402],[-71.527114200392305,-32.924980399755299],[-71.527108900332195,-32.924957900235],[-71.5270874000541,-32.924921899784003],[-71.527082000280998,-32.9248970996995],[-71.527106199996396,-32.924872300361997],[-71.527124900225701,-32.924840799937698],[-71.527092799827301,-32.924824999955199],[-71.527065899776105,-32.924789000204299],[-71.527065899776105,-32.9247643003688],[-71.527098099887496,-32.924732700373703],[-71.527143700167898,-32.924710200036401],[-71.5271544997143,-32.924694500317003],[-71.527084699718401,-32.9246223996537],[-71.527084699718401,-32.924608900189199],[-71.527106199996396,-32.924570599792403],[-71.527073999885005,-32.924552600243999],[-71.527052499606995,-32.924500800341903],[-71.527073999885005,-32.924458100104303],[-71.5270792999452,-32.924428799807401],[-71.527068600111903,-32.924390500086801],[-71.527012299998106,-32.924392799895301],[-71.527022999831402,-32.9244355001644],[-71.526996200391494,-32.924473799865602],[-71.5269211003355,-32.924467100265602],[-71.526897000332994,-32.924424299724997],[-71.5268808998282,-32.924401800063201],[-71.526862099885903,-32.924363500330898],[-71.526875500054999,-32.924336499812597],[-71.526875500054999,-32.924295999773904],[-71.526816099855196,-32.924280100161397],[-71.526851400052607,-32.924253199904598],[-71.526846000279406,-32.924208199734203],[-71.526827200337195,-32.924183400203702],[-71.526776299996499,-32.9241789001087],[-71.526722599607098,-32.924199100013702],[-71.526701199940405,-32.924183400203702],[-71.526644800113701,-32.924172100199399],[-71.526572400393306,-32.924169899918098],[-71.526532199886006,-32.924194599919602],[-71.526486599605605,-32.924223900293903],[-71.526454400392595,-32.924255400183803],[-71.526448999720998,-32.924300499862902],[-71.526430300390103,-32.924329699915397],[-71.526365900167406,-32.924316199652203],[-71.526320299886905,-32.924289199873598],[-71.526277399942202,-32.924289199873598],[-71.526215700055204,-32.924307200229499],[-71.526194199777194,-32.924329699915397],[-71.526175699872297,-32.924361799980097],[-71.526159399941406,-32.924374800310702],[-71.526135500263294,-32.924371300076899],[-71.526113799661005,-32.924352200349503],[-71.526092300281306,-32.924325199827898],[-71.526047999863096,-32.924321900165701],[-71.526006500391901,-32.924347700263198],[-71.525954199577697,-32.924364700001803],[-71.525901899661903,-32.924365800140002],[-71.525838800199693,-32.924356600148897],[-71.525429799945798,-32.924158499625101],[-71.525111899641502,-32.923774699711203],[-71.524798100146398,-32.923238799767901],[-71.524454799977406,-32.922370899825601],[-71.524387400280006,-32.921900099684599],[-71.524353300231795,-32.921440599655497],[-71.524331499916499,-32.921045599905199],[-71.524299200092102,-32.920925399747397],[-71.524230900282802,-32.920771299622999],[-71.524201299895793,-32.920705999709597],[-71.524155800226694,-32.9206261002453],[-71.524147700117794,-32.920585499725497],[-71.524132900373502,-32.920533499935097],[-71.524133000086493,-32.920486500344801],[-71.524139600008894,-32.920436899944598],[-71.524147700117794,-32.920386200083101],[-71.524151700315699,-32.920341200208497],[-71.5241315996129,-32.9203084999534],[-71.524107499610494,-32.920288299914297],[-71.5240566998812,-32.920288200377001],[-71.524008199839002,-32.920273700353597],[-71.523966700367794,-32.920251199636397],[-71.523947900425497,-32.920165700026203],[-71.523951899725205,-32.920109299978797],[-71.5240055004016,-32.920042900139002],[-71.524013599612204,-32.9200181001952],[-71.523993499807702,-32.919994499974599],[-71.5239734000032,-32.919973100133298],[-71.523964000032095,-32.9199426996664],[-71.523959999834105,-32.919916800255002],[-71.523953300198698,-32.919883099941103],[-71.523938499556095,-32.919824500078299],[-71.523919699613799,-32.919787300068101],[-71.5239063003431,-32.919723300208602],[-71.523921100087307,-32.919700699813497],[-71.523946499952004,-32.919677100262298],[-71.523957300396702,-32.919656799787099],[-71.5239652998943,-32.919640999633103],[-71.523961299696296,-32.919628099653202],[-71.523944200264907,-32.919621600270602],[-71.523916400101797,-32.919624999646103],[-71.523890499875506,-32.919626899918001],[-71.523864100186003,-32.9196348003737],[-71.523839899572195,-32.9196640999956],[-71.523818400192496,-32.919707399774403],[-71.523777299573297,-32.919730800241602],[-71.5237446997116,-32.919720400034699],[-71.523709200088206,-32.919672599938202],[-71.523651500399197,-32.919627500162598],[-71.5235924999497,-32.919583600099898],[-71.523565599898504,-32.919530700107003],[-71.523579000067599,-32.919451899780903],[-71.523625999923297,-32.919348300007201],[-71.523658200034603,-32.919275200357397],[-71.523717199585903,-32.9192086000606],[-71.523773499699701,-32.919179399826398],[-71.523828499951193,-32.919139999892799],[-71.523859400200394,-32.919120800251797],[-71.5238835002028,-32.919094899845803],[-71.523921700162006,-32.919089300042401],[-71.523959300046499,-32.919103399843102],[-71.523969999879895,-32.9191237999839],[-71.523994199595293,-32.919135599834],[-71.524043700360707,-32.919132799933699],[-71.524100100187496,-32.919147300143997],[-71.524130899825295,-32.919155199888401],[-71.524164399798906,-32.919143500333597],[-71.5241799002291,-32.919113600291098],[-71.524184600214696,-32.919099499738003],[-71.524187299652098,-32.919078699928697],[-71.524191999637694,-32.919055600167397],[-71.524207400354896,-32.919038199745799],[-71.524221399700295,-32.919010000121403],[-71.524218100188307,-32.918988700334999],[-71.524232200144993,-32.918854099682598],[-71.524210699866998,-32.918841799837999],[-71.524180900054006,-32.918845000165497],[-71.5241571000889,-32.918862000207199],[-71.524136299598496,-32.918902600009602],[-71.524117499656199,-32.918942500005301],[-71.524110800020793,-32.918958199991103],[-71.524120199991998,-32.918976300216201],[-71.524115500006403,-32.918998799749303],[-71.524092699866202,-32.919013999769199],[-71.524047099585701,-32.919017899878],[-71.524033700315002,-32.918997100049602],[-71.524014900372705,-32.918980799821597],[-71.524008199839002,-32.918946400117299],[-71.523997500005606,-32.9189035999228],[-71.523976100338899,-32.918887899927199],[-71.523912300190801,-32.918879399909301],[-71.523859299589105,-32.918858600048303],[-71.523831200287006,-32.918824900085497],[-71.523840499646795,-32.9187742000545],[-71.5238835002028,-32.918705500010901],[-71.523912999978407,-32.918671699696503],[-71.523955200135504,-32.918651399744697],[-71.523985800347404,-32.918633100374699],[-71.523994799669893,-32.918614199995503],[-71.523996100430395,-32.918597300199501],[-71.523998799867897,-32.918579300190203],[-71.523991500157905,-32.918569199973803],[-71.523983400048905,-32.918559599714897],[-71.523971299742101,-32.918553499919099],[-71.523950800187293,-32.9185616998424],[-71.523928399797398,-32.918576299685498],[-71.523907300168005,-32.918589499944602],[-71.5238748000193,-32.918595700031297],[-71.523855300289398,-32.9185963002829],[-71.523843899770199,-32.9185986002419],[-71.523823100178106,-32.918597999990297],[-71.5238077003592,-32.918605300286302],[-71.523793900439799,-32.918621599829301],[-71.523765500202003,-32.918621099871103],[-71.523742099987203,-32.918611500371902],[-71.523733300090697,-32.918590600154602],[-71.523735899815094,-32.918569899764897],[-71.523739999726104,-32.918554699668803],[-71.523752100032993,-32.918541099739301],[-71.523756100230898,-32.918524300222799],[-71.5237446997116,-32.918507399655503],[-71.523726599556994,-32.918500100105597],[-71.523707900226,-32.918496699932803],[-71.523675600401702,-32.918496099680503],[-71.523630099834193,-32.918498900355203],[-71.523599799659706,-32.918487599625003],[-71.523520700304005,-32.918409900090602],[-71.523503299936905,-32.918398600103103],[-71.523475100023504,-32.918381200306499],[-71.523447599897693,-32.918359800075102],[-71.523402700303194,-32.918343999689597],[-71.523366499993898,-32.918320399776597],[-71.523355800160502,-32.918289399996397],[-71.523362100045603,-32.918256800031003],[-71.523368799680995,-32.918237900325501],[-71.523369800404197,-32.918221599957697],[-71.523365500169007,-32.918212900042398],[-71.523355400410196,-32.918204700086797],[-71.523343999890997,-32.918201299902698],[-71.523324899911401,-32.918201299902698],[-71.523292399762695,-32.918203599872001],[-71.523254199803603,-32.918228600157597],[-71.523207199947905,-32.9182274999431],[-71.523156899681894,-32.918196800257597],[-71.523133800402704,-32.918135900061301],[-71.523120400233594,-32.918094100151301],[-71.523098999668605,-32.918059299680699],[-71.523077500288906,-32.918041300316098],[-71.523026500235304,-32.918023300193703],[-71.522990299925993,-32.9179725001636],[-71.522982300428296,-32.917924100374996],[-71.522987599590195,-32.917899400131503],[-71.522987599590195,-32.9178768000248],[-71.5229969995613,-32.917839099987397],[-71.522996400384997,-32.917815499939799],[-71.522980899954803,-32.917803099656702],[-71.522950100317004,-32.917799700211198],[-71.522912500432398,-32.917813199960399],[-71.522890400079802,-32.9178543002064],[-71.522871600137606,-32.917891500274997],[-71.522858899756102,-32.917923599658799],[-71.522850199572503,-32.917955600245101],[-71.522838100163995,-32.918001200080198],[-71.522793199671099,-32.918058599885597],[-71.522716700039894,-32.918081199946002],[-71.522653700290704,-32.918074400322098],[-71.522616800193703,-32.918071000132997],[-71.522588000205701,-32.918068200198903],[-71.522531700091903,-32.918063699793002],[-71.522465900293994,-32.918058599885597],[-71.522414300165806,-32.918051899799899],[-71.522366700235494,-32.9180513002987],[-71.522303699587994,-32.918049599826603],[-71.522248700234698,-32.918054100233299],[-71.522205800289996,-32.918059200140902],[-71.522168900193094,-32.918069899916503],[-71.522107200306095,-32.918085100095901],[-71.522011299759598,-32.918095799868397],[-71.521938200251697,-32.918105400177602],[-71.521868499968804,-32.918100899773599],[-71.521830300009697,-32.9180895997467],[-71.521791400262899,-32.918074999823197],[-71.521742399859093,-32.918053600271897],[-71.521688800081094,-32.918028799770603],[-71.521664600365597,-32.918019200207198],[-71.521636500165201,-32.917996699670901],[-71.5216055999161,-32.917969700226401],[-71.521584200249407,-32.917929200290097],[-71.521573399804694,-32.917899400131503],[-71.521575500065794,-32.917875699805897],[-71.521571400154897,-32.917781099782502],[-71.521567399956893,-32.9177626999384],[-71.521560700321501,-32.917752500088703],[-71.521527800422604,-32.917735699668398],[-71.521497699674001,-32.917737299852199],[-71.521471600021798,-32.917762099681099],[-71.521455699841198,-32.917822300337598],[-71.521419200392899,-32.917866199765903],[-71.521365599716503,-32.917906199768801],[-71.5213085998152,-32.917911799647101],[-71.5212321998969,-32.917931000304399],[-71.521166499811898,-32.917974300177001],[-71.521114199896104,-32.918010899939603],[-71.521063899630093,-32.918050899877102],[-71.521036400402593,-32.918086900107099],[-71.521005400440501,-32.918127399971198],[-71.520962499597402,-32.918141499925099],[-71.520910900367497,-32.918130800158202],[-71.520845900070199,-32.918099899851299],[-71.520794900016497,-32.918091899718902],[-71.520731900267407,-32.918090300295603],[-71.520659499648701,-32.918080699984699],[-71.5205695998484,-32.9180795002286],[-71.520499899565493,-32.918088500284497],[-71.520440900014194,-32.918088500284497],[-71.520371100018295,-32.918071599634096],[-71.520337600044797,-32.918040099805303],[-71.520297400435794,-32.918024300116699],[-71.520242400184202,-32.918024300116699],[-71.520167300128094,-32.918039000342503],[-71.520086800298898,-32.918036799908698],[-71.520035899958302,-32.918016499811301],[-71.520008999907105,-32.918005300067598],[-71.519944700295696,-32.918004000016403],[-71.519880300072998,-32.9179928002712],[-71.519837400128296,-32.917978299871599],[-71.519813200412798,-32.917964699853599],[-71.519748899903107,-32.917955699784997],[-71.519711300018599,-32.917935499963001],[-71.519687200016094,-32.917931000304399],[-71.519639600085796,-32.917921899938399],[-71.519599299865604,-32.917907199693197],[-71.519573200213301,-32.917889200297601],[-71.519545700087505,-32.917869499668697],[-71.519514799838404,-32.917865600263397],[-71.519474600229401,-32.9178723003632],[-71.519454500424899,-32.917892599739602],[-71.519412300267803,-32.9179099996324],[-71.519374700383295,-32.917903300289503],[-71.519349199907296,-32.917890299762199],[-71.519323700329707,-32.917855399671502],[-71.519319700131703,-32.917838700318903],[-71.519297599779094,-32.917825600242097],[-71.5192714004138,-32.917827299964401],[-71.519245999650806,-32.917844699870003],[-71.519219800285597,-32.917871799646697],[-71.519161499623607,-32.917884699882599],[-71.519063600325694,-32.9179005003501],[-71.518997799629403,-32.917908400205803],[-71.518936200353806,-32.917914000083897],[-71.5188812001022,-32.917917400279102],[-71.518848999990794,-32.917889200297601],[-71.518822199652604,-32.917830700162902],[-71.518803399710393,-32.917802500153797],[-71.518778599920296,-32.917781099782502],[-71.518754400204898,-32.917777200373202],[-71.518736300050193,-32.917791299628902],[-71.518722299806498,-32.917830700162902],[-71.518703499864202,-32.917874600341101],[-71.518690099695206,-32.917907199693197],[-71.5186752999508,-32.917930900010397],[-71.518654500358707,-32.917955699784997],[-71.518618300049397,-32.917961299660199],[-71.518568699571006,-32.917960099902402],[-71.518532500160006,-32.917961299660199],[-71.518509700019806,-32.917962500172102],[-71.518490999790501,-32.917973699921198],[-71.518435899825903,-32.918003099632998],[-71.518347399600799,-32.918015400348303],[-71.518310200364894,-32.918000099862901],[-71.518281999553196,-32.917995100245903],[-71.518257600411701,-32.918007499748001],[-71.518237499708903,-32.9180254998737],[-71.518226100088,-32.918040200099199],[-71.518226599551298,-32.918056799873902],[-71.518226199801006,-32.918087200234602],[-71.518228800423699,-32.918121800106498],[-71.5182120001313,-32.918148300297901],[-71.518153200005997,-32.918177399824401],[-71.518114700009605,-32.918210799906703],[-71.518109300236404,-32.918255199856603],[-71.5181278001414,-32.91832149999],[-71.518156900166701,-32.918367800183397],[-71.518176699933903,-32.918415499936998],[-71.518191900326798,-32.918452199810602],[-71.518184500005503,-32.918489399628001],[-71.518156999879693,-32.918538400113498],[-71.518115999871796,-32.918579999981098],[-71.518012200439003,-32.918679100279597],[-71.517879699832903,-32.918777999880902],[-71.517874300059802,-32.918789299819899],[-71.517874999847393,-32.9188025000471],[-71.517959199837307,-32.918899600270002],[-71.517963200035197,-32.9189094998627],[-71.517959499874607,-32.918918499834298],[-71.5179303001363,-32.918946599949003],[-71.517920300090495,-32.918949099730597],[-71.517911899944295,-32.918945200372796],[-71.517840800086205,-32.918837099639397],[-71.517831799865405,-32.918830100241699],[-71.517818999770896,-32.918829800116598],[-71.517808299937499,-32.918835399936498],[-71.517686899813398,-32.919049299820102],[-71.517649399641897,-32.919076399982103],[-71.517601799711599,-32.919079699839799],[-71.517548100220495,-32.919085899892202],[-71.517495800304701,-32.919094399890298],[-71.517434800205294,-32.919096100342301],[-71.517359000361694,-32.919092799730997],[-71.517286599743002,-32.919113000042998],[-71.517243000010694,-32.919137699947797],[-71.517198100416195,-32.919144500244002],[-71.517125699797504,-32.9191489998409],[-71.517073399881696,-32.919157999788098],[-71.517018399630103,-32.919182799973001],[-71.516943299573995,-32.919214399687696],[-71.5168627997448,-32.919205399746197],[-71.516776999855395,-32.919194099860299],[-71.516701899799301,-32.919221099685402],[-71.516629500079006,-32.919272899661799],[-71.5165383004164,-32.919290900284203],[-71.516498000196094,-32.919288600343101],[-71.516461100099207,-32.919291900193002],[-71.516408200108799,-32.919306600208202],[-71.516351800281996,-32.919344300374497],[-71.516278099801099,-32.919401200109199],[-71.516204299607196,-32.919450099797501],[-71.516154000239496,-32.919482800369799],[-71.516082300306806,-32.9195295999086],[-71.516002500265202,-32.919568299885697],[-71.515938100042504,-32.919601500366902],[-71.515905299856499,-32.919612899738802],[-71.515815400056098,-32.919640900094997],[-71.515743000335803,-32.919667399831503],[-71.515047000026698,-32.920139600097002],[-71.514735800256105,-32.920067599784304],[-71.514159099810001,-32.9198716998498],[-71.513418899694003,-32.9195857997411],[-71.5129280000356,-32.919362899720603],[-71.512160899868405,-32.918914800306901],[-71.511661999814095,-32.918583799815799],[-71.510983399872103,-32.918104199667702],[-71.510699100152607,-32.9178768000248],[-71.510347699874799,-32.917518799840003],[-71.509897800224294,-32.9169700996449],[-71.509210700422997,-32.915898499905701],[-71.508910900273307,-32.91529870003],[-71.508718800041393,-32.9149375998037],[-71.508572799553207,-32.914686999875201],[-71.508461400373207,-32.914467600208802],[-71.508355000317593,-32.914237900199701],[-71.508219299912497,-32.914373500295497],[-71.507893100073304,-32.914928300043201],[-71.507661400307001,-32.915591199635301],[-71.507429599929395,-32.916081199708501],[-71.507060500145499,-32.916239699907202],[-71.506459699696904,-32.916182000296402],[-71.505541299879695,-32.915771299904598],[-71.504459899855803,-32.915267000128502],[-71.503773199804897,-32.914762600198003],[-71.503138099882193,-32.914308700168903],[-71.502254000437404,-32.914135700008003],[-71.501568799674601,-32.9142339003361],[-71.500623199768896,-32.914452799846003],[-71.499508899846106,-32.914990399982202],[-71.498408799592994,-32.9156415998455],[-71.4978937999322,-32.9161171999855],[-71.497593399707895,-32.9167800997228],[-71.4972071995942,-32.917248400124898],[-71.496202999887501,-32.917824800151003],[-71.492771200143594,-32.9203221999026],[-71.489809999929193,-32.921763100277602],[-71.486433900224498,-32.922630700036599],[-71.483759000277701,-32.9225195996639],[-71.480968000266998,-32.921585799958997],[-71.475153899830602,-32.919773700328001],[-71.469543900220003,-32.918737200189099],[-71.466451200122705,-32.918314600091001],[-71.463243999861106,-32.919172100331899],[-71.460810499689003,-32.920261200123498],[-71.457751100139404,-32.921150600249497],[-71.456510900431198,-32.921856199995098],[-71.454878000399901,-32.924200399973898],[-71.453557500288397,-32.924805399648598],[-71.453355000260402,-32.924937499930998],[-71.453098799843104,-32.925101000072999],[-71.452377599993696,-32.925382600243303],[-71.451598999594196,-32.925564500050797],[-71.450434599729604,-32.925443000057101],[-71.450109500326604,-32.925435299937099],[-71.449445100054305,-32.925599700219401],[-71.449227999708,-32.925685900346302],[-71.449004700087897,-32.925880200191301],[-71.448208400182395,-32.926389400178799],[-71.446964600026604,-32.926947099940001],[-71.445646899963805,-32.927603599966297],[-71.444894499827996,-32.928059000138099],[-71.444329599651397,-32.928467199788201],[-71.443693400190796,-32.928922499756901],[-71.443330799717899,-32.9292212999502],[-71.442794100353098,-32.929753999917402],[-71.442215899720495,-32.930418699805102],[-71.441777800339594,-32.931022299796602],[-71.441117299653897,-32.9315388003305],[-71.439627900099396,-32.932911099704597],[-71.439027200262103,-32.933182200241099],[-71.438190600136394,-32.933194299800697],[-71.437183600380905,-32.932905800098801],[-71.436770800253399,-32.932771500337303],[-71.435992499891199,-32.932324299699403],[-71.435033799853699,-32.931826399724301],[-71.434513400419704,-32.9315374997242],[-71.4337707002923,-32.931131699827901],[-71.433413600203906,-32.930907100015801],[-71.433076200169694,-32.930690099771198],[-71.4327119000843,-32.9305969000212],[-71.432345000274495,-32.930560199906601],[-71.431995499933393,-32.930576000372803],[-71.431281500080999,-32.930758800312098],[-71.4307312999358,-32.930850599749697],[-71.429801699923601,-32.930986599635098],[-71.429229299712702,-32.931174800222799],[-71.428026900213396,-32.9317042998738],[-71.427194600322906,-32.931999200182297],[-71.426798400163406,-32.932183999722703],[-71.4265756000067,-32.932593799857401],[-71.4265596998261,-32.933224799761199],[-71.426922600336297,-32.933805799646002],[-71.427829199884002,-32.934490600295497],[-71.428831799691096,-32.934993999629398],[-71.429221799678402,-32.935425500263896],[-71.429326700445699,-32.936195599924297],[-71.429139699949701,-32.937132999986602],[-71.428477000188195,-32.937851099690498],[-71.4276103999252,-32.9385962002927],[-71.426574799607707,-32.939400199702398],[-71.425748399851997,-32.9397089002168],[-71.423660500434394,-32.940463000285803],[-71.421950400085905,-32.941078199741099],[-71.420900000024105,-32.941294900083101],[-71.419299799567497,-32.941550900152201],[-71.418620100087594,-32.941503099788001],[-71.418160699854596,-32.941330299804598],[-71.417753499824499,-32.940917700228098],[-71.4174705996803,-32.940153500252997],[-71.417440199792793,-32.939489600286798],[-71.417491499883695,-32.938978400188802],[-71.417850199871594,-32.937456700199199],[-71.417944199583005,-32.936592300007199],[-71.418000799734003,-32.935748500285499],[-71.417911199971002,-32.935150599940499],[-71.417670599696905,-32.934623700176701],[-71.416581899963006,-32.933976000374102],[-71.414727699961503,-32.933140399899102],[-71.414055300191507,-32.932890900280697],[-71.413457700440304,-32.932827899853301],[-71.412075500441901,-32.933294099993297],[-71.409932400448398,-32.9338186002987],[-71.408863900232006,-32.934293200265202],[-71.408294200356906,-32.934995800050501],[-71.408231900395293,-32.937169400327001],[-71.408093000191101,-32.9381361001588],[-71.4068210998349,-32.939539799915799],[-71.405996600015996,-32.940338900199897],[-71.404177000424198,-32.941353000219202],[-71.403512300114599,-32.942327000151899],[-71.403624199656207,-32.943516799957898],[-71.403655000192401,-32.945572100244],[-71.403025200329907,-32.947569099940203],[-71.402517200341705,-32.948320900124401],[-71.401054099865405,-32.949324900088001],[-71.3998664003974,-32.950205400185801],[-71.399676500139606,-32.950450999721703],[-71.399613200353102,-32.951033899852597],[-71.3995850004397,-32.952215400003404],[-71.399331600071093,-32.952629899939303],[-71.399559100213395,-32.955114800178102],[-71.399430299767999,-32.9554029002852],[-71.397746399683101,-32.957311300173799],[-71.3974674000238,-32.958159299770699],[-71.396555000054306,-32.960984300137497],[-71.3960829003383,-32.961344399886897],[-71.394280499890897,-32.961344399886897],[-71.393550899895303,-32.961632399790801],[-71.393596399564402,-32.962800799752898],[-71.391384200260902,-32.964602899655603],[-71.390191100121299,-32.964826100193001],[-71.389148299806905,-32.965792900071001],[-71.389124700166093,-32.966972100158003],[-71.388551699880693,-32.968405100313603],[-71.387749199803096,-32.969521200059397],[-71.387008899974006,-32.970068500289301],[-71.388105399779505,-32.971238599669],[-71.3904700997806,-32.971911900109703],[-71.391512900094995,-32.973319600293102],[-71.391992599558407,-32.973554700263499],[-71.393804600301195,-32.974442899713601],[-71.397971200388,-32.973766099941599],[-71.400031100216495,-32.973802100100201],[-71.402391499982301,-32.974090100086798],[-71.403936400150101,-32.974486100324697],[-71.405481400030794,-32.975098200032299],[-71.407026300198595,-32.9752062003422],[-71.408270899855097,-32.974990200344102],[-71.409944599569897,-32.974990200344102],[-71.411661200127796,-32.975062199648498],[-71.413206100295596,-32.974990200344102],[-71.414236099617199,-32.975134199647897],[-71.415223199892395,-32.975710199790598],[-71.416510599780594,-32.976394200308398],[-71.417626399889897,-32.976610300114302],[-71.419343000447796,-32.976250200044703],[-71.421917999650205,-32.975746199910198],[-71.423658100135896,-32.975419100253603],[-71.424793300262195,-32.975998200337003],[-71.425093699588103,-32.976466300203001],[-71.426338200429896,-32.979238300012597],[-71.427582800086398,-32.981974299632597],[-71.429256499801198,-32.984818200007801],[-71.430586900245402,-32.987193999905898],[-71.431488100019905,-32.990253699836003],[-71.432689700018699,-32.991477600290601],[-71.433934299675201,-32.992449399920403],[-71.433979200167997,-32.992517800051097],[-71.434187300293502,-32.992835299921403],[-71.434406299678301,-32.993169299935701],[-71.434363399733598,-32.994213200243699],[-71.434286699777999,-32.994855999759302],[-71.434250699792997,-32.995158500183599],[-71.4342427002954,-32.9952249001146],[-71.434191700241797,-32.995652900077097],[-71.433848400072804,-32.997308599945796],[-71.433633799737905,-32.998712299973803],[-71.433777399927706,-33.000392600049402],[-71.434004600032694,-33.000920300274203],[-71.434903599833007,-33.001576699864302],[-71.435462100411499,-33.001824100278299],[-71.437229100050104,-33.0019298996814],[-71.439764300292097,-33.001949699857597],[-71.441167099558299,-33.001833100095801],[-71.442633200407698,-33.001761600265098]]]]}},
{"type":"Feature","properties":{"name":"Viña del Mar"},"geometry":{"type":"MultiPolygon","coordinates":[[[[-71.549899499551699,-32.990123100124997],[-71.549869999776107,-32.9901051003608],[-71.549851000407898,-32.990126799686699],[-71.5498374996275,-32.990160599810203],[-71.549805799877703,-32.990170400253803],[-71.549792399708593,-32.990183900255602],[-71.549810700187606,-32.990207799706901],[-71.549864399678697,-32.990187599814902],[-71.549918000355007,-32.9902032999589],[-71.5499450998322,-32.990174900003503],[-71.549929000225703,-32.990145599636598],[-71.549899499551699,-32.990123100124997]]],[[[-71.549386900189404,-32.990079599746799],[-71.549400799821797,-32.990114099866602],[-71.5494646996829,-32.9901291000456],[-71.549499999880297,-32.990147899994902],[-71.549524099882703,-32.990168099896103],[-71.549534900327401,-32.990195099898401],[-71.549559000329793,-32.990222099892499],[-71.549588100355095,-32.990237100053101],[-71.549607300047697,-32.990262499656097],[-71.549658200388293,-32.990253500165402],[-71.549668600184404,-32.990196600065801],[-71.549687700164,-32.990163600145998],[-71.549733300444402,-32.990143400243902],[-71.549770900328895,-32.990127599877098],[-71.549770900328895,-32.990084899691801],[-71.549810700187606,-32.990063800122002],[-71.549797699768803,-32.990021900097098],[-71.549749400050899,-32.990015099977903],[-71.549732899795799,-32.990030100173698],[-71.549677000330604,-32.990051100292803],[-71.549674299994805,-32.990078100330898],[-71.549660899825795,-32.990111899719601],[-71.549631000299797,-32.990131300192097],[-71.5496122003576,-32.990117800182198],[-71.549617999881093,-32.990091600346901],[-71.549642099883499,-32.990055600048599],[-71.549663200411203,-32.990030100173698],[-71.549677000330604,-32.989985899770403],[-71.549657799739705,-32.9899603998754],[-71.549623399654195,-32.989945399667803],[-71.549585799769702,-32.989934099780903],[-71.549545600160698,-32.989949900182403],[-71.549518799822494,-32.989965600368699],[-71.549462399995704,-32.989967899978197],[-71.549427600159902,-32.989997100191701],[-71.549424500073897,-32.990018800297698],[-71.549424899824203,-32.990042100027097],[-71.549386900189404,-32.990079599746799]]],[[[-71.548574600390296,-32.985871000101],[-71.548534399883096,-32.985853000223301],[-71.548477700018907,-32.985888199746398],[-71.548432500387094,-32.985906999845596],[-71.548365000078405,-32.985921999985997],[-71.548317100110793,-32.9859363001124],[-71.548266199770097,-32.985954299973201],[-71.548225900448202,-32.985963299902203],[-71.548175000107506,-32.985983500007499],[-71.548139699910195,-32.986007500059401],[-71.548096799965407,-32.986025499905601],[-71.548091799942597,-32.986077999938601],[-71.548110599884893,-32.9860982000177],[-71.548161200188204,-32.9861154998354],[-71.548193800049802,-32.986163499860901],[-71.548238999681701,-32.986194200061398],[-71.5482473998279,-32.986208500143697],[-71.548258099661197,-32.986242200044103],[-71.548265800019806,-32.986279699871098],[-71.548266199770097,-32.9863141999692],[-71.548282300275005,-32.986336699698299],[-71.548319800446507,-32.986345700341801],[-71.548343600411698,-32.986347199821097],[-71.548413299796195,-32.986302200362502],[-71.548448599993606,-32.986264699791498],[-71.548494200274106,-32.986228700192903],[-71.548542400279004,-32.986208500143697],[-71.548609100188798,-32.9861446998164],[-71.548609499939104,-32.986111699888802],[-71.548622900108199,-32.986080200186201],[-71.548678799573395,-32.986020999944401],[-71.548695299828594,-32.985967799866401],[-71.548676599599304,-32.985920499746001],[-71.548660499992806,-32.985900299626302],[-71.548590699996893,-32.9859048003472],[-71.548574600390296,-32.985871000101]]],[[[-71.549524099882703,-32.991279400025498],[-71.549553199908004,-32.991278700056398],[-71.549583100332299,-32.991250100025297],[-71.549593500128296,-32.991224699953001],[-71.549591200441199,-32.9911870997554],[-71.549614899795003,-32.991159500297599],[-71.549626099989993,-32.991119599739299],[-71.549610000383495,-32.991099400055901],[-71.549583100332299,-32.991092600019797],[-71.549542500074693,-32.991123499681301],[-71.549532199991603,-32.991151099904002],[-71.549532199991603,-32.991191600206697],[-71.549521500158306,-32.991241099881897],[-71.549524099882703,-32.991279400025498]]],[[[-71.549210300387699,-32.959800300249597],[-71.549245199936493,-32.959827299739501],[-71.549272799775295,-32.959817499696697],[-71.549304200386004,-32.959802499644503],[-71.549297000389004,-32.959777000077402],[-71.549297000389004,-32.959731999892497],[-71.549330999825898,-32.959694500097697],[-71.549364000336197,-32.959666700100897],[-71.549376600106299,-32.959622500326603],[-71.549333700161597,-32.959577500062998],[-71.549285400443694,-32.9595886998192],[-71.549309600159205,-32.959617999773599],[-71.549309600159205,-32.959676500160398],[-71.549290800216895,-32.959665200168601],[-71.549251400108602,-32.959684700040199],[-71.549242499600695,-32.959714700182097],[-71.549226399994197,-32.959734999754801],[-71.549205000327504,-32.959755300076502],[-71.549207699764906,-32.959779999938199],[-71.549210300387699,-32.959800300249597]]],[[[-71.549296100277104,-32.9899116002154],[-71.549269299938899,-32.9898935996546],[-71.549217999847997,-32.989904100107701],[-71.549204499965896,-32.989933399801203],[-71.549231799767398,-32.9899543999434],[-71.549274299961795,-32.989958100265703],[-71.5493149002194,-32.989974599888797],[-71.549338700184506,-32.989971600300002],[-71.549352500103893,-32.989952100333497],[-71.549330999825898,-32.989929600019003],[-71.549296100277104,-32.9899116002154]]],[[[-71.549765499657397,-32.989475199733903],[-71.549735600131498,-32.989454200231201],[-71.549673900244599,-32.989469899752201],[-71.549655200015295,-32.989496899968202],[-71.549674299994805,-32.989522399997],[-71.549714600215097,-32.989526899779797],[-71.549751699737996,-32.989526199796799],[-71.549765499657397,-32.989490900004597],[-71.549765499657397,-32.989475199733903]]],[[[-71.5498780001721,-32.9897946997311],[-71.549950499605401,-32.989787900347899],[-71.549955600239599,-32.989753400100497],[-71.549934099961504,-32.989717399664301],[-71.549915600056593,-32.989702400168802],[-71.549872700111905,-32.989679899790701],[-71.549840500000499,-32.989702400168802],[-71.549797699768803,-32.989724899787802],[-71.549786999935506,-32.989749699769597],[-71.549800400104502,-32.989790199962101],[-71.549829899880194,-32.989799200253401],[-71.5498780001721,-32.9897946997311]]],[[[-71.549510699713593,-32.983054199877998],[-71.549502299567393,-32.9830893997636],[-71.549516100385105,-32.983108100238702],[-71.549553599658296,-32.983103700348899],[-71.549572399600606,-32.983063200102698],[-71.549591200441199,-32.983040700292797],[-71.549666299598897,-32.983040700292797],[-71.549682400103805,-32.983018199723702],[-71.549663600161495,-32.982984399879399],[-71.549655200015295,-32.982961099794103],[-71.549617999881093,-32.982934900095202],[-71.549550600183593,-32.982911599996903],[-71.549516100385105,-32.982959699724098],[-71.549516100385105,-32.982986699670803],[-71.549518799822494,-32.983022699838003],[-71.549510699713593,-32.983054199877998]]],[[[-71.550229399551597,-32.983468100001602],[-71.550189199942693,-32.983400600110699],[-71.550226700114195,-32.983357899685402],[-71.550226700114195,-32.983312900210102],[-71.5502264997899,-32.983278399692601],[-71.550261599663003,-32.983256599970296],[-71.550312599716605,-32.983222899683703],[-71.550304499607705,-32.983177900139601],[-71.550272300394695,-32.983150900251403],[-71.550226700114195,-32.983198100128703],[-71.550172800298895,-32.983208599871197],[-71.550154300393899,-32.983171100246601],[-71.550108700113398,-32.983153099818402],[-71.550100699717504,-32.983193600023299],[-71.550092599608604,-32.983231899891102],[-71.550055100335399,-32.983252099867897],[-71.550055100335399,-32.983288099926803],[-71.550073900277596,-32.983317400309403],[-71.550089699846893,-32.983323399939003],[-71.550081899775194,-32.983353400341699],[-71.550068499606198,-32.9833849002638],[-71.550046799902105,-32.983424600111299],[-71.550055100335399,-32.983454599726102],[-71.550081899775194,-32.983481600274899],[-71.5501113995509,-32.9835040999724],[-71.550138199889005,-32.983519900017797],[-71.550223800352498,-32.983516799989999],[-71.550229399551597,-32.983468100001602]]],[[[-71.549588500105401,-32.959413300122598],[-71.549545600160698,-32.959469599734398],[-71.549510699713593,-32.959505599689599],[-71.549523700132397,-32.959525000103298],[-71.549559000329793,-32.959530300374901],[-71.549607300047697,-32.959543799785202],[-71.549644399570596,-32.959543100318299],[-71.549663600161495,-32.959501099884399],[-71.549642099883499,-32.959478600101498],[-71.549614899795003,-32.959432800049797],[-71.549588500105401,-32.959413300122598]]],[[[-71.549760199597301,-32.959609099667603],[-71.549746800326503,-32.959638400369002],[-71.549760199597301,-32.959692400193198],[-71.549789700271205,-32.959703599934798],[-71.549824500106993,-32.9597260996605],[-71.549867100014396,-32.959727600345502],[-71.549904900223197,-32.959692400193198],[-71.549891200016802,-32.959669099992503],[-71.549826799794104,-32.959633100104],[-71.549791999958302,-32.959626299905601],[-71.549760199597301,-32.959609099667603]]],[[[-71.493758199807502,-33.102704900029401],[-71.496333199908193,-33.102273500186101],[-71.499251399566504,-33.100691600115901],[-71.500968000124402,-33.098822200371998],[-71.503542899613805,-33.096233600262202],[-71.504916200002697,-33.094939299841997],[-71.506461199883404,-33.095083200326997],[-71.507296200109707,-33.096093599967801],[-71.508006100051205,-33.096952699910702],[-71.509894400100904,-33.097959300246998],[-71.510424799580605,-33.098107400294801],[-71.512469299590293,-33.098678400076302],[-71.514529300030205,-33.098534600297803],[-71.517147100362493,-33.097420099637198],[-71.519335799738201,-33.097599799676303],[-71.522597400176906,-33.098678400076302],[-71.5237990001756,-33.1001163999723],[-71.524313999836394,-33.101842099730298],[-71.526717199833996,-33.102848699757402],[-71.530150499764403,-33.103423900078901],[-71.532382099983195,-33.1029925000026],[-71.535472000031604,-33.101985900117498],[-71.536630700085695,-33.102525099808197],[-71.537317300423695,-33.103531700289899],[-71.538862300304402,-33.1042507003475],[-71.539720600134203,-33.104142800183503],[-71.540750499742799,-33.103315999652303],[-71.540879300188195,-33.102453200085101],[-71.540879300188195,-33.101087100190398],[-71.5411367995695,-33.1000086000872],[-71.541866299852103,-33.098858099800601],[-71.543110900406901,-33.097671700359598],[-71.544642500118599,-33.095642399845403],[-71.542917299988503,-33.094542300053597],[-71.5426597997089,-33.094283400088599],[-71.542410899899906,-33.094003000214798],[-71.542222100078305,-33.093614699904101],[-71.542067599730899,-33.093219200073598],[-71.541973200269297,-33.092758999936699],[-71.541827199781096,-33.091651599900104],[-71.541715699989695,-33.090752700320898],[-71.541621299629796,-33.090213399813898],[-71.541647000430004,-33.089825100075998],[-71.541672800045006,-33.089522999842401],[-71.541758599934397,-33.089177900181298],[-71.541853000294395,-33.088954899933803],[-71.541981700128503,-33.088652899821099],[-71.542153399620304,-33.0883365000049],[-71.542402300327694,-33.087962599739797],[-71.542771400111604,-33.0874160002965],[-71.5430890003786,-33.086934199665897],[-71.543423700077099,-33.0865458997472],[-71.543767000246007,-33.0861790999314],[-71.544393600309604,-33.085668599692298],[-71.545166100249901,-33.0849782001645],[-71.545526599563303,-33.084596999799899],[-71.545786400428298,-33.084195200195701],[-71.546011699698198,-33.083637899879697],[-71.546113600092497,-33.083139000245197],[-71.546397899811893,-33.081696199720703],[-71.546639299586602,-33.080266800012502],[-71.546853899921501,-33.079295900014799],[-71.547063099584804,-33.078473300063202],[-71.547165900091002,-33.0780238002502],[-71.547526400302701,-33.077412499972297],[-71.548101499951002,-33.076757999789599],[-71.5501528002073,-33.074808900264998],[-71.552753500210002,-33.0722269003642],[-71.554899299640994,-33.070162600307803],[-71.555877699732704,-33.069263499908402],[-71.556349800347107,-33.068695300003398],[-71.556667399715806,-33.068155800252697],[-71.556770399647903,-33.067501299713001],[-71.556748900268303,-33.067341399687301],[-71.556693099617704,-33.066925799640103],[-71.556470000321994,-33.0663072997841],[-71.555851999830693,-33.065113200090998],[-71.555585899978894,-33.064480199853797],[-71.555534399563697,-33.064077399682702],[-71.555568699936202,-33.063653000008102],[-71.555706099953795,-33.063106299943598],[-71.555963600233397,-33.062574000121899],[-71.556391400429604,-33.061988399820997],[-71.557251000121596,-33.060811699855499],[-71.5586070995694,-33.058862199669001],[-71.558796000002303,-33.058445000344697],[-71.558778799959597,-33.058027799796001],[-71.558701599642404,-33.057437900308798],[-71.558092199621598,-33.055322899726903],[-71.557268200164302,-33.052330200024301],[-71.557216699749105,-33.051941800081103],[-71.557276799736499,-33.051546100079499],[-71.557482799600905,-33.051020899989403],[-71.557731700308196,-33.0506252003672],[-71.558229499926298,-33.050215200228998],[-71.559041099937701,-33.050526099744403],[-71.560431499757996,-33.051036900273601],[-71.5609979998341,-33.051468500252497],[-71.562800499994395,-33.051195199774902],[-71.563933400433498,-33.050856999688001],[-71.564869000293498,-33.0508427002991],[-71.566611299854998,-33.0508427002991],[-71.567449599593303,-33.050071800099602],[-71.570405099997203,-33.049173599830297],[-71.571409299703902,-33.048907400292599],[-71.572447799783006,-33.048360600371197],[-71.573237499766094,-33.047554800219103],[-71.573838300214703,-33.046943300337901],[-71.574061400408794,-33.046461299910597],[-71.574181600383696,-33.045756199903501],[-71.574327500260495,-33.045396500281697],[-71.575120000292401,-33.044656900178197],[-71.574914499891406,-33.044544600105198],[-71.574584500178503,-33.044231299953097],[-71.574318899790001,-33.043979099836498],[-71.574112899925694,-33.043669699809499],[-71.574078599553204,-33.043511400334999],[-71.575580599776202,-33.043331600341403],[-71.575863899670793,-33.043237999861098],[-71.576106499594701,-33.042906300193202],[-71.577300700170497,-33.041490899649801],[-71.577659499871302,-33.041158200144501],[-71.578375999735201,-33.040753199811398],[-71.579001699686799,-33.040378900043699],[-71.579645199755802,-33.039887099650002],[-71.581123600338003,-33.0386206000885],[-71.582027500448206,-33.037868199690998],[-71.582115200274501,-33.037790599861303],[-71.582138000414702,-33.0376385997873],[-71.581958599665896,-33.037630499776597],[-71.581872199701905,-33.037527299880502],[-71.581796799608497,-33.037267799868197],[-71.581753700237797,-33.036960499939397],[-71.581707499882796,-33.0364386002217],[-71.581795900394894,-33.036335099956702],[-71.581703099934501,-33.0361016003638],[-71.581638299961497,-33.036035600218298],[-71.581523199722398,-33.035900399925701],[-71.581459100435296,-33.035631300051001],[-71.581447099841498,-33.035262199690401],[-71.581625799904302,-33.035170999771402],[-71.5817891001482,-33.034926300119103],[-71.581988299765896,-33.034590600343698],[-71.582084099701007,-33.034448799957403],[-71.582251599568906,-33.034375000255501],[-71.582660999573093,-33.034304499812301],[-71.581953299605701,-33.032809400270402],[-71.582127500007303,-33.032684600014697],[-71.582443399763505,-33.032313099937198],[-71.582574299571803,-33.032212300016603],[-71.582881200005403,-33.031817900127798],[-71.583241199855493,-33.031558500033697],[-71.583476500069494,-33.031258999874801],[-71.584010599709899,-33.030649799893503],[-71.584341200395698,-33.030777699892099],[-71.584481500175102,-33.030749300196398],[-71.585313800065606,-33.0293105000924],[-71.585459399905105,-33.029141200037103],[-71.585693400256901,-33.029009999651201],[-71.586354500118901,-33.028803899631299],[-71.587067299822095,-33.028529200278598],[-71.5869949001018,-33.028318199902202],[-71.586721799678998,-33.027540000316797],[-71.586449300229106,-33.0272034996621],[-71.586437899709793,-33.027041400284197],[-71.586337099751802,-33.026847899815003],[-71.586205800193298,-33.026757100154398],[-71.586124899715401,-33.026650800308502],[-71.586137900134204,-33.026490799736202],[-71.586130499812896,-33.026381599883003],[-71.586140599571607,-33.026256999904597],[-71.586375400322297,-33.026104199653197],[-71.5865241002479,-33.025899400340002],[-71.586410999658696,-33.025854500137498],[-71.586383399819894,-33.025775100194899],[-71.586270999916593,-33.0258437998544],[-71.586120799804405,-33.025823099732399],[-71.585949500062895,-33.025842099950097],[-71.585857100251104,-33.025740800054301],[-71.586027000417403,-33.025705999794901],[-71.586081399696099,-33.025602800243199],[-71.586005299815099,-33.025572600304798],[-71.585747699822505,-33.0255170003663],[-71.585801499924898,-33.025467599760198],[-71.585773999799102,-33.025403400019798],[-71.585643199703796,-33.025404000299098],[-71.585499799838402,-33.025563599897197],[-71.585398000055505,-33.025381399816403],[-71.585150100071303,-33.025474699922199],[-71.585186799843996,-33.025617700241398],[-71.585047799926798,-33.025613999908401],[-71.584829300005296,-33.025508100125002],[-71.584648199643993,-33.025616199923199],[-71.584110399842999,-33.025440700180901],[-71.584113400215998,-33.0253681002728],[-71.583839099643995,-33.025319599626599],[-71.583435899811903,-33.0252057000151],[-71.583324000270196,-33.025186100132601],[-71.583191000200799,-33.0251741999597],[-71.583091899855305,-33.025199200112198],[-71.583087499907094,-33.025231399858299],[-71.583003500241503,-33.025232299902498],[-71.582664900058106,-33.025371299755399],[-71.582402900117202,-33.0254469997219],[-71.582198800189701,-33.025470500229503],[-71.581951599993204,-33.025529100083602],[-71.581813999651303,-33.025564700281798],[-71.581518400023896,-33.025597000066298],[-71.581354799742599,-33.025634300145398],[-71.581037200373899,-33.025774600089697],[-71.580880100302096,-33.025846100035103],[-71.580609199853498,-33.026058499690699],[-71.580286700174895,-33.026340800159801],[-71.580184300317299,-33.026321800049601],[-71.580131500039897,-33.026323600115703],[-71.580078600049404,-33.026336599755197],[-71.580054400334006,-33.026369999631299],[-71.580057099771395,-33.026425800126802],[-71.580093500404999,-33.026465100260197],[-71.580277000166404,-33.026534099894299],[-71.581072900321601,-33.0258818996952],[-71.581398500086294,-33.026161300283398],[-71.581066499825198,-33.026446200347699],[-71.580571299931606,-33.026763800283497],[-71.580321500010697,-33.026899000284502],[-71.580098999891206,-33.0267370999346],[-71.580139300111497,-33.026675199771503],[-71.580104399664407,-33.026659500093103],[-71.580063500267798,-33.026715600163897],[-71.580007299867006,-33.026704200297402],[-71.579942799931302,-33.026703600026998],[-71.579869500099093,-33.026719500038702],[-71.579817099571898,-33.0267407000498],[-71.579746299751093,-33.026785099701399],[-71.579666700033798,-33.026834099640297],[-71.579569399912103,-33.026883100305199],[-71.579483099661104,-33.026898799943801],[-71.579340599907496,-33.026864100311897],[-71.579303600097603,-33.0269193996428],[-71.579387299725894,-33.0269533001497],[-71.579357899663293,-33.027033800150399],[-71.578133399811307,-33.027288999646899],[-71.577466799564803,-33.027327699882299],[-71.577172700123995,-33.027440299816703],[-71.5771352996654,-33.027454599991998],[-71.576796299731697,-33.0274969002391],[-71.576417799976596,-33.027382599749203],[-71.575920400108899,-33.0270875998348],[-71.575490199614293,-33.026707799660798],[-71.575546199690706,-33.0266565996629],[-71.575766700160401,-33.026651600167497],[-71.575773999870407,-33.026573500150199],[-71.575602799841803,-33.0265608003048],[-71.575560199934401,-33.026243199637499],[-71.575450999830196,-33.026111200345802],[-71.575206499969397,-33.0259875000216],[-71.574515600294504,-33.025907399751297],[-71.574376000302706,-33.025960999780402],[-71.5740465000531,-33.0258288998944],[-71.573774599779597,-33.025656099941997],[-71.573175199804595,-33.025087500373097],[-71.572999200077504,-33.025084499718702],[-71.572759100165001,-33.024934200243798],[-71.572249699703306,-33.024921299816903],[-71.571996799696294,-33.024877100325],[-71.571729600306597,-33.0247383000384],[-71.571513000322,-33.024731699928203],[-71.571170900302207,-33.024608699632097],[-71.570670299737102,-33.024166400121402],[-71.5695105001451,-33.023140399906303],[-71.5687655003305,-33.022324399714897],[-71.568446499589996,-33.021820399832897],[-71.5683831000905,-33.021587800275299],[-71.568660400137205,-33.021407999981598],[-71.568708200391796,-33.021192799985002],[-71.568682900240205,-33.0209378999404],[-71.568601999762294,-33.020813000020397],[-71.568470000416099,-33.020647100222703],[-71.568184499649206,-33.020455400213301],[-71.567982899733096,-33.020687099655397],[-71.567743699932507,-33.020676800208001],[-71.567658700441996,-33.020794500358498],[-71.567471300195606,-33.020912600307398],[-71.567105700248106,-33.020895299780101],[-71.566839100034699,-33.021035900266398],[-71.5666700999803,-33.020985300296203],[-71.566537300235197,-33.020928999989998],[-71.566458199981099,-33.0208649001341],[-71.566369699755995,-33.020782799947497],[-71.566291900262499,-33.020740100288002],[-71.566173900261703,-33.020709800012703],[-71.566034399982897,-33.020674899849098],[-71.565864100066307,-33.020579300370699],[-71.565752799700903,-33.0205140998129],[-71.565648199869301,-33.020422999873503],[-71.565582499784298,-33.020337600185499],[-71.565548900097696,-33.020250999785802],[-71.565526399994795,-33.020167999684801],[-71.565596800065293,-33.019887700337698],[-71.565533099630201,-33.019797200068503],[-71.565667999636403,-33.019720900204703],[-71.565717000040195,-33.019622300357902],[-71.565657999590698,-33.019565800330298],[-71.565558800430495,-33.019577600328397],[-71.565392799850798,-33.019725900093199],[-71.565278899760997,-33.019559999756098],[-71.5653457999952,-33.019434800360202],[-71.565516699986404,-33.0193545999824],[-71.565421500125794,-33.019271800148701],[-71.565286699832598,-33.019367000329197],[-71.565253499896301,-33.019121200017302],[-71.565096600148806,-33.019023500360497],[-71.565159299860696,-33.018951399830598],[-71.565140700242793,-33.018868199653397],[-71.564982900383299,-33.018891600228997],[-71.564788300139895,-33.018790299878098],[-71.564680199573601,-33.018824900249001],[-71.564626500082497,-33.0189008001703],[-71.564600200106,-33.019018199894198],[-71.564655099746204,-33.019142800312999],[-71.564556300336307,-33.019218900318897],[-71.564154299755103,-33.019148799766498],[-71.563843300308804,-33.019354499803399],[-71.563657799999305,-33.019279699982498],[-71.563585700316295,-33.019295099685003],[-71.563361499685996,-33.019515600231401],[-71.563216499920998,-33.019505299894],[-71.562906699725602,-33.019508500342603],[-71.562833000143101,-33.019525200069403],[-71.562604399564506,-33.019519599850199],[-71.562457300436705,-33.019599500295101],[-71.562369400286201,-33.019599800077899],[-71.562078700070302,-33.019361199742001],[-71.561900099720503,-33.019123199835597],[-71.562020299695405,-33.018944599681397],[-71.561890600036406,-33.018585600323199],[-71.561782600081301,-33.018428799910701],[-71.561715300096907,-33.0183436001576],[-71.561333100181201,-33.018088499799802],[-71.560815700221895,-33.017703400227902],[-71.560406399930699,-33.017400699917502],[-71.559858699796905,-33.017035199793803],[-71.558781500295296,-33.016143700346298],[-71.558291100100206,-33.015718599650398],[-71.557311799896596,-33.014828299645899],[-71.557026999815605,-33.0146013002514],[-71.556854499924796,-33.014401699632003],[-71.556719099557,-33.014243000320597],[-71.556482500379204,-33.014150400167601],[-71.556128999840098,-33.014163900266702],[-71.555840699922697,-33.013823200279603],[-71.555349800264395,-33.013136100065303],[-71.555044099979895,-33.012718800170497],[-71.554687299928901,-33.012210499855797],[-71.554494199871996,-33.011930499878503],[-71.554303800150905,-33.011668400219897],[-71.554069100011603,-33.011422200293097],[-71.553965800042107,-33.011328800193098],[-71.553877299816904,-33.0112152998311],[-71.553706999900299,-33.010978000348601],[-71.553338200153703,-33.010316699672003],[-71.552960000435903,-33.009574399816003],[-71.552680999878405,-33.008985100175501],[-71.552377900216698,-33.008364300329198],[-71.552021199878595,-33.007500599866603],[-71.551592099820198,-33.0064456998659],[-71.551039500274896,-33.004828400186902],[-71.550672100103398,-33.003780200238403],[-71.550253600165405,-33.002511500316601],[-71.550106100389002,-33.0019761997819],[-71.550052499712606,-33.001659000249902],[-71.549950499605401,-33.001227099790199],[-71.549872799824897,-33.0009707000577],[-71.549768199993196,-33.000446500369399],[-71.549623299941203,-32.999778399719901],[-71.549457000222603,-32.999155299747201],[-71.549330999825898,-32.998626699950997],[-71.549188800109704,-32.998089000353403],[-71.5491002998845,-32.997486199687899],[-71.5490332002244,-32.997054299896703],[-71.548858900109806,-32.995353599659097],[-71.548714000057799,-32.994267000363998],[-71.5486201997725,-32.993529099689098],[-71.548529000109895,-32.993043200375297],[-71.548440499884705,-32.992478499856901],[-71.548413599833594,-32.992150099939202],[-71.548411000109098,-32.991848600346103],[-71.548424400278194,-32.991587599844202],[-71.548488699889603,-32.991461699951898],[-71.548590699996893,-32.991297400303601],[-71.548668399777398,-32.991208599900403],[-71.548884800336097,-32.9911639999969],[-71.548935099703797,-32.991186099906301],[-71.548958199881298,-32.991189400086597],[-71.549014100244804,-32.991179699967098],[-71.549054699604,-32.991162399635002],[-71.549078900217793,-32.991173599907],[-71.549084299990994,-32.991209599749297],[-71.549043999770703,-32.991243400211602],[-71.549033299937307,-32.991279400025498],[-71.549033299937307,-32.991301899995797],[-71.549057399939798,-32.991340099902303],[-71.549086899715405,-32.991342400229399],[-71.549135200331605,-32.991344600345798],[-71.549159400047003,-32.991360399741303],[-71.549113400016296,-32.991391199851797],[-71.549111100329199,-32.991421100315797],[-71.549127199935697,-32.991452600372902],[-71.549156699711304,-32.991472799975398],[-71.549191500445403,-32.991466100178599],[-71.549202299991705,-32.991450300048598],[-71.549242099850403,-32.991400199979999],[-71.549293499654297,-32.991360399741303],[-71.549312199883602,-32.991353599725201],[-71.549346699682104,-32.9913102001643],[-71.549360199564205,-32.9912574003503],[-71.5493841001406,-32.991216799866699],[-71.549386900189404,-32.991182000298501],[-71.549403400444504,-32.991153400236101],[-71.549441000329097,-32.991139899628998],[-71.549475899877805,-32.991124100194099],[-71.549502700215996,-32.991108400213903],[-71.549526399569899,-32.991089699926597],[-71.549558599681205,-32.991062700198],[-71.549585799769702,-32.9910431002614],[-71.549588100355095,-32.990997499669398],[-71.549601499625894,-32.990925499797001],[-71.549617600130802,-32.990900700145502],[-71.549620700216806,-32.990851900251897],[-71.549625100165002,-32.990807199956699],[-71.549657499702406,-32.990752100252699],[-71.549633699737299,-32.990725300090297],[-71.549599199938797,-32.990703399734997],[-71.549558599681205,-32.990653299995898],[-71.549572399600606,-32.990635900102397],[-71.549601900274496,-32.990600000237698],[-71.549561300016904,-32.990565500307802],[-71.549545600160698,-32.990532499772499],[-71.549532199991603,-32.990501000140597],[-71.549486199960896,-32.990489000349598],[-71.549446300389206,-32.990516700228802],[-71.549419500051002,-32.9904897003249],[-71.549384299566597,-32.990527300066098],[-71.549365900273003,-32.990482999699999],[-71.549379300442098,-32.990458199924198],[-71.549398100384394,-32.990415499898901],[-71.549398100384394,-32.9903772001338],[-71.549392699712797,-32.990336700210797],[-71.549384700215199,-32.990305199755497],[-71.549338700184506,-32.990293300149801],[-71.549305200210895,-32.990290999795299],[-71.549253200332402,-32.990284999885702],[-71.549212999825102,-32.990311999852302],[-71.549190400009195,-32.990335099833899],[-71.549156699711304,-32.990348000046097],[-71.549131399559599,-32.990357700256901],[-71.549086899715405,-32.990359199667999],[-71.5490494004422,-32.990348000046097],[-71.549052099879603,-32.9903165003483],[-71.549089600051204,-32.990280500141701],[-71.549124499599998,-32.990248999666299],[-71.549145900165001,-32.990201900003697],[-71.549180799713696,-32.990172599645902],[-71.549180799713696,-32.990132099628902],[-71.549161999771499,-32.990098399706703],[-71.549103000220299,-32.990080399937497],[-71.549065500048698,-32.990069100067998],[-71.549033299937307,-32.990078100330898],[-71.549006099848896,-32.990117800182198],[-71.548993100328403,-32.990150100141101],[-71.548973899737504,-32.990174099813601],[-71.548947100297596,-32.990196600065801],[-71.548928300355399,-32.990219100312203],[-71.548912199850506,-32.990243799943102],[-71.548883099825204,-32.990251199809897],[-71.548829400334199,-32.990228899995699],[-71.548813299829305,-32.990206399751798],[-71.548783800053698,-32.990204100148503],[-71.548735600048801,-32.990195099898401],[-71.548695299828594,-32.990170400253803],[-71.548655100219605,-32.990159099642298],[-71.548574600390296,-32.990161400000297],[-71.548491100188102,-32.990138100302403],[-71.548445499907601,-32.990133599797304],[-71.548400300275802,-32.990159099642298],[-71.548359700018196,-32.990192100317103],[-71.548335900053004,-32.990197400255397],[-71.548281899626403,-32.990185300211103],[-71.548241600304394,-32.990219100312203],[-71.548230899572701,-32.990237100053101],[-71.548193800049802,-32.9902422003181],[-71.548161200188204,-32.990234799697099],[-71.548129000076798,-32.990216799955697],[-71.548080700358895,-32.990192100317103],[-71.548035499828799,-32.990170400253803],[-71.548005600302901,-32.990138100302403],[-71.547968000418294,-32.990115600035303],[-71.5479148003906,-32.990118600372597],[-71.547877300219,-32.990134399987603],[-71.547839700334507,-32.9901366001341],[-71.547474899887504,-32.990148899855903],[-71.547309900031095,-32.989958800245198],[-71.547100700367693,-32.989657400160297],[-71.5469411002844,-32.989327799997803],[-71.546860599556894,-32.989172599959602],[-71.546804300341407,-32.989046600176401],[-71.546753300287804,-32.988901500115396],[-71.546717099978395,-32.988774299641399],[-71.547028299749101,-32.988697799637599],[-71.5470228999759,-32.988675399970703],[-71.547025600311599,-32.988650599686999],[-71.547018899777896,-32.988620200229001],[-71.547016200340494,-32.988574100329501],[-71.547009499806805,-32.988555000156602],[-71.546994700062498,-32.988524599912203],[-71.546970600060106,-32.988494199657303],[-71.546955900028706,-32.988426800056203],[-71.546920999581602,-32.988378399651403],[-71.546891499805994,-32.988331100069203],[-71.546876400024402,-32.988272999926501],[-71.546868699665794,-32.988228800150203],[-71.546876799774694,-32.988177100097502],[-71.546906300448697,-32.988143299967902],[-71.546905899799995,-32.988126800002497],[-71.546884800170602,-32.9880960997207],[-71.546882200446206,-32.988062300313601],[-71.546895199966698,-32.987958099772797],[-71.546882200446206,-32.987765399653199],[-71.546833899830006,-32.987360399658101],[-71.546862699818007,-32.9870742001183],[-71.546857999832497,-32.987040899891198],[-71.546877200423296,-32.9869904002244],[-71.546876799774694,-32.986964399892202],[-71.5469408002471,-32.986774700314797],[-71.546948799744698,-32.986736399723497],[-71.546970699773098,-32.986692199931298],[-71.546980999856103,-32.9866599002141],[-71.546994400025199,-32.9866126999271],[-71.547021200363403,-32.9865833998848],[-71.547056099912197,-32.986556400284698],[-71.547093600083699,-32.9865226997508],[-71.547131599718497,-32.986487499727197],[-71.547150399660794,-32.986465000036503],[-71.547206699774605,-32.986435699945197],[-71.547220099943701,-32.9864110000021],[-71.547220099943701,-32.9863861998356],[-71.547225499716902,-32.986341199643398],[-71.547241199573094,-32.986286400061601],[-71.547281799830699,-32.986258000352898],[-71.547332400133996,-32.986239200328498],[-71.547383299576296,-32.986214400113802],[-71.5473863996624,-32.986165700106397],[-71.5473863996624,-32.9861251997579],[-71.547399799831396,-32.986086999854997],[-71.547399799831396,-32.986035199838],[-71.547383700224898,-32.985996999896201],[-71.547402500167195,-32.985957900246298],[-71.547423599796602,-32.985921999985997],[-71.547421300109406,-32.9858822997545],[-71.547394499771301,-32.985846299999899],[-71.547369900305497,-32.985811700255397],[-71.547362299659895,-32.985765299744898],[-71.547391800333799,-32.985709000315403],[-71.547418200023401,-32.985687999916799],[-71.547429299607103,-32.985625799675603],[-71.547461499718395,-32.985607799747797],[-71.547493699829801,-32.985578500125499],[-71.547571099573005,-32.985575499633804],[-71.547619799939497,-32.985556000203097],[-71.547670700280094,-32.985549299957199],[-71.547710599851797,-32.985580000371201],[-71.547770000051599,-32.985592000076103],[-71.547807500223101,-32.985580799849302],[-71.547836999998793,-32.985574000141497],[-71.547884899966306,-32.985543999739903],[-71.547917499828003,-32.985511000341198],[-71.547952400275094,-32.985497499624699],[-71.548030100055598,-32.985447999742597],[-71.5480673001898,-32.985409000067001],[-71.548105200111706,-32.985409800300097],[-71.548136999574396,-32.985424700307497],[-71.548139699910195,-32.985453999980898],[-71.548174600357299,-32.985462999960902],[-71.548201800445696,-32.985441300242002],[-71.5482501001636,-32.985418800284698],[-71.5482473998279,-32.985382800341],[-71.548271499830307,-32.985308499925402],[-71.548266199770097,-32.985279299667802],[-71.548217900052293,-32.9852679999372],[-71.548180300167701,-32.985263499937297],[-71.548172299771807,-32.985229799663301],[-71.548142799996199,-32.985205100136298],[-71.548097199715798,-32.985187100122801],[-71.548073099713307,-32.985173600110201],[-71.548038200164498,-32.9851511000846],[-71.548046199662096,-32.985119600039198],[-71.548102199738594,-32.985109799788397],[-71.548104800361401,-32.9850714999817],[-71.548105200111706,-32.985038599870897],[-71.548075700336099,-32.985018300085002],[-71.548032399742695,-32.984972499712001],[-71.547984499775197,-32.984950799872401],[-71.547971099606102,-32.984892299646503],[-71.547971099606102,-32.9848585999843],[-71.547949699939394,-32.984824800090998],[-71.547944300166193,-32.984768600280098],[-71.547852699855,-32.9847340001132],[-71.547818200056497,-32.984739299625701],[-71.5477937003037,-32.984783499642198],[-71.547751200109303,-32.984786599625401],[-71.547689500222404,-32.984788799905203],[-71.547646900315002,-32.984775400049898],[-71.547652000050803,-32.984734800352399],[-71.547657300110998,-32.984685300042599],[-71.547673399717496,-32.984635799705003],[-71.547700200055701,-32.984588599842901],[-71.547724000020807,-32.9844978003756],[-71.547761899942699,-32.984379299771902],[-71.547799100076901,-32.984308800043003],[-71.547842000021603,-32.984243599800102],[-71.547874200132995,-32.9841918002085],[-71.547906400244301,-32.984128800175398],[-71.547976500277599,-32.984062100281498],[-71.548027500331202,-32.9840260997847],[-71.548076300410699,-32.9839898001227],[-71.5481481997694,-32.983992399791802],[-71.548193400299496,-32.983987100234501],[-71.548242000054699,-32.9839630996333],[-71.548282300275005,-32.983931599917497],[-71.548324799571105,-32.9839173002199],[-71.548378400247501,-32.983897099641801],[-71.548424400278194,-32.983848399863099],[-71.548451199718102,-32.983819099656799],[-71.548491499938393,-32.983794399735103],[-71.548478099769298,-32.983758399882497],[-71.548480800104997,-32.983708899778797],[-71.548547400301899,-32.983710299836901],[-71.548593400332607,-32.983729099646403],[-71.548622900108199,-32.983738099802203],[-71.5486685003887,-32.983720100243097],[-71.548700699601696,-32.9836864001335],[-71.548735600048801,-32.983663899728903],[-71.548797299935799,-32.983607599712798],[-71.548818299852201,-32.9835708002879],[-71.548858900109806,-32.983537900371303],[-71.548907199827696,-32.983526599664202],[-71.548936699603303,-32.983479399962597],[-71.548896100243994,-32.983456100007999],[-71.548840199880502,-32.983472600092902],[-71.548786500389497,-32.983481600274899],[-71.548762400387005,-32.983452400166598],[-71.548780799680699,-32.983415599923497],[-71.548824100274004,-32.983382599729303],[-71.548850499963507,-32.9833390997969],[-71.548885800160903,-32.9832971001277],[-71.548931400441404,-32.983258899754503],[-71.548982299883704,-32.983218400333101],[-71.549022600103996,-32.9831756003531],[-71.549014499995096,-32.9831260999226],[-71.548968899714595,-32.983101399806998],[-71.5489340001659,-32.983085699906901],[-71.548909900163395,-32.983054199877998],[-71.548883099825204,-32.983018199723702],[-71.548848200276396,-32.983004700133002],[-71.548813299829305,-32.9829822003082],[-71.548775799657804,-32.982968699958398],[-71.548695299828594,-32.982948399696497],[-71.548638999714697,-32.982964199841398],[-71.548692199742504,-32.982904900303801],[-71.548711400333403,-32.982874199713002],[-71.548689999768399,-32.982838200238803],[-71.548668099740098,-32.982823900363996],[-71.548633599941596,-32.982824699867002],[-71.548601099792904,-32.982837399982301],[-71.548577299827798,-32.982811200246701],[-71.548555900161105,-32.982775199993199],[-71.548531700445594,-32.982759399814597],[-71.548499099685699,-32.982742900349898],[-71.548477700018907,-32.982718099906499],[-71.548461600412395,-32.982684400167898],[-71.548430700163294,-32.9826510003249],[-71.548408299773399,-32.982624399651201],[-71.548373499937597,-32.982604200284399],[-71.548338600388803,-32.9825817003575],[-71.548311400300307,-32.982562900303698],[-71.548330099631301,-32.982526899949001],[-71.548373499937597,-32.982507399844998],[-71.548381099684903,-32.982486400191803],[-71.548400300275802,-32.982453399650197],[-71.548394899604304,-32.982403900321799],[-71.548435199824596,-32.982390399883698],[-71.548461600412395,-32.982405399868099],[-71.548499500334302,-32.982403900321799],[-71.548531299797006,-32.9823940997695],[-71.548574600390296,-32.982439899973102],[-71.548606399853099,-32.982463900234897],[-71.548641700050496,-32.982482700309802],[-71.548646600360399,-32.982531400088298],[-71.548673500411596,-32.9825696000227],[-71.548711400333403,-32.982570400281602],[-71.548749000217896,-32.982536699732997],[-71.548746299882197,-32.982507399844998],[-71.548778499993503,-32.9824714002212],[-71.548826399961101,-32.982490900333197],[-71.548858500359501,-32.982488599775301],[-71.548882700074898,-32.982454899949097],[-71.548883099825204,-32.982412899859298],[-71.548856300385296,-32.982372400049798],[-71.548872000241602,-32.982335600109998],[-71.5489018997675,-32.982291400374997],[-71.548896499994299,-32.982266700025797],[-71.548965799628604,-32.982297400074302],[-71.549014499995096,-32.982289200033001],[-71.549054699604,-32.9822937001844],[-71.549097300409798,-32.982279400221501],[-71.549129399909802,-32.982229900042],[-71.549119099826797,-32.982187899845101],[-71.549129399909802,-32.9821398999186],[-71.549070800108893,-32.982127199702902],[-71.549033299937307,-32.982138400367901],[-71.548997999739896,-32.9821264001936],[-71.548958199881298,-32.982097899678898],[-71.548922899683902,-32.982090399660898],[-71.5489018997675,-32.982037200228298],[-71.548874599965998,-32.9820184000586],[-71.548845499940697,-32.9820236997341],[-71.548807999769195,-32.982034899658601],[-71.548786500389497,-32.982034899658601],[-71.548762400387005,-32.982003400008402],[-71.548770399884603,-32.981980899928502],[-71.548791500412307,-32.981944099825498],[-71.548847799627794,-32.9819351002403],[-71.548896499994299,-32.981913399654097],[-71.548931400441404,-32.981877399788097],[-71.548958199881298,-32.981854899676101],[-71.548958199881298,-32.981807699834199],[-71.549006499599201,-32.981791900235997],[-71.549062399962693,-32.981797899969301],[-71.549084299990994,-32.981816700186002],[-71.549121800162496,-32.981823399961598],[-71.549159400047003,-32.981796399659203],[-71.549191099796801,-32.981755100054201],[-71.549228699681294,-32.981728199952599],[-71.549272000274598,-32.981722200214598],[-71.549298799714506,-32.981672699722701],[-71.549298799714506,-32.981618699770998],[-71.549250499996603,-32.981602900138903],[-71.549156699711304,-32.981587199972303],[-71.549137500018702,-32.981575199722997],[-71.549105299907396,-32.981559400083199],[-71.549075800131803,-32.981525699902299],[-71.5490494004422,-32.981497199947199],[-71.549025199828407,-32.981483700124002],[-71.548981900133398,-32.981473900223001],[-71.5489340001659,-32.981476900100603],[-71.5488937996586,-32.981485899732498],[-71.548869699656095,-32.981499400308998],[-71.548840199880502,-32.981524200341198],[-71.548818699602506,-32.981524200341198],[-71.5487726995717,-32.981496399678697],[-71.548756999715494,-32.9814746997383],[-71.548764700074102,-32.9814267001776],[-71.548759700051306,-32.981395900357803],[-71.548711400333403,-32.981386899963098],[-71.548684599995198,-32.981395900357803],[-71.5486310002171,-32.981357699915598],[-71.548593400332607,-32.981362200114503],[-71.548579600413206,-32.981406400314697],[-71.548563899658703,-32.981429700056701],[-71.548518300276498,-32.981431899666497],[-71.548474999683194,-32.9813973999211],[-71.548464699600203,-32.981371199758101],[-71.548453900053801,-32.981328399636197],[-71.548437800447303,-32.981292400285199],[-71.548402599962898,-32.981253400280998],[-71.548362700391195,-32.981238400100899],[-71.548324799571105,-32.981190399658203],[-71.548325200219693,-32.981137199683303],[-71.5483009996059,-32.9811012002544],[-71.548263500332695,-32.981096700042102],[-71.548242000054699,-32.981076400103397],[-71.548217500302002,-32.981041900218997],[-71.548201800445696,-32.981013400107798],[-71.548198199998097,-32.980959399752798],[-71.548196399774298,-32.980923499720397],[-71.548161599938496,-32.980901000118799],[-71.548096799965407,-32.9808844000842],[-71.548051199685005,-32.980900199844797],[-71.547968499881605,-32.9808942000505],[-71.547933600332797,-32.980851499920099],[-71.547905299808093,-32.980818400051803],[-71.547826300165397,-32.980797500219701],[-71.547786099658097,-32.980768199754401],[-71.547770000051599,-32.980721000085197],[-71.547759199606901,-32.980662500070601],[-71.547740500276007,-32.980606199647703],[-71.547713600224796,-32.980568000370901],[-71.547676100053295,-32.980534200342099],[-71.547660000446797,-32.980498199913796],[-71.547652000050803,-32.980451000100203],[-71.547509800334595,-32.980343000176497],[-71.547474899887504,-32.980306999670098],[-71.547450799885098,-32.980268700040597],[-71.547359600222507,-32.980246200272099],[-71.547279100393197,-32.980208000086002],[-71.547238899885997,-32.980176499784001],[-71.547230799776997,-32.980122499670799],[-71.547281799830699,-32.980086499828097],[-71.547311299606307,-32.980070699921903],[-71.547292499663996,-32.980014500098797],[-71.547246499633303,-32.979984399845002],[-71.547214300420194,-32.9799417000281],[-71.547201300001404,-32.979893000328197],[-71.547185200394907,-32.979852500116301],[-71.547198700276994,-32.979811999885897],[-71.547246499633303,-32.979784200191403],[-71.547284500166398,-32.979753500022603],[-71.547286799853495,-32.979723399679798],[-71.547262600138097,-32.979689700305201],[-71.547235799799907,-32.9796469001218],[-71.547233500112796,-32.979600500138901],[-71.5471825997721,-32.979555500255699],[-71.547169199603104,-32.979494700340098],[-71.547115500112,-32.979487999634202],[-71.5470752996047,-32.979481200210699],[-71.547091400109593,-32.979526200131801],[-71.547082900250402,-32.979583899859797],[-71.547043100391704,-32.979600500138901],[-71.547005499608801,-32.979598200259296],[-71.546949200393399,-32.979548700083697],[-71.546941199997406,-32.979514999888998],[-71.546925100390894,-32.979436200266598],[-71.546917000281994,-32.979404699689198],[-71.546906300448697,-32.979350699857598],[-71.546922400055195,-32.979303500184201],[-71.546884800170602,-32.979258500149598],[-71.546849599686198,-32.979232899945401],[-71.546807100390097,-32.979208999783502],[-71.546763700083801,-32.979174399698501],[-71.546728900247999,-32.979149699984497],[-71.546696700136707,-32.9791338999106],[-71.546670300447104,-32.979119000348597],[-71.546627299891099,-32.9790784997817],[-71.546619300393502,-32.9790402003728],[-71.546646099833296,-32.979004200088902],[-71.546686400053602,-32.979013199972798],[-71.546712799743204,-32.9789517003707],[-71.546756100336495,-32.978905199797602],[-71.546764099834107,-32.978853400088099],[-71.546750699664997,-32.978830899959],[-71.546721199889404,-32.978763400290703],[-71.546654199942296,-32.978722900314303],[-71.546627299891099,-32.978695899817303],[-71.546586699633494,-32.9786749000112],[-71.546525400395097,-32.978698199720398],[-71.546499299844598,-32.978736500031196],[-71.546442299943195,-32.978738699708103],[-71.546415499605004,-32.978736399806102],[-71.546348399944804,-32.978709400066798],[-71.546278699661897,-32.978718399980799],[-71.546225000170907,-32.978720699883397],[-71.546176699554707,-32.9787071996356],[-71.546144099692995,-32.978656900173299],[-71.546093200250695,-32.978602899884301],[-71.5460882002278,-32.9785563998811],[-71.546053400391997,-32.978538400019097],[-71.546013100171805,-32.978497899939498],[-71.545943399888898,-32.978441699868903],[-71.545911199777507,-32.978394400237697],[-71.545903200279895,-32.978333699748298],[-71.545910800027201,-32.9782946999443],[-71.545903200279895,-32.978227899938702],[-71.545865600395402,-32.978194199993403],[-71.545838800057197,-32.978155900201003],[-71.545836099721399,-32.978081699957698],[-71.545841500392896,-32.9780568997122],[-71.545862500309298,-32.978002100263097],[-71.545883999688996,-32.977966100309501],[-71.545927300282301,-32.977937700185102],[-71.545919200173401,-32.977876899909099],[-71.545887099775101,-32.977852199832199],[-71.545862900059603,-32.977800400258502],[-71.545849499890494,-32.977762199767902],[-71.5458651997468,-32.977716400152197],[-71.545929599969497,-32.977696100189803],[-71.545975200249899,-32.977718599854498],[-71.546028800027997,-32.977723100238897],[-71.546103900084006,-32.977723100238897],[-71.546098999774202,-32.977683400088502],[-71.546064100225394,-32.977649699935398],[-71.5460127004215,-32.977630900338603],[-71.5459406995531,-32.977593399852204],[-71.545908500340104,-32.977550699632602],[-71.545889700397794,-32.977501199816402],[-71.545868299832804,-32.977406699747696],[-71.545862900059603,-32.977336899805799],[-71.545892399835196,-32.977280699749898],[-71.545924599946602,-32.977215400118702],[-71.545959500393707,-32.977197399983403],[-71.546001999689807,-32.977194399960503],[-71.546015399858902,-32.977230400228699],[-71.546066399912505,-32.977264099788201],[-71.546101199748307,-32.977264099788201],[-71.546155299887999,-32.977237899905901],[-71.546195099746598,-32.977214599811397],[-71.5462379996913,-32.977210100154601],[-71.546267900115595,-32.977161399701799],[-71.546343000171603,-32.977186200198801],[-71.546345699609105,-32.9771164000826],[-71.546343000171603,-32.9770803997679],[-71.546294800166805,-32.977064700304403],[-71.546243800113103,-32.977062400358697],[-71.546211600001797,-32.977003900180897],[-71.546198199832702,-32.976956700006703],[-71.546139200281402,-32.9769229001027],[-71.546168300306704,-32.976814100074101],[-71.546152599552201,-32.976736099860297],[-71.546165599971005,-32.976690399939798],[-71.546206200228596,-32.9766640996598],[-71.546230399944093,-32.976628099914301],[-71.546222299835094,-32.976567399717901],[-71.546203599605803,-32.976526900241403],[-71.546190099723802,-32.9764819002989],[-71.546192800059501,-32.976445899725597],[-71.546222299835094,-32.976380600230698],[-71.546211600001797,-32.976328900021599],[-71.546197800082396,-32.976307800178297],[-71.5461955003952,-32.9762658996531],[-71.546187499999306,-32.976218600363602],[-71.546197800082396,-32.976161600032697],[-71.546214300337496,-32.976180399942301],[-71.546225000170907,-32.976205099733299],[-71.546270599552997,-32.976223100070797],[-71.546329600002593,-32.976207399701202],[-71.546356400340699,-32.976178099973602],[-71.546356400340699,-32.976101600358497],[-71.546380200305904,-32.976055799881401],[-71.546401599972597,-32.976017600143301],[-71.546391299889507,-32.975973400259903],[-71.546364499551302,-32.975957600371302],[-71.5463618001139,-32.9759261000602],[-71.546393599576604,-32.975884799970203],[-71.546431500396807,-32.975847399724302],[-71.546463299859596,-32.975830800246698],[-71.546495899721194,-32.975748399661697],[-71.546506599554604,-32.975716900029603],[-71.546506599554604,-32.975665099956998],[-71.546498600056907,-32.975622300083501],[-71.546501300392706,-32.9755795996644],[-71.546576400448799,-32.975530100250502],[-71.546563000279704,-32.975489600298303],[-71.546514699663504,-32.975440100080398],[-71.546505700340902,-32.9753789001836],[-71.546487900223596,-32.975314100291001],[-71.546458400448003,-32.975275800002997],[-71.546406999745699,-32.975239000119899],[-71.546380600056196,-32.975199300359897],[-71.546355999692096,-32.975175999727398],[-71.546318900169197,-32.975170099773301],[-71.546278699661897,-32.975158800255997],[-71.546251399860395,-32.975140000128903],[-71.546235700004203,-32.975129599656],[-71.546192400309195,-32.975117499807098],[-71.546276000224495,-32.975109299852598],[-71.546331899689704,-32.975122000324099],[-71.546383300391895,-32.975122799896802],[-71.546428899774,-32.975104800088602],[-71.546471799718802,-32.975095799806297],[-71.546509299890303,-32.9750868002766],[-71.546536199941499,-32.975010299716203],[-71.546514699663504,-32.974981099820702],[-71.546509299890303,-32.974960799983101],[-71.546495899721194,-32.974920299769899],[-71.546471799718802,-32.974893300371001],[-71.546431099748204,-32.974876800190103],[-71.546383300391895,-32.974877599765001],[-71.546340400447207,-32.974870799986398],[-71.546297000140896,-32.974858800331603],[-71.546267500365303,-32.974840799715999],[-71.546221900084802,-32.974824999624701],[-71.546203599605803,-32.974785299678501],[-71.546203599605803,-32.9747560997086],[-71.5462379996913,-32.974708000033999],[-71.546278699661897,-32.974701999818997],[-71.546321199856294,-32.974690000141202],[-71.546342600421298,-32.974662999918301],[-71.546351100280603,-32.974630000220799],[-71.546337700111494,-32.974596299656],[-71.546310800060297,-32.974589499855803],[-71.546318900169197,-32.974544499679801],[-71.546280899636002,-32.974494200107202],[-71.546235700004203,-32.974472499953201],[-71.546195099746598,-32.974451499896297],[-71.546165599971005,-32.974431199937001],[-71.546144099692995,-32.974395200034898],[-71.546139200281402,-32.974353300109399],[-71.546131100172502,-32.974310500353802],[-71.546114999667694,-32.974279000208803],[-71.546090899665202,-32.974243000244599],[-71.546056000116494,-32.9742250002571],[-71.546028800027997,-32.974190499956599],[-71.545999300252404,-32.9741724999583],[-71.545953699971903,-32.974163500334598],[-71.545938000115697,-32.974137300286003],[-71.545903200279895,-32.974094499672198],[-71.545825000137796,-32.974028499840003],[-71.5457884997912,-32.974005599820401],[-71.545738499562404,-32.973898099948897],[-71.545616900012305,-32.9732939998745],[-71.545591100397402,-32.972739600152202],[-71.546225000170907,-32.967946000184902],[-71.547574700020604,-32.962727300371398],[-71.5475938000002,-32.962689100144701],[-71.547615199666893,-32.962655300056703],[-71.547649299715104,-32.962620100316897],[-71.547722499834293,-32.962603600104302],[-71.5477672997159,-32.962620100316897],[-71.547812899996302,-32.962638099654598],[-71.547853900004199,-32.962637299968797],[-71.547866600385703,-32.962620100316897],[-71.547838200148007,-32.962584100123202],[-71.547853099605305,-32.962550299995002],[-71.547834400274297,-32.9625076000397],[-71.547871900445898,-32.962482799943203],[-71.5479148003906,-32.962482799943203],[-71.547941700441797,-32.962455799757301],[-71.547961200171599,-32.9624145001522],[-71.547952400275094,-32.962386100303],[-71.547933600332797,-32.962377100232104],[-71.547922899601204,-32.9623433000246],[-71.547898699885707,-32.962309600048101],[-71.547855799941004,-32.962268999819798],[-71.547842399771895,-32.962242000322298],[-71.547802200163005,-32.962210499641998],[-71.547778799948105,-32.962180500347401],[-71.547778799948105,-32.962151199735203],[-71.547791399718307,-32.962124999892197],[-71.547804899600393,-32.9620665003727],[-71.5477672997159,-32.9620236999395],[-71.547770000051599,-32.962005699723001],[-71.547743199713395,-32.961974199712103],[-71.547732400167106,-32.961938200009001],[-71.547721700333696,-32.961897699854298],[-71.547686799886606,-32.961875199927803],[-71.547662699884199,-32.9618235002727],[-71.547663500283093,-32.961773200239598],[-71.547684999662806,-32.9617371002102],[-71.547666199720496,-32.961683100128099],[-71.547687600285499,-32.961647100306401],[-71.547697600331304,-32.961573700209698],[-71.547705599828902,-32.961539899694898],[-71.547718999997997,-32.9614970997605],[-71.547706400227796,-32.961451300001301],[-71.547705599828902,-32.961413899673502],[-71.547727100106897,-32.961373400032201],[-71.547743199713395,-32.961294600051701],[-71.547756599882504,-32.961218100359098],[-71.547745900049193,-32.961191099786802],[-71.547697600331304,-32.961150600043403],[-71.547700299768707,-32.961114600004699],[-71.547727100106897,-32.961078499706097],[-71.547735099604495,-32.961035799793301],[-71.5477672997159,-32.960990800249398],[-71.547786099658097,-32.960974999941897],[-71.547788799993896,-32.960938999831598],[-71.547786900057005,-32.960904500371598],[-71.547807500223101,-32.960860200217297],[-71.547850499880795,-32.960817500198999],[-71.547855799941004,-32.960783700148703],[-71.547885299716597,-32.960752199702199],[-71.547910299831003,-32.960737900019801],[-71.547926400335797,-32.960701899812904],[-71.547922899601204,-32.960646500181902],[-71.547937100169193,-32.960605199730999],[-71.547977299778196,-32.960501599920299],[-71.548009499889503,-32.960449900215202],[-71.548030199768604,-32.960394400180299],[-71.548057000106795,-32.9603650997296],[-71.548100699552094,-32.960337299943703],[-71.548113300220606,-32.960299899898096],[-71.548130200225998,-32.960258600038998],[-71.548183899717102,-32.960224799774899],[-71.548248200226794,-32.960188800112697],[-71.548314500386397,-32.960194100344403],[-71.548333300328594,-32.960232399634698],[-71.548268900105896,-32.960315600080399],[-71.548266199770097,-32.960333599887498],[-71.5482582002725,-32.960396600314098],[-71.548266199770097,-32.960423699867697],[-71.548282300275005,-32.960446200163702],[-71.5483393998894,-32.960474599882701],[-71.548376200273296,-32.960468699700399],[-71.548403800112098,-32.960431899678099],[-71.548475400331796,-32.960385399906599],[-71.548513000216403,-32.960351599691002],[-71.548553199825307,-32.960362900348699],[-71.548580000163497,-32.960352799627501],[-71.548610300337998,-32.960335099808503],[-71.5486310002171,-32.9603089001806],[-71.548666700164802,-32.960281000130998],[-71.548689999768399,-32.960263900266497],[-71.548711400333403,-32.960234599772498],[-71.548724900215504,-32.960203099883898],[-71.548759700051306,-32.960182799664999],[-71.548806099832305,-32.960146099769901],[-71.548802599995994,-32.960106299763702],[-71.548797299935799,-32.9600612997464],[-71.548813400440594,-32.960038800106098],[-71.548846400052597,-32.960019999775703],[-71.548853600049597,-32.9599712996432],[-71.548858999822798,-32.959935299877699],[-71.548910699664006,-32.9598871996699],[-71.548963599654499,-32.959847499793497],[-71.548960900216997,-32.959809400075798],[-71.548974300386107,-32.959786900371398],[-71.549019500017906,-32.9597816001152],[-71.549043600020397,-32.959806400216102],[-71.549062799712999,-32.959843199745102],[-71.549103900332099,-32.959842200294702],[-71.549127199935697,-32.959809299829303],[-71.549116500102301,-32.959784499729203],[-71.549090399551801,-32.959754500364703],[-71.549105699657702,-32.959728200317997],[-71.549087000326693,-32.959696700248898],[-71.549063600111893,-32.959664399702199],[-71.549060899776194,-32.9596261996588],[-71.549065100298407,-32.959587399625498],[-71.549106500056595,-32.9595788997499],[-71.549157500110198,-32.959542899824498],[-71.549188899822695,-32.959471699644297],[-71.549218399598303,-32.959469399994198],[-71.549285400443694,-32.959446900203197],[-71.549344399994993,-32.959433400024302],[-71.549390000275395,-32.959390700070202],[-71.549412300054001,-32.959349399786099],[-71.549467799768905,-32.959329899840498],[-71.549473999941,-32.959297599913498],[-71.549483900273799,-32.959253399954498],[-71.549473200440403,-32.959217399896602],[-71.549427600159902,-32.959208400256699],[-71.549404299658093,-32.959173799873703],[-71.549425700223097,-32.9591626000649],[-71.549459800271293,-32.959134099676902],[-71.549427600159902,-32.959111599800501],[-71.549424899824203,-32.959086800258298],[-71.549466000443402,-32.9590523000752],[-71.549489300046901,-32.959021600237399],[-71.549508099989197,-32.958981100253297],[-71.549533000390596,-32.958941999947797],[-71.549565199603606,-32.958926300275202],[-71.549618800280001,-32.958917299851898],[-71.549651000391293,-32.958878999991597],[-71.5496555997656,-32.958830299984001],[-71.549707400218097,-32.958827199843299],[-71.549733400157393,-32.958859499942299],[-71.549744099990804,-32.958888800138503],[-71.549766399769396,-32.958917299851898],[-71.549793200107501,-32.958919500022503],[-71.549828099656295,-32.958915000187403],[-71.549875500160596,-32.958913599736199],[-71.549907700272001,-32.958929300164897],[-71.549919199605895,-32.958980299780798],[-71.549935300110803,-32.958996000197601],[-71.549969400158901,-32.959021600237399],[-71.549972099596403,-32.959050800132502],[-71.549940699883905,-32.959086100034099],[-71.549902299600504,-32.9590621002029],[-71.549835299653296,-32.959046300304202],[-71.549798500167697,-32.9590747999667],[-71.549795100044406,-32.959104899809397],[-71.549792399708593,-32.959143100078101],[-71.549766399769396,-32.959180600106897],[-71.5496958002729,-32.959228599698399],[-71.549699300109197,-32.959308899952298],[-71.549728000384206,-32.959325400026401],[-71.549792399708593,-32.959329899840498],[-71.549846000385003,-32.959327699680202],[-71.549888900329705,-32.959327699680202],[-71.549940699883905,-32.959326899964502],[-71.549975600330995,-32.959299900321703],[-71.549990900436995,-32.959273600139703],[-71.550018500275797,-32.9592458000105],[-71.550041799879295,-32.9591904002204],[-71.550090899996107,-32.959155799830398],[-71.550122299708505,-32.959147599901499],[-71.550149900445604,-32.9591152999079],[-71.550160600279,-32.9590703001397],[-71.550174100161101,-32.959032000345701],[-71.550146399710997,-32.958981100253297],[-71.5500767003264,-32.958967600003298],[-71.550047199652397,-32.958900100229599],[-71.550049899988196,-32.9588639997801],[-71.550071299654903,-32.958839299662401],[-71.550111599875194,-32.958794299753599],[-71.550055200048405,-32.958740300134401],[-71.5500614002205,-32.9587057003219],[-71.550106200101993,-32.958688499904703],[-71.550133000440198,-32.958697500351299],[-71.550157200155596,-32.958735800290299],[-71.550202800436097,-32.958758300262403],[-71.550243800443994,-32.958746199678401],[-71.550288600325501,-32.9587178001577],[-71.550321599937405,-32.958683200336402],[-71.550351099713097,-32.958651699894801],[-71.550379799988093,-32.9586390000701],[-71.550471800049607,-32.958622400373699],[-71.5504931997163,-32.958611199741199],[-71.550546900105701,-32.958604400218],[-71.550587099714605,-32.958581900206703],[-71.550589800050403,-32.9585525999086],[-71.550562999712199,-32.958509900282699],[-71.550570199709199,-32.958474699645301],[-71.550565700047898,-32.958449199695103],[-71.550505800384798,-32.958422900013701],[-71.5504576003799,-32.958420699830697],[-71.550379799988093,-32.958449899924403],[-71.550345199578302,-32.958420099849398],[-71.550310800391102,-32.958377100168498],[-71.550324300273203,-32.958343400186699],[-71.5503268999976,-32.958298400025498],[-71.550299300158798,-32.958206899677101],[-71.550337700442299,-32.9581722996558],[-71.550366399818998,-32.958119100136898],[-71.550369100154697,-32.958085400056703],[-71.550342200103501,-32.958049300028101],[-71.550324300273203,-32.958001299796003],[-71.550324300273203,-32.957963000292402],[-71.550324300273203,-32.9579248002673],[-71.550326099598706,-32.957903099811503],[-71.550299300158798,-32.957878299930201],[-71.5502348999361,-32.957869300153902],[-71.550191999991398,-32.957833300285898],[-71.5501759003849,-32.9577927997572],[-71.5501759003849,-32.957767999844997],[-71.550186699931203,-32.957736499830901],[-71.5502276999391,-32.957704200075099],[-71.550254500277305,-32.957688500182599],[-71.550275200156406,-32.957677999667197],[-71.550318100101094,-32.957651000274403],[-71.550344900439299,-32.957624000119601],[-71.550393200157203,-32.957608199963701],[-71.550441499875006,-32.957632999920897],[-71.550484399819794,-32.957639700023599],[-71.550511999658497,-32.957648000341401],[-71.5505568004384,-32.957660000072899],[-71.550597000047404,-32.957651000274403],[-71.550664099707504,-32.957621699667698],[-71.550701599879005,-32.9576441999235],[-71.550752599932693,-32.957698299707801],[-71.550803599986295,-32.9577252998399],[-71.550847300329906,-32.957674999735097],[-71.550894799648901,-32.957680300117602],[-71.550929600383,-32.957720799943999],[-71.550942999653799,-32.957761299752001],[-71.550942999653799,-32.957801800295002],[-71.550962599995003,-32.957839300139199],[-71.550994800106295,-32.9578684996712],[-71.551020800045606,-32.957871599845603],[-71.551109300270696,-32.957898599924697],[-71.551125399877293,-32.957918799665897],[-71.551216600438195,-32.9579503003688],[-71.551300600103801,-32.9579608000981],[-71.551356900217598,-32.957953999771],[-71.551391000265696,-32.957957099942398],[-71.551441899708095,-32.957954800252899],[-71.551474900218295,-32.957936000232998],[-71.551538500042099,-32.957925599995697],[-71.551560000320194,-32.957941299846098],[-71.551567999817706,-32.957975100229902],[-71.551589500095801,-32.958002100277398],[-71.551629699704705,-32.958002100277398],[-71.551678799821502,-32.957994500225801],[-71.551739700207904,-32.957970600346798],[-71.551761099874597,-32.957941299846098],[-71.551712800156693,-32.957927800190902],[-71.551702100323396,-32.957900800120697],[-71.5517350999353,-32.957875300004901],[-71.551731600099004,-32.957846799955398],[-71.551721699766205,-32.957819000131103],[-71.5517350999353,-32.9577830002425],[-71.551767300046706,-32.957769499809501],[-71.551807499655695,-32.957756000128001],[-71.551823600160503,-32.957720000213797],[-71.551853099936096,-32.957699700178203],[-71.551874600214106,-32.957665999938101],[-71.551879099875407,-32.957601499858598],[-71.551881800211106,-32.957567700085697],[-71.551877299651494,-32.957526399703298],[-71.551850399600397,-32.957508400078098],[-71.551837000329598,-32.957481399879697],[-71.551860399646102,-32.957448399793599],[-71.5518496000998,-32.957430400152496],[-71.551838900266404,-32.957394400105599],[-71.551825500097294,-32.957353900129597],[-71.551796000321701,-32.957333700259298],[-71.551771799708007,-32.957311199924497],[-71.5517422999323,-32.9572887003376],[-71.551712800156693,-32.9572932002554],[-71.551672599649393,-32.957302200090403],[-71.551641199936995,-32.957299099896098],[-71.551610899762494,-32.957268400202999],[-71.551567999817706,-32.957259400364599],[-71.551530399933199,-32.957252599983597],[-71.551482199928301,-32.957270599660802],[-71.551433900210498,-32.9572932002554],[-71.551404400434805,-32.9573067000075],[-71.551342699649595,-32.957304400301197],[-71.551313899661594,-32.957273900354998],[-71.551263000219194,-32.957263099795803],[-71.551229999708994,-32.957234600302598],[-71.551219299875598,-32.9571850996536],[-71.551208600042301,-32.957169399668899],[-71.551179100266594,-32.957160399820403],[-71.5511548996529,-32.957187400116801],[-71.551109300270696,-32.957225599707002],[-71.551061100265898,-32.957232400090099],[-71.551028900154506,-32.957232400090099],[-71.550997500442094,-32.9572135999165],[-71.550993999707401,-32.957176099806702],[-71.551018099709793,-32.957153600185499],[-71.5510484995974,-32.957128099854103],[-71.551053799657495,-32.957101100293301],[-71.551053000156898,-32.957072599994099],[-71.551074500435007,-32.957050100346599],[-71.551101299874801,-32.9570231000082],[-71.551101299874801,-32.956980300147201],[-71.551087899705706,-32.956946599632602],[-71.551082499932505,-32.956919600016398],[-71.551082499932505,-32.956903799734597],[-71.5510556995944,-32.956874499633898],[-71.551031599591894,-32.956872300166197],[-71.550993999707401,-32.9568519999359],[-71.550986000209804,-32.9568114997113],[-71.5509826000864,-32.956800099856899],[-71.550977900100904,-32.956784500053701],[-71.550964499931794,-32.956766500277503],[-71.550927800159201,-32.956770199729299],[-71.550903600443704,-32.956779200371301],[-71.550875999706605,-32.956788999997201],[-71.550843799595299,-32.956784500053701],[-71.550819699592793,-32.9567598001085],[-71.5508304003245,-32.956726000013703],[-71.550812399882801,-32.9566891999403],[-71.5507748997113,-32.956664399718299],[-71.550739199763598,-32.956633699804698],[-71.550715099761106,-32.956613499769801],[-71.550672100103398,-32.956602200139997],[-71.550650999575694,-32.956597599936799],[-71.550613099653901,-32.956608999817298],[-71.5506239000985,-32.9565685002351],[-71.550605100156304,-32.956518999966796],[-71.550579100217007,-32.956511399787601],[-71.550562200211601,-32.956503200367102],[-71.550546099706693,-32.956471699902202],[-71.550570199709199,-32.956451400333599],[-71.550629200158696,-32.956440200179799],[-71.550661400270101,-32.956435700218599],[-71.550701599879005,-32.956419899850303],[-71.550749899596894,-32.956395199803097],[-71.550784800043999,-32.956370400252403],[-71.550793599940505,-32.956331399795999],[-71.550772200273897,-32.956308899959701],[-71.550755300268406,-32.956289400096999],[-71.550717700383899,-32.956278099671998],[-71.550669500379001,-32.956264599762797],[-71.550655999598604,-32.956244499894098],[-71.550637300267596,-32.956217500063403],[-71.550594400322893,-32.956204000144901],[-71.550562200211601,-32.956174699812202],[-71.5505568004384,-32.956156699911702],[-71.550570199709199,-32.9561229998369],[-71.550537999597793,-32.956098200209802],[-71.550529300312604,-32.956091499990201],[-71.5504576003799,-32.956046399938899],[-71.550481700382306,-32.955987900164097],[-71.550503199762005,-32.9559497000389],[-71.550497799988904,-32.9558910999489],[-71.550497799988904,-32.9558596000196],[-71.550473699986398,-32.955819100093997],[-71.550505800384798,-32.955783100144501],[-71.5505568004384,-32.955762899915101],[-71.550543400269305,-32.955735899937203],[-71.550567500271796,-32.955706600203101],[-71.550610499929405,-32.955659299703797],[-71.550562200211601,-32.955618799686299],[-71.5505568004384,-32.955571600145099],[-71.550562200211601,-32.955537800349497],[-71.550503199762005,-32.955503999787297],[-71.550548800042506,-32.9554589996877],[-71.550559499875803,-32.9554185003323],[-71.550551399766903,-32.955375799945699],[-71.550521899991296,-32.955351000108998],[-71.550497799988904,-32.955317200228997],[-71.550497799988904,-32.955290200114902],[-71.550481700382306,-32.955258699971502],[-71.550395899594605,-32.955290200114902],[-71.550385900447196,-32.955325300261599],[-71.550395899594605,-32.9553667999146],[-71.5504092997637,-32.955400500277797],[-71.550371699879193,-32.955416300074504],[-71.550339499767801,-32.955387000234502],[-71.550326099598706,-32.9553532003683],[-71.550304699931999,-32.955333000040703],[-71.550253699878397,-32.955321700247197],[-71.550202800436097,-32.955333000040703],[-71.550182099658699,-32.955365899911399],[-71.550170600324705,-32.9554095003054],[-71.550133000440198,-32.955434300125802],[-71.550082100099601,-32.955429800113301],[-71.550052600323895,-32.955405000291698],[-71.550004299707695,-32.955423000345299],[-71.549969400158901,-32.955465800206703],[-71.549916599881499,-32.955503099785503],[-71.549895099603503,-32.955527900333401],[-71.549889699830302,-32.955575200149298],[-71.549888900329705,-32.955609799679898],[-71.549873600223805,-32.955629200195098],[-71.5498548999945,-32.955674200208001],[-71.549857600330299,-32.955703399701598],[-71.549910399709404,-32.955771899905898],[-71.549915800380901,-32.955825899831503],[-71.549903199712404,-32.955872199992697],[-71.549891599767093,-32.9559249003632],[-71.549899699876093,-32.955958700010697],[-71.549948400242599,-32.955989400158799],[-71.550004299707695,-32.956037399976097],[-71.550012300103603,-32.956091499990201],[-71.5500130996043,-32.956122099841501],[-71.549967500222095,-32.956167100357199],[-71.549967500222095,-32.956196299688003],[-71.549966699823202,-32.956230999979802],[-71.549998899934593,-32.95626690025],[-71.550012300103603,-32.956287100364101],[-71.5500130996043,-32.9563268998292],[-71.549999700333501,-32.956365099791299],[-71.549999700333501,-32.956403399987401],[-71.550022999936999,-32.9564694001741],[-71.550009599767904,-32.956521200197102],[-71.549996999997703,-32.956547400194196],[-71.550049899988196,-32.9565887002803],[-71.550057900384104,-32.956606700092799],[-71.550064099657902,-32.956644199690402],[-71.5500211997132,-32.956698199836801],[-71.550007800442401,-32.9567274999959],[-71.549955999989805,-32.956739499852397],[-71.549870200100401,-32.956732799681497],[-71.549805799877703,-32.956717000120001],[-71.549760199597301,-32.9566854997313],[-71.549734199658005,-32.956653200345201],[-71.5497475998271,-32.9566059003525],[-71.549757500159799,-32.9565730001896],[-71.549760199597301,-32.956534700067103],[-71.549749499763905,-32.956473900133602],[-71.549752100386698,-32.9564378996971],[-71.549784299599693,-32.956401899999697],[-71.549811199650904,-32.956372699983099],[-71.549829899880194,-32.956334399773802],[-71.549821900382597,-32.956287100364101],[-71.549784299599693,-32.9562690997328],[-71.549757500159799,-32.956237700188801],[-71.549779000437894,-32.9561995001716],[-71.549795100044406,-32.956179199786803],[-71.549776300102096,-32.9561409997442],[-71.549733400157393,-32.956091499990201],[-71.549730699821694,-32.956053199659003],[-71.549730699821694,-32.955987900164097],[-71.549736099594796,-32.955947400297198],[-71.549752100386698,-32.955913700142602],[-71.549744099990804,-32.955877599980603],[-71.549711899879398,-32.955805600114701],[-71.549728000384206,-32.955762899915101],[-71.549701200046002,-32.955706600203101],[-71.549667099997905,-32.955712399698498],[-71.549658300101299,-32.9557561001727],[-71.5496555997656,-32.955789899884799],[-71.549617999881093,-32.9558146001011],[-71.549597399714997,-32.955822700088099],[-71.549575099936305,-32.955825899831503],[-71.549564400102994,-32.955868600000599],[-71.549538400163698,-32.955876699982603],[-71.549505399653498,-32.955861899763597],[-71.549475899877805,-32.955873099990697],[-71.549462499708795,-32.955906899657997],[-71.549443699766499,-32.955918200130398],[-71.549398899884906,-32.955917300132903],[-71.549374000381903,-32.955933900337499],[-71.549342599771194,-32.955984799923698],[-71.549331599900498,-32.956015500062698],[-71.549310500271105,-32.956036000233098],[-71.549261199829999,-32.956046699937701],[-71.549213899937001,-32.956043899698102],[-71.5491847999117,-32.956039099717898],[-71.549153299587999,-32.956033499991896],[-71.549139499668598,-32.956030099754301],[-71.549125399711798,-32.956024699775703],[-71.549102599571597,-32.9560104000821],[-71.549088199577596,-32.955997999876701],[-71.549046000318796,-32.955954099773898],[-71.549007099673801,-32.955917600132103],[-71.548978199972794,-32.955895100190403],[-71.548934099878807,-32.955886599959697],[-71.548902700166394,-32.955896999683198],[-71.548838099619402,-32.955933900337499],[-71.548820000362994,-32.955957500014499],[-71.548773700295001,-32.956015999809502],[-71.548724099816596,-32.956045799941499],[-71.548683900207607,-32.9560514999175],[-71.548597999706899,-32.9560429997019],[-71.548496100210897,-32.956026700270399],[-71.548437099761401,-32.955992400148098],[-71.548408899847999,-32.955962],[-71.5483995995898,-32.955930500096002],[-71.548399899627199,-32.955912800145001],[-71.5484001996644,-32.955893399692101],[-71.548399199839594,-32.955869199999299],[-71.548382500158397,-32.955844400300897],[-71.548351899946596,-32.9558225003397],[-71.548276199815902,-32.955807299860901],[-71.548211099805599,-32.955812900354999],[-71.548173599633998,-32.955829199825899],[-71.548135999749505,-32.955837100063199],[-71.548113199609304,-32.9558393998078],[-71.548054899845695,-32.955841600055003],[-71.548016000098897,-32.955835400317497],[-71.547947599678196,-32.955776299649898],[-71.547896000448304,-32.9557144002002],[-71.547804100099796,-32.955613199933701],[-71.547700800130301,-32.955482099741701],[-71.547662600171194,-32.955426399852499],[-71.547592899888301,-32.955304300175499],[-71.547558000339507,-32.955242399641499],[-71.547545599995303,-32.955207799967098],[-71.5475345004117,-32.955170899763402],[-71.547524800403195,-32.955136900064701],[-71.547524099717293,-32.955113199916603],[-71.547530200176396,-32.955086499742201],[-71.547544900207697,-32.955062299828398],[-71.547565399762505,-32.955040099671201],[-71.547591500313104,-32.955026300324498],[-71.547605300232505,-32.95501760026],[-71.5476106002927,-32.9550074996815],[-71.547611300080305,-32.954995400091498],[-71.547610000218,-32.954985200012302],[-71.547605600269804,-32.954974299675001],[-71.5475934999629,-32.954959399806498],[-71.547582800129504,-32.954946400202502],[-71.547556699579005,-32.954919999980298],[-71.547531200001302,-32.9548890002118],[-71.547512400059006,-32.954872099808199],[-71.547480199947699,-32.954848199838501],[-71.547432299980102,-32.954829699914399],[-71.547377599765795,-32.954825999627602],[-71.547318000139995,-32.954828300152201],[-71.547244199946107,-32.954839499756503],[-71.547116100186599,-32.954867599767098],[-71.547075899679299,-32.954759099711701],[-71.547059100285196,-32.954710099691702],[-71.547051099889302,-32.9546747000511],[-71.547035000282804,-32.954531200317099],[-71.546965200286905,-32.954351699817501],[-71.546924999779606,-32.954209900089801],[-71.546886100032907,-32.954060199739203],[-71.546879400397501,-32.953982600044199],[-71.546887499608104,-32.953832900062402],[-71.546924999779606,-32.953714699778303],[-71.546935699612902,-32.953604500026501],[-71.546934399750697,-32.953538099700801],[-71.546958499753202,-32.953390700281901],[-71.546969300197802,-32.953308499624697],[-71.546992100338102,-32.953218500182103],[-71.547158600380996,-32.953111700161699],[-71.547190799594105,-32.953026199899902],[-71.547249800043602,-32.952931700030099],[-71.547330200159806,-32.952940700309199],[-71.547394600382603,-32.952868600057599],[-71.547432099655794,-32.952778600167001],[-71.547523300216696,-32.952756100179997],[-71.547636000157297,-32.95267959988],[-71.547603800045906,-32.952625600293402],[-71.547603800045906,-32.9525040002829],[-71.547550200267906,-32.952436500094997],[-71.547491199818396,-32.952378000192098],[-71.547389199711105,-32.952279000210197],[-71.547419499885606,-32.952124999934099],[-71.547549499582004,-32.952006100100803],[-71.547474100386907,-32.951901400212797],[-71.547464299767199,-32.951747800301803],[-71.547501899651706,-32.951666799678797],[-71.547630600384096,-32.951554200277002],[-71.547662799597205,-32.951518200097901],[-71.547700400379995,-32.951446199695802],[-71.547835799849594,-32.951457799999098],[-71.547884899966306,-32.951382299629003],[-71.547937100169193,-32.951388499678799],[-71.547975399841306,-32.951329399806603],[-71.547918300226897,-32.951236900233297],[-71.547872000158904,-32.951212099989],[-71.547867099849,-32.951129600305499],[-71.547853500253893,-32.9510426998119],[-71.547902600370705,-32.950976100063599],[-71.5479578997613,-32.9508925003516],[-71.548049100322203,-32.950829499933903],[-71.548102700100202,-32.950824999687001],[-71.548199300434305,-32.950838499673303],[-71.5483923995928,-32.950820500193601],[-71.548435300435898,-32.950775499970902],[-71.5484298997644,-32.950631399902498],[-71.548526200061104,-32.950617899884598],[-71.548665700339896,-32.950491900120497],[-71.548579899552195,-32.950428900171097],[-71.548714000057799,-32.9503792999759],[-71.5488213002252,-32.950325299737898],[-71.548837399831797,-32.950217299916602],[-71.548890999609796,-32.9501363001526],[-71.548976800397597,-32.950055200056703],[-71.549019599730997,-32.949942400347901],[-71.549051700129297,-32.949850600374504],[-71.549078600180493,-32.949774099821198],[-71.548944499674903,-32.949711100114001],[-71.548869399618795,-32.9497246002704],[-71.548826399961101,-32.949670599632498],[-71.548847900239096,-32.949611999902302],[-71.548783500016398,-32.949531000337402],[-71.548756699678194,-32.949490499773297],[-71.548880100350502,-32.9494787997074],[-71.548810300354603,-32.949395999892502],[-71.548767400409901,-32.9493978000204],[-71.548719200405003,-32.949321200324498],[-71.548735200298495,-32.949258200294601],[-71.548788899789599,-32.949226700262798],[-71.548890800183798,-32.949114200272902],[-71.548837200405799,-32.949033099993102],[-71.548778199956203,-32.9489925999547],[-71.548826399961101,-32.948952099897703],[-71.548815700127705,-32.948853099847902],[-71.548724499566902,-32.948878300282303],[-71.548670899788803,-32.948844099906403],[-71.548720500267194,-32.948754499969901],[-71.548805199720405,-32.948722799994101],[-71.5488588003968,-32.948691299771497],[-71.548869500230097,-32.948596700284803],[-71.548772999609,-32.9485472000747],[-71.548762299775703,-32.9484706999012],[-71.548665700339896,-32.948421200374398],[-71.548628099557106,-32.948286100236601],[-71.548606699890399,-32.9482591002361],[-71.5486120996636,-32.948160100164102],[-71.548687199719595,-32.948083500149501],[-71.548756900002502,-32.948020499991301],[-71.548939000188696,-32.947981799645703],[-71.548971500337402,-32.948011499965098],[-71.549019700342299,-32.948065500108903],[-71.549148499889398,-32.948042999675998],[-71.549196799607302,-32.947971000212398],[-71.549352299779599,-32.9479620001811],[-71.549384499890905,-32.947876500215003],[-71.549373800057595,-32.9477638997543],[-71.549212900112096,-32.947727900293103],[-71.549164600394207,-32.947633400035798],[-71.549245100223501,-32.947592900110003],[-71.5492933002283,-32.947574899969503],[-71.549406000169,-32.947498300201701],[-71.549427399835693,-32.947376800182901],[-71.549395300335604,-32.9472912996508],[-71.549255800056798,-32.947277799876701],[-71.549234299778803,-32.947219200067998],[-71.549196799607302,-32.947192199741799],[-71.549223599945407,-32.947129199702303],[-71.549320200279496,-32.946994099851501],[-71.549346999719404,-32.946872599893602],[-71.549475699553497,-32.9467645996233],[-71.549582999720997,-32.946706000228403],[-71.548847999952102,-32.946667700353302],[-71.546055000291602,-32.946482300107199],[-71.545970200227103,-32.946770099675199],[-71.545620900210295,-32.946865299668701],[-71.544698800232396,-32.950062800037202],[-71.542467800088303,-32.95006189998],[-71.538902899663597,-32.951176999716402],[-71.533940100282706,-32.9525481998486],[-71.520667899795001,-32.956250000109897],[-71.517447300262504,-32.957324600178097],[-71.5126637004077,-32.958946600029002],[-71.512579600130806,-32.958979200073102],[-71.509330499749296,-32.960485200311602],[-71.509287599804594,-32.960622000299999],[-71.508978600008106,-32.961435799756501],[-71.508695300113601,-32.961918299658002],[-71.507914300313999,-32.962753699768598],[-71.506146200239201,-32.964712399832699],[-71.504275100232206,-32.966771999884003],[-71.502421099656701,-32.968788200070598],[-71.501957600411103,-32.969227500368],[-71.501459799894704,-32.969587500198003],[-71.500661600052396,-32.969997999685297],[-71.500198099908502,-32.970278799700999],[-71.499932000056702,-32.970523600358497],[-71.499648799875203,-32.970898100196898],[-71.499520000328104,-32.971214900071601],[-71.499425599968106,-32.9715388997787],[-71.499391299595601,-32.971934999630399],[-71.499408499638406,-32.972244600150901],[-71.499648799875203,-32.974844000277898],[-71.4991510002571,-32.975513600188499],[-71.497617600321604,-32.976508499808801],[-71.496310000017701,-32.977356899924303],[-71.495923700191,-32.977335299946802],[-71.494775900294599,-32.977692400107102],[-71.492009900398202,-32.9782928996515],[-71.490421999674396,-32.977313699964],[-71.487046700368595,-32.9764971002352],[-71.486774200020406,-32.9764137002553],[-71.484380900355603,-32.975799700050501],[-71.483253900051295,-32.975955399871403],[-71.480282800402506,-32.9771503001394],[-71.478609099789296,-32.9784102999159],[-71.477244999945597,-32.979392999816397],[-71.475975799924996,-32.980102599648703],[-71.475680399723601,-32.980448300103703],[-71.475677499961904,-32.981059800101697],[-71.476060200239203,-32.981911200056302],[-71.476125600286906,-32.982539900016],[-71.475766199613105,-32.983184700031899],[-71.474779199949097,-32.983444299698697],[-71.473840199965807,-32.9831968002824],[-71.470755599977494,-32.983450300073301],[-71.4697686003136,-32.984314199799798],[-71.468609900259494,-32.984877000183801],[-71.466538699624707,-32.984844600337702],[-71.465359599728799,-32.985348100197299],[-71.463274999823199,-32.985342299633402],[-71.461144199562597,-32.985838599866298],[-71.459584199613204,-32.987056700057103],[-71.458606299883101,-32.9883593001896],[-71.456852700413606,-32.989288899989099],[-71.4558521999693,-32.989930499670002],[-71.454554899748402,-32.990492200344299],[-71.453995100206001,-32.990770099884898],[-71.453446799997593,-32.991264599710298],[-71.452387300002101,-32.9920601001348],[-71.450698099856993,-32.9925488001765],[-71.449794199746705,-32.993371700191901],[-71.449146700378193,-32.993833800195503],[-71.448753000230198,-32.994735000353998],[-71.447916600428698,-32.995733800093603],[-71.447470900402195,-32.996924700239198],[-71.446856600071499,-32.998036499930897],[-71.446232700343799,-32.998683899743099],[-71.4449297003124,-32.999192699913003],[-71.444326200426403,-32.999570200215302],[-71.443643900323707,-33.000627399649801],[-71.442633200407698,-33.001761600265098],[-71.443788699764397,-33.003444200286403],[-71.444649699929897,-33.004199999869797],[-71.445736000263594,-33.006018500324501],[-71.445536399997394,-33.006698100058799],[-71.444583200344397,-33.008314899905002],[-71.444630899987601,-33.009354099649101],[-71.444976899593996,-33.010256900240897],[-71.445042899716299,-33.011196200039301],[-71.444829399817607,-33.012557800316301],[-71.445247800042694,-33.012941100177201],[-71.446891000156995,-33.013219100006602],[-71.448475100108794,-33.014086800074402],[-71.449861799768499,-33.015281499732701],[-71.451522599675897,-33.015475399960799],[-71.452173299741801,-33.0173904000862],[-71.452352999629596,-33.018754500350802],[-71.452587999806198,-33.019570899652997],[-71.454527699659906,-33.019170999624102],[-71.455649399904004,-33.018901700279201],[-71.456769500248598,-33.017936800180202],[-71.458158900244101,-33.0179857997651],[-71.459890599685295,-33.0175723997503],[-71.460847000035699,-33.017053399699797],[-71.461748300421505,-33.017302999860703],[-71.463351099704198,-33.017152299951],[-71.464216400105002,-33.016642200071502],[-71.465782300189105,-33.0157723000316],[-71.468021899905494,-33.0160979997395],[-71.468910299585502,-33.015771100095002],[-71.470712700032806,-33.014655499974801],[-71.471528099917904,-33.020556999937],[-71.474060100360802,-33.024874900291799],[-71.477536199624694,-33.027969300071099],[-71.478737900234805,-33.028933499894102],[-71.479156799923103,-33.029165799899403],[-71.479491099871296,-33.029550100025602],[-71.479866600151595,-33.030025099968199],[-71.479994200447805,-33.030488700233001],[-71.479972700169796,-33.030976499765103],[-71.479973799707693,-33.0313585996551],[-71.480115899710995,-33.031714200130097],[-71.480403499840705,-33.032433500277001],[-71.480714299861006,-33.032496400295202],[-71.481104999636003,-33.0326895999209],[-71.481323200418501,-33.032901199849697],[-71.481524900047603,-33.0332688001223],[-71.481584300247405,-33.033515799839499],[-71.482820000294396,-33.033145200217298],[-71.484509999940101,-33.033554900251097],[-71.485436499866196,-33.034587300280997],[-71.485487400206793,-33.0352776997738],[-71.485354899600793,-33.035602700092397],[-71.485341999793306,-33.035835099998003],[-71.4853350001206,-33.036202099874203],[-71.485303400083794,-33.036592399963197],[-71.485295299974894,-33.036904499771801],[-71.485281899805798,-33.037153700319898],[-71.485234699625806,-33.037959499988197],[-71.485213399672105,-33.038236300361397],[-71.485182500321301,-33.0388223003701],[-71.485162999693102,-33.039143800210397],[-71.4851525001841,-33.039316899788197],[-71.485122899797105,-33.0398058997582],[-71.485112199963794,-33.039990399949502],[-71.485106899903599,-33.0400809999717],[-71.484840700338907,-33.040678199768401],[-71.484804100279206,-33.040763999944801],[-71.484646700170103,-33.041132599828998],[-71.484370499661296,-33.041784499650397],[-71.483955300133601,-33.042458300229598],[-71.484372599922395,-33.044121199643101],[-71.485016400028698,-33.0451760998791],[-71.485115099725505,-33.045435099944903],[-71.484724600274902,-33.046153699981097],[-71.484802399768398,-33.046811799662798],[-71.484679500356094,-33.048689799952797],[-71.484805100104197,-33.048961300320002],[-71.485278199645194,-33.0489793001192],[-71.485827499678507,-33.049051300032303],[-71.486113899659003,-33.049159200022999],[-71.4867738002701,-33.051142200141499],[-71.486248099877599,-33.051708700261699],[-71.486859600159505,-33.052756300215698],[-71.488039799593295,-33.053304800075303],[-71.489348699759503,-33.053421800086298],[-71.488737200375894,-33.054266999927997],[-71.487492599821095,-33.056173399878901],[-71.485733100216805,-33.059842200092],[-71.4835443999429,-33.061029100089399],[-71.478480399955203,-33.063330900031403],[-71.477922500349706,-33.0636906001697],[-71.476120000189397,-33.065776600261799],[-71.475519199740901,-33.0660282998018],[-71.474317599742093,-33.065992399768497],[-71.471528099917904,-33.065704599722601],[-71.470584000198699,-33.065416900367801],[-71.4697686003136,-33.0652011002027],[-71.469081900262594,-33.065488899636698],[-71.468652800204197,-33.0660282998018],[-71.468738600093602,-33.066567799797497],[-71.469468200089295,-33.067287099875202],[-71.470669800088103,-33.068905499789501],[-71.4708701998549,-33.069707400026203],[-71.4708551997863,-33.071081199894898],[-71.470814400102697,-33.072598799666899],[-71.470659899755304,-33.074127200167098],[-71.470994700065106,-33.076577900357201],[-71.4721289003664,-33.0791185998537],[-71.4733206997454,-33.0800121002681],[-71.475719700119001,-33.082000599965703],[-71.476944899758607,-33.085497499992897],[-71.478480399955203,-33.0883236999342],[-71.480454499894293,-33.088539499831398],[-71.483286899663298,-33.0883236999342],[-71.485690200272103,-33.088036100134502],[-71.487718800101206,-33.088523200043198],[-71.488190899817297,-33.091757299726503],[-71.489388199580901,-33.092911500144901],[-71.490077399643198,-33.0944795000525],[-71.489785200139195,-33.0965823003433],[-71.491183300318198,-33.096952699910702],[-71.493414899638495,-33.098103200303498],[-71.493929900197699,-33.099828800370197],[-71.493758199807502,-33.102704900029401]]]]}},
{"type":"Feature","properties":{"name":"Quilpué"},"geometry":{"type":"Polygon","coordinates":[[[-70.997247499784294,-33.198826999834402],[-71.002250699996793,-33.197821099884898],[-71.007057199704903,-33.198539299707399],[-71.012035399803096,-33.199832099716403],[-71.015468600020597,-33.200837599976403],[-71.017871899731105,-33.202561199898597],[-71.023536700167298,-33.201555799861303],[-71.026798299707593,-33.202130299904603],[-71.028343199875394,-33.205146599671501],[-71.026970000097705,-33.209311899775798],[-71.025768300386005,-33.213333299801199],[-71.026206800415494,-33.216399900225298],[-71.0301807001957,-33.216672700342002],[-71.033664700142594,-33.214913000259401],[-71.034351400193501,-33.211897100168798],[-71.036583000412193,-33.208593699634697],[-71.039329600291694,-33.207444700186997],[-71.042247799950104,-33.207731999754103],[-71.045166100219703,-33.209311899775798],[-71.048084299878099,-33.209599100016199],[-71.050659200265699,-33.207157499642101],[-71.053234099755102,-33.205577499851998],[-71.056495700193693,-33.205146599671501],[-71.057354000023494,-33.206008400166198],[-71.058212299853295,-33.207875600329203],[-71.0580407000745,-33.211753400219102],[-71.0593803001655,-33.214769799782601],[-71.060238599995301,-33.216802000340998],[-71.059895299826294,-33.219946999685298],[-71.059928900411194,-33.224391200051798],[-71.062160499731604,-33.226401500020302],[-71.066795399660805,-33.228986200025098],[-71.072803500266005,-33.229704199729298],[-71.074863499807506,-33.230565799708899],[-71.077266699805094,-33.2284119003169],[-71.080871600412706,-33.225540000291502],[-71.084991499782802,-33.224391200051798],[-71.088081399831296,-33.222524299662801],[-71.090999600387903,-33.220657499963302],[-71.093402900098496,-33.219795800127699],[-71.098037800027697,-33.220370299942402],[-71.103530900073693,-33.220370299942402],[-71.108165800002993,-33.220226700329903],[-71.110912399882494,-33.220226700329903],[-71.113013299718901,-33.222121000167803],[-71.115073200445806,-33.225136599725801],[-71.115759899598402,-33.2270034000287],[-71.117648199648102,-33.228152099834801],[-71.119865600197102,-33.231120800315203],[-71.122454700254494,-33.232029100329498],[-71.124137799940499,-33.232506400034502],[-71.126468099856098,-33.233624600056302],[-71.129429300070498,-33.234080499862998],[-71.131409799607695,-33.235999100254702],[-71.133802400383203,-33.236316800268298],[-71.135652000112202,-33.236532100242798],[-71.137928700249702,-33.237323599688501],[-71.140349100289995,-33.238129399940902],[-71.1411658000373,-33.2367673002732],[-71.143569000034802,-33.235618700101298],[-71.147852900334797,-33.233060999854402],[-71.150092200013802,-33.2317419000737],[-71.152323800232494,-33.228582900265103],[-71.155413700281002,-33.228008500221797],[-71.158503600329496,-33.2274342001053],[-71.160906800326998,-33.226141800273098],[-71.162795100376698,-33.225710999842804],[-71.164168399867293,-33.226572600084602],[-71.165026699697094,-33.228152099834801],[-71.168116599745602,-33.230306000364997],[-71.169806199641002,-33.231190800222798],[-71.171378200184193,-33.231311100175702],[-71.1739583000208,-33.230338200118503],[-71.176418599632697,-33.2289485000612],[-71.178759600280003,-33.228295699963603],[-71.181665899955703,-33.227426899840502],[-71.184376000387005,-33.226728600206798],[-71.185556100107704,-33.227450199818797],[-71.186827700426704,-33.227577699968101],[-71.189897000309102,-33.226692699741399],[-71.192469800435603,-33.227168400189399],[-71.194014800316396,-33.228200499839701],[-71.196078599731607,-33.228740800177498],[-71.197859599613906,-33.228686899990997],[-71.199780399812198,-33.228250700257298],[-71.201198400369705,-33.229514399826797],[-71.203230800072504,-33.230880299658303],[-71.205056899873597,-33.231643099956003],[-71.206906499602596,-33.231923099832102],[-71.208934299931101,-33.231781300014902],[-71.210929800435196,-33.231768699699998],[-71.211910399602701,-33.232461500176697],[-71.213597000023398,-33.233405599834697],[-71.214554000448402,-33.234125299706697],[-71.215710600241295,-33.234297599648002],[-71.215666800184707,-33.235475099974998],[-71.215585700280897,-33.237005900327702],[-71.2155131999492,-33.238438100081297],[-71.215899400062895,-33.239060899997398],[-71.217472299819704,-33.240071299767003],[-71.218293699552603,-33.240024599839998],[-71.220338499599507,-33.2401099002929],[-71.221776699674507,-33.240720999884601],[-71.2224569004144,-33.241481899894502],[-71.222680100321398,-33.2425245999315],[-71.2242529003653,-33.244299500015103],[-71.225451499990996,-33.246530199698299],[-71.228026400378695,-33.244520300101101],[-71.229743000038297,-33.242366800040003],[-71.230915100261399,-33.241481899894502],[-71.232668200267597,-33.241465799817],[-71.234595100026795,-33.240371000365698],[-71.236266200017198,-33.239351699928001],[-71.237918899815696,-33.239330099647098],[-71.239837599752903,-33.239288799961201],[-71.241245199616003,-33.239023199868598],[-71.243084200122993,-33.239164999963599],[-71.244596900179303,-33.239148800282301],[-71.245813599959703,-33.236734900019002],[-71.246927200094902,-33.234945500291701],[-71.247939199873201,-33.2343264001764],[-71.250836800263798,-33.233193799664903],[-71.252694999564895,-33.231957200041499],[-71.255967299836897,-33.233953000177202],[-71.257872400179096,-33.23391180014],[-71.260936499714305,-33.233215399959001],[-71.262702000064706,-33.2318855003195],[-71.265234899721307,-33.227995900114699],[-71.266135299995199,-33.225710999842804],[-71.266777699627895,-33.224429300258301],[-71.268292599658395,-33.223881799725802],[-71.270564999560705,-33.224373599901497],[-71.273403799825999,-33.225323199639803],[-71.274374999920695,-33.2239878002],[-71.275919999801403,-33.221402899889],[-71.278206900309002,-33.218688599877801],[-71.278267000296495,-33.218606700193099],[-71.278470800186696,-33.217691200205302],[-71.278692400194203,-33.216821700296798],[-71.278883900351502,-33.216560299942998],[-71.279506200179796,-33.216156400282699],[-71.280106999729995,-33.215967899709],[-71.280380599616095,-33.2159094996885],[-71.280793600067994,-33.215842199867502],[-71.280949199953298,-33.215797299722396],[-71.281051100347497,-33.215599900092101],[-71.281029699782493,-33.2152587998104],[-71.281029699782493,-33.215079300105302],[-71.281147699783304,-33.214863800017],[-71.281458799840905,-33.214670900078602],[-71.281898700344001,-33.214563100371201],[-71.282307999736901,-33.214564299849897],[-71.282506499566907,-33.214604700329801],[-71.282747900239897,-33.2146988999028],[-71.282998399948497,-33.214814499790798],[-71.283347099890605,-33.215020900243303],[-71.283642100341694,-33.215168999650203],[-71.284081999946494,-33.215361999949302],[-71.284607700338995,-33.215456200210198],[-71.284977899660802,-33.215631300355497],[-71.285331899663106,-33.215752500261097],[-71.285686000276797,-33.215734500055099],[-71.286125899881498,-33.215680600121601],[-71.286506700222006,-33.215586400102197],[-71.286839299659306,-33.215384399782799],[-71.287069999600703,-33.2151421002429],[-71.287182700439601,-33.214791999855102],[-71.287225600384303,-33.214724699926101],[-71.287257799597398,-33.214666399783901],[-71.287359699991597,-33.214536200026103],[-71.287488399825804,-33.2144824000627],[-71.287697600387403,-33.214414999938903],[-71.287847799601295,-33.214401599722997],[-71.287992699653202,-33.2144239998023],[-71.288112299553504,-33.214496899789303],[-71.288219599720904,-33.214613600217199],[-71.288353700226594,-33.214757200023399],[-71.288625700213103,-33.214872799834303],[-71.288883199594395,-33.215029900044399],[-71.289228099662907,-33.215327200344298],[-71.2894640996644,-33.215421499846599],[-71.289537599821003,-33.215433799643499],[-71.289834299884603,-33.215394499809797],[-71.290031199815104,-33.2154202996281],[-71.290161500446999,-33.215484299738598],[-71.290290299994197,-33.215591999858901],[-71.290408299994994,-33.215807399701902],[-71.290454999813306,-33.215927499858502],[-71.290514000262803,-33.2162416000128],[-71.290680299981503,-33.216376299694801],[-71.291100300106095,-33.216503099770001],[-71.291350799814595,-33.216650000224199],[-71.291404500203996,-33.216986600168298],[-71.291540199710795,-33.217261499733702],[-71.291754800045695,-33.217369199921201],[-71.292275099766698,-33.217328799966197],[-71.292870600154998,-33.217230100055303],[-71.293158600035099,-33.217170599884703],[-71.293534100315398,-33.217058400032599],[-71.293922000041604,-33.217055100056903],[-71.294195599927704,-33.217140299663498],[-71.294388699984594,-33.217131400033097],[-71.294614000152805,-33.216992199835403],[-71.294882200265704,-33.216693799684698],[-71.295099500038006,-33.216213599930697],[-71.295222899811904,-33.215890499964203],[-71.295450799704597,-33.215565099830101],[-71.295588700083798,-33.215364399636499],[-71.295775399644299,-33.215230700209503],[-71.2960356002596,-33.215116300342601],[-71.296185800371703,-33.215033300052497],[-71.296279599758705,-33.214927799782998],[-71.296378900428607,-33.214734800029298],[-71.296529099642399,-33.214420599770499],[-71.296995799585304,-33.2139224996968],[-71.297467900199706,-33.213374900344398],[-71.297596600033799,-33.2129979003358],[-71.297713000135104,-33.2124986001729],[-71.297873900080603,-33.211933099901103],[-71.297880899753295,-33.211633500266203],[-71.297746800146001,-33.211063499937097],[-71.297832600035406,-33.210444199971803],[-71.297805799697201,-33.210044699710799],[-71.297730699641093,-33.209811300042702],[-71.297773599585796,-33.209636300240099],[-71.297934600142597,-33.209492700298803],[-71.298411999918898,-33.209182999834702],[-71.298937700311399,-33.208940599697101],[-71.299134600241899,-33.208894600175697],[-71.299617399791302,-33.208791399926099],[-71.299971399793705,-33.208598400168498],[-71.300175300295194,-33.208342500310998],[-71.300513199792704,-33.207893699861103],[-71.300765400012097,-33.207637900162702],[-71.301124799787601,-33.207314700137701],[-71.301475099629201,-33.206893899745701],[-71.301700399797397,-33.2066112003575],[-71.301920300192407,-33.206368799862403],[-71.302285099741098,-33.206166800064402],[-71.302671299854794,-33.206063600356899],[-71.303249099838794,-33.205918800218299],[-71.303635299952504,-33.2057797001913],[-71.303844499615906,-33.2056585000038],[-71.304064499723907,-33.205407099839],[-71.304386400226207,-33.205178199861798],[-71.304686799552101,-33.204940299951701],[-71.3048960001138,-33.204828100203898],[-71.305080000236799,-33.204766399827101],[-71.305174900060095,-33.204747299970798],[-71.305470000224204,-33.204567799752702],[-71.305550400340394,-33.204293999802502],[-71.305668400341204,-33.204208699747298],[-71.305759600003796,-33.204150300148001],[-71.305877699717598,-33.204096499813403],[-71.305942000227304,-33.204042600228803],[-71.305979600111797,-33.203988799827997],[-71.306060000228101,-33.203872100265897],[-71.306129800223999,-33.203755399796499],[-71.306199499608496,-33.203696999894802],[-71.306335200013606,-33.203680199843802],[-71.306421099616102,-33.203698100305203],[-71.306794999996896,-33.2038540998713],[-71.307139900065394,-33.204102100305199],[-71.307476300274701,-33.204181799977903],[-71.308003599668396,-33.204146999685499],[-71.308398899715897,-33.204141399948199],[-71.308840400118498,-33.204164900051502],[-71.309418200102499,-33.204213199828096],[-71.309992200212804,-33.204105499986198],[-71.310405199766393,-33.203934900177103],[-71.310710999763799,-33.203602699786003],[-71.311150900266895,-33.203086599980999],[-71.311753299716599,-33.202836300367899],[-71.312223800431497,-33.2027948000473],[-71.312438300155094,-33.202799300200802],[-71.312840699588307,-33.202718500350102],[-71.313248399979997,-33.202520999813501],[-71.313570199870895,-33.202467100010502],[-71.313768699700901,-33.202422199768598],[-71.3139779002626,-33.202386299853302],[-71.314256899921901,-33.202404299797998],[-71.314476800316896,-33.202368399875297],[-71.314616299697406,-33.202269599658301],[-71.315040099695594,-33.201874599872298],[-71.315363300060099,-33.201622800230702],[-71.315587300366104,-33.201569399731802],[-71.316123699693605,-33.201555899832798],[-71.316393499705995,-33.201539100122602],[-71.316719100368999,-33.201555899832798],[-71.316944500250102,-33.201484100028601],[-71.317319999632204,-33.201434699810903],[-71.317609600310107,-33.201484100028601],[-71.318190600093203,-33.201790500120303],[-71.318555399641795,-33.201902700002897],[-71.319106299574699,-33.202018300255503],[-71.319551599850897,-33.202058699761601],[-71.319874999641399,-33.202014899741798],[-71.320127199860806,-33.201965499823601],[-71.320604599636994,-33.202127100088497],[-71.321005300356006,-33.202444699877603],[-71.321729499680202,-33.202799300200802],[-71.322282000410894,-33.203077599703398],[-71.322925799618801,-33.203275099736203],[-71.323236899676402,-33.203234700039701],[-71.323753500135098,-33.203231300324902],[-71.324256200063004,-33.203252599840603],[-71.324470699786602,-33.203252599840603],[-71.3247497003441,-33.203077599703398],[-71.3250822997814,-33.202799300200802],[-71.325940599611201,-33.202520999813501],[-71.327077800285593,-33.202319000156599],[-71.327614300224397,-33.2022427000447],[-71.328241900112801,-33.201897100122103],[-71.328660300337901,-33.201802800329503],[-71.329019799826398,-33.2014437002574],[-71.329523999940804,-33.201066699971598],[-71.329819100104899,-33.200923000281598],[-71.330248200163297,-33.2007299997126],[-71.330612999712002,-33.200514600346601],[-71.330956299880995,-33.2002765998174],[-71.331584000380701,-33.199989399809397],[-71.332341900002703,-33.199855800171399],[-71.332987300008497,-33.199986499834601],[-71.333581099886104,-33.200313700271899],[-71.334219500219106,-33.200493200192199],[-71.334895399825399,-33.200524699834602],[-71.335667899765795,-33.200551599976002],[-71.336333100437102,-33.200654800168003],[-71.336842700324695,-33.200767000002699],[-71.337365700381397,-33.201047600059901],[-71.337686000085895,-33.2011835002385],[-71.3381623003242,-33.201298999965601],[-71.338438599647802,-33.201285500024902],[-71.338757799814303,-33.201200200045101],[-71.338925199969196,-33.201190199855198],[-71.339139699692694,-33.201241800341698],[-71.339338200420997,-33.201327100280999],[-71.339602700373305,-33.201337099703601],[-71.340002299757799,-33.201269799952001],[-71.340290400249202,-33.201282200206101],[-71.340918000137606,-33.201389999734403],[-71.341510800190207,-33.201513399942201],[-71.342178700298902,-33.201609800196699],[-71.342505899963001,-33.201627700329702],[-71.342709799566194,-33.201681599897803],[-71.342843900071799,-33.201847700137399],[-71.343423200242398,-33.202161899680398],[-71.3435948997342,-33.202283100198898],[-71.344009599798596,-33.202423400165401],[-71.344297599678697,-33.202485099938599],[-71.344469300068795,-33.202431200113601],[-71.344769700293099,-33.202238199862698],[-71.344839399677696,-33.202018300255503],[-71.344749799914595,-33.201830899731497],[-71.344599599802507,-33.201745600283097],[-71.344390400139105,-33.201561499735497],[-71.344283099971705,-33.201337099703601],[-71.344240200027002,-33.201117200088099],[-71.344249299960794,-33.200864699965997],[-71.3443046002497,-33.200645799640398],[-71.344490699735502,-33.200411300016697],[-71.344925300178403,-33.200240699774],[-71.345429500292894,-33.199984900263203],[-71.345790499967904,-33.199774999859301],[-71.345892500075095,-33.199590999651797],[-71.345962200358002,-33.199411400163001],[-71.345935400019798,-33.199299200094501],[-71.345729899618803,-33.199051400286102],[-71.345634999795607,-33.198841399924902],[-71.345724599558594,-33.1984948003577],[-71.345917699615498,-33.198274900368901],[-71.3460624999544,-33.198162700347503],[-71.346214299966107,-33.197840399700098],[-71.346271699617802,-33.197619499812198],[-71.346477200018796,-33.1974364001222],[-71.346562999908201,-33.197261299658898],[-71.346740000358594,-33.196875200017303],[-71.346874199678894,-33.196520599755999],[-71.347061899962497,-33.196201899773001],[-71.3473194002421,-33.196049300097101],[-71.347399900071295,-33.195878699624501],[-71.3474267004095,-33.195627299942103],[-71.347469600354202,-33.1954433000395],[-71.347587600354998,-33.1952546999823],[-71.347560800016794,-33.195048200299702],[-71.3473783997933,-33.194819300301702],[-71.347389099626696,-33.194657700080299],[-71.347523200132301,-33.194370399704603],[-71.347769999680196,-33.1940426997107],[-71.348065099844305,-33.193571300266797],[-71.348183099845102,-33.193212200264298],[-71.348392300406701,-33.192646600209699],[-71.348783900293597,-33.1921438003601],[-71.348971599679004,-33.191950799986401],[-71.349492000011296,-33.191730800120702],[-71.349749500290798,-33.1915961001],[-71.349845199614705,-33.191578500119903],[-71.349870400053305,-33.191463000351],[-71.349884400297,-33.191299100338703],[-71.349889800070201,-33.1911395000539],[-71.349881699961301,-33.190968899789802],[-71.349886499659902,-33.190836799675999],[-71.349919100419797,-33.190709500089099],[-71.349964600088995,-33.190552899753101],[-71.350063299785901,-33.190387699746999],[-71.350156299672307,-33.190293600308301],[-71.3502500002446,-33.190201699673104],[-71.350359600099196,-33.190112200072697],[-71.350452800309895,-33.190048100221297],[-71.350526000429198,-33.190037199648401],[-71.350621500326994,-33.1900439001179],[-71.350773600376002,-33.190072900147101],[-71.350899500161404,-33.190115500312501],[-71.350990699823896,-33.190137899840501],[-71.3510857999715,-33.1901514999808],[-71.351191800276695,-33.190133299803698],[-71.351257999824895,-33.190112500026203],[-71.351318099812403,-33.190039400060698],[-71.351404000313096,-33.189906900109698],[-71.351502799722994,-33.1897772002864],[-71.351601399706894,-33.189694699951602],[-71.351801900085107,-33.189564999814102],[-71.351983700233902,-33.1894956003473],[-71.352182299776999,-33.189426000103197],[-71.352303900225394,-33.1893716998161],[-71.352406800444598,-33.1892833999446],[-71.352474399567996,-33.189188300215797],[-71.352536400390605,-33.189053000129697],[-71.352576500286602,-33.188889400076],[-71.352640599573704,-33.188795599737297],[-71.352699399698906,-33.188690400130902],[-71.352790600259794,-33.188596900289497],[-71.352891799968205,-33.1885101001835],[-71.353169300339204,-33.188398400363901],[-71.353439400388993,-33.188360400245401],[-71.353664200195496,-33.188330999703197],[-71.353805000336493,-33.188308299753402],[-71.353985499724899,-33.188191099657601],[-71.354130099739507,-33.188114900002503],[-71.354309399876996,-33.1880185999144],[-71.354517800039801,-33.187951499674199],[-71.354877300426594,-33.187881899706703],[-71.355034099562801,-33.187827599965999],[-71.3552255997201,-33.187674100097198],[-71.355349000392394,-33.187534899666197],[-71.355439599980301,-33.187456899665001],[-71.355524799795106,-33.187410600170303],[-71.355633300111805,-33.187386200192897],[-71.355932800224096,-33.1873904996595],[-71.356147800309301,-33.187368000192997],[-71.356494199666002,-33.187323099726797],[-71.356851200041405,-33.187242199892097],[-71.357125199677796,-33.187172500125001],[-71.357320600320094,-33.187096300335597],[-71.357448100005001,-33.187085200171403],[-71.357831400356901,-33.187100899780198],[-71.357968099688605,-33.187100899780198],[-71.358085900263404,-33.187109900196397],[-71.358253000380998,-33.187121200333301],[-71.358326699963499,-33.187107499734701],[-71.358388000100206,-33.187084100303998],[-71.358410500203107,-33.187039399668301],[-71.358418700025098,-33.186986899942099],[-71.358418700025098,-33.186902200247197],[-71.358493200006507,-33.1867395998188],[-71.358634799648101,-33.186580800155902],[-71.358838499825296,-33.186381100307599],[-71.359004999868304,-33.186221600072301],[-71.359091300119303,-33.186113199980397],[-71.359134500101305,-33.1860229000484],[-71.359182499781895,-33.185902300266299],[-71.359280499691195,-33.185804900117901],[-71.359516600304104,-33.185703800249001],[-71.359646200250097,-33.185561400024802],[-71.3597861999922,-33.185365499724398],[-71.359842899856304,-33.1852119000621],[-71.359864400134299,-33.184964400209999],[-71.359877800303394,-33.184620900318301],[-71.3598944002715,-33.184244599722597],[-71.359944800250503,-33.1841268002566],[-71.360096399937902,-33.183950099632902],[-71.360205699755099,-33.183868199774402],[-71.360324699580801,-33.1838350002973],[-71.360511100002299,-33.183834800314003],[-71.361018400202795,-33.183819100119898],[-71.361274299684496,-33.1837877997148],[-71.361519299906902,-33.183733799667102],[-71.361763700054695,-33.183620899869098],[-71.361938300206603,-33.1835179998792],[-71.362135899924695,-33.183450999942799],[-71.362319500297403,-33.1834103001461],[-71.362371999639194,-33.183361700195903],[-71.362433100349904,-33.183251599703297],[-71.362506899645396,-33.183190499866001],[-71.3626034999795,-33.183177100133499],[-71.362804700145304,-33.183179599943401],[-71.363002500187704,-33.183186100200899],[-71.363080100255203,-33.183192799690801],[-71.363159600259493,-33.183199799909197],[-71.363206000040506,-33.183184900292197],[-71.36321250025,-33.183138300065998],[-71.363172700391303,-33.183088900024899],[-71.363092600312299,-33.183046300201603],[-71.362939900188806,-33.182894200123201],[-71.362774700008003,-33.182677399841097],[-71.362726800040406,-33.1825503996536],[-71.362721499980296,-33.182482599783498],[-71.362776299907495,-33.182394199741097],[-71.3629095003012,-33.182285200215802],[-71.362960999818199,-33.1822379003085],[-71.362980300122004,-33.182173100003098],[-71.362923499646698,-33.1820422000823],[-71.362890800071995,-33.181936099939797],[-71.362908799615298,-33.181778099792098],[-71.362956899907203,-33.181587599741903],[-71.363033899900103,-33.181380500200198],[-71.363084999666697,-33.181232500016797],[-71.363092600312299,-33.181074500104003],[-71.363074899908,-33.180845799666997],[-71.363045599558404,-33.180659799632799],[-71.363042500370597,-33.180534000225002],[-71.3631491995651,-33.180370400050798],[-71.363407599956602,-33.180184799742499],[-71.363655799978005,-33.180010700087301],[-71.363990799713804,-33.179909600298899],[-71.364288799639596,-33.179803699822102],[-71.364581900153894,-33.179521400176903],[-71.365207300068207,-33.179231199867303],[-71.365749600428799,-33.1790038998424],[-71.365832600269499,-33.178844599704803],[-71.3659225000698,-33.178697699722001],[-71.366018999792601,-33.178521700163003],[-71.366068099909398,-33.178363499877499],[-71.3661212002242,-33.178134999879703],[-71.366185199798295,-33.177981300324802],[-71.366333299649298,-33.177811799983097],[-71.366513499898602,-33.177578100113401],[-71.366759700270194,-33.177316299880999],[-71.367054800434303,-33.177017099838999],[-71.3671157996354,-33.1768815997536],[-71.367191799803393,-33.176543499751197],[-71.367278899555004,-33.176156499759799],[-71.367567500408001,-33.1757513001577],[-71.367406300425202,-33.174262300040901],[-71.367452199844706,-33.174015400104501],[-71.367534499897701,-33.173571999853799],[-71.367517500179304,-33.173956699912097],[-71.367488100116702,-33.174243000293899],[-71.367553299839997,-33.174628699684199],[-71.367623699910496,-33.174807700353398],[-71.367699700078504,-33.174908099999897],[-71.367759899778903,-33.175058100371899],[-71.367817499754906,-33.175197800332498],[-71.3678772997051,-33.175382899918603],[-71.367946799663699,-33.175545600371599],[-71.368090499566406,-33.175724099915399],[-71.368318200033102,-33.175851700227],[-71.368562900218194,-33.175959300227497],[-71.368801199906798,-33.176068400103702],[-71.368895399942502,-33.176164799793703],[-71.368989900015407,-33.176307000251903],[-71.369080099853093,-33.176453499730798],[-71.369199500327397,-33.176562299743701],[-71.369382400014203,-33.176733700242004],[-71.369492999693605,-33.176856399854501],[-71.369549400418705,-33.176952600182403],[-71.369572300271997,-33.177082800192402],[-71.369503899851296,-33.177311699922697],[-71.369512800359104,-33.177432300251603],[-71.369567699999394,-33.177554399644997],[-71.369772900363103,-33.177813399959497],[-71.369936300320106,-33.178058399755599],[-71.370044399988103,-33.178227399630103],[-71.370149399570096,-33.178271000272602],[-71.370362199681097,-33.178314900135497],[-71.370729800176804,-33.1783781003207],[-71.370972400100797,-33.178419100192897],[-71.371231099631203,-33.178424400077802],[-71.371437999607494,-33.1784131003228],[-71.371739800305306,-33.1783792002974],[-71.371930200026398,-33.178377000344099],[-71.372061000121604,-33.178408799663799],[-71.372169999901601,-33.1784720997791],[-71.372232500187494,-33.178602199789403],[-71.372303699758604,-33.1788259001993],[-71.372455700094505,-33.1790818998509],[-71.372540899909396,-33.179221700160802],[-71.372606200243993,-33.179272300089004],[-71.372729399693597,-33.179302799877],[-71.372872099771499,-33.179367300059397],[-71.373014499812001,-33.179451600285603],[-71.373171699596796,-33.179624600338798],[-71.373339500400306,-33.179873000203898],[-71.373446999993703,-33.1799769999201],[-71.373563400094994,-33.180026500208001],[-71.373807500205402,-33.180006200266497],[-71.374437600105296,-33.179966600329998],[-71.375145300072603,-33.179959799845498],[-71.375836100034505,-33.179938299935401],[-71.376313199773506,-33.179926899627702],[-71.376609500086801,-33.179958299904399],[-71.376754799889099,-33.180034199899403],[-71.376856400246098,-33.180152600332001],[-71.376930600190207,-33.180307899768501],[-71.376988099554893,-33.1804535001177],[-71.377111899977507,-33.180753999641198],[-71.377283499756302,-33.180968900267999],[-71.377428500419597,-33.181108699822801],[-71.377620500040194,-33.181326000199903],[-71.377759599670398,-33.181532699893303],[-71.378129100102896,-33.181873200047001],[-71.378314600412494,-33.1820108997943],[-71.379140100056304,-33.182382499772999],[-71.379459699973097,-33.1827490000422],[-71.379940199835403,-33.1832607997477],[-71.380177600310503,-33.183423199882299],[-71.380557399927795,-33.183582599957802],[-71.380797300414301,-33.183717400264101],[-71.381018799810604,-33.183801800055903],[-71.381218300363798,-33.183855000128702],[-71.381489100201193,-33.183854200195697],[-71.381765599849004,-33.1838046998148],[-71.383064199932093,-33.1836415996924],[-71.383219100029805,-33.183522500271401],[-71.383579999991795,-33.1832950001168],[-71.384308099801004,-33.1826447998709],[-71.385165500417202,-33.181383600028099],[-71.386624599797202,-33.179946800354998],[-71.387997900186093,-33.180018699768098],[-71.3898002997351,-33.180234199917301],[-71.390572799675496,-33.179156599889403],[-71.391517000006004,-33.177360700217299],[-71.392461099725196,-33.174918100183],[-71.393233599665507,-33.173481299765299],[-71.395636799663095,-33.1730503003118],[-71.3988984001017,-33.173265800303497],[-71.400357500380096,-33.173481299765299],[-71.401014699757098,-33.173481299765299],[-71.402417499921597,-33.173481299765299],[-71.404734900029695,-33.172188200305001],[-71.407309800417394,-33.171397899802699],[-71.409798900017407,-33.171110499834597],[-71.412287999617305,-33.1719007999206],[-71.413747099895602,-33.171541599809402],[-71.416579499664607,-33.1688833002897],[-71.418038599942903,-33.1673746002526],[-71.419755300213794,-33.166512400058402],[-71.423016800041097,-33.166368700078898],[-71.424475900319393,-33.165578399747602],[-71.426707499639804,-33.1640694999573],[-71.428509999800099,-33.162919899845797],[-71.430054899967899,-33.161913999697902],[-71.432629900068605,-33.1616985003756],[-71.435805600006503,-33.161913999697902],[-71.439496299605196,-33.1621296000109],[-71.442071199992895,-33.162417000094301],[-71.444731999983006,-33.162704399987703],[-71.445847800092295,-33.161626600221801],[-71.446877800312294,-33.159830300005602],[-71.448251000089797,-33.1592554999892],[-71.450911800079894,-33.1586088003451],[-71.452113300365696,-33.157181500181203],[-71.453726300018502,-33.154647800285296],[-71.454001700128401,-33.154081900166503],[-71.457349099558101,-33.155231600349403],[-71.460696499886197,-33.155016000374303],[-71.464730499653896,-33.154656700249099],[-71.467992100092502,-33.153075900144003],[-71.472197800250399,-33.149698499884202],[-71.475716900070296,-33.146752099685301],[-71.477519299619303,-33.145242900037402],[-71.478034300178393,-33.143302600206098],[-71.477948500289003,-33.141865199719298],[-71.479665099948505,-33.139709199639],[-71.480008400117498,-33.137121799791402],[-71.480008400117498,-33.133815700115299],[-71.479065199611895,-33.130468899737998],[-71.478463400236805,-33.127634300049401],[-71.476918400355999,-33.124906899834102],[-71.475716900070296,-33.122243100177499],[-71.476489300297601,-33.119871000271402],[-71.477090199560806,-33.117930000375203],[-71.481210000116306,-33.114838799697701],[-71.483801900222403,-33.1117638000132],[-71.486531500383506,-33.108584199860303],[-71.489621400432,-33.106858700220698],[-71.492728300198905,-33.105149400195501],[-71.493758199807502,-33.102704900029401],[-71.493929900197699,-33.099828800370197],[-71.493414899638495,-33.098103200303498],[-71.491183300318198,-33.096952699910702],[-71.489785200139195,-33.0965823003433],[-71.490077399643198,-33.0944795000525],[-71.489388199580901,-33.092911500144901],[-71.488190899817297,-33.091757299726503],[-71.487718800101206,-33.088523200043198],[-71.485690200272103,-33.088036100134502],[-71.483286899663298,-33.0883236999342],[-71.480454499894293,-33.088539499831398],[-71.478480399955203,-33.0883236999342],[-71.476944899758607,-33.085497499992897],[-71.475719700119001,-33.082000599965703],[-71.4733206997454,-33.0800121002681],[-71.4721289003664,-33.0791185998537],[-71.470994700065106,-33.076577900357201],[-71.470659899755304,-33.074127200167098],[-71.470814400102697,-33.072598799666899],[-71.4708551997863,-33.071081199894898],[-71.4708701998549,-33.069707400026203],[-71.470669800088103,-33.068905499789501],[-71.469468200089295,-33.067287099875202],[-71.468738600093602,-33.066567799797497],[-71.468652800204197,-33.0660282998018],[-71.469081900262594,-33.065488899636698],[-71.4697686003136,-33.0652011002027],[-71.470584000198699,-33.065416900367801],[-71.471528099917904,-33.065704599722601],[-71.474317599742093,-33.065992399768497],[-71.475519199740901,-33.0660282998018],[-71.476120000189397,-33.065776600261799],[-71.477922500349706,-33.0636906001697],[-71.478480399955203,-33.063330900031403],[-71.4835443999429,-33.061029100089399],[-71.485733100216805,-33.059842200092],[-71.487492599821095,-33.056173399878901],[-71.488737200375894,-33.054266999927997],[-71.489348699759503,-33.053421800086298],[-71.488039799593295,-33.053304800075303],[-71.486859600159505,-33.052756300215698],[-71.486248099877599,-33.051708700261699],[-71.4867738002701,-33.051142200141499],[-71.486113899659003,-33.049159200022999],[-71.485827499678507,-33.049051300032303],[-71.485278199645194,-33.0489793001192],[-71.484805100104197,-33.048961300320002],[-71.484679500356094,-33.048689799952797],[-71.484802399768398,-33.046811799662798],[-71.484724600274902,-33.046153699981097],[-71.485115099725505,-33.045435099944903],[-71.485016400028698,-33.0451760998791],[-71.484372599922395,-33.044121199643101],[-71.483955300133601,-33.042458300229598],[-71.484370499661296,-33.041784499650397],[-71.484646700170103,-33.041132599828998],[-71.484804100279206,-33.040763999944801],[-71.484840700338907,-33.040678199768401],[-71.485106899903599,-33.0400809999717],[-71.485112199963794,-33.039990399949502],[-71.485122899797105,-33.0398058997582],[-71.4851525001841,-33.039316899788197],[-71.485162999693102,-33.039143800210397],[-71.485182500321301,-33.0388223003701],[-71.485213399672105,-33.038236300361397],[-71.485234699625806,-33.037959499988197],[-71.485281899805798,-33.037153700319898],[-71.485295299974894,-33.036904499771801],[-71.485303400083794,-33.036592399963197],[-71.4853350001206,-33.036202099874203],[-71.485341999793306,-33.035835099998003],[-71.485354899600793,-33.035602700092397],[-71.485487400206793,-33.0352776997738],[-71.485436499866196,-33.034587300280997],[-71.484509999940101,-33.033554900251097],[-71.482820000294396,-33.033145200217298],[-71.481584300247405,-33.033515799839499],[-71.481524900047603,-33.0332688001223],[-71.481323200418501,-33.032901199849697],[-71.481104999636003,-33.0326895999209],[-71.480714299861006,-33.032496400295202],[-71.480403499840705,-33.032433500277001],[-71.480115899710995,-33.031714200130097],[-71.479973799707693,-33.0313585996551],[-71.479972700169796,-33.030976499765103],[-71.479994200447805,-33.030488700233001],[-71.479866600151595,-33.030025099968199],[-71.479491099871296,-33.029550100025602],[-71.479156799923103,-33.029165799899403],[-71.478737900234805,-33.028933499894102],[-71.477536199624694,-33.027969300071099],[-71.474060100360802,-33.024874900291799],[-71.471528099917904,-33.020556999937],[-71.470712700032806,-33.014655499974801],[-71.468910299585502,-33.015771100095002],[-71.468021899905494,-33.0160979997395],[-71.465782300189105,-33.0157723000316],[-71.464216400105002,-33.016642200071502],[-71.463351099704198,-33.017152299951],[-71.461748300421505,-33.017302999860703],[-71.460847000035699,-33.017053399699797],[-71.459890599685295,-33.0175723997503],[-71.458158900244101,-33.0179857997651],[-71.456769500248598,-33.017936800180202],[-71.455649399904004,-33.018901700279201],[-71.454527699659906,-33.019170999624102],[-71.452587999806198,-33.019570899652997],[-71.452352999629596,-33.018754500350802],[-71.452173299741801,-33.0173904000862],[-71.451522599675897,-33.015475399960799],[-71.449861799768499,-33.015281499732701],[-71.448475100108794,-33.014086800074402],[-71.446891000156995,-33.013219100006602],[-71.445247800042694,-33.012941100177201],[-71.444829399817607,-33.012557800316301],[-71.445042899716299,-33.011196200039301],[-71.444976899593996,-33.010256900240897],[-71.444630899987601,-33.009354099649101],[-71.444583200344397,-33.008314899905002],[-71.445536399997394,-33.006698100058799],[-71.445736000263594,-33.006018500324501],[-71.444649699929897,-33.004199999869797],[-71.443788699764397,-33.003444200286403],[-71.442633200407698,-33.001761600265098],[-71.441167099558299,-33.001833100095801],[-71.439764300292097,-33.001949699857597],[-71.437229100050104,-33.0019298996814],[-71.435462100411499,-33.001824100278299],[-71.434903599833007,-33.001576699864302],[-71.434004600032694,-33.000920300274203],[-71.433777399927706,-33.000392600049402],[-71.433214900049606,-33.001246699725002],[-71.432671200113802,-33.001743199818797],[-71.431558700414797,-33.001847500103104],[-71.430586900245402,-33.002192799732398],[-71.429206099822196,-33.002669000282403],[-71.427560800345105,-33.002972300362799],[-71.426630099896599,-33.002941700169501],[-71.426376599815001,-33.003892900309303],[-71.426124800244295,-33.004863100204801],[-71.425866200426796,-33.005334699975798],[-71.425016200131907,-33.0063067003085],[-71.424426699591294,-33.007192100058099],[-71.423914899729596,-33.008214999879002],[-71.422253499747598,-33.008857200196502],[-71.421025899809493,-33.008675000241801],[-71.420058699912801,-33.008227199902599],[-71.418776300047497,-33.008442900108399],[-71.417479699614105,-33.009046099743799],[-71.415258599802797,-33.009240500321901],[-71.413823600425204,-33.010171700124701],[-71.411810899878304,-33.010039899747497],[-71.410175300409605,-33.009884400164196],[-71.408597600055899,-33.010684699972501],[-71.406938400048006,-33.011503399972298],[-71.405636399841498,-33.011305900057501],[-71.404125800046302,-33.010783199832403],[-71.402749800219894,-33.011030200037197],[-71.401998799659296,-33.011746799692503],[-71.401845399748098,-33.012087299794501],[-71.401391000436305,-33.012631200214201],[-71.400573999753405,-33.013228500158299],[-71.399433600178298,-33.029353800371602],[-71.399565899561793,-33.037959799708602],[-71.399726200331003,-33.037962400046403],[-71.39975910023,-33.041317199654699],[-71.399822799766795,-33.045748499728901],[-71.3983262999282,-33.046003499694798],[-71.398326099603906,-33.046080999670998],[-71.398330999913796,-33.046110700120899],[-71.398335799612298,-33.0461402996592],[-71.398798399644306,-33.050802100141802],[-71.399214500182197,-33.055691800078598],[-71.398571000113293,-33.0553953002754],[-71.398730099834907,-33.0597920003529],[-71.398905699811706,-33.059821599809602],[-71.398968999598196,-33.061229500044099],[-71.399551900216395,-33.061004100317],[-71.399875800368505,-33.064573899714603],[-71.400123599741306,-33.067542200069703],[-71.399024200174097,-33.067757999763799],[-71.398154300399099,-33.068288499888503],[-71.396284800291596,-33.070040200187002],[-71.395756500174699,-33.070133200054499],[-71.392471500419504,-33.0705477001868],[-71.392034099927898,-33.0707286001307],[-71.390968200334299,-33.071512200250098],[-71.390517299960607,-33.072168000355497],[-71.389939299652298,-33.072616699784199],[-71.389103799962697,-33.072826400150703],[-71.388274500445206,-33.0732332997285],[-71.388084300150098,-33.073622700242801],[-71.387289500431095,-33.074006399902999],[-71.386744000271506,-33.074420600258698],[-71.386224700375394,-33.074871200185797],[-71.385663600072505,-33.075177299666699],[-71.384561699595594,-33.074550000161601],[-71.382574500423004,-33.074544599908798],[-71.382038899697804,-33.074461499657502],[-71.381524100361204,-33.074569799830897],[-71.381108200147594,-33.0747470000113],[-71.380844499695996,-33.0747968999055],[-71.380510000321806,-33.074788600069901],[-71.380366100094804,-33.074727700209003],[-71.380178099773801,-33.074507300216901],[-71.379331900250904,-33.074102000118202],[-71.378751199606896,-33.076030600111999],[-71.378404599925801,-33.0769673997303],[-71.377208099662894,-33.079317999658301],[-71.376568299754695,-33.080546700240099],[-71.376023200243594,-33.082138600227204],[-71.374618299817996,-33.082084199654702],[-71.374043800244294,-33.081326800190404],[-71.372598100135093,-33.080028699705601],[-71.371229600343,-33.079734400013102],[-71.370540299669301,-33.079794899730601],[-71.3698214004053,-33.0797549000402],[-71.369890700039605,-33.080275399660302],[-71.371100300434307,-33.082324599876998],[-71.369850399819299,-33.082992100346999],[-71.366867799938305,-33.085734299955597],[-71.3664606996212,-33.086475000022602],[-71.3664188003997,-33.086758600083499],[-71.366737500204593,-33.087275900159],[-71.366644699744199,-33.088771699796801],[-71.366675200242994,-33.090532199744104],[-71.366806100051306,-33.0916772999201],[-71.367120499620896,-33.092328099923797],[-71.365497199885098,-33.093428700051199],[-71.363835300439803,-33.093705100238999],[-71.3628009999846,-33.094060199808602],[-71.361354800412101,-33.0946056998175],[-71.360338800435798,-33.095588200285697],[-71.359491200439393,-33.097301300059101],[-71.358762199620003,-33.0981101997872],[-71.358169399567402,-33.098255800360697],[-71.356382500448603,-33.098581200319799],[-71.355010799959302,-33.0993473996324],[-71.353925500348694,-33.099724600273703],[-71.352697700086395,-33.0996587998415],[-71.351599600381405,-33.1000645999952],[-71.349988700091401,-33.101299499706599],[-71.348276900130401,-33.101419500175602],[-71.346044800448396,-33.101732300256799],[-71.344461700321503,-33.102864699647697],[-71.343557299849707,-33.1028063002598],[-71.342730099695004,-33.102429300220699],[-71.341187800149996,-33.103452000161397],[-71.340425499681402,-33.104324700328299],[-71.339797899792998,-33.105488099699699],[-71.338822599787306,-33.106013000271197],[-71.336853400158006,-33.106012100300298],[-71.335849699914704,-33.106595800236597],[-71.334631400234798,-33.107900200192397],[-71.333474300080198,-33.108942699876202],[-71.331912199869805,-33.109157899862403],[-71.329859200000897,-33.109458700095502],[-71.3285326003287,-33.1091925000907],[-71.327924800207398,-33.1091876000919],[-71.327272999705301,-33.109163799878402],[-71.326082599901397,-33.108452199863798],[-71.325377499658501,-33.107469500068099],[-71.325406199933596,-33.106875700174797],[-71.324943599901601,-33.107467999639802],[-71.324085500396095,-33.107800499646999],[-71.322227799659899,-33.108096999668199],[-71.320726800160102,-33.109088700117397],[-71.320074500194593,-33.109602500058202],[-71.319260799922105,-33.110312299931998],[-71.319125599878504,-33.110797100338203],[-71.318875400207304,-33.111502400016697],[-71.318497000165195,-33.1119684996589],[-71.317144999730004,-33.113092699653897],[-71.316564600021593,-33.113555499775998],[-71.314624799556597,-33.114050700226599],[-71.313551300215707,-33.114850599718601],[-71.312090699750797,-33.116439200027401],[-71.310995300381606,-33.118240899855699],[-71.309517300447993,-33.119163899646303],[-71.308539099782294,-33.119632099874003],[-71.306902199552994,-33.119635499822103],[-71.304568699838399,-33.120344500124503],[-71.3019798001053,-33.120289600304098],[-71.300484200378705,-33.120018299739698],[-71.299750399860699,-33.119407299733602],[-71.299239700435194,-33.118310999760297],[-71.299992800358694,-33.117275800309599],[-71.299060500010697,-33.118213899967699],[-71.298464999622396,-33.118563499948898],[-71.297369600253106,-33.118735100318901],[-71.295848299726202,-33.118825000065797],[-71.294809699934106,-33.118456599967203],[-71.2940168998649,-33.118256200239998],[-71.292892500183299,-33.118124099661799],[-71.291459099807,-33.118467300278802],[-71.290610499985604,-33.118926499815203],[-71.289626000333101,-33.119611399987498],[-71.288145399776795,-33.120314100209001],[-71.285570500287406,-33.121104800047199],[-71.282738099620204,-33.121320399833202],[-71.281677599799707,-33.121049799886499],[-71.280572500421997,-33.1206282000607],[-71.279517899838098,-33.119993100053598],[-71.278752999644993,-33.119824200125102],[-71.277505200189495,-33.120147700247699],[-71.276409799921893,-33.120167400117602],[-71.275617999677607,-33.119538399989104],[-71.274909899959994,-33.118111500300202],[-71.274078399570101,-33.1168939003365],[-71.272465900278902,-33.117327900124302],[-71.2702067999344,-33.117510499776401],[-71.268869600141798,-33.117310799867901],[-71.267383599812305,-33.116663900172597],[-71.266221099884604,-33.117443100299198],[-71.2651052997752,-33.1189526997114],[-71.262873699556494,-33.120030999644598],[-71.260384599956595,-33.121253000270301],[-71.259781000357606,-33.121804499990198],[-71.259440500237403,-33.122115700236002],[-71.258668000297007,-33.123337699690097],[-71.256693900357902,-33.123768999866499],[-71.255234800079506,-33.124775299774598],[-71.253689800198799,-33.126428599735803],[-71.251973199640901,-33.127794300323799],[-71.2492265997614,-33.129159999980502],[-71.247080800330394,-33.13095689963],[-71.245621700052098,-33.133256900020001],[-71.244505899942695,-33.134981899881502],[-71.243304299944,-33.136850600130103],[-71.241072699725294,-33.138719299706999],[-71.239441899955096,-33.140228500234301],[-71.236781199678006,-33.141162799853397],[-71.234892899628306,-33.142815800214699],[-71.231459700309102,-33.142528299796702],[-71.225794800160003,-33.140803500154398],[-71.221674999604502,-33.140228500234301],[-71.217040099675302,-33.139509799946502],[-71.214636799964794,-33.140084800062503],[-71.212061899577094,-33.142240799941],[-71.207770400428203,-33.144971699899799],[-71.206225399649099,-33.147415099652797],[-71.203822199651597,-33.149139800168001],[-71.202277199770805,-33.1514394000056],[-71.200217299942295,-33.1541700001086],[-71.198328999892496,-33.157762800142002],[-71.197642399554596,-33.161355500368899],[-71.194037499845294,-33.160205800000199],[-71.190604299627793,-33.158481399792002],[-71.189574300306205,-33.155607099729203],[-71.188544300086306,-33.152876600019503],[-71.186141100088705,-33.151008199685002],[-71.183051200040197,-33.1504332997307],[-71.180132899770598,-33.149139800168001],[-71.178931299771804,-33.146983999892498],[-71.180819599821504,-33.144971699899799],[-71.181506200159504,-33.142671999728101],[-71.179446300330895,-33.1420971000557],[-71.174124800063694,-33.141953399934998],[-71.170691500133302,-33.141953399934998],[-71.165198400087206,-33.1432470001848],[-71.159361900159297,-33.143678200292499],[-71.153697099723104,-33.143390699691402],[-71.150778800351702,-33.140659700131003],[-71.148203899964102,-33.137497500049697],[-71.144255700085793,-33.137210000261199],[-71.140650800376505,-33.136347499758301],[-71.138419200157799,-33.137497500049697],[-71.136015900447205,-33.1370662003674],[-71.134985999940298,-33.136203800001702],[-71.134471000279504,-33.135197500195702],[-71.135844299770099,-33.133760100101497],[-71.137045899768907,-33.130597500224603],[-71.136874200277006,-33.127291099899203],[-71.136874200277006,-33.125278500323297],[-71.135672600278298,-33.122690699937003],[-71.135202500212003,-33.121081799806298],[-71.132541700221907,-33.120794299673399],[-71.128936799614294,-33.119212800011901],[-71.126447700014296,-33.118278299870802],[-71.123529500356,-33.116121600089599],[-71.121040399857705,-33.114252500009002],[-71.117693000428005,-33.116193499913997],[-71.115461400209298,-33.117271799864803],[-71.113144000101201,-33.1177031998036],[-71.110654899602906,-33.118565799964003],[-71.109882399662496,-33.118421999625703],[-71.108165800002993,-33.116624799813899],[-71.106191700063803,-33.115258899932201],[-71.104818399674897,-33.114036800107101],[-71.1031875999047,-33.113533599853],[-71.100698500304802,-33.111808199674002],[-71.098381100196704,-33.111089299831001],[-71.095891999698395,-33.110082800220397],[-71.0938320998699,-33.108573000214903],[-71.091514600048797,-33.1079258999765],[-71.090227200160598,-33.107135100315404],[-71.088424700000303,-33.105553299797101],[-71.085763999723198,-33.104834399944103],[-71.083360700012605,-33.103755899924103],[-71.081644100353103,-33.102317900127503],[-71.079498300023801,-33.100664199756203],[-71.076751799857306,-33.099729399960196],[-71.074348500146698,-33.097860000070099],[-71.0720311000386,-33.096278100335901],[-71.069112799769002,-33.096493800184803],[-71.068254499939201,-33.097860000070099],[-71.066537900279599,-33.099513699773297],[-71.064993000111798,-33.100664199756203],[-71.062932999672,-33.101670799729],[-71.061559700181405,-33.101527000331302],[-71.058984799793706,-33.100017099974799],[-71.055637400363906,-33.099082300069199],[-71.053234099755102,-33.098435199929298],[-71.049114300097997,-33.098435199929298],[-71.045166100219703,-33.098578999870398],[-71.043535299551195,-33.098219500329201],[-71.037956299902802,-33.097284700119197],[-71.033750599745005,-33.095199499832901],[-71.032720600423303,-33.093545600055599],[-71.031519000424595,-33.090669300036701],[-71.030403200315206,-33.087001800169503],[-71.029802399866696,-33.084197200041999],[-71.028858200434499,-33.083550000122301],[-71.025768300386005,-33.085995099959803],[-71.023365100388503,-33.087289499690598],[-71.018901899951103,-33.091028800350699],[-71.018061799988899,-33.092658899894097],[-71.0167912003932,-33.0936391997218],[-71.014843100393307,-33.095139700073801],[-71.014928999995703,-33.0961822999598],[-71.015400999998803,-33.097009199961001],[-71.015915999659597,-33.099166299674103],[-71.016688499599994,-33.100676299682704],[-71.017356900070297,-33.102821199986202],[-71.017589700272794,-33.104918299989698],[-71.019760199780805,-33.109291900331598],[-71.019907200093897,-33.111676500228398],[-71.019306299932396,-33.113617599940298],[-71.019735499703799,-33.116493100065497],[-71.019073499729899,-33.119068999980598],[-71.0174959997005,-33.121447199799398],[-71.016498600240496,-33.122950799699602],[-71.015143600330603,-33.125550600148301],[-71.014610300190796,-33.128126199794998],[-71.012740299721699,-33.130833700226503],[-71.012207100193294,-33.133013900155703],[-71.012525700285195,-33.135290000107801],[-71.012035399803096,-33.138044999783297],[-71.012893699632897,-33.142500799661597],[-71.012550400362201,-33.146094100203499],[-71.015468600020597,-33.148537500287603],[-71.013752000360995,-33.151555600078702],[-71.011348800363507,-33.153855099734898],[-71.007743899755894,-33.1547174003246],[-71.005340600045301,-33.154142499862203],[-71.0044823002155,-33.157160500058502],[-71.000877399607901,-33.1620464998662],[-70.996414200068799,-33.167938100080001],[-70.993667600189298,-33.174260399992001],[-70.993771299909099,-33.177450500059898],[-70.994020300329495,-33.179670300210702],[-70.992346599716299,-33.182823799954399],[-70.995290500174903,-33.186681299834],[-70.996389199954507,-33.189927999890102],[-70.998432000351599,-33.192384499952901],[-70.996990000403002,-33.195709899928701],[-70.997247499784294,-33.198826999834402]]]}},
{"type":"Feature","properties":{"name":"Villa Alemana"},"geometry":{"type":"Polygon","coordinates":[[[-71.400573999753405,-33.013228500158299],[-71.398848300159997,-33.012965400235402],[-71.396539499624097,-33.012938399668101],[-71.394163600326394,-33.013164699781598],[-71.391362799695898,-33.0136280000334],[-71.388958999623696,-33.013899799776603],[-71.3871994003065,-33.0136479000289],[-71.386023599922694,-33.013532700250202],[-71.385165300092893,-33.013935800138597],[-71.384564399931307,-33.014468399945102],[-71.383675599602697,-33.014442199807803],[-71.382684800065107,-33.014811000184501],[-71.382199300179906,-33.015704400014002],[-71.382053400303107,-33.016707899883102],[-71.381368900226207,-33.017932700308997],[-71.379946799757803,-33.0190240999301],[-71.380072800154494,-33.019666299867701],[-71.379879700097703,-33.0208866001798],[-71.377899700023804,-33.021676399875403],[-71.3753092003912,-33.023147199731802],[-71.374338300333804,-33.024501900095501],[-71.372820699967505,-33.025402399805202],[-71.371599199590307,-33.025610200156699],[-71.370023700109002,-33.026067600219001],[-71.368390299716097,-33.026121399739999],[-71.368078400157898,-33.026198700294898],[-71.367034999768805,-33.026766099687002],[-71.3663785998924,-33.027178399908003],[-71.365836799893401,-33.027365500078297],[-71.365226199723494,-33.0274690997514],[-71.364923100061802,-33.027469900356202],[-71.364453699783098,-33.027851900217598],[-71.363553700157794,-33.028394899777702],[-71.362426500427503,-33.028744399686801],[-71.361701899556394,-33.0290786998019],[-71.360678400444201,-33.029293799960001],[-71.360443499980505,-33.029319399949799],[-71.3599305996825,-33.029392199950799],[-71.359555700375097,-33.029256399755504],[-71.359211500094204,-33.029101499672301],[-71.3590412001776,-33.029080800315398],[-71.358808700012403,-33.029121500108701],[-71.358361300373303,-33.029376500003202],[-71.357646899872293,-33.030010599876199],[-71.356920799712995,-33.030391900363497],[-71.3557216000126,-33.031061599945701],[-71.355016700093998,-33.031564900055699],[-71.354428600027006,-33.032363200114801],[-71.3538270000778,-33.032642699900599],[-71.353458900118795,-33.0329544996534],[-71.352098600148693,-33.033656899835201],[-71.351683399722702,-33.0340382003602],[-71.351384600296299,-33.034213799712298],[-71.351021699786102,-33.034317700104602],[-71.350518999858195,-33.034316199934601],[-71.350085000388205,-33.0342736996244],[-71.349853599760905,-33.0342947999156],[-71.349128800362095,-33.035084300229002],[-71.348743699786297,-33.035351599633401],[-71.347995599885706,-33.035556300166199],[-71.347645800405601,-33.035868799767201],[-71.347067299735698,-33.036591299716299],[-71.345411599564201,-33.039146300356798],[-71.344705300070402,-33.0401950000917],[-71.343507199907904,-33.041647000128798],[-71.342617999829002,-33.042549100277903],[-71.341249800074294,-33.043358300180302],[-71.340374900276402,-33.043707400373997],[-71.339303600011206,-33.043995900348598],[-71.338474299595404,-33.043270799950697],[-71.337872399608997,-33.042769400324502],[-71.336867899864998,-33.041441099852698],[-71.336097299861507,-33.0417034001551],[-71.334776900361405,-33.041915199827599],[-71.333981900318093,-33.042232100169997],[-71.333516500237394,-33.0425309003653],[-71.332386900208604,-33.043008999804798],[-71.331411099841304,-33.043650299818303],[-71.330884299911006,-33.044108500067701],[-71.329725400430902,-33.044089399872703],[-71.328707799656797,-33.044213099635002],[-71.328228899693997,-33.044128799809201],[-71.327862599958806,-33.043733499944402],[-71.3277539999292,-33.043206100372998],[-71.328049300417604,-33.041675299923497],[-71.327992899692504,-33.0409593998994],[-71.327840600217499,-33.039376900152298],[-71.327886799674303,-33.038844700104498],[-71.327500499847602,-33.037916300330302],[-71.326561199826997,-33.036791100114002],[-71.325443799818103,-33.035534599966702],[-71.324926099821496,-33.0349602999665],[-71.324561399985896,-33.034605300005303],[-71.323997000170905,-33.034034300056199],[-71.323509900386199,-33.0328646002258],[-71.323313599632002,-33.032355800015303],[-71.322987999867394,-33.031830999874799],[-71.322497100209006,-33.0308434998785],[-71.322470399583807,-33.0302761997903],[-71.322078099909405,-33.029745700331603],[-71.321382399637599,-33.029151500001703],[-71.320425300397901,-33.028678400055803],[-71.319908000151699,-33.027894100104703],[-71.319712799833695,-33.027119399716803],[-71.319667199553194,-33.026169100081702],[-71.319980600196303,-33.024865799640303],[-71.319940900050597,-33.023393699830699],[-71.295494100297901,-33.011148499882403],[-71.293310799797098,-33.013286999678101],[-71.292465300061707,-33.014808399916802],[-71.290978299907295,-33.015704400014002],[-71.289347500137197,-33.017024099973497],[-71.287447500429195,-33.017567499920702],[-71.285464800019497,-33.018982600065101],[-71.284846399777905,-33.021132699866598],[-71.287077900283606,-33.022859899868699],[-71.288966200333405,-33.025882399799698],[-71.289652900384297,-33.0283291002224],[-71.288107899605293,-33.031207400352599],[-71.286391299945706,-33.033653999635298],[-71.285533000115905,-33.036244399687803],[-71.285704699607706,-33.0391225000144],[-71.2869062996065,-33.041280999624703],[-71.287936299826399,-33.043151699828897],[-71.288622900164398,-33.045454000302499],[-71.288622900164398,-33.047324599831597],[-71.289824500163107,-33.049051300032303],[-71.290682799992894,-33.050921799811903],[-71.290167900045105,-33.052792299764903],[-71.290167900045105,-33.055094300025203],[-71.290167900045105,-33.056676999979601],[-71.289309499604002,-33.058547300119898],[-71.2875928999444,-33.0599859998974],[-71.287249599775507,-33.060993100143797],[-71.285189699946898,-33.0640143001282],[-71.282443100067397,-33.066603799721399],[-71.2809614996862,-33.067928299856199],[-71.280670999794594,-33.068187899982703],[-71.279868199679697,-33.068905499789501],[-71.279671100323199,-33.0694009999686],[-71.279478000266394,-33.0698865002635],[-71.278666499967997,-33.071926400303603],[-71.279181499628805,-33.075666400077701],[-71.277979899629997,-33.078255500323102],[-71.277425199823497,-33.079185099875801],[-71.277121599800196,-33.079693899743503],[-71.276851300324495,-33.080033699934603],[-71.275405000140594,-33.081851500308701],[-71.274797299732398,-33.082360700235398],[-71.274046300069998,-33.082989900260102],[-71.273552799788902,-33.083403399723601],[-71.272658400261093,-33.084152799980103],[-71.272019999928006,-33.0845539999019],[-71.270598500432598,-33.085447199732499],[-71.270471699637,-33.085872200276398],[-71.270325300296804,-33.086362900065197],[-71.270083499873394,-33.0871731001562],[-71.268023500331907,-33.089905800000899],[-71.265277000165398,-33.091775399901202],[-71.262923200321893,-33.0936241998496],[-71.262530400285897,-33.093932700294602],[-71.259955499898197,-33.095658400295001],[-71.258067199848497,-33.098247000035201],[-71.257037199628499,-33.101410700166902],[-71.257895500356597,-33.102561100066097],[-71.259268799847206,-33.104861799756101],[-71.260642100236197,-33.107881499858699],[-71.262358699895699,-33.109750800201297],[-71.264246999945399,-33.110757299853098],[-71.2657919001132,-33.112482700356203],[-71.266135299995199,-33.114783199705201],[-71.267383599812305,-33.116663900172597],[-71.268869600141798,-33.117310799867901],[-71.2702067999344,-33.117510499776401],[-71.272465900278902,-33.117327900124302],[-71.274078399570101,-33.1168939003365],[-71.274909899959994,-33.118111500300202],[-71.275617999677607,-33.119538399989104],[-71.276409799921893,-33.120167400117602],[-71.277505200189495,-33.120147700247699],[-71.278752999644993,-33.119824200125102],[-71.279517899838098,-33.119993100053598],[-71.280572500421997,-33.1206282000607],[-71.281677599799707,-33.121049799886499],[-71.282738099620204,-33.121320399833202],[-71.285570500287406,-33.121104800047199],[-71.288145399776795,-33.120314100209001],[-71.289626000333101,-33.119611399987498],[-71.290610499985604,-33.118926499815203],[-71.291459099807,-33.118467300278802],[-71.292892500183299,-33.118124099661799],[-71.2940168998649,-33.118256200239998],[-71.294809699934106,-33.118456599967203],[-71.295848299726202,-33.118825000065797],[-71.297369600253106,-33.118735100318901],[-71.298464999622396,-33.118563499948898],[-71.299060500010697,-33.118213899967699],[-71.299992800358694,-33.117275800309599],[-71.299239700435194,-33.118310999760297],[-71.299750399860699,-33.119407299733602],[-71.300484200378705,-33.120018299739698],[-71.3019798001053,-33.120289600304098],[-71.304568699838399,-33.120344500124503],[-71.306902199552994,-33.119635499822103],[-71.308539099782294,-33.119632099874003],[-71.309517300447993,-33.119163899646303],[-71.310995300381606,-33.118240899855699],[-71.312090699750797,-33.116439200027401],[-71.313551300215707,-33.114850599718601],[-71.314624799556597,-33.114050700226599],[-71.316564600021593,-33.113555499775998],[-71.317144999730004,-33.113092699653897],[-71.318497000165195,-33.1119684996589],[-71.318875400207304,-33.111502400016697],[-71.319125599878504,-33.110797100338203],[-71.319260799922105,-33.110312299931998],[-71.320074500194593,-33.109602500058202],[-71.320726800160102,-33.109088700117397],[-71.322227799659899,-33.108096999668199],[-71.324085500396095,-33.107800499646999],[-71.324943599901601,-33.107467999639802],[-71.325406199933596,-33.106875700174797],[-71.325377499658501,-33.107469500068099],[-71.326082599901397,-33.108452199863798],[-71.327272999705301,-33.109163799878402],[-71.327924800207398,-33.1091876000919],[-71.3285326003287,-33.1091925000907],[-71.329859200000897,-33.109458700095502],[-71.331912199869805,-33.109157899862403],[-71.333474300080198,-33.108942699876202],[-71.334631400234798,-33.107900200192397],[-71.335849699914704,-33.106595800236597],[-71.336853400158006,-33.106012100300298],[-71.338822599787306,-33.106013000271197],[-71.339797899792998,-33.105488099699699],[-71.340425499681402,-33.104324700328299],[-71.341187800149996,-33.103452000161397],[-71.342730099695004,-33.102429300220699],[-71.343557299849707,-33.1028063002598],[-71.344461700321503,-33.102864699647697],[-71.346044800448396,-33.101732300256799],[-71.348276900130401,-33.101419500175602],[-71.349988700091401,-33.101299499706599],[-71.351599600381405,-33.1000645999952],[-71.352697700086395,-33.0996587998415],[-71.353925500348694,-33.099724600273703],[-71.355010799959302,-33.0993473996324],[-71.356382500448603,-33.098581200319799],[-71.358169399567402,-33.098255800360697],[-71.358762199620003,-33.0981101997872],[-71.359491200439393,-33.097301300059101],[-71.360338800435798,-33.095588200285697],[-71.361354800412101,-33.0946056998175],[-71.3628009999846,-33.094060199808602],[-71.363835300439803,-33.093705100238999],[-71.365497199885098,-33.093428700051199],[-71.367120499620896,-33.092328099923797],[-71.366806100051306,-33.0916772999201],[-71.366675200242994,-33.090532199744104],[-71.366644699744199,-33.088771699796801],[-71.366737500204593,-33.087275900159],[-71.3664188003997,-33.086758600083499],[-71.3664606996212,-33.086475000022602],[-71.366867799938305,-33.085734299955597],[-71.369850399819299,-33.082992100346999],[-71.371100300434307,-33.082324599876998],[-71.369890700039605,-33.080275399660302],[-71.3698214004053,-33.0797549000402],[-71.370540299669301,-33.079794899730601],[-71.371229600343,-33.079734400013102],[-71.372598100135093,-33.080028699705601],[-71.374043800244294,-33.081326800190404],[-71.374618299817996,-33.082084199654702],[-71.376023200243594,-33.082138600227204],[-71.376568299754695,-33.080546700240099],[-71.377208099662894,-33.079317999658301],[-71.378404599925801,-33.0769673997303],[-71.378751199606896,-33.076030600111999],[-71.379331900250904,-33.074102000118202],[-71.380178099773801,-33.074507300216901],[-71.380366100094804,-33.074727700209003],[-71.380510000321806,-33.074788600069901],[-71.380844499695996,-33.0747968999055],[-71.381108200147594,-33.0747470000113],[-71.381524100361204,-33.074569799830897],[-71.382038899697804,-33.074461499657502],[-71.382574500423004,-33.074544599908798],[-71.384561699595594,-33.074550000161601],[-71.385663600072505,-33.075177299666699],[-71.386224700375394,-33.074871200185797],[-71.386744000271506,-33.074420600258698],[-71.387289500431095,-33.074006399902999],[-71.388084300150098,-33.073622700242801],[-71.388274500445206,-33.0732332997285],[-71.389103799962697,-33.072826400150703],[-71.389939299652298,-33.072616699784199],[-71.390517299960607,-33.072168000355497],[-71.390968200334299,-33.071512200250098],[-71.392034099927898,-33.0707286001307],[-71.392471500419504,-33.0705477001868],[-71.395756500174699,-33.070133200054499],[-71.396284800291596,-33.070040200187002],[-71.398154300399099,-33.068288499888503],[-71.399024200174097,-33.067757999763799],[-71.400123599741306,-33.067542200069703],[-71.399875800368505,-33.064573899714603],[-71.399551900216395,-33.061004100317],[-71.398968999598196,-33.061229500044099],[-71.398905699811706,-33.059821599809602],[-71.398730099834907,-33.0597920003529],[-71.398571000113293,-33.0553953002754],[-71.399214500182197,-33.055691800078598],[-71.398798399644306,-33.050802100141802],[-71.398335799612298,-33.0461402996592],[-71.398330999913796,-33.046110700120899],[-71.398326099603906,-33.046080999670998],[-71.3983262999282,-33.046003499694798],[-71.399822799766795,-33.045748499728901],[-71.39975910023,-33.041317199654699],[-71.399726200331003,-33.037962400046403],[-71.399565899561793,-33.037959799708602],[-71.399433600178298,-33.029353800371602],[-71.400573999753405,-33.013228500158299]]]}},
{"type":"Feature","properties":{"name":"Valparaíso"},"geometry":{"type":"MultiPolygon","coordinates":[[[[-71.661251599814406,-33.050254000326802],[-71.661213999929899,-33.050274200013803],[-71.6611523000429,-33.050278699708699],[-71.661138899873805,-33.050296699991598],[-71.661138899873805,-33.050339399635703],[-71.661163099589203,-33.050357399906197],[-71.661235500207894,-33.050364099746602],[-71.661251599814406,-33.050393399683202],[-71.661289099985893,-33.050409099650402],[-71.661337399703797,-33.050384400305099],[-71.661364200042001,-33.050355199756197],[-71.661417900431402,-33.0503462003742],[-71.661458100040306,-33.0503168996689],[-71.661462700312896,-33.0502775996327],[-71.661444699871296,-33.050226999887897],[-71.661399099590795,-33.050215800339302],[-71.661348100435504,-33.050200000193797],[-71.661302500155003,-33.0502315003381],[-71.661251599814406,-33.050254000326802]]],[[[-71.659899699990504,-33.045874399682098],[-71.659851400272601,-33.0458900997019],[-71.659835400379094,-33.045912600046798],[-71.659778999653994,-33.045912600046798],[-71.659795100158803,-33.045930599716101],[-71.659824599934396,-33.045955300310602],[-71.659816600436798,-33.045975500230703],[-71.659838000103505,-33.045988999973403],[-71.659889000157193,-33.045991299628199],[-71.659940000210796,-33.046002499714099],[-71.659988200215693,-33.045988999973403],[-71.659990899653096,-33.045944100218698],[-71.659982099756604,-33.045924999668799],[-71.660003500321594,-33.045891199832703],[-71.659956099817293,-33.0458586002636],[-71.659899699990504,-33.045874399682098]]],[[[-71.658166999826094,-33.036887399689199],[-71.658119699933096,-33.036879100044402],[-71.658089200332597,-33.036912099807402],[-71.6580999998789,-33.0369367999185],[-71.658057099934197,-33.036959300291201],[-71.658034800155605,-33.036982900147102],[-71.658032900218799,-33.037017799877802],[-71.6580410003277,-33.037053799835803],[-71.658072300327106,-33.037079600148097],[-71.658097300441497,-33.037094199988701],[-71.658148199883797,-33.037101000243702],[-71.658175099934994,-33.037087499891904],[-71.658209899770796,-33.037058300205999],[-71.658215300442293,-33.037015499988797],[-71.658207300046399,-33.036977300284001],[-71.6581991999374,-33.0369526001842],[-71.658166999826094,-33.036887399689199]]],[[[-71.6574857004466,-33.0339394997984],[-71.657472300277504,-33.033917000160699],[-71.657421399936894,-33.033901300266201],[-71.657402599994597,-33.033858500021502],[-71.657365000110104,-33.033865299773197],[-71.657340900107698,-33.033887800177197],[-71.657332899711704,-33.033919199968203],[-71.657356999714196,-33.033950699910399],[-71.657362400385693,-33.033984499809499],[-71.657370399883305,-33.034011399793499],[-71.657429400332802,-33.034022700058799],[-71.657467000217395,-33.034004700215498],[-71.657493000156606,-33.0339653002695],[-71.6574857004466,-33.0339394997984]]],[[[-71.658081199936703,-33.0333008997695],[-71.658054399598498,-33.0332985997834],[-71.657973899769203,-33.0333008997695],[-71.657933700160299,-33.033316599770899],[-71.657924799652406,-33.033353700022403],[-71.657893399939994,-33.033359300115798],[-71.657868500437004,-33.033367200193197],[-71.657839800161995,-33.033381799895899],[-71.657807600050603,-33.033390800258204],[-71.657791500444105,-33.0334222996362],[-71.657804899714804,-33.033453799756003],[-71.657868500437004,-33.033463899643799],[-71.657884600043502,-33.033499900300797],[-71.657925600051399,-33.033503199651101],[-71.657963199935907,-33.033471799711798],[-71.6579926997115,-33.033451499774003],[-71.658051700161096,-33.033442500170999],[-71.658089200332597,-33.033456000328201],[-71.658088399933703,-33.033493099767803],[-71.658051700161096,-33.0335054996319],[-71.658019500049704,-33.033523500330197],[-71.657997200271097,-33.033556099945599],[-71.657992800322802,-33.033562599985302],[-71.658035599656202,-33.033588700302097],[-71.658046300387895,-33.0336133998387],[-71.658080400436106,-33.033636999837803],[-71.658121400443903,-33.033647199867303],[-71.658163499989698,-33.033636999837803],[-71.658185799768404,-33.0336112000236],[-71.658212600106594,-33.033597699890102],[-71.658250199991102,-33.033566199821699],[-71.658250199991102,-33.033539200292097],[-71.658252900326801,-33.033500999833201],[-71.658233299985596,-33.033472899997697],[-71.658215300442293,-33.033451499774003],[-71.6581991999374,-33.033431299994298],[-71.6581991999374,-33.033393100241803],[-71.658207300046399,-33.033366099905997],[-71.658193800164298,-33.033323400317599],[-71.658160900265301,-33.033292999686097],[-71.658121400443903,-33.033285100355201],[-71.658081199936703,-33.0333008997695]]],[[[-71.657421399936894,-33.032306999709199],[-71.657362400385693,-33.0323226998878],[-71.657311400332006,-33.032338400063502],[-71.657289900053996,-33.032351899636801],[-71.6572461997104,-33.032371000117401],[-71.657241700049099,-33.0323991997153],[-71.657260400278403,-33.032435099890101],[-71.657319399829603,-33.032444100348997],[-71.657373100219004,-33.032457599906202],[-71.657402599994597,-33.032477900072998],[-71.657437500441702,-33.032491399624902],[-71.657477700050705,-33.0324643997659],[-71.657474999714907,-33.032430600036797],[-71.6574608000453,-33.032366599671903],[-71.657421399936894,-33.032306999709199]]],[[[-71.656552299662494,-33.030633899837703],[-71.6565336003315,-33.030674400087797],[-71.656506700280303,-33.0307103996251],[-71.656493300111194,-33.0307418999612],[-71.656488000050999,-33.030786900099102],[-71.656509399717706,-33.030825100228299],[-71.656549699937997,-33.030854299720502],[-71.6565844997738,-33.030910500299498],[-71.656597100442298,-33.030929600339398],[-71.656642699824403,-33.030970099700397],[-71.656667699938794,-33.030989199727401],[-71.656683800443602,-33.0310117001126],[-71.656666900438196,-33.031037600100497],[-71.656672199600095,-33.0310736002425],[-71.656704399711401,-33.031084799965697],[-71.656748100054998,-33.031076899683598],[-71.656780300166403,-33.031054400068101],[-71.656817099652002,-33.031053299752102],[-71.656843899990207,-33.031019599647401],[-71.656860799995599,-33.0309801998729],[-71.656860799995599,-33.030955500351297],[-71.656881400161694,-33.030918399843301],[-71.6568983001672,-33.030885800005201],[-71.6569064002761,-33.030831800048198],[-71.656909099713502,-33.0307418999612],[-71.656914399773697,-33.030696899800397],[-71.656874200164694,-33.030658700368697],[-71.656851900386101,-33.030621599735802],[-71.656817099652002,-33.030610299787497],[-71.656790199600806,-33.030655299992702],[-71.656782200103194,-33.030682299652803],[-71.656753499828199,-33.030672200199298],[-71.656748100054998,-33.030642899727503],[-71.656702499774596,-33.030642899727503],[-71.656668699763699,-33.030663500057699],[-71.656622099658307,-33.030651900369598],[-71.656586399710605,-33.030626099681399],[-71.656552299662494,-33.030633899837703]]],[[[-71.654505800002994,-33.0271214001069],[-71.654475499828493,-33.027136000091197],[-71.654502300166598,-33.0271786996651],[-71.6545299000054,-33.027245100346001],[-71.654534500278004,-33.027293400345897],[-71.654564000053597,-33.027311400053797],[-71.654599700001299,-33.027281099777802],[-71.654589000168002,-33.027233799964797],[-71.654578199723304,-33.027200099905897],[-71.654578199723304,-33.027168599810103],[-71.654575500285901,-33.027141599826599],[-71.654532600341199,-33.027132600332301],[-71.654505800002994,-33.0271214001069]]],[[[-71.656155399715402,-33.028772000188802],[-71.656133099936795,-33.028788900003498],[-71.656155399715402,-33.028828199836298],[-71.656173300444095,-33.028860799682398],[-71.656200999995804,-33.028895700370597],[-71.656208199992903,-33.028917000026397],[-71.6562116998292,-33.0289585999015],[-71.656214400164998,-33.028992400209198],[-71.656219700225094,-33.029028300265601],[-71.656241199604807,-33.029057599767903],[-71.656273399716198,-33.029059799696697],[-71.656308300163303,-33.028987900180098],[-71.656335099603197,-33.0289675999624],[-71.656363799878207,-33.028986699670199],[-71.656388700279507,-33.029005900294997],[-71.656391399716995,-33.029041800346],[-71.656418200055199,-33.029066599818698],[-71.656369099938402,-33.029090200282297],[-71.6563189999966,-33.029100299917097],[-71.656267999942997,-33.029113799986398],[-71.656270700278796,-33.029165500149098],[-71.656299399655495,-33.0291800997948],[-71.656299399655495,-33.029216099942403],[-71.656299399655495,-33.029243100043502],[-71.656312799824505,-33.029256600091003],[-71.656379900383001,-33.029254299999302],[-71.656436999997396,-33.029201500302698],[-71.656431600224295,-33.029174500188901],[-71.656436999997396,-33.029140800118803],[-71.656463800335601,-33.029091299869698],[-71.656520099551102,-33.029039599663498],[-71.656549699937997,-33.029026100335997],[-71.656581800336397,-33.029012600253203],[-71.656622099658307,-33.0289834001508],[-71.656623899882206,-33.028917000026397],[-71.656614000447703,-33.028882200267901],[-71.656610499713096,-33.028842800291002],[-71.656622099658307,-33.028790000347797],[-71.656648099597604,-33.028750600329701],[-71.656675700334702,-33.0287382999649],[-71.656710599883496,-33.028769700084503],[-71.656753499828199,-33.028758500067099],[-71.656779499767495,-33.028723600077697],[-71.656776800330107,-33.028701200029701],[-71.656760699825199,-33.028671899655798],[-71.656733900385305,-33.0286427001937],[-71.6567071000471,-33.0286111998603],[-71.656664999602995,-33.028603300109701],[-71.656614000447703,-33.028632599753301],[-71.656560399771394,-33.028666300017598],[-71.656528199660002,-33.028682000091699],[-71.656482600277897,-33.028720299795303],[-71.656458500275406,-33.028744999943299],[-71.656418200055199,-33.028747300048302],[-71.656375300110398,-33.028706799665699],[-71.656337799938896,-33.028663999910599],[-71.656276100051898,-33.028657299925896],[-71.656243899940606,-33.028666300017598],[-71.656219700225094,-33.0286910001808],[-71.656217099602401,-33.028731499817603],[-71.656222399662596,-33.028751699921301],[-71.656190199551205,-33.028754000026098],[-71.656155399715402,-33.028772000188802]]],[[[-71.656402100448602,-33.029457900051099],[-71.656379900383001,-33.029501700341697],[-71.656387899880599,-33.029537700357999],[-71.656379900383001,-33.029584900273399],[-71.656361899941302,-33.029615299924799],[-71.656369900337296,-33.029671499787597],[-71.656383400219397,-33.029707499734599],[-71.656412899995004,-33.029732200359099],[-71.656439700333195,-33.029693999756198],[-71.656501400220094,-33.029678199695198],[-71.656522799886801,-33.029696199669097],[-71.656576500276202,-33.0296804997758],[-71.656594400106599,-33.029647900232902],[-71.656589900445297,-33.029594999851597],[-71.656536200055896,-33.029597299934302],[-71.6564852997153,-33.029599499849702],[-71.656461099999902,-33.029581499856],[-71.656474500168997,-33.029536600023],[-71.656482600277897,-33.029502799924103],[-71.656460299600894,-33.0294679996437],[-71.65644160027,-33.0294432002839],[-71.656402100448602,-33.029457900051099]]],[[[-71.656445000393305,-33.029885099759603],[-71.656407500221803,-33.029887399834799],[-71.656404799886005,-33.029918800298198],[-71.656394100052694,-33.029939100296801],[-71.656394100052694,-33.0299728000615],[-71.656396800388507,-33.030010999790498],[-71.656396800388507,-33.030028999696398],[-71.6564263001641,-33.030037999648002],[-71.656428800175505,-33.029994600291303],[-71.656461099999902,-33.029986299997198],[-71.656469200108802,-33.030013299862297],[-71.656458500275406,-33.030037999648002],[-71.656445000393305,-33.030058300372303],[-71.656436999997396,-33.030098699966999],[-71.656445000393305,-33.0301369998081],[-71.6564771996064,-33.030157200342899],[-71.656520099551102,-33.030163999627099],[-71.656557700333906,-33.030150499718602],[-71.6565925998827,-33.030150499718602],[-71.656622099658307,-33.0301166998551],[-71.656608700387594,-33.030085300215397],[-71.6565925998827,-33.030042499623498],[-71.656565699831503,-33.030006499813403],[-71.656554199599299,-33.029989699645903],[-71.656516700326094,-33.029931199911999],[-71.656493300111194,-33.029914300316399],[-71.656493300111194,-33.029889599742901],[-71.656445000393305,-33.029885099759603]]],[[[-71.736224599964899,-33.115892900306797],[-71.736302400356706,-33.115922100170998],[-71.736339899629897,-33.1158862001896],[-71.736347999738896,-33.115838999900397],[-71.7363210996877,-33.115814300113598],[-71.736276100380195,-33.115776300138599],[-71.736243399907195,-33.115816500131402],[-71.736171499650197,-33.115823499709101],[-71.7361629000779,-33.115859200330199],[-71.736224599964899,-33.115892900306797]]],[[[-71.719734500280495,-33.130835599711801],[-71.719707699942305,-33.130810899629097],[-71.719646000055306,-33.130837800105603],[-71.719621800339894,-33.130844499834197],[-71.719592299666004,-33.130862500180697],[-71.719584699918698,-33.130891899685302],[-71.719557899580494,-33.130914400105603],[-71.719568199663499,-33.130941099694198],[-71.7196056998351,-33.13095689963],[-71.719629900448794,-33.130974799901402],[-71.719653999552904,-33.130992800221101],[-71.719694299773195,-33.1309994999379],[-71.719731799944796,-33.130992800221101],[-71.719755999660194,-33.130965799740103],[-71.719755999660194,-33.130932100281697],[-71.719756400308796,-33.130900899854097],[-71.719756400308796,-33.130878500234701],[-71.719734500280495,-33.130835599711801]]],[[[-71.720659700344399,-33.130898500110099],[-71.7206651001176,-33.1308692999595],[-71.720630199670495,-33.130864799873599],[-71.720576599892496,-33.130889499941098],[-71.720558300311794,-33.130916599745198],[-71.720509500232296,-33.130932100281697],[-71.720493999802102,-33.130948100323103],[-71.720488099667307,-33.130983800061699],[-71.720514900005497,-33.131006299706101],[-71.720533699947794,-33.131026499656201],[-71.720576599892496,-33.131030999733802],[-71.720558300311794,-33.131004200120699],[-71.7205556996891,-33.130963800205699],[-71.720608800003802,-33.1309545999394],[-71.720640900402202,-33.130929899890297],[-71.720659700344399,-33.130898500110099]]],[[[-71.720590000061506,-33.130721000116303],[-71.720539000007903,-33.1307276998539],[-71.720510100306896,-33.130748200024598],[-71.720493399727502,-33.130756900051601],[-71.720474599785206,-33.130777200111197],[-71.720455899555901,-33.130815299665699],[-71.720501499836402,-33.130842300192903],[-71.720512199669699,-33.1308602997875],[-71.720568499783496,-33.130848999921199],[-71.720608800003802,-33.130842300192903],[-71.720625399971993,-33.13080429995],[-71.720622200172897,-33.130770400325197],[-71.720614100063997,-33.130738999735797],[-71.720590000061506,-33.130721000116303]]],[[[-71.720408100199705,-33.130375300184902],[-71.720372700289303,-33.130370599968401],[-71.720359300120194,-33.130399800284899],[-71.7203437996899,-33.130435999756898],[-71.720292799636297,-33.130451699731097],[-71.720286900399799,-33.130467200349798],[-71.720335200117702,-33.130496399881899],[-71.720332499782003,-33.130514400299603],[-71.720308399779498,-33.130543599816001],[-71.720303000006396,-33.130577300175901],[-71.720335699581,-33.1306044000764],[-71.720386099560002,-33.130606499671302],[-71.7204585998917,-33.130606499671302],[-71.720488099667307,-33.130606499671302],[-71.720539000007903,-33.130579499823902],[-71.720547100116804,-33.130539099713403],[-71.720542199806999,-33.130507899898497],[-71.720526100200402,-33.1304809000207],[-71.720509500232296,-33.130471699703797],[-71.720469800086605,-33.130453900134597],[-71.720464500026495,-33.130406800204803],[-71.720408100199705,-33.130375300184902]]],[[[-71.719656699888702,-33.129058800185],[-71.719619199717201,-33.129020699868299],[-71.719549399721302,-33.1290364000956],[-71.719517199609896,-33.1290409002752],[-71.7195145998855,-33.129081300322802],[-71.719552100057001,-33.1291149997394],[-71.719557499830202,-33.129148699895403],[-71.7196056998351,-33.129164400099803],[-71.719619199717201,-33.129112800054699],[-71.719662099661903,-33.129119499915099],[-71.719656699888702,-33.129058800185]]],[[[-71.7197800996626,-33.128993700285399],[-71.719747899551294,-33.128973499867598],[-71.7197130000025,-33.1289825002331],[-71.719710400278004,-33.129020699868299],[-71.719758600283001,-33.129052100320102],[-71.719782799998399,-33.129079099884997],[-71.719815000109705,-33.129072299967497],[-71.719807299751096,-33.129025400156998],[-71.7197800996626,-33.128993700285399]]],[[[-71.726796599598401,-33.125255999963201],[-71.726729599651307,-33.125255999963201],[-71.7267403003829,-33.125298600028103],[-71.726759100325197,-33.125334599982097],[-71.726804699707301,-33.125361499879602],[-71.726834699844503,-33.125332600319403],[-71.726852899712199,-33.125343599968303],[-71.726895900268204,-33.1253907003574],[-71.726914599599198,-33.125410900094899],[-71.726909300437299,-33.125433399663002],[-71.726847599652004,-33.125444600168002],[-71.726842199878902,-33.125478300228103],[-71.726869000216993,-33.125491799808799],[-71.726920000270695,-33.1254850996717],[-71.726949500046302,-33.125491799808799],[-71.726971499787595,-33.125503299728599],[-71.726997799764206,-33.125518799716303],[-71.727027300438095,-33.125545700309601],[-71.727040699708894,-33.125561399653698],[-71.727092200124105,-33.125586399882799],[-71.727150700212107,-33.125601899855802],[-71.727164100381103,-33.125617599942103],[-71.727201599654407,-33.125624300069198],[-71.727241899874599,-33.125608599983998],[-71.727249900270607,-33.125565900011402],[-71.727231100328297,-33.125545700309601],[-71.727167300180199,-33.1255235001925],[-71.727110399991801,-33.125503000306402],[-71.727091699762497,-33.125494099642403],[-71.727070200382798,-33.125455899977503],[-71.727078199880395,-33.125424399685997],[-71.727105099931606,-33.125393000193696],[-71.727134599707199,-33.125404199951603],[-71.727156600346802,-33.1254156998829],[-71.727188200383594,-33.125433399663002],[-71.727220399596604,-33.125433399663002],[-71.727265999877105,-33.125449099779402],[-71.727300900324195,-33.125467099727402],[-71.727314299594994,-33.125482799837798],[-71.727327699764004,-33.1255053001397],[-71.727359899875395,-33.125541199950803],[-71.7273867002136,-33.125561399653698],[-71.727408199593299,-33.125530000210397],[-71.727405500155896,-33.125494099642403],[-71.727387199676897,-33.125458299870303],[-71.727392099986801,-33.125424399685997],[-71.727418900324906,-33.125388499827103],[-71.727432299595705,-33.125348100337199],[-71.727400100382695,-33.125314400227097],[-71.727397400046897,-33.125278400264797],[-71.727359899875395,-33.125235700131597],[-71.727327699764004,-33.125208800195601],[-71.727293400289895,-33.125209000312701],[-71.727269199676101,-33.125200000312702],[-71.727241899874599,-33.1251728001901],[-71.727215599898003,-33.125148400194703],[-71.727188200383594,-33.125130200064199],[-71.727161900406998,-33.125105699998301],[-71.727153299936504,-33.125074000216003],[-71.727156600346802,-33.125053999766202],[-71.727137300042997,-33.125024599811198],[-71.727083599653596,-33.125020100177998],[-71.727046100380306,-33.125047000171797],[-71.727000999563202,-33.125051799979701],[-71.726973600048694,-33.125038100213899],[-71.726974200123294,-33.125006799890002],[-71.726963399678695,-33.1249866000596],[-71.726879799763395,-33.124968399895501],[-71.726842700240496,-33.124968700071797],[-71.726815400438994,-33.124993100117202],[-71.726823399936606,-33.125024599811198],[-71.726793900160999,-33.125033599829202],[-71.726772999957603,-33.125040500118097],[-71.726742999820303,-33.125065000202198],[-71.726742999820303,-33.125096499870402],[-71.726778399730705,-33.125121400173299],[-71.726780499991904,-33.125148100018897],[-71.726732200274,-33.125157100024197],[-71.726710799708997,-33.125159399866597],[-71.726734899711403,-33.125197599660503],[-71.726778399730705,-33.125215699718602],[-71.726829300071401,-33.125240499929198],[-71.726796599598401,-33.125255999963201]]],[[[-71.726314400123499,-33.125793000011399],[-71.7262602002709,-33.125761399782903],[-71.726198999847199,-33.1257414002419],[-71.726179700441605,-33.125759099956298],[-71.726174299770193,-33.125795099721401],[-71.726185100214806,-33.125828799647103],[-71.726217300326198,-33.125860199735797],[-71.726249999900801,-33.125876199949197],[-71.726268199768498,-33.125896100154101],[-71.726316500384698,-33.125900599742401],[-71.726337999764397,-33.125862500312103],[-71.726343299824507,-33.125826499822203],[-71.726314400123499,-33.125793000011399]]],[[[-71.726148100404899,-33.123906100219997],[-71.726120699992094,-33.123881200324803],[-71.726080500383105,-33.123894700150998],[-71.726045599936,-33.123876699880697],[-71.726027400068403,-33.123903899652497],[-71.725995199956998,-33.123912899785303],[-71.725994599882398,-33.1239464003134],[-71.726029500329503,-33.123986799695899],[-71.726053600331994,-33.124015999878502],[-71.726083100107601,-33.124056399981299],[-71.726123400327893,-33.124092399692202],[-71.726150199767702,-33.124121599839803],[-71.726177000105906,-33.124150799977699],[-71.726233399932696,-33.124159800085202],[-71.726278899601795,-33.124148500108902],[-71.726332599991196,-33.1241102998586],[-71.726370100162697,-33.124065400098502],[-71.726365299565899,-33.124027399931798],[-71.726327800292694,-33.124005000063299],[-71.726300399879904,-33.123984499822697],[-71.726295600181302,-33.123935399737199],[-71.726266100405695,-33.123915100352598],[-71.726231199958605,-33.123928600173599],[-71.726196300409796,-33.123930900048201],[-71.726148100404899,-33.123906100219997]]],[[[-71.726455999765193,-33.123061300167201],[-71.726410400383003,-33.1230366001544],[-71.726337999764397,-33.1230366001544],[-71.726300399879904,-33.123047800212802],[-71.726270900104197,-33.123065799900701],[-71.7262602002709,-33.123088300069597],[-71.726276299877398,-33.123115199902898],[-71.726308499988804,-33.123133200329299],[-71.7263191998221,-33.123155599667797],[-71.726335300326994,-33.123175899980197],[-71.726378699734994,-33.123194099763502],[-71.726402300274103,-33.1232162997172],[-71.7264264999895,-33.1232364999548],[-71.726485500439097,-33.123220800195099],[-71.726522999712301,-33.123193800333397],[-71.726563299932593,-33.123175899980197],[-71.726568599992802,-33.123139899893602],[-71.726531600182796,-33.123095199759199],[-71.726491399675595,-33.123079499974203],[-71.726455999765193,-33.123061300167201]]],[[[-71.727563699765597,-33.1224569998828],[-71.727562499616397,-33.122422000118199],[-71.727499400154201,-33.122418799648997],[-71.727456399598196,-33.122412100029699],[-71.727426899822504,-33.122445799749002],[-71.727432299595705,-33.1224704999279],[-71.727491300045301,-33.1224817000586],[-71.727526199594095,-33.1224861998218],[-71.727563699765597,-33.1224569998828]]],[[[-71.723363400279297,-33.1267698999226],[-71.723323199771997,-33.1267698999226],[-71.723312400225595,-33.126716000173303],[-71.723269500280907,-33.126691299683898],[-71.723234599833802,-33.126702600085402],[-71.723269500280907,-33.126745200200702],[-71.723293699996404,-33.126763199883001],[-71.723293699996404,-33.126803600226403],[-71.723341900001202,-33.126826100189902],[-71.723384799945904,-33.126810400319599],[-71.723411699997101,-33.1268351000232],[-71.723443900108506,-33.126812600062003],[-71.723468000110898,-33.126823899695502],[-71.723473399884099,-33.126796900189397],[-71.723465800136793,-33.126776900131901],[-71.723433699738393,-33.126772399836199],[-71.723403599888201,-33.126772199722801],[-71.723363400279297,-33.1267698999226]]],[[[-71.725337500218401,-33.125449099779402],[-71.725369700329694,-33.125491799808799],[-71.725396499769602,-33.125534499817398],[-71.725423300107806,-33.125557000106099],[-71.725447499823204,-33.125577199805299],[-71.725471599825696,-33.125606400211502],[-71.725490399767907,-33.125633300025697],[-71.725525199603695,-33.125649100164402],[-71.725568200159799,-33.125658000060398],[-71.725562800386598,-33.125606400211502],[-71.725546699881804,-33.125565900011402],[-71.725539199847404,-33.1255279997999],[-71.725539199847404,-33.125489800149701],[-71.725517200106097,-33.125451400366401],[-71.725487700330504,-33.125424399685997],[-71.725455500219198,-33.125399700337901],[-71.725437300351501,-33.125381999798698],[-71.725404500165496,-33.125359300100797],[-71.725364299658295,-33.125348100337199],[-71.725335300244296,-33.125332600319403],[-71.725308000442794,-33.125316600006997],[-71.725270999734505,-33.125312299753197],[-71.725265099599795,-33.125343599968303],[-71.725289199602202,-33.1253907003574],[-71.725337500218401,-33.125449099779402]]],[[[-71.725128299656703,-33.125658000060398],[-71.725090699772196,-33.125604099628497],[-71.725069300105503,-33.125563700237798],[-71.725040299793207,-33.1255302003267],[-71.725007600218504,-33.125509799748002],[-71.7250108000175,-33.125462800233301],[-71.724978599906194,-33.1254493999541],[-71.724913700220199,-33.125469400313897],[-71.724897599715305,-33.125503000306402],[-71.724897599715305,-33.125543499783198],[-71.724886899881994,-33.125574899973898],[-71.724871299738794,-33.125611099930701],[-71.724876200048598,-33.125644599810897],[-71.724913700220199,-33.125673800194598],[-71.724932500162396,-33.125711999764803],[-71.724945900331505,-33.125736699777299],[-71.724975400107098,-33.125763600303898],[-71.724980799880299,-33.1257906001278],[-71.725050500163206,-33.125862500312103],[-71.725104099941305,-33.125871400186398],[-71.725149700221706,-33.125889400047797],[-71.725165799828204,-33.125920900172503],[-71.725200700275394,-33.125954499992197],[-71.725230200051001,-33.125968000252001],[-71.7252329003867,-33.1259904996773],[-71.725214599907702,-33.126026700215],[-71.725248999993198,-33.1260579001179],[-71.725297299711102,-33.126069099791003],[-71.725321900075201,-33.126035600072697],[-71.725334799882603,-33.126001700111303],[-71.725346099790599,-33.125956999929002],[-71.7253321004452,-33.125914100010498],[-71.725305300106996,-33.125869199668102],[-71.7252843999036,-33.125824500170701],[-71.725262899625605,-33.125779599782497],[-71.725246299657499,-33.125747900243702],[-71.725238799623199,-33.1257189000004],[-71.725195899678496,-33.125687499861201],[-71.725128299656703,-33.125658000060398]]],[[[-71.725235599824103,-33.125523300076203],[-71.725257000389107,-33.1255053001397],[-71.725257000389107,-33.125478300228103],[-71.725246299657499,-33.125444600168002],[-71.725238300159901,-33.125415399708103],[-71.725216799881906,-33.125379499845501],[-71.7251926998794,-33.125350300116303],[-71.7251845997705,-33.125318899845198],[-71.725160499768094,-33.125298600028103],[-71.725122899883502,-33.125264899899001],[-71.7250772996031,-33.125273899892399],[-71.725045100390005,-33.125276199731701],[-71.725032300295595,-33.125296600364599],[-71.725021000387599,-33.125327799774603],[-71.725021000387599,-33.125361499879602],[-71.725028999885197,-33.125388499827103],[-71.725053199600595,-33.125413199930598],[-71.725079999938799,-33.125433399663002],[-71.725104099941305,-33.1254580997538],[-71.725117599823307,-33.125491799808799],[-71.725155099994893,-33.1255053001397],[-71.725160499768094,-33.125530000210397],[-71.725195299603897,-33.125545700309601],[-71.725235599824103,-33.125523300076203]]],[[[-71.7226273997872,-33.127606799761303],[-71.722580199607194,-33.127576300047203],[-71.722537299662505,-33.127569600069101],[-71.722497000340496,-33.1275785998263],[-71.722478300111305,-33.1276100000415],[-71.722478300111305,-33.1276391997716],[-71.7225050995511,-33.127663899994303],[-71.722542599722701,-33.127697599954999],[-71.722574799834007,-33.127702100203201],[-71.722639200056804,-33.127679699767597],[-71.7226273997872,-33.127606799761303]]],[[[-71.719460900394395,-33.131015299863201],[-71.719482399774094,-33.131044499965299],[-71.719474299665194,-33.131078100080998],[-71.719477000000893,-33.131111800235701],[-71.719503800339098,-33.131136500233602],[-71.719517199609896,-33.131147800062898],[-71.719539099638197,-33.131157000308903],[-71.719576200059393,-33.131149999696603],[-71.7196056998351,-33.131170200365901],[-71.719643299719607,-33.131172500050802],[-71.719670100057797,-33.131143299991301],[-71.719643700368195,-33.131100799804898],[-71.719656699888702,-33.1310601998306],[-71.719616500279699,-33.131033200122701],[-71.719586999605795,-33.1310601998306],[-71.719560599916207,-33.131031199837601],[-71.719565899976402,-33.131001999731097],[-71.719549399721302,-33.130986099751397],[-71.719539099638197,-33.130957099733898],[-71.719503800339098,-33.130941099694198],[-71.719474700313796,-33.130954800043298],[-71.719468999604999,-33.130983800061699],[-71.719460900394395,-33.131015299863201]]],[[[-71.719332600310594,-33.131120999733199],[-71.719302699886398,-33.131105099775098],[-71.719265499752098,-33.131107600317499],[-71.719230600203304,-33.131112099638699],[-71.719214499698495,-33.131139000022898],[-71.719192700281496,-33.131158999838902],[-71.719163199607607,-33.131194900347403],[-71.719152499774196,-33.131228499653297],[-71.719131000394498,-33.131253200370701],[-71.719133699832,-33.131291399770198],[-71.719189999945797,-33.131291399770198],[-71.719267800337605,-33.131284700075597],[-71.719326799888805,-33.131264500184997],[-71.719350899891197,-33.131237499787602],[-71.719348699917106,-33.131199699819199],[-71.719356700313,-33.131163700013197],[-71.719332600310594,-33.131120999733199]]],[[[-71.712295699634694,-33.097447300075402],[-71.712320800360402,-33.097469300335199],[-71.712360999969306,-33.097496299825501],[-71.712393200080697,-33.097471600150001],[-71.712394899693194,-33.097424800111902],[-71.712378800086697,-33.097379900257799],[-71.712401199578295,-33.097341199956197],[-71.7124361000254,-33.097316500237099],[-71.712448600082595,-33.097278800058298],[-71.712433399689701,-33.097235800341601],[-71.712394899693194,-33.097191099819298],[-71.712344000250894,-33.097164200325601],[-71.712299300082407,-33.097145900327],[-71.712248300028804,-33.0971952998541],[-71.712242999968595,-33.097235800341601],[-71.712253699801906,-33.097280700269302],[-71.712234899859695,-33.097314299756],[-71.712232200422207,-33.097359199643599],[-71.712256400137704,-33.097410900372402],[-71.712295699634694,-33.097447300075402]]],[[[-71.700861400115997,-33.102255800254099],[-71.700896299664805,-33.102280500090203],[-71.700923100002996,-33.102260300300898],[-71.7009499003412,-33.102213100216296],[-71.7009499003412,-33.102179400259899],[-71.700941899945306,-33.102129899686503],[-71.700931200111896,-33.1020985001445],[-71.700915099607101,-33.102069300200803],[-71.700899000000604,-33.102057999640103],[-71.700856100055901,-33.102073800257202],[-71.700845299611203,-33.102087200340101],[-71.700839999550993,-33.102120900331798],[-71.700831900340404,-33.102152399950597],[-71.700826600280195,-33.102192800326698],[-71.700829200004705,-33.102219799871101],[-71.700861400115997,-33.102255800254099]]],[[[-71.699874399553806,-33.101534499969702],[-71.699836799669299,-33.101520999717003],[-71.699826099835903,-33.101550199842897],[-71.699808299718597,-33.101579000369803],[-71.699826999947803,-33.101612699803901],[-71.6998511996633,-33.101630700121603],[-71.699864599832395,-33.101666599908],[-71.699861900394893,-33.101695799985499],[-71.699826999947803,-33.1017250000533],[-71.699808299718597,-33.101736299904204],[-71.699800199609598,-33.101781199790501],[-71.699805600281096,-33.101805899760002],[-71.699818999551894,-33.101826199738902],[-71.699852900174093,-33.101828899780301],[-71.699874399553806,-33.101777200145101],[-71.699912900448595,-33.1017790001737],[-71.699942400224202,-33.101810399829901],[-71.699936999552705,-33.101839599859602],[-71.699923600281906,-33.101866600264998],[-71.699955800393298,-33.101909299718599],[-71.699989700117101,-33.101936699690199],[-71.699987999606293,-33.101967699702598],[-71.699962899778996,-33.102010800199402],[-71.699982599833106,-33.102059799662896],[-71.699997800226001,-33.102078300313302],[-71.700032200311597,-33.102133499729199],[-71.700075500006605,-33.102089500033998],[-71.700069899909096,-33.102142499835203],[-71.700129200395907,-33.102156900002797],[-71.700161399609001,-33.102134399739803],[-71.700199899605394,-33.102082299945003],[-71.700170399829801,-33.102026099647802],[-71.700159600283499,-33.102003700188803],[-71.700081799891606,-33.101940700080803],[-71.700109099693094,-33.101884900033397],[-71.7001559998358,-33.101891799883397],[-71.7001962003431,-33.101911999757398],[-71.700234700339493,-33.101918299847497],[-71.700249899834105,-33.101844600353402],[-71.700241799725205,-33.101817599941199],[-71.700253500281804,-33.101765499958603],[-71.700285700393195,-33.101740799977698],[-71.700324999890199,-33.101720999652798],[-71.700367899834902,-33.1017007997349],[-71.700394700173106,-33.101646899651797],[-71.700368799946801,-33.101579000369803],[-71.700366200222405,-33.1015429997097],[-71.700375900230796,-33.1015052998386],[-71.700339300171194,-33.101441899783502],[-71.700301799999707,-33.101424000265297],[-71.700268699776402,-33.101395199687502],[-71.700258900055005,-33.101369999926703],[-71.700209599613899,-33.1013862002576],[-71.700146200114304,-33.101356599734501],[-71.700127400172093,-33.101356599734501],[-71.700084500227405,-33.101365499834301],[-71.700033599886794,-33.101383500202601],[-71.700012099608799,-33.101459900136099],[-71.700021900228506,-33.101498600129297],[-71.700063099662401,-33.101536300003197],[-71.700063099662401,-33.101565500124003],[-71.700044299720105,-33.101594700235097],[-71.700009400171297,-33.101599200315803],[-71.6999494996099,-33.1015749999628],[-71.699926299719294,-33.101576799995499],[-71.699886000397399,-33.101572299913599],[-71.699874399553806,-33.101534499969702]]],[[[-71.6987165996117,-33.101630700121603],[-71.698686199724094,-33.101662600257399],[-71.698697799669404,-33.101716099989801],[-71.698705899778304,-33.101749800123798],[-71.698732700116494,-33.101796900372101],[-71.698782700345205,-33.101813099871698],[-71.698810499610005,-33.101812700283602],[-71.698794400003493,-33.101844099927703],[-71.698754099783201,-33.101855399763402],[-71.698722000283098,-33.101873299946199],[-71.698727300343293,-33.101913799783198],[-71.698755900007001,-33.101927700315699],[-71.698799700063603,-33.101949700206497],[-71.698821200341698,-33.101967699702598],[-71.698856099890406,-33.102008200248598],[-71.698856099890406,-33.102035099764798],[-71.698866799723803,-33.102062100110103],[-71.698882900228597,-33.102082299945003],[-71.698917799777405,-33.102102499775199],[-71.698967800006102,-33.102123200024899],[-71.699051900282996,-33.102109300275799],[-71.699067000064602,-33.102035600189303],[-71.699104599949194,-33.1019974001048],[-71.699120699555706,-33.101959200003698],[-71.699158199727194,-33.101938900055501],[-71.699179700005203,-33.101891799883397],[-71.699183299554605,-33.101830599722597],[-71.699132300399299,-33.101790199932502],[-71.699080400233697,-33.101772700073603],[-71.699041099838396,-33.101763200256102],[-71.699006300002594,-33.101770000030498],[-71.698992899833499,-33.101812700283602],[-71.698941899779896,-33.1017992000736],[-71.698903399783404,-33.1017525001675],[-71.698882900228597,-33.101713800286099],[-71.698853399554693,-33.1016778997665],[-71.698833700398794,-33.101651299644502],[-71.698807800172602,-33.101626200042503],[-71.698770200287996,-33.101623900336499],[-71.6987165996117,-33.101630700121603]]],[[[-71.697823400233105,-33.1018419003125],[-71.697787599674101,-33.101858099803799],[-71.697799300230599,-33.101895800275997],[-71.697815399837197,-33.101925000277298],[-71.697839499839603,-33.101958700331302],[-71.697911899559898,-33.101951999904003],[-71.697941400233901,-33.101925000277298],[-71.697964600124394,-33.101889500184299],[-71.697916400119496,-33.101846799968499],[-71.697887799557506,-33.101857600130799],[-71.697850199672899,-33.101839599859602],[-71.697823400233105,-33.1018419003125]]],[[[-71.693572099794807,-33.102489000203697],[-71.693611400190207,-33.1025073999268],[-71.693683799910502,-33.102527599659297],[-71.693703499964698,-33.1025653999287],[-71.693759899791402,-33.102585599647902],[-71.693828699962395,-33.102579300358101],[-71.693882299740494,-33.1025590998849],[-71.693936000129895,-33.102458000375101],[-71.693936000129895,-33.102419799721702],[-71.693939599679197,-33.102365399656897],[-71.693968099629899,-33.102336600140198],[-71.693979800186497,-33.102286800153998],[-71.693985199959698,-33.102244100131202],[-71.693958399621494,-33.102205900137399],[-71.6939235000727,-33.102190199628801],[-71.693896699734495,-33.102152000364001],[-71.693863499798198,-33.102138899792799],[-71.693802799736105,-33.102143000259098],[-71.693754500018301,-33.102143000259098],[-71.693711600073598,-33.102152000364001],[-71.693668700128896,-33.1021767002294],[-71.693614999739495,-33.102187899937498],[-71.693556000188295,-33.102178899836197],[-71.693523800076903,-33.102178899836197],[-71.693486299905402,-33.102199099644203],[-71.693462199902896,-33.102199099644203],[-71.693407600299906,-33.102219799871101],[-71.693386100021897,-33.102255800254099],[-71.693371000240305,-33.102291300199198],[-71.693378999737902,-33.102322699672399],[-71.693411199849294,-33.1023564003263],[-71.693470200298805,-33.102372100052698],[-71.693501399686994,-33.102422000075002],[-71.693526500412602,-33.102446300279198],[-71.693560499849497,-33.102471499731401],[-71.693572099794807,-33.102489000203697]]],[[[-71.691358400304793,-33.102631000273902],[-71.691379799971401,-33.102655700004597],[-71.691404899798798,-33.102659700362402],[-71.691477300417404,-33.102646300366899],[-71.6914952002478,-33.102611499649797],[-71.691552399575201,-33.102581100370202],[-71.691607799577099,-33.102577100008702],[-71.6916624000783,-33.102569899959697],[-71.691694600189706,-33.102538399738002],[-71.691717800080198,-33.102496200259402],[-71.691708000358801,-33.102452999916302],[-71.691678499684897,-33.1024260997754],[-71.691634599915304,-33.102408499958599],[-71.6915944003063,-33.102390599884799],[-71.691557800246699,-33.102383399820397],[-71.691498799797102,-33.102374399739098],[-71.691452199691795,-33.102368099681698],[-71.691420100191706,-33.102381599804197],[-71.691393200140496,-33.102435500189301],[-71.6913888001923,-33.102480000133198],[-71.6913888001923,-33.102513699974303],[-71.6913888001923,-33.102545200204801],[-71.691369100138104,-33.102601799754602],[-71.691358400304793,-33.102631000273902]]],[[[-71.688453500204204,-33.103347699762097],[-71.688398100202306,-33.103356300162602],[-71.688387899832193,-33.103419099841702],[-71.688390099806398,-33.103448400172702],[-71.688422299917704,-33.1034730996737],[-71.688446399920196,-33.103504600312803],[-71.688461600313104,-33.103540999749796],[-71.688489299864898,-33.103524799816199],[-71.688501799922093,-33.103495999926899],[-71.688494699638099,-33.103455099733402],[-71.688480299644098,-33.103419600258398],[-71.688488399752998,-33.103383699683],[-71.688483800378705,-33.103363099813699],[-71.688453500204204,-33.103347699762097]]],[[[-71.688289899922907,-33.103323000225899],[-71.688276499753798,-33.103266799969603],[-71.688221099751999,-33.103268599967699],[-71.688186200203205,-33.103311300245103],[-71.688186200203205,-33.1033428001898],[-71.688210399918603,-33.103376499699998],[-71.688222899975798,-33.103415100270901],[-71.6882613002592,-33.103428199899298],[-71.688289899922907,-33.103444399850702],[-71.688320400421802,-33.103434900213998],[-71.688322100034299,-33.103394899989901],[-71.688285499974697,-33.103362999730301],[-71.688289899922907,-33.103323000225899]]],[[[-71.685259000323995,-33.102947800150403],[-71.685218799816695,-33.102970300205101],[-71.6852465002668,-33.102990000164603],[-71.685260000148901,-33.1030215002245],[-71.685276000042407,-33.103046199845501],[-71.685305600429402,-33.1030799002219],[-71.685339500153205,-33.103093799817401],[-71.685382400098007,-33.103093799817401],[-71.685431599927796,-33.103082199889897],[-71.685442299761107,-33.103041699838897],[-71.685419900269494,-33.102997200179303],[-71.685375299813998,-33.102963100188198],[-71.685324299760296,-33.102965299775398],[-71.685259000323995,-33.102947800150403]]],[[[-71.681005000448295,-33.103257900062303],[-71.681026499827993,-33.103293799936502],[-71.681080099606007,-33.103275799959498],[-71.681083799766697,-33.103293400355099],[-71.681094499600107,-33.103318099899703],[-71.681140099880494,-33.103336099868002],[-71.6811641998829,-33.103358499739898],[-71.681203500278301,-33.103379199693698],[-71.681249099660405,-33.1033725001273],[-71.681287599656898,-33.1033203002305],[-71.681276899823501,-33.103250700068998],[-71.681274200386099,-33.103205700097398],[-71.681281299771797,-33.103159000186203],[-71.681298300388505,-33.103115900252497],[-71.681326900052298,-33.103071399878097],[-71.681349300442207,-33.103030500239498],[-71.681370799821906,-33.102990000164603],[-71.681391300274996,-33.102965800194703],[-71.681402000108307,-33.102929800102501],[-71.681359100163604,-33.102909599709903],[-71.681327800164198,-33.1029158997286],[-71.681306399599094,-33.102958600177402],[-71.681274200386099,-33.102996799844099],[-71.681231300441397,-33.1030102998701],[-71.681187399773506,-33.103028700236599],[-71.681153500049604,-33.103048500266802],[-71.681091800162605,-33.103039500253601],[-71.681075699657796,-33.103032699825],[-71.681029200163707,-33.103019700221402],[-71.680983599883305,-33.103046700264201],[-71.680938899714704,-33.103070900212003],[-71.680882599600906,-33.103091099815003],[-71.680871899767595,-33.103122599838599],[-71.680874500390303,-33.103151800184797],[-71.680917500047997,-33.103178800187003],[-71.680964799940995,-33.103201699764398],[-71.680975499774306,-33.103230900084398],[-71.681005000448295,-33.103257900062303]]],[[[-71.680509799656306,-33.103338300198402],[-71.680524900336295,-33.103368000137401],[-71.680516899940301,-33.1034061996261],[-71.680574100166098,-33.103423699912298],[-71.6806160999989,-33.103410600283198],[-71.6806242001078,-33.103363500147303],[-71.680627799657103,-33.103329300214902],[-71.680602699829805,-33.1032961003514],[-71.6805767996035,-33.103284400367102],[-71.680527899810997,-33.103317500151498],[-71.680509799656306,-33.103338300198402]]],[[[-71.681099799660203,-33.102866499653999],[-71.681053300166198,-33.1028984000938],[-71.681070299884595,-33.102909100042901],[-71.681070299884595,-33.102942899803303],[-71.681089099826906,-33.102960799764702],[-71.681133799995393,-33.102954499749302],[-71.6811641998829,-33.102929399767],[-71.681148100276403,-33.102886700056501],[-71.681126699711399,-33.102870999669499],[-71.681099799660203,-33.102866499653999]]],[[[-71.692420500024696,-33.102616299931199],[-71.692421499849601,-33.102657500015198],[-71.692463399969398,-33.102691700209],[-71.6925234002439,-33.1027249003008],[-71.692554599632004,-33.102741099629299],[-71.692611000357104,-33.102741099629299],[-71.692627000250695,-33.102702899851501],[-71.692600199912505,-33.102671399677497],[-71.692597499576706,-33.102631000273902],[-71.692560900415401,-33.102601300085801],[-71.6925144000231,-33.102595000044602],[-71.692472400190297,-33.102594599707501],[-71.692434900018696,-33.102603599766297],[-71.692420500024696,-33.102616299931199]]],[[[-71.734226300310297,-33.092096700336398],[-71.734199499972107,-33.092056199738998],[-71.734137800085193,-33.092060700308103],[-71.734090699618207,-33.092061300132997],[-71.734062700029099,-33.092067500080397],[-71.734070700424994,-33.092103400009698],[-71.734092199804707,-33.092110199778702],[-71.734121699580299,-33.092141599878502],[-71.734121699580299,-33.092175299920399],[-71.734148499918504,-33.0921932999129],[-71.7342075003681,-33.0921797997308],[-71.734234400419297,-33.092146099690602],[-71.734226300310297,-33.092096700336398]]],[[[-71.734381900195601,-33.091957400149198],[-71.734349700084294,-33.091939400108402],[-71.734306800139606,-33.091952900327499],[-71.734296100306196,-33.0919865996892],[-71.734290699634698,-33.092020299790498],[-71.734263900194904,-33.092049500062103],[-71.734279999801402,-33.092074199755899],[-71.734314799637204,-33.092092199769198],[-71.734330900141998,-33.0921169002036],[-71.734376500422499,-33.0921123996375],[-71.734387200255796,-33.092078700324002],[-71.734365799690806,-33.092038199718402],[-71.734365799690806,-33.092009000195702],[-71.734381900195601,-33.091957400149198]]],[[[-71.734668900250796,-33.092024800361301],[-71.734652799746002,-33.091991100261701],[-71.734619100346407,-33.091993899948903],[-71.734596499632204,-33.092009000195702],[-71.734596499632204,-33.092033799997203],[-71.734596499632204,-33.092067500080397],[-71.734591099859003,-33.092098900195403],[-71.734591099859003,-33.092125899830002],[-71.734620599634596,-33.092134900208102],[-71.734682300419905,-33.0921394000205],[-71.734722500028894,-33.092157299924203],[-71.734749300367099,-33.092168600252599],[-71.734789599688995,-33.092191100056198],[-71.7348136996915,-33.0921797997308],[-71.734829800196295,-33.092141599878502],[-71.734804200007304,-33.092099500020097],[-71.734758599726902,-33.092088199682898],[-71.734714499633,-33.092087699954298],[-71.734684999857393,-33.092080900183603],[-71.734668900250796,-33.092024800361301]]],[[[-71.731538699982096,-33.089777599790899],[-71.731525299813001,-33.089813600001399],[-71.7315280001487,-33.089847300183003],[-71.731562899697494,-33.089878700338403],[-71.731603100204794,-33.089854000027799],[-71.731619199811306,-33.089829299710203],[-71.731613800038105,-33.0897752997749],[-71.731559300148106,-33.089763999891503],[-71.731538699982096,-33.089777599790899]]],[[[-71.732048399582695,-33.089220300231801],[-71.732005399925001,-33.0892405000073],[-71.731973300424897,-33.089278700367402],[-71.731959799644599,-33.089303400086997],[-71.731903500429098,-33.089343899694498],[-71.731898200368903,-33.089375300029602],[-71.731884699588505,-33.089411299652198],[-71.731863299921798,-33.089440500037703],[-71.731873999755095,-33.089467499736003],[-71.7319089002022,-33.0894877002073],[-71.731981299922495,-33.089519199837603],[-71.732013500033901,-33.0894810003347],[-71.732026900202996,-33.089451799962603],[-71.732051000205402,-33.089409099725799],[-71.732053699642904,-33.089361900266702],[-71.732053699642904,-33.089328199899001],[-71.732064500087503,-33.089294400171603],[-71.732088600089995,-33.0892180002012],[-71.732048399582695,-33.089220300231801]]],[[[-71.732435799845604,-33.089328699643197],[-71.732380999918306,-33.089321399914802],[-71.732362199976095,-33.089355100285097],[-71.732354099867095,-33.089382100009601],[-71.732372899809405,-33.0894067997002],[-71.732407800256496,-33.089411299652198],[-71.732453399638601,-33.0893910999159],[-71.732458699698796,-33.089364100194203],[-71.732435799845604,-33.089328699643197]]],[[[-71.732541899863804,-33.089478700310899],[-71.732490899810202,-33.089465199711903],[-71.732426600198806,-33.089492200155199],[-71.732429199923203,-33.0895326996758],[-71.732426600198806,-33.089566399965001],[-71.732413100316705,-33.089606800104903],[-71.732399700147596,-33.089640500365803],[-71.732418500089807,-33.089685499756001],[-71.732437300032103,-33.0896967003032],[-71.732474800203605,-33.089671999941402],[-71.732504299979297,-33.089642799632799],[-71.732536500090603,-33.089602300162902],[-71.732565999866296,-33.089577599774699],[-71.732606300086502,-33.089550600110201],[-71.732622399693099,-33.089492200155199],[-71.732585999957706,-33.089432099979298],[-71.732541899863804,-33.089478700310899]]],[[[-71.733162700403795,-33.089946699725601],[-71.733142700312399,-33.089919199680899],[-71.733102499805099,-33.089977600104902],[-71.733070299693694,-33.089988799862198],[-71.733048800313995,-33.090006800302298],[-71.733064899920507,-33.090060699996997],[-71.733102499805099,-33.090092200174603],[-71.733129300143304,-33.090116899665702],[-71.733158799918897,-33.090125900249397],[-71.733212399696896,-33.090078699669803],[-71.733201699863599,-33.090035999737502],[-71.733181500346106,-33.0899916003657],[-71.733162700403795,-33.089946699725601]]],[[[-71.733295599861904,-33.089820299848803],[-71.733268800422096,-33.089800100206503],[-71.733228500201804,-33.089826999695497],[-71.733215100032695,-33.089842800253301],[-71.733217800368394,-33.089878700338403],[-71.733239299748107,-33.089912399742403],[-71.733255400252901,-33.0899394000485],[-71.733279500255406,-33.089968600258601],[-71.733309000030999,-33.089952899822102],[-71.733309000030999,-33.089903399889501],[-71.733309000030999,-33.089869699729299],[-71.733295599861904,-33.089820299848803]]],[[[-71.7317345003746,-33.089654000185298],[-71.731699699640501,-33.089604600183499],[-71.731694299867399,-33.089642799632799],[-71.731664800091707,-33.089671999941402],[-71.731656799695799,-33.089701200240299],[-71.731683600034003,-33.089750600187799],[-71.731710400372194,-33.0897752997749],[-71.731737199812102,-33.089739399647598],[-71.731742599585303,-33.089689999693803],[-71.7317345003746,-33.089654000185298]]],[[[-71.7357149003643,-33.102311499981397],[-71.735698799859406,-33.102286800153998],[-71.735645200081393,-33.102284599797301],[-71.735545900309901,-33.102297999848098],[-71.735489200445798,-33.102323799850197],[-71.735427499660503,-33.102350700022299],[-71.735416799827107,-33.102397900033097],[-71.735432900332,-33.102442800333797],[-71.7355003000294,-33.102477799781397],[-71.735543299687095,-33.102500299956397],[-71.7356076001969,-33.102513699974303],[-71.735685399690396,-33.102529499756898],[-71.735787300084596,-33.102581100370202],[-71.735862000390398,-33.102579900111301],[-71.735972399745506,-33.102587900081303],[-71.736044800364198,-33.1025542002686],[-71.7360474998016,-33.1025182000079],[-71.736020700361706,-33.102480000133198],[-71.735980499854506,-33.102450800316298],[-71.735929499800804,-33.1024260997754],[-71.735894600251996,-33.102399100294498],[-71.735835599802499,-33.102387899860702],[-71.7357820000244,-33.102358700013198],[-71.7357149003643,-33.102311499981397]]],[[[-71.717799000050803,-33.1319142998708],[-71.717832700348694,-33.131859799965099],[-71.717768300125996,-33.131855299930002],[-71.717738800350403,-33.131886700120198],[-71.717727999905705,-33.131900200220002],[-71.717722699845496,-33.131949599765399],[-71.717736100014605,-33.131981099972698],[-71.717752199621103,-33.132037199862403],[-71.717781700295106,-33.132061900352298],[-71.717811200070699,-33.132053000353203],[-71.717870199621899,-33.132026000198401],[-71.717907800404703,-33.132005799726102],[-71.717878299730799,-33.131958599825801],[-71.717841899995506,-33.131932199947002],[-71.717799000050803,-33.1319142998708]]],[[[-71.717540299622001,-33.131902499885797],[-71.717556400126895,-33.1318643],[-71.717518800242303,-33.131857500298302],[-71.7174840004065,-33.131886700120198],[-71.717486600130997,-33.131915899932402],[-71.717540299622001,-33.131902499885797]]],[[[-71.717553699791097,-33.131969800250701],[-71.717529599788705,-33.131942900121103],[-71.717489299568399,-33.1319675998853],[-71.717467899901706,-33.131992299642398],[-71.717462500128505,-33.132017000144899],[-71.717462500128505,-33.132059699989099],[-71.717454499732597,-33.132095600129297],[-71.717403499678994,-33.132147299976303],[-71.717384699736698,-33.132176499701799],[-71.717365899794501,-33.132210200186996],[-71.717375200052601,-33.1322399001441],[-71.717400800241506,-33.132279799971897],[-71.7174275996814,-33.132275299958302],[-71.717459799792806,-33.132234899876003],[-71.717505400073193,-33.132243899907103],[-71.717559099564298,-33.132248399922297],[-71.717612700240693,-33.132223700237198],[-71.717620800349593,-33.132194499775103],[-71.717623400074004,-33.132149500337199],[-71.717631500182904,-33.1321136002191],[-71.717655600185395,-33.132075399672999],[-71.717595100447596,-33.132046800218099],[-71.717565599773707,-33.132026599750603],[-71.717553699791097,-33.131969800250701]]],[[[-71.710475400255405,-33.140075700041599],[-71.710459299750596,-33.1400959001611],[-71.710475400255405,-33.140127399701399],[-71.710531700369202,-33.140118399726397],[-71.710563899582198,-33.1401093997505],[-71.710563899582198,-33.1400734998793],[-71.710538300291603,-33.140051599799797],[-71.710508699904693,-33.140053799962601],[-71.710475400255405,-33.140075700041599]]],[[[-71.710834800030895,-33.140289099721201],[-71.710909900087003,-33.140334000210103],[-71.7109876995804,-33.140363200221003],[-71.711046700029996,-33.140394599624102],[-71.711113699977105,-33.140430600157302],[-71.711151299861697,-33.140450800195097],[-71.711188800033199,-33.140471000228303],[-71.711239800086801,-33.140486699912003],[-71.7113014999738,-33.140527099957197],[-71.711339000145301,-33.140551800314498],[-71.711397999696601,-33.140551800314498],[-71.7114596995835,-33.140560800244998],[-71.711518700033096,-33.140583299691102],[-71.711550900144502,-33.140592300370599],[-71.711604599635507,-33.140563099683803],[-71.711623299864797,-33.140520400215301],[-71.711628699637998,-33.140473199628403],[-71.711660899749305,-33.140428299962799],[-71.711695800196395,-33.140392400222098],[-71.7117413995785,-33.140381200119798],[-71.711768199916705,-33.140336200365901],[-71.711795000254895,-33.140293600076099],[-71.711843299972799,-33.140268899646102],[-71.711896899750897,-33.140259899685702],[-71.7119397996956,-33.140230699640497],[-71.711966699746796,-33.140201500337703],[-71.711977399580107,-33.140167799912],[-71.711985399976001,-33.140134100225403],[-71.712012300027197,-33.1400959001611],[-71.712033699693905,-33.140066700061297],[-71.711986600125201,-33.140038100201501],[-71.711945200367097,-33.140037499951802],[-71.711926400424801,-33.139988099692999],[-71.711903499673298,-33.139955000187598],[-71.711872799748406,-33.139929700164203],[-71.711829899803703,-33.139891500010897],[-71.711797699692397,-33.139869099676901],[-71.711753299561096,-33.139867399718497],[-71.711709200365505,-33.139869099676901],[-71.711677000254099,-33.139871299844302],[-71.711599199862306,-33.1398982998425],[-71.711564300313597,-33.139904999631703],[-71.711518700033096,-33.139909500006397],[-71.711491899694906,-33.139916299836599],[-71.7114596995835,-33.139938700158503],[-71.711427500370505,-33.139965700135903],[-71.711360500423396,-33.139992600063302],[-71.711312199807196,-33.140008299832601],[-71.711274699635595,-33.140019600024203],[-71.711223699582007,-33.1400442997721],[-71.711196900142099,-33.140062199694697],[-71.711156599921793,-33.140066700061297],[-71.711122599586702,-33.1400501999697],[-71.711094900034894,-33.140053299754697],[-71.711060100199106,-33.140075700041599],[-71.711026399901201,-33.140078499700898],[-71.710991500352407,-33.140076300291],[-71.710979600369896,-33.1400352997886],[-71.711001099749595,-33.140012800202001],[-71.711057399863293,-33.139999399887103],[-71.711102900430802,-33.140002699757098],[-71.711137899692602,-33.139997099681302],[-71.711180799637305,-33.139974600084798],[-71.711199599579601,-33.139943199779196],[-71.711221000144604,-33.139922999624503],[-71.711255899693398,-33.139911800214499],[-71.711298799638101,-33.139916299836599],[-71.711341699582803,-33.139909500006397],[-71.711379300365607,-33.1398758002207],[-71.7114088001412,-33.139833199707397],[-71.711448999750203,-33.139817399864903],[-71.711499999803806,-33.139801700061497],[-71.711518700033096,-33.139765800064403],[-71.711497300366403,-33.139729800010699],[-71.711442200401805,-33.139732599681103],[-71.711403400368098,-33.139765800064403],[-71.711368499920994,-33.139804000272399],[-71.711314900142895,-33.139844399879699],[-71.711282700031603,-33.139864600052398],[-71.711263900089307,-33.139842099669799],[-71.711274699635595,-33.139799499892398],[-71.711253200255896,-33.139765800064403],[-71.711212999748696,-33.139756800052403],[-71.711161999694994,-33.139759000222497],[-71.7111271001462,-33.1397837000438],[-71.7111271001462,-33.1398353998757],[-71.7111271001462,-33.139869099676901],[-71.711081499865799,-33.139882600053497],[-71.711038599921096,-33.1398848002205],[-71.711001099749595,-33.139909500006397],[-71.710968299563604,-33.139951500232399],[-71.710934000089395,-33.139983600074601],[-71.710904500313802,-33.1400016000512],[-71.710872300202396,-33.140024099640698],[-71.710848200200004,-33.140048800139603],[-71.710823999586196,-33.140080199655301],[-71.710842800426803,-33.1400959001611],[-71.710883099748798,-33.140098200364299],[-71.710885700371506,-33.140116100275897],[-71.710832099695097,-33.140136399675399],[-71.710778400204106,-33.1401521001712],[-71.710751599865901,-33.140190300211103],[-71.710756999639102,-33.140219500269701],[-71.710794499810603,-33.140255400081202],[-71.710834800030895,-33.140289099721201]]],[[[-71.711811099861393,-33.1405428996719],[-71.711813800197206,-33.140491200256797],[-71.711754799747695,-33.140473199628403],[-71.711718400012302,-33.1404647999356],[-71.711684999751796,-33.1404776999739],[-71.711684999751796,-33.140511400280701],[-71.711703799694007,-33.140536099890198],[-71.711730600032197,-33.140549600164199],[-71.711762800143603,-33.140560800244998],[-71.711811099861393,-33.1405428996719]]],[[[-71.7119881003118,-33.140473199628403],[-71.7119962004207,-33.140506899936902],[-71.712033699693905,-33.140522600366403],[-71.712057900307698,-33.140540600232498],[-71.712079299974405,-33.140581000252801],[-71.712114200421496,-33.1406080000326],[-71.712157100366198,-33.140587800031],[-71.712202699748303,-33.140567600024703],[-71.712272400031196,-33.140581000252801],[-71.712293900309206,-33.140630500218897],[-71.712352899860406,-33.140630500218897],[-71.712374400138501,-33.140585499840597],[-71.712335300067394,-33.140547900218898],[-71.712309999915703,-33.140529400149099],[-71.712285800200306,-33.1404776999739],[-71.712307299580004,-33.140430600157302],[-71.7123206997491,-33.140385599676598],[-71.712293900309206,-33.140367699819897],[-71.712272400031196,-33.140325000256396],[-71.712222699839799,-33.140303100239599],[-71.712175900308395,-33.140318299746902],[-71.712157100366198,-33.140343000163],[-71.712200000310901,-33.140387899872202],[-71.712186600141806,-33.140410400114902],[-71.712157100366198,-33.140410400114902],[-71.712106100312496,-33.140428299962799],[-71.712065899805296,-33.140453000347897],[-71.712012300027197,-33.140459800136],[-71.7119881003118,-33.140473199628403]]],[[[-71.711816499634594,-33.141486100252401],[-71.711805700088306,-33.141454699735398],[-71.711729199558704,-33.141455299975398],[-71.711687700087495,-33.141443499768698],[-71.711626000200496,-33.141463700325502],[-71.711585799693196,-33.141472700162502],[-71.711550900144502,-33.141492899960497],[-71.711545600084307,-33.1415377998335],[-71.711564300313597,-33.1415624999063],[-71.711617999804602,-33.141576000022297],[-71.711671599582701,-33.141578200146903],[-71.7117145004257,-33.141535499668002],[-71.711743000376401,-33.141543499850897],[-71.711768199916705,-33.141564700031203],[-71.711792299919196,-33.141582699683603],[-71.711829899803703,-33.141560199741498],[-71.711832600139502,-33.141531100168798],[-71.711816499634594,-33.141486100252401]]],[[[-71.712242900255603,-33.142898799737701],[-71.712237600195394,-33.142844900113502],[-71.712205400084102,-33.142887499916903],[-71.712178599745897,-33.142914499739199],[-71.712170499636898,-33.142878600263401],[-71.712140999861305,-33.142898799737701],[-71.712103499689803,-33.142923500179599],[-71.712084699747507,-33.142952700080897],[-71.712079299974405,-33.142988600278599],[-71.712087400083306,-33.143024499709398],[-71.712108799749998,-33.143051500241697],[-71.712151699694701,-33.143071699676199],[-71.712197299975102,-33.143080700100498],[-71.712256300424698,-33.143071699676199],[-71.712293900309206,-33.143035800264698],[-71.712328799858,-33.143006599638902],[-71.7123609002564,-33.142993099742903],[-71.712316599838104,-33.142926299748098],[-71.712289699786993,-33.142919600189401],[-71.712242900255603,-33.142898799737701]]],[[[-71.712505800308307,-33.143031300050403],[-71.712460200027905,-33.143017800158198],[-71.712409199974203,-33.143047000028197],[-71.712376999862897,-33.143055999702803],[-71.712374400138501,-33.143071699676199],[-71.712403899914094,-33.1431031996527],[-71.712444100421394,-33.143105399738999],[-71.712492400139197,-33.143078399975401],[-71.712505800308307,-33.143031300050403]]],[[[-71.711853999806195,-33.142427199656801],[-71.711837900199598,-33.142411400281397],[-71.711758700232593,-33.142405300164697],[-71.711684999751796,-33.142440600353197],[-71.711650199915994,-33.142460799928301],[-71.711693099860696,-33.142485499741298],[-71.711762800143603,-33.142496800365997],[-71.711789599583398,-33.142498999715301],[-71.7118405996371,-33.142510200299498],[-71.711891599690702,-33.142492300124097],[-71.711923700089102,-33.142483299639501],[-71.711918400028907,-33.142525999657202],[-71.711902300422395,-33.1425350001374],[-71.711955900200394,-33.1425708997538],[-71.7119881003118,-33.142577600091201],[-71.712025700196307,-33.142575399991699],[-71.712076599638607,-33.142586599814003],[-71.712122199919094,-33.1425843997147],[-71.712165099863796,-33.142557399790803],[-71.712216099917399,-33.142528199757898],[-71.712264399635302,-33.142516999928198],[-71.7123206997491,-33.142523700269798],[-71.7123609002564,-33.142505800097098],[-71.712382399636098,-33.142469799662997],[-71.712379700198596,-33.142420400021201],[-71.712358299633607,-33.142402399788502],[-71.712304600142602,-33.142413699671799],[-71.712275100366895,-33.142438400250199],[-71.712237600195394,-33.142476600046997],[-71.712208100419801,-33.142501299855603],[-71.712151699694701,-33.142525999657202],[-71.712098099916602,-33.142541699725399],[-71.712063200367794,-33.142546199964798],[-71.712033699693905,-33.142510200299498],[-71.712022999860594,-33.142474299906098],[-71.712025700196307,-33.142445099845602],[-71.712063200367794,-33.142424900266803],[-71.712068600140995,-33.142400199684602],[-71.712008100403295,-33.142371599833098],[-71.711922299615495,-33.142364800193199],[-71.711904999859797,-33.142388999838502],[-71.711926400424801,-33.142424900266803],[-71.711904999859797,-33.142445099845602],[-71.711853999806195,-33.142427199656801]]],[[[-71.710995699976394,-33.143520899900103],[-71.710958199804793,-33.143532100353902],[-71.710934000089395,-33.143561300052603],[-71.710923300255999,-33.143590499741698],[-71.710923300255999,-33.143619700173303],[-71.710934000089395,-33.143651099915601],[-71.710928600316194,-33.143684799755803],[-71.7109205999203,-33.143711800084901],[-71.710944699922706,-33.143732000119599],[-71.710971599973902,-33.143732000119599],[-71.710985000142998,-33.143707299905302],[-71.711017200254403,-33.143669099892101],[-71.711010300294703,-33.143631500087302],[-71.710996900125593,-33.1436135001031],[-71.710995699976394,-33.143574799861199],[-71.710995699976394,-33.143520899900103]]],[[[-71.711143199752797,-33.143709499976403],[-71.711113699977105,-33.143707299905302],[-71.711084200201498,-33.143732000119599],[-71.711092300310497,-33.143747699972003],[-71.711137899692602,-33.143776900351298],[-71.711140500315295,-33.143799399724898],[-71.711108399916995,-33.143801599793797],[-71.711082700014998,-33.143770700292102],[-71.711050599616698,-33.143752800373797],[-71.711030600423499,-33.1437611997519],[-71.711022500314598,-33.143774700281803],[-71.711030600423499,-33.143801599793797],[-71.711062799636494,-33.143830800155101],[-71.711089599974699,-33.143841999817099],[-71.711151299861697,-33.143855500334602],[-71.711180799637305,-33.1438510001623],[-71.711204899639696,-33.143817299633803],[-71.711204899639696,-33.143756700326897],[-71.711195399955599,-33.1437235999866],[-71.711143199752797,-33.143709499976403]]],[[[-71.7116153003672,-33.145092899802002],[-71.711569700086699,-33.145086199656603],[-71.711566999751,-33.145131099947498],[-71.711532100202206,-33.1451535997261],[-71.711518700033096,-33.145178300285302],[-71.711542899748494,-33.145203000085601],[-71.711601900198104,-33.145180500319597],[-71.711617999804602,-33.145144600266597],[-71.7116153003672,-33.145092899802002]]],[[[-71.711725299972002,-33.145411799954999],[-71.711677000254099,-33.145405099833901],[-71.711658200311902,-33.145447799934097],[-71.711650199915994,-33.1454836998631],[-71.711636799746898,-33.145512899664602],[-71.711623299864797,-33.145551099627198],[-71.711623299864797,-33.1455803001584],[-71.711623299864797,-33.1456229001381],[-71.711628699637998,-33.1456543999508],[-71.711677000254099,-33.145661100052799],[-71.711735999805398,-33.145647599813103],[-71.711760099807805,-33.145629700277702],[-71.711789599583398,-33.145587000265998],[-71.711789599583398,-33.145544300233603],[-71.711789599583398,-33.145503900241998],[-71.711789599583398,-33.145474699685302],[-71.711768199916705,-33.145445499871101],[-71.711730600032197,-33.145459000141898],[-71.711725299972002,-33.145411799954999]]],[[[-71.711320299916096,-33.146024900230501],[-71.711282700031603,-33.1459889997708],[-71.711269299862494,-33.146011500081599],[-71.711199599579601,-33.146042899720001],[-71.711167400366506,-33.146065400017001],[-71.7111271001462,-33.146105799750103],[-71.711078900141402,-33.146139500151797],[-71.711060100199106,-33.146159699627603],[-71.711062799636494,-33.1461956000174],[-71.711103000143794,-33.146222600325999],[-71.711116400312903,-33.146249499839698],[-71.711110999641406,-33.1462877002337],[-71.711094900034894,-33.146323599818999],[-71.711094900034894,-33.146352800093197],[-71.711092300310497,-33.146386499647797],[-71.711097600370607,-33.146404499815397],[-71.711143199752797,-33.146377500314898],[-71.711170000090902,-33.146341599999502],[-71.711191500368997,-33.146292200281003],[-71.711207599975495,-33.1462675000353],[-71.711247799584399,-33.146244999790198],[-71.711285400367302,-33.146202300078002],[-71.711282700031603,-33.146175399797698],[-71.711341699582803,-33.146164199681401],[-71.711357800087598,-33.146116999873897],[-71.711339000145301,-33.146092300330999],[-71.711325599976306,-33.146063099970199],[-71.711320299916096,-33.146024900230501]]],[[[-71.711312199807196,-33.146395499732101],[-71.711304200309499,-33.146361800180799],[-71.711248999733698,-33.146364599639597],[-71.711218299808806,-33.146386499647797],[-71.711159300257606,-33.146415699900999],[-71.711129799583702,-33.146429200022503],[-71.711121800086104,-33.146442600107598],[-71.711145900088496,-33.146469600340303],[-71.711172700426701,-33.146485299702903],[-71.711215600371403,-33.146523499994203],[-71.711272000198207,-33.146525699994797],[-71.711304200309499,-33.1465144999231],[-71.711312199807196,-33.146471800342098],[-71.711312199807196,-33.146440400105],[-71.711312199807196,-33.146415699900999],[-71.711312199807196,-33.146395499732101]]],[[[-71.711124399810501,-33.146584099646603],[-71.711113699977105,-33.146548200167899],[-71.711094900034894,-33.1465144999231],[-71.711074699619104,-33.146490399945598],[-71.711042500406094,-33.146485899908399],[-71.711025199752001,-33.1465167999581],[-71.711030600423499,-33.146557200235499],[-71.711046700029996,-33.146599799740798],[-71.711094900034894,-33.146595399743497],[-71.711124399810501,-33.146584099646603]]],[[[-71.710998400312107,-33.146628999923003],[-71.711001099749595,-33.146590899711697],[-71.710990300203207,-33.146539200099298],[-71.710974199698398,-33.1465077998864],[-71.710947400258505,-33.146528000029399],[-71.710944699922706,-33.146548200167899],[-71.710917899584601,-33.146559400235198],[-71.710904500313802,-33.146588599678701],[-71.710888399808994,-33.1466177998646],[-71.710883099748798,-33.146635799984701],[-71.710947400258505,-33.146653700066999],[-71.710979600369896,-33.1466605001267],[-71.710998400312107,-33.146628999923003]]],[[[-71.709780699808505,-33.1473880997112],[-71.709780699808505,-33.147356699802003],[-71.709756500093107,-33.147372399757998],[-71.709713600148405,-33.147383599720101],[-71.709679899850499,-33.147379699928202],[-71.709645100014697,-33.147375199936697],[-71.709600999920795,-33.147367899766103],[-71.709560699700504,-33.147367899766103],[-71.709517799755801,-33.1473858997322],[-71.709501700149204,-33.147412799641401],[-71.709515100318299,-33.147451000281102],[-71.709549999867093,-33.147468900196998],[-71.709587500038694,-33.147489200152002],[-71.709611699754106,-33.147513900053703],[-71.709638500092296,-33.147538599948497],[-71.709667999867904,-33.147574499774102],[-71.709689500145899,-33.1475991996519],[-71.709710899812606,-33.1476306002264],[-71.709743099923998,-33.1476643000424],[-71.709764600202007,-33.147673299995603],[-71.709815499644293,-33.147691299899101],[-71.709839700258001,-33.147695799874398],[-71.709879899867005,-33.147668800019098],[-71.709885299640206,-33.147635100204802],[-71.709866499697895,-33.1475924996979],[-71.709850400091398,-33.147549799889397],[-71.709836999922302,-33.147522799989197],[-71.709861099924794,-33.147491400128303],[-71.709912099978396,-33.147513900053703],[-71.709944300089703,-33.147509400069097],[-71.7099522995873,-33.147547499881497],[-71.709944300089703,-33.147590199691201],[-71.709941599754004,-33.147619400295802],[-71.709979099925505,-33.147659800065497],[-71.710014000372595,-33.1476643000424],[-71.710054199981599,-33.147632900232097],[-71.710054199981599,-33.1475946996716],[-71.710056900317298,-33.147554299871999],[-71.710040799812504,-33.147531799956901],[-71.710015199623498,-33.147512200243398],[-71.710016699810097,-33.147475700193603],[-71.710035499752294,-33.147448700270601],[-71.710022099583199,-33.147408299651602],[-71.709984499698706,-33.147424000350497],[-71.709979099925505,-33.147448700270601],[-71.709947000425501,-33.147403799661497],[-71.709912099978396,-33.147408299651602],[-71.709887999975905,-33.147433000328199],[-71.709866499697895,-33.147453200258298],[-71.709815499644293,-33.147439700294399],[-71.709783300431297,-33.147415000371801],[-71.709780699808505,-33.1473880997112]]],[[[-71.708396599873197,-33.148070799762799],[-71.708369800433402,-33.148048299980204],[-71.708308099648093,-33.148059599888498],[-71.708289400317099,-33.148059599888498],[-71.708267900039104,-33.148079799674299],[-71.708273299812305,-33.148111200076698],[-71.708324200152902,-33.148147099668002],[-71.708340299759399,-33.148169600177397],[-71.708367100097604,-33.148212299684303],[-71.708410099755298,-33.148196599878602],[-71.708404699982196,-33.148115700030502],[-71.708396599873197,-33.148070799762799]]],[[[-71.708487800434199,-33.148115700030502],[-71.708458299760196,-33.148124699937298],[-71.708463700431693,-33.148149399660198],[-71.708509299813898,-33.1481651002265],[-71.708522699982893,-33.148200999795698],[-71.708565599927596,-33.1482370001346],[-71.7085924002658,-33.148263899782798],[-71.708621900041507,-33.148241500081902],[-71.708611200208097,-33.148196599878602],[-71.708627299814594,-33.148162900267003],[-71.708659499926,-33.148147099668002],[-71.708686300264205,-33.1481448997082],[-71.708715800039798,-33.148126899897697],[-71.708715800039798,-33.148093300291798],[-71.708692900186605,-33.148069099963301],[-71.708635399923594,-33.148046100017901],[-71.708624600377206,-33.148021400265897],[-71.708624600377206,-33.147996699754898],[-71.7085696001256,-33.147979700239603],[-71.708557600429998,-33.148010199633099],[-71.708519999647194,-33.148048299980204],[-71.7084932002073,-33.148059599888498],[-71.708522699982893,-33.148102200168502],[-71.708487800434199,-33.148115700030502]]],[[[-71.708176700376498,-33.148996000268397],[-71.708163300207403,-33.148957800301503],[-71.708129599909597,-33.148958399738],[-71.708094800073795,-33.148929200331096],[-71.708058700375801,-33.148935400025699],[-71.7080720996465,-33.148975799941503],[-71.708101600320504,-33.149000500176797],[-71.708117699927001,-33.1490229997152],[-71.708104299757906,-33.149049899874498],[-71.708081300191694,-33.149041500250597],[-71.708026500264396,-33.149013999900497],[-71.707990200242094,-33.149005600273199],[-71.707951400208302,-33.149013999900497],[-71.707959399705899,-33.149076900056798],[-71.707986299757096,-33.149112800005099],[-71.707991599817305,-33.149155499804898],[-71.707983600319693,-33.149200400269599],[-71.707970200150598,-33.149247499891402],[-71.707994300153004,-33.149310399880299],[-71.708007700322099,-33.149357600226097],[-71.708053299704304,-33.149402499835297],[-71.708093599924496,-33.149438399650201],[-71.7081123001538,-33.149478800086499],[-71.708109599818101,-33.149505800136801],[-71.708114999591203,-33.149543999865102],[-71.708136499869298,-33.149570899864599],[-71.708182100149699,-33.149582100298197],[-71.708232999591999,-33.149557400226598],[-71.708273299812305,-33.149512499944599],[-71.708259799930204,-33.149460899828398],[-71.708243800036698,-33.149420500136102],[-71.708230300154597,-33.149382300353999],[-71.708230300154597,-33.149341899873299],[-71.708235699927798,-33.149276699944501],[-71.708232999591999,-33.149220599792699],[-71.708265199703405,-33.149166700291502],[-71.708292000041595,-33.149157699739497],[-71.708273299812305,-33.1491149999407],[-71.708222299758702,-33.149103800199597],[-71.708201999629907,-33.149077400213301],[-71.708187400209894,-33.1490453999686],[-71.708176700376498,-33.148996000268397]]],[[[-71.700809899700801,-33.153613600141902],[-71.700779300387296,-33.153597200367699],[-71.700771299991302,-33.153624099876403],[-71.700757800109201,-33.153660100246],[-71.7007121998288,-33.153682500067397],[-71.700688099826394,-33.153693800002003],[-71.700685400388906,-33.1537117001483],[-71.7007121998288,-33.153752100120599],[-71.700733700106795,-33.153779100359799],[-71.700733700106795,-33.153805999812697],[-71.700768599655603,-33.153819500300997],[-71.700792699657995,-33.153810500226399],[-71.700843699711697,-33.153817299731301],[-71.700873200385601,-33.1538285003748],[-71.700916100330303,-33.153848700336297],[-71.700969700108402,-33.153839700264697],[-71.701001900219694,-33.153808299656497],[-71.701012699766096,-33.153770100281001],[-71.701007299992895,-33.153731900136798],[-71.701010000328594,-33.153693800002003],[-71.701017999826206,-33.153664599915103],[-71.700951999704003,-33.153649499737597],[-71.700903799699105,-33.153649499737597],[-71.700855499981202,-33.153624800059198],[-71.700809899700801,-33.153613600141902]]],[[[-71.700760500445,-33.153392800082401],[-71.700739099879996,-33.153419799680101],[-71.700723000273499,-33.1534466999953],[-71.700773899715799,-33.153480399833199],[-71.700790000220593,-33.153433300227903],[-71.700760500445,-33.153392800082401]]],[[[-71.702064099652702,-33.153390600254099],[-71.702080200157496,-33.153343399821999],[-71.702023800330707,-33.153350200115298],[-71.702002399765703,-33.153388399673702],[-71.702022200431202,-33.153402499632399],[-71.702064099652702,-33.153390600254099]]],[[[-71.702187500324996,-33.153554499721601],[-71.702176699880297,-33.153518600086997],[-71.702141900044495,-33.153496100197501],[-71.702075899922306,-33.153499100233198],[-71.702045299710406,-33.153498400049401],[-71.702034599877095,-33.153523099763298],[-71.702039899937304,-33.153541099970703],[-71.702069399712897,-33.153554499721601],[-71.702069399712897,-33.1535702000726],[-71.702104300160002,-33.153581500021602],[-71.702133799935595,-33.153588200270299],[-71.702176699880297,-33.153588200270299],[-71.702187500324996,-33.153554499721601]]],[[[-71.702321399607996,-33.153624099876403],[-71.702275800225806,-33.153590500119797],[-71.702251799936406,-33.153615199807803],[-71.702217999925494,-33.153606799869003],[-71.702174100155901,-33.153610700136198],[-71.702157999651007,-33.153630900147903],[-71.702176699880297,-33.153671300157399],[-71.702224999598201,-33.153655599824603],[-71.702257199709507,-33.153648800307003],[-71.702286599772194,-33.153664599915103],[-71.702270500165596,-33.153689300334399],[-71.702235700329894,-33.153698199643301],[-71.702241100102995,-33.153731900136798],[-71.702289300107907,-33.1537453998845],[-71.702316100446097,-33.153722900053097],[-71.702353599719302,-33.153738699647803],[-71.702375099997298,-33.153761100201301],[-71.702412600168898,-33.153758899630098],[-71.702417999942,-33.153738699647803],[-71.702407300108703,-33.153691500155198],[-71.7023656003132,-33.153672000339903],[-71.702332200052595,-33.153648800307003],[-71.702321399607996,-33.153624099876403]]],[[[-71.702470100431896,-33.153101700270803],[-71.702434100446894,-33.153132400193201],[-71.702431400111095,-33.153166000125303],[-71.702466299659903,-33.153197500238001],[-71.7024850996022,-33.153246899828403],[-71.702522599773701,-33.153294000285896],[-71.702552100447605,-33.153327700182601],[-71.702570900389901,-33.153350200115298],[-71.702573599827303,-33.153383899990402],[-71.702568200054202,-33.153422000259802],[-71.702578899887499,-33.153455700107301],[-71.702592300056594,-33.153496100197501],[-71.702659399716794,-33.153514099658302],[-71.702686200054899,-33.153527600191602],[-71.702726500275205,-33.153536600295297],[-71.702715699830605,-33.153568000248697],[-71.702667400112702,-33.153579200171897],[-71.702659399716794,-33.153615199807803],[-71.702699600223994,-33.153662300067502],[-71.702761300111007,-33.153700500242003],[-71.702801600331298,-33.153689300334399],[-71.702839099604503,-33.153677999647101],[-71.702876700387307,-33.153639900240996],[-71.702868600278407,-33.153601700040099],[-71.702836400167101,-33.1535770003482],[-71.702818900086996,-33.153561900155601],[-71.702812300164595,-33.153532099867498],[-71.702852499773599,-33.153491699793904],[-71.702887400220703,-33.153473700328497],[-71.702884699885004,-33.153442200314998],[-71.702869800427706,-33.153416000182901],[-71.702840299753703,-33.153386800003602],[-71.702820299662207,-33.153354699800303],[-71.702780100053303,-33.153323199744101],[-71.702742500168696,-33.153307500101],[-71.702686200054899,-33.153323199744101],[-71.702660599865993,-33.153321700099298],[-71.702659399716794,-33.153276100054299],[-71.702678199659005,-33.153228900312797],[-71.702641799923697,-33.153182399979997],[-71.702624599881005,-33.153151199941902],[-71.702611099998904,-33.153105399754899],[-71.702562800281001,-33.153089700072897],[-71.702511899940404,-33.153089700072897],[-71.702470100431896,-33.153101700270803]]],[[[-71.718100899563296,-33.1317587003238],[-71.718066000014502,-33.1317587003238],[-71.718057999618594,-33.131805900331599],[-71.718061800390501,-33.131846900164703],[-71.7180832997702,-33.131878300357897],[-71.718108899959205,-33.131909200285499],[-71.718135700297395,-33.131906999918499],[-71.7181893997884,-33.131882200086402],[-71.7181893997884,-33.131846299858999],[-71.718157199677094,-33.1318282997144],[-71.718151799903893,-33.131785699808603],[-71.718108899959205,-33.131781199769698],[-71.718100899563296,-33.1317587003238]]],[[[-71.742924699782904,-33.099619800280301],[-71.742881799838202,-33.099610799916],[-71.742873800340604,-33.099653499713],[-71.742881799838202,-33.099675899771],[-71.742905899840594,-33.099718600288902],[-71.742903300116197,-33.099763599788403],[-71.742895200007297,-33.099790499991499],[-71.742887199611303,-33.0998175002739],[-71.742855000398293,-33.099848999965801],[-71.742812099555294,-33.0998692003093],[-71.742798700284496,-33.099905100062699],[-71.742798700284496,-33.099947799716801],[-71.742763799837405,-33.099985999939598],[-71.742739600121993,-33.100024200145803],[-71.742753100004094,-33.100105099913002],[-71.742791800324795,-33.1001595999589],[-71.742834700269498,-33.100191100280703],[-71.742893699820698,-33.100188799784597],[-71.742928600267803,-33.100186600127898],[-71.742952700270294,-33.100195599680703],[-71.742976899985706,-33.100244999751503],[-71.742987599819102,-33.100271899807403],[-71.742982299758907,-33.100307900235698],[-71.742947400210099,-33.100355099838502],[-71.742920599871894,-33.100384300351699],[-71.742920599871894,-33.100415699753597],[-71.742923199596405,-33.1004651997875],[-71.742939300101199,-33.100494400264097],[-71.742934000041004,-33.100559600303797],[-71.742896400156496,-33.100584299864103],[-71.7428776002142,-33.100633699716496],[-71.742925899932104,-33.100678600165999],[-71.742971500212604,-33.100703399779299],[-71.743038599872705,-33.100710100301797],[-71.743065400210895,-33.100705600175601],[-71.743135099595506,-33.100685400024297],[-71.743202200153902,-33.1006965999225],[-71.7432585002677,-33.100683100293601],[-71.743309500321303,-33.1006763997691],[-71.743381900041697,-33.100732600176798],[-71.743419499926205,-33.100750499835797],[-71.743459700433505,-33.100779800303997],[-71.743464999595403,-33.100820199806101],[-71.743451600324605,-33.100865100160298],[-71.743451600324605,-33.100892100112603],[-71.743473099704303,-33.100923600171903],[-71.743483800435897,-33.100988699806997],[-71.743499900042494,-33.101042600293802],[-71.743521400320503,-33.101071799826101],[-71.743569700038407,-33.101098799714798],[-71.743583100207402,-33.101127999981003],[-71.743620600379003,-33.101154999852398],[-71.743668900096907,-33.101154999852398],[-71.743706400268394,-33.101186399731603],[-71.743725200210704,-33.101215700054503],[-71.743765500430897,-33.1012336003676],[-71.743795000206504,-33.1012223997853],[-71.7438057000399,-33.101184200099901],[-71.743811099813101,-33.1011438000127],[-71.743792299870805,-33.101116800137802],[-71.743776200264307,-33.101080800040698],[-71.743795000206504,-33.101047099650202],[-71.743845899648903,-33.101031399687102],[-71.743886199869195,-33.101042600293802],[-71.7439049000984,-33.101080800040698],[-71.743939799647194,-33.1011100003129],[-71.743998800096705,-33.101114499665798],[-71.744041700041507,-33.101116800137802],[-71.7441195004333,-33.101139299908702],[-71.744124900206401,-33.101101100187101],[-71.744130200266596,-33.101069600191501],[-71.744135600039797,-33.101024699941703],[-71.744108799701607,-33.1009954996413],[-71.744031000208096,-33.100984199694999],[-71.744004199869906,-33.100966199997501],[-71.744006900205704,-33.100925799810099],[-71.744041700041507,-33.1009123002164],[-71.744073900152799,-33.1008897996348],[-71.7441195004333,-33.100860600042097],[-71.744167800151104,-33.100860600042097],[-71.744207999760107,-33.100880900239297],[-71.744226799702403,-33.100919100056601],[-71.744248299980399,-33.100975200222997],[-71.744267000209604,-33.101020199831602],[-71.744318000263306,-33.101078599653903],[-71.744386500396999,-33.101100499671297],[-71.744444500123294,-33.1010652001697],[-71.744434800114803,-33.1010218997896],[-71.744369000316894,-33.100999899666498],[-71.744374700127395,-33.100964199780101],[-71.744449400433197,-33.100930299924997],[-71.7444520998706,-33.100878599761302],[-71.744465500039695,-33.100849400164797],[-71.744489699755107,-33.100840399926398],[-71.744532199949504,-33.100829400219098],[-71.744537899760005,-33.100797699953397],[-71.744562100373798,-33.100754999959797],[-71.744615700151797,-33.100725800322202],[-71.744642499591706,-33.100741599673697],[-71.744693499645294,-33.100788699709803],[-71.744712299587604,-33.100815699685498],[-71.744775399948097,-33.100835400127998],[-71.744804899723704,-33.100826399888199],[-71.744855899777306,-33.100790399672299],[-71.744896100284606,-33.100756699922897],[-71.744893499661799,-33.100720799764801],[-71.744841000319994,-33.100698899652798],[-71.744841000319994,-33.1006674002655],[-71.744861300448804,-33.1006555998447],[-71.744904200393506,-33.100635399681998],[-71.744947100338194,-33.100617399912998],[-71.744968599717893,-33.100565700317702],[-71.744968599717893,-33.100509599889897],[-71.744984700222801,-33.100471399894701],[-71.745030299604906,-33.100444399813099],[-71.745071700261406,-33.100433700316501],[-71.7451387002085,-33.100436000053698],[-71.745188500112903,-33.100478099682299],[-71.7452045997195,-33.1005275003468],[-71.7452045997195,-33.100568000051403],[-71.745217999888595,-33.100612899782],[-71.745231400057605,-33.100646600338997],[-71.745255599773103,-33.100702800013302],[-71.745262099982497,-33.100770800058498],[-71.745274300002393,-33.100817399647497],[-71.745301200053504,-33.100882500113798],[-71.745317199947095,-33.100904999944703],[-71.745386999942994,-33.100927499769902],[-71.745446000392505,-33.100909500060702],[-71.745483499665696,-33.1008892999563],[-71.745513100052605,-33.1008645997291],[-71.745521100448599,-33.100821899768],[-71.745510399716906,-33.100783699908497],[-71.745497000446093,-33.100756699922897],[-71.745504999943705,-33.100707300139703],[-71.745497000446093,-33.100671299874897],[-71.745494300110394,-33.100635399681998],[-71.745507700279504,-33.100603900271899],[-71.745534499719398,-33.100563499917897],[-71.745561300057503,-33.100540999999602],[-71.745585499773,-33.100482599820097],[-71.745582800335598,-33.100442200162902],[-71.745572099603905,-33.100410699931103],[-71.745558599721804,-33.100370200154103],[-71.745545199552694,-33.100338799983298],[-71.745513100052605,-33.100325300299502],[-71.745472799832399,-33.100314100353998],[-71.745427199551898,-33.100287100224101],[-71.745427199551898,-33.100257899678603],[-71.745446000392505,-33.100237700176898],[-71.745483499665696,-33.100230900284103],[-71.745545199552694,-33.100228699875998],[-71.745609599775406,-33.100204000215697],[-71.745647199659999,-33.100179299795897],[-71.745636400113597,-33.100150099967202],[-71.745671299662405,-33.1000196999845],[-71.745671299662405,-33.099979300114498],[-71.745679300058299,-33.099907399813702],[-71.745682000394098,-33.099853500135801],[-71.7456927999404,-33.099799500337497],[-71.745711500169705,-33.099770299629903],[-71.745749100054198,-33.099702900088502],[-71.745738400220901,-33.099577099714303],[-71.745639099550999,-33.099565800338297],[-71.745569400166502,-33.0995906002656],[-71.745510399716906,-33.0996377001659],[-71.745470100394996,-33.099711899690902],[-71.745459399663304,-33.099750100016202],[-71.745427199551898,-33.0997972999185],[-71.745368200000698,-33.099878199894597],[-71.745354799831603,-33.0999321003099],[-71.745317199947095,-33.099970299787003],[-71.745279699775494,-33.099947799716801],[-71.745250199999901,-33.099929899894299],[-71.745210000390998,-33.099959099796301],[-71.745177800279606,-33.099963599960702],[-71.745153599665798,-33.099952299881799],[-71.745132199999105,-33.099916400147698],[-71.745142899832501,-33.099889399895702],[-71.745140200395099,-33.099848999965801],[-71.745094600114598,-33.0998152998555],[-71.745000700116293,-33.099803999757498],[-71.744944400002495,-33.099754600191297],[-71.7449309998334,-33.099716399868001],[-71.744923000335802,-33.099693899732799],[-71.744896100284606,-33.099671499679403],[-71.744863999886206,-33.099651199955296],[-71.7448317997749,-33.099597300120301],[-71.744823699666,-33.099572600282599],[-71.744823699666,-33.0995186996469],[-71.744775399948097,-33.099493899699297],[-71.744719099834299,-33.099523199833797],[-71.744708400000903,-33.0995118996983],[-71.744703000227702,-33.099487199836702],[-71.744652099887105,-33.099417500314402],[-71.744603800169202,-33.099437800092403],[-71.744609100229397,-33.0994018000602],[-71.744585000227005,-33.099329900039599],[-71.744560900224499,-33.099300699928598],[-71.744542100282302,-33.099226600144704],[-71.744528700113193,-33.099181600370301],[-71.744496500001802,-33.099134400137302],[-71.744448200283898,-33.0991119999413],[-71.744399899667698,-33.099129899930396],[-71.744381200336804,-33.099168099756199],[-71.744386500396999,-33.099204099884098],[-71.744426799718894,-33.099267000360598],[-71.744421399945793,-33.099289499852603],[-71.744362400394493,-33.099320899645697],[-71.744327499947403,-33.0993052001268],[-71.744244400393697,-33.0993141997698],[-71.744212200282405,-33.099359100140902],[-71.744196099777497,-33.099395100190598],[-71.744147800059693,-33.099442300283599],[-71.744091499945895,-33.099482699647801],[-71.744067300230398,-33.0995186996469],[-71.744045899665394,-33.0995569000562],[-71.744009499930101,-33.099584400096298],[-71.743961299925203,-33.099582100336796],[-71.743941299833693,-33.099565800338297],[-71.743944000169506,-33.099529899693799],[-71.743951999667104,-33.099489400263302],[-71.743949300229602,-33.099446799721903],[-71.743930500287405,-33.099404099824397],[-71.743909099722401,-33.099381600361802],[-71.743866199777599,-33.0994018000602],[-71.743809799950895,-33.099449000149598],[-71.743782999612705,-33.099482699647801],[-71.743740099668003,-33.0995569000562],[-71.743744000152901,-33.099602400076797],[-71.743749399926102,-33.099651799728498],[-71.743744000152901,-33.0996966999272],[-71.743719900150495,-33.099719200061699],[-71.743679599930203,-33.099716999640698],[-71.743655499927797,-33.099694500258202],[-71.743623299816406,-33.099669799695299],[-71.743620600379003,-33.099642800120101],[-71.743593800040799,-33.099600100317801],[-71.7435402002627,-33.099595600134798],[-71.743520200171204,-33.0995614002412],[-71.743482600286697,-33.099527599932799],[-71.743453099612793,-33.099520900072797],[-71.743415600339603,-33.099520900072797],[-71.743396800397306,-33.099473700022003],[-71.743434299670497,-33.099451299912602],[-71.743453099612793,-33.099404099824397],[-71.743486499873399,-33.0993776999427],[-71.743544300173696,-33.099377100167601],[-71.743589899555801,-33.099363600336098],[-71.743619400229804,-33.099318699967299],[-71.743613999558306,-33.099276000007599],[-71.743606000060694,-33.099253499759698],[-71.743541599837997,-33.099249000311403],[-71.743514800398103,-33.099226600144704],[-71.743447699839606,-33.099210799768301],[-71.743412900003804,-33.0992311003466],[-71.743340500283495,-33.099251300079601],[-71.743297499727504,-33.099264799928399],[-71.743262699891702,-33.099294000051302],[-71.743217099611201,-33.099325399842698],[-71.743184900398205,-33.099316400200799],[-71.743147299615302,-33.099298500249802],[-71.743099099610504,-33.099302999695503],[-71.743086899590594,-33.099346200081897],[-71.743123199612896,-33.099370400296102],[-71.743161999646702,-33.0994023998351],[-71.743179499726693,-33.099437800092403],[-71.7431608003957,-33.099485000162403],[-71.743117799839695,-33.099527599932799],[-71.743094899986502,-33.099568699871902],[-71.743115200115298,-33.099595099696302],[-71.743128600284393,-33.099631000314297],[-71.743099099610504,-33.099667000252502],[-71.743048099556802,-33.099691700063701],[-71.743005199612099,-33.099702900088502],[-71.742948900396598,-33.099667000252502],[-71.742924699782904,-33.099619800280301]]],[[[-71.741669400293105,-33.099388300232498],[-71.741674800066207,-33.099354599945499],[-71.741635799708206,-33.0993080003336],[-71.741607800119098,-33.099291700284198],[-71.741574099821193,-33.099292300059801],[-71.741521899618306,-33.099309700324703],[-71.741508500347607,-33.099332199805701],[-71.741500499951698,-33.099365900101297],[-71.741484400345101,-33.099399599631397],[-71.741473599900502,-33.0994287997095],[-71.741481700009402,-33.099462499967998],[-71.7415352997875,-33.099473700022003],[-71.741570200234605,-33.099437800092403],[-71.741570200234605,-33.099381600361802],[-71.7416050997833,-33.0994018000602],[-71.741647999728002,-33.099417500314402],[-71.741669400293105,-33.099388300232498]]],[[[-71.741941599705598,-33.099206900094103],[-71.741910800067799,-33.0991860998219],[-71.741894800174293,-33.099210799768301],[-71.741876000231997,-33.099244500110402],[-71.741900100234403,-33.099273700239998],[-71.741905500007604,-33.099294000051302],[-71.741873299896298,-33.099325399842698],[-71.741854499954002,-33.099336700002198],[-71.741830399951496,-33.099365900101297],[-71.741825000178395,-33.099399599631397],[-71.741835700011706,-33.099415299885898],[-71.741867900123097,-33.099415299885898],[-71.741913500403498,-33.099404099824397],[-71.741953799725493,-33.099399599631397],[-71.741959099785703,-33.099431000137599],[-71.741932300345795,-33.099457999777897],[-71.741929600010096,-33.099473700022003],[-71.741940299843407,-33.099502900075599],[-71.741913500403498,-33.099534399880099],[-71.741918900176699,-33.099563599913502],[-71.741948399952307,-33.099579300138799],[-71.741969900230302,-33.099579300138799],[-71.742012800175004,-33.099532100119397],[-71.741999400005994,-33.099502900075599],[-71.742007400401903,-33.099460200205399],[-71.742010099839305,-33.099417500314402],[-71.741988599561296,-33.0993792998445],[-71.741969900230302,-33.099350099749898],[-71.741959099785703,-33.099316400200799],[-71.741967199894603,-33.099284999653598],[-71.741985900123893,-33.099255800280297],[-71.741972499954798,-33.099224300375802],[-71.741941599705598,-33.099206900094103]]],[[[-71.742113200382803,-33.099009200232103],[-71.742058399557195,-33.098983899698801],[-71.742036900177496,-33.099022100340498],[-71.742001999730405,-33.099042300121603],[-71.741959099785703,-33.099064799670998],[-71.741953799725493,-33.099093999860401],[-71.7419778997279,-33.099116500149201],[-71.7420181002352,-33.099129899930396],[-71.742028899781602,-33.099154699980701],[-71.742039599614898,-33.099188400344303],[-71.742063699617404,-33.099206300317903],[-71.742095899728696,-33.099226600144704],[-71.742103999837596,-33.099253499759698],[-71.742106599562106,-33.099282699886302],[-71.742146899782298,-33.099320899645697],[-71.742176399557906,-33.099354599945499],[-71.742213899729506,-33.099332199805701],[-71.742195200398498,-33.099273700239998],[-71.742184399953899,-33.099239999909102],[-71.742181699618101,-33.0991860998219],[-71.742165699724595,-33.099125399723299],[-71.742146899782298,-33.099103000277601],[-71.742141500009197,-33.099055800002503],[-71.742136100235996,-33.099031100012603],[-71.742113200382803,-33.099009200232103]]],[[[-71.723644999662895,-33.090501200214298],[-71.723610100114101,-33.090543899920704],[-71.723580600338494,-33.090557400354101],[-71.723551099664604,-33.0905327002341],[-71.723564499833699,-33.090501200214298],[-71.723545799604395,-33.090467500283403],[-71.723508199719902,-33.090462999632699],[-71.723454599941803,-33.090472000181101],[-71.723437199574803,-33.090497500349798],[-71.723449200168702,-33.090525900343103],[-71.723454599941803,-33.090552899708101],[-71.723414299721597,-33.090597800038701],[-71.723428900039906,-33.090611900298697],[-71.723470700446697,-33.090645000339698],[-71.723520099702498,-33.0906634996295],[-71.723533599584499,-33.090670300262602],[-71.723589899698396,-33.090688299810601],[-71.723628900056397,-33.090712400052702],[-71.72367990011,-33.090719199929197],[-71.723720099719003,-33.090696699748896],[-71.723730799552399,-33.0906562000119],[-71.723720099719003,-33.090640499698203],[-71.723690599943396,-33.090602299929799],[-71.723695999716597,-33.0905752998273],[-71.723701299776707,-33.090523699692099],[-71.723644999662895,-33.090501200214298]]],[[[-71.714512100358803,-33.0970828997471],[-71.714541600134396,-33.097132400152702],[-71.714587999915494,-33.097193900093401],[-71.714670299968603,-33.097166099786598],[-71.7146972000197,-33.097105399798103],[-71.714671500117802,-33.097083500290303],[-71.714631299610502,-33.097067800371804],[-71.714604500170594,-33.097061000233701],[-71.714544299571898,-33.097076199700602],[-71.714512100358803,-33.0970828997471]]],[[[-71.715091399631007,-33.096339199756201],[-71.715142399684694,-33.096354899804801],[-71.715198699798506,-33.096352700052201],[-71.715255099625296,-33.096357100309902],[-71.715308700301605,-33.096366100254798],[-71.715317899948502,-33.0963397002131],[-71.715276500190299,-33.096314499755501],[-71.715237499832199,-33.096294799804802],[-71.715220200076502,-33.0962852000564],[-71.715171900358598,-33.096267300240598],[-71.715102200075705,-33.096240300372799],[-71.715055099608705,-33.096231900211599],[-71.715029699744093,-33.096246999730397],[-71.715016299574998,-33.0962605000406],[-71.715016299574998,-33.0962942000087],[-71.715043199626194,-33.096321199859901],[-71.715091399631007,-33.096339199756201]]],[[[-71.718543399790804,-33.094570700245498],[-71.718546100126503,-33.094626900041703],[-71.718607800013501,-33.094665100319197],[-71.718621200182596,-33.094694299712401],[-71.7186694999005,-33.094680799914201],[-71.718682900069595,-33.094730300167399],[-71.718741899620795,-33.094701100033603],[-71.718766100234603,-33.0946674002073],[-71.7187768000679,-33.094622400356599],[-71.718758000125604,-33.094588699747597],[-71.718701700011806,-33.094550500189399],[-71.718674899673601,-33.094521299995897],[-71.718661500402803,-33.094494300344401],[-71.718637299789094,-33.094476400163899],[-71.718597100180105,-33.094474100270801],[-71.718564900068799,-33.0945032997274],[-71.718551499899704,-33.094532499926899],[-71.718543399790804,-33.094570700245498]]],[[[-71.718985999731302,-33.094438199804401],[-71.718994099840202,-33.094478599963502],[-71.719058400349894,-33.094474100270801],[-71.719087900125501,-33.094469599825402],[-71.719128200345807,-33.094435899910302],[-71.719160299845797,-33.094397700285803],[-71.719140100328403,-33.094371299652998],[-71.719085199789802,-33.094370699843701],[-71.719045000180799,-33.094370699843701],[-71.719020900178407,-33.094381999887602],[-71.719010099733694,-33.0944066996787],[-71.718985999731302,-33.094438199804401]]],[[[-71.719307900233503,-33.094008999837101],[-71.7193561002384,-33.094020199833402],[-71.719404399956304,-33.093993200028002],[-71.719407100292003,-33.093952799645898],[-71.719407100292003,-33.093921300098799],[-71.719425900234299,-33.093856199744799],[-71.719386899876298,-33.093823000065903],[-71.719369600120501,-33.0937954997285],[-71.719346599656006,-33.093789299903001],[-71.719294500064393,-33.093779799975401],[-71.7192581003291,-33.093778099877298],[-71.719235399901905,-33.0937954997285],[-71.719227400404307,-33.093829199889001],[-71.719224700068594,-33.093865199945697],[-71.7192569001799,-33.093905600368103],[-71.719254199844201,-33.093930300293103],[-71.719248899784006,-33.093966300308402],[-71.719259599617303,-33.094002200214902],[-71.719307900233503,-33.094008999837101]]],[[[-71.719519800232703,-33.094220200279999],[-71.719527799730301,-33.094280900003],[-71.719610999895295,-33.094296599666698],[-71.719643100293595,-33.094294299768798],[-71.719677999842403,-33.094276400300203],[-71.719699500120399,-33.0942449001165],[-71.719723600122805,-33.094190999976703],[-71.719742400065101,-33.094150500344199],[-71.719753099898497,-33.094119100209298],[-71.719766500067607,-33.094053899907799],[-71.719771899840694,-33.094004500120398],[-71.719777299613895,-33.093970800027101],[-71.719801399616301,-33.0939257998198],[-71.719814799785397,-33.093862900036598],[-71.719814799785397,-33.093824700163097],[-71.719812100347994,-33.093793199817597],[-71.719812100347994,-33.093754999913799],[-71.719825499618807,-33.093694399922001],[-71.719830900290304,-33.093647199753001],[-71.719830900290304,-33.093597699642501],[-71.719844299561004,-33.0935618003234],[-71.719868500174798,-33.0935416000355],[-71.719873800235007,-33.093498900279798],[-71.719873800235007,-33.093478699977503],[-71.719853599819203,-33.093454499646498],[-71.719825499618807,-33.093442699762498],[-71.719775800325706,-33.093422999920897],[-71.719743600214301,-33.093409600022198],[-71.719679199991603,-33.093418500174202],[-71.719643100293595,-33.0934920998656],[-71.719624400064305,-33.093537100294903],[-71.719608299559496,-33.093564000145797],[-71.719592199952999,-33.093631499973299],[-71.7196297001245,-33.093687600275501],[-71.719651200402495,-33.093725800208603],[-71.719616299955405,-33.093779799975401],[-71.719586800179798,-33.093817999868399],[-71.719559999841593,-33.093887599973598],[-71.719517099896905,-33.093955000211103],[-71.719501000290407,-33.094024700301901],[-71.719503699727795,-33.094080899694497],[-71.719492900181507,-33.0941168003068],[-71.719492900181507,-33.094159499762398],[-71.719519800232703,-33.094220200279999]]],[[[-71.736637600416799,-33.095339199768503],[-71.736673700114807,-33.095375799761797],[-71.736691299907804,-33.095390900180199],[-71.736715399910295,-33.095420100084901],[-71.736759500004197,-33.095443200363498],[-71.736795899739505,-33.095442599808997],[-71.736830699575293,-33.095415599687897],[-71.736846800080201,-33.095377399736499],[-71.736846800080201,-33.095334700119899],[-71.736836100246805,-33.095276300244102],[-71.7368495004159,-33.095215599703202],[-71.736819999741996,-33.095206699733197],[-71.736771700024093,-33.095217900329502],[-71.736758299854998,-33.0952022000778],[-71.736734199852606,-33.095164000033598],[-71.736726099743606,-33.095141500238299],[-71.736731500415104,-33.0951145000247],[-71.736747600021602,-33.095085300018503],[-71.736774400359806,-33.095065100080703],[-71.736822700077695,-33.095040399722002],[-71.736817300304494,-33.095002200360099],[-71.7368011997997,-33.094981999650699],[-71.736739499912701,-33.094977499983798],[-71.7366938996323,-33.094995400062203],[-71.736672499965593,-33.095074100157902],[-71.736664399856707,-33.095118999684601],[-71.736640299854201,-33.095164000033598],[-71.736640299854201,-33.095197699669598],[-71.736634900081,-33.095249400164498],[-71.736632300356604,-33.095294300354198],[-71.736637600416799,-33.095339199768503]]],[[[-71.738206700299997,-33.108171299653598],[-71.738193300130902,-33.108146499890303],[-71.738153099623602,-33.108103799704899],[-71.7381348000429,-33.108079400234701],[-71.738107500241497,-33.108058900039197],[-71.738070500431505,-33.108052400233198],[-71.738024900151103,-33.108056899983197],[-71.737989500240701,-33.108072400040001],[-71.737981400131801,-33.1080994000353],[-71.738005599847199,-33.108137599724699],[-71.738021700351993,-33.108169000118799],[-71.738037799958605,-33.108191500341498],[-71.738059199625297,-33.108218400222398],[-71.738094100072402,-33.108234199731797],[-71.738134299681306,-33.108234199731797],[-71.738156300320995,-33.108245600328502],[-71.738175100263206,-33.108261299755199],[-71.738212100073198,-33.1082543996528],[-71.7382174998463,-33.1082296999909],[-71.738204099677205,-33.108205000322002],[-71.738206700299997,-33.108171299653598]]],[[[-71.731444899696697,-33.120561100158],[-71.731410000147903,-33.120592499873297],[-71.731407299812204,-33.120646400372003],[-71.731421300055899,-33.120660100070502],[-71.731437399662397,-33.120696099668997],[-71.731479800143802,-33.120711599752902],[-71.7315280001487,-33.120695900294102],[-71.731554900199896,-33.120668899656003],[-71.731576299866603,-33.120621699680001],[-71.731617100448503,-33.1205928000646],[-71.731662099755994,-33.120596999733401],[-71.731697000203098,-33.120585800114704],[-71.731734600087606,-33.120558800195198],[-71.731729200314504,-33.120520599888103],[-71.731678200260902,-33.120509400259699],[-71.7316353003161,-33.120464500163202],[-71.731595600170493,-33.120469200157601],[-71.731579000202302,-33.120507200359398],[-71.7315280001487,-33.120493700012403],[-71.731466300261701,-33.120511700223801],[-71.731444899696697,-33.120561100158]]],[[[-71.736656400359095,-33.118117000200897],[-71.7366511002989,-33.118146200078201],[-71.736589899875199,-33.118180100062702],[-71.736622099986604,-33.118218299883097],[-71.736659099796498,-33.118240500342303],[-71.736699300303798,-33.118256200239998],[-71.736774400359806,-33.118287700093397],[-71.736793200302102,-33.118269700178502],[-71.7368420003816,-33.118260999666603],[-71.736887100300393,-33.1182607002197],[-71.736911200302899,-33.118233799651897],[-71.736911200302899,-33.118191099855103],[-71.736873700131298,-33.118175399945798],[-71.736879000191493,-33.1181417000926],[-71.736892500073594,-33.118092200235701],[-71.736833399911106,-33.1180810002976],[-71.736763699628199,-33.118092200235701],[-71.736705200438493,-33.118054299808001],[-71.736646199988996,-33.118027299862597],[-71.736632799819901,-33.1180721997004],[-71.736656400359095,-33.118117000200897]]],[[[-71.736506699710205,-33.118065499749498],[-71.736508899684395,-33.118096700223802],[-71.736540300295104,-33.118103799686303],[-71.7365357000225,-33.118065300368599],[-71.736511600020094,-33.118038299674197],[-71.736476599859998,-33.118024999833501],[-71.736506699710205,-33.118065499749498]]],[[[-71.736613500414407,-33.117213899857198],[-71.736621499911905,-33.117175700352398],[-71.736613500414407,-33.117157700209603],[-71.736610800078594,-33.1171330000412],[-71.736619399650806,-33.117101799977],[-71.736632799819901,-33.117074799738802],[-71.73664300019,-33.117045400122102],[-71.736637600416799,-33.117004899735697],[-71.736581300303001,-33.116969000196796],[-71.736575899631504,-33.1169488000223],[-71.736562500360705,-33.116924099795199],[-71.736530399962405,-33.116890400214302],[-71.736500799575396,-33.116861199919398],[-71.736468700075406,-33.116867899962202],[-71.736482100244501,-33.1168994003134],[-71.736506699710205,-33.116949000158201],[-71.736546399855897,-33.116986999625802],[-71.736533599761401,-33.1170096999831],[-71.736519600416003,-33.117054400205397],[-71.7365363000971,-33.117124200101401],[-71.736549700266195,-33.117169199716102],[-71.736549100191596,-33.117189199704598],[-71.736573299907107,-33.117229599938398],[-71.7366027996827,-33.117238600002899],[-71.736613500414407,-33.117213899857198]]],[[[-71.7366944997069,-33.116921999873],[-71.736712699574497,-33.116897100254697],[-71.7367100998501,-33.116881400114103],[-71.736694000243602,-33.116867899962202],[-71.736645699627402,-33.116849899756403],[-71.736610800078594,-33.116820700200499],[-71.736592000136298,-33.116793799943999],[-71.736541099795701,-33.116780299778597],[-71.736520199592306,-33.116809700236502],[-71.7365363000971,-33.116836699803699],[-71.736557699763793,-33.116861400055498],[-71.736587200437796,-33.1169040997463],[-71.736608099742895,-33.116917299688801],[-71.736638199593102,-33.116944500111202],[-71.7366944997069,-33.116921999873]]],[[[-71.735755199686196,-33.111460399724301],[-71.735800799966697,-33.111426700304499],[-71.735796000268095,-33.111379700024997],[-71.735811499800107,-33.111361500050897],[-71.735800799966697,-33.111316599792701],[-71.735760600357693,-33.111323400332701],[-71.735755700047903,-33.111368499983499],[-71.735733700306596,-33.1114042001578],[-71.735696699598293,-33.111426899700497],[-71.7357155004389,-33.1114403999362],[-71.735755199686196,-33.111460399724301]]],[[[-71.662150000438501,-33.056771099658],[-71.662123299813302,-33.056807300097098],[-71.662082899880005,-33.056838499727398],[-71.662058799877599,-33.056863200273803],[-71.662039999935303,-33.056905899745203],[-71.662088400264494,-33.056924199834903],[-71.662123299813302,-33.0569421001289],[-71.662184999700202,-33.056926399820803],[-71.6622198004344,-33.056955599696202],[-71.6622466995872,-33.0569826003305],[-71.662281500321299,-33.056989299666803],[-71.662321799643294,-33.056973600120003],[-71.662329700326197,-33.056928400286999],[-71.662353800328702,-33.056883500086798],[-71.662343099596995,-33.056820500028898],[-71.662324299654699,-33.056793500097797],[-71.662324499979107,-33.056748800101701],[-71.662292299867701,-33.056730799632],[-71.662246500161203,-33.056719399884699],[-71.662214300049897,-33.056723799866603],[-71.662176799878296,-33.056741800337797],[-71.662150000438501,-33.056771099658]]],[[[-71.661967699927999,-33.056845500236498],[-71.661903299705301,-33.056791499628602],[-71.661855099700404,-33.0568229996735],[-71.661833600320705,-33.056856699694798],[-71.661817499815797,-33.056888199716397],[-71.661817499815797,-33.056912900249003],[-71.661879099989804,-33.056937399749202],[-71.661906000041,-33.056939900143398],[-71.661897999645106,-33.056969100014399],[-71.661889900434502,-33.056993799771298],[-71.661911300101195,-33.057007099811301],[-71.661957000094603,-33.057023099760499],[-71.661986499870196,-33.057050000238],[-71.662024000041797,-33.057025299743898],[-71.662042799984107,-33.056993799771298],[-71.662029399814998,-33.056953399711098],[-71.662002499763801,-33.056919400071003],[-71.661978399761296,-33.056879200249199],[-71.661967699927999,-33.056845500236498]]],[[[-71.661211199881095,-33.056402400337802],[-71.661189899927393,-33.056377899935697],[-71.661179100381105,-33.056404899994298],[-71.661176499758298,-33.056438600175603],[-71.661165700211995,-33.056463300081397],[-71.661125399991704,-33.056498999963402],[-71.661120099931495,-33.056535199761498],[-71.661125499704696,-33.056562199771797],[-71.661149499994195,-33.056573199745699],[-71.661189899927393,-33.056521800266502],[-71.661222100038799,-33.056490300113701],[-71.661256899874601,-33.056499300373602],[-71.661272899768093,-33.0565373003733],[-71.661299799819304,-33.056562199771797],[-71.661345400099705,-33.056562199771797],[-71.661369500102197,-33.056510300355399],[-71.661334599655106,-33.056458599676098],[-71.661253700075505,-33.056435200041697],[-71.661211199881095,-33.056402400337802]]],[[[-71.660996799870603,-33.056067600071401],[-71.660959199986095,-33.056076600374503],[-71.660908100219402,-33.056098900100999],[-71.660865200274699,-33.056105600257403],[-71.660849099769905,-33.056134899789299],[-71.660798399753602,-33.056190600118903],[-71.660846599758401,-33.056222799832298],[-71.660900200434796,-33.056231800119598],[-71.660948500152699,-33.056234000122799],[-71.660991400097402,-33.056231800119598],[-71.661031599706405,-33.0562002998631],[-71.661042400151004,-33.056150799759898],[-71.661042400151004,-33.056087900067801],[-71.660996799870603,-33.056067600071401]]],[[[-71.668461199806998,-33.079246600326798],[-71.668506800087499,-33.079298000083398],[-71.668544399972006,-33.079332000110803],[-71.668592599976904,-33.0793455000073],[-71.668624800088196,-33.079383700149499],[-71.668662399972803,-33.079394899750604],[-71.668708000253204,-33.079379000215702],[-71.668737500028797,-33.079399199993603],[-71.668758899695504,-33.0794286001614],[-71.668815300420604,-33.079390400038797],[-71.668807200311704,-33.079341000292999],[-71.668777699637801,-33.0792937999462],[-71.668775000200398,-33.079269099673297],[-71.668750900197907,-33.079223900000102],[-71.668699900144304,-33.079190200263596],[-71.668640899694793,-33.0791609001271],[-71.668619500028001,-33.079152000037503],[-71.668587299916695,-33.079147500313198],[-71.668536299863106,-33.079149899965401],[-71.668479999749295,-33.079138500111199],[-71.668426300258204,-33.079138700333097],[-71.66839949992,-33.079167700144197],[-71.668437099804606,-33.079210600306702],[-71.668461199806998,-33.079246600326798]]],[[[-71.662493299709098,-33.075582899673201],[-71.662549800147204,-33.0755854002905],[-71.662568500376494,-33.075610100092199],[-71.662616800094398,-33.075619099902497],[-71.662649000205803,-33.075594400103199],[-71.662635500323702,-33.075549200047298],[-71.662568399765206,-33.0755132000195],[-71.662587199707502,-33.075421100100797],[-71.662581799934301,-33.075382899743303],[-71.662600699589603,-33.075351599796697],[-71.662563200316299,-33.075311199882798],[-71.662544400374102,-33.075306699962098],[-71.662490600271695,-33.075322199771797],[-71.662453100100194,-33.075344700122002],[-71.662428900384697,-33.075364900073602],[-71.662404800382305,-33.075396400245999],[-71.662399600035101,-33.0754348000752],[-71.662398499598893,-33.075479599729299],[-71.662399600035101,-33.075515699885997],[-71.662399600035101,-33.075533700277603],[-71.662348599981499,-33.075535899798297],[-71.662335000386406,-33.075499700287502],[-71.662332399763699,-33.075461499964199],[-71.662348500268493,-33.075414299793998],[-71.662359200101804,-33.075378399826299],[-71.662313700432705,-33.075340399680798],[-71.662297599927896,-33.075317900082197],[-71.662275999936895,-33.075304200089597],[-71.662230599980703,-33.075326899922402],[-71.662198300156405,-33.075378399826299],[-71.662193000096195,-33.0754213003312],[-71.662190299760397,-33.075459499919198],[-71.662190299760397,-33.075482000234402],[-71.662193000096195,-33.075508999701597],[-71.662225200207502,-33.075531399889002],[-71.662259900330298,-33.075555900228601],[-71.662300300263595,-33.075583099903199],[-71.662297599927896,-33.075619099902497],[-71.662348599981499,-33.075646100080398],[-71.662402199759498,-33.075661800060203],[-71.662423600324601,-33.075618899672499],[-71.662450500375698,-33.075583099903199],[-71.662493299709098,-33.075582899673201]]],[[[-71.662732099759396,-33.066275499744997],[-71.662705199708299,-33.066277499998797],[-71.662672999596893,-33.066293200144599],[-71.662651500217194,-33.066320200173102],[-71.662632799987904,-33.066331500057203],[-71.662622199867599,-33.066365399700501],[-71.662643600432602,-33.066394600208902],[-71.662656999703401,-33.0664170998309],[-71.662681200317095,-33.0664530998164],[-71.662691900150506,-33.066484500042698],[-71.662681200317095,-33.066538499974101],[-71.662689199814693,-33.066574399784599],[-71.662707900043998,-33.066587699882703],[-71.662700000259406,-33.066621600180198],[-71.662675699932606,-33.066655099963803],[-71.662686500377305,-33.066698100330399],[-71.662729500034999,-33.066720599874799],[-71.662764299870801,-33.0667408003007],[-71.662801899755294,-33.066756500363901],[-71.662860799593503,-33.066729300219102],[-71.662895799753599,-33.066711599907201],[-71.662911699934199,-33.066657399831598],[-71.662863599642293,-33.066623900048903],[-71.662841999651306,-33.066596699862998],[-71.662833900440702,-33.0665675001745],[-71.662801899755294,-33.066482300295696],[-71.662788300160202,-33.066452800192998],[-71.662780400375595,-33.066412600208103],[-71.6627507999887,-33.066360699824003],[-71.662745599641497,-33.066315900043698],[-71.662732099759396,-33.066275499744997]]],[[[-71.6463090000222,-33.0204444996726],[-71.646357299740004,-33.0204444996726],[-71.646384100078194,-33.020426500068901],[-71.646405499744901,-33.020394999811998],[-71.646405499744901,-33.020358999827501],[-71.6464082000807,-33.020329799871099],[-71.646424299687197,-33.020313999637899],[-71.646440400192006,-33.02028930014],[-71.646429700358695,-33.020250999785802],[-71.646397500247303,-33.020253300112401],[-71.646388599739495,-33.020276899922898],[-71.646373299633595,-33.020300499727199],[-71.646333100024606,-33.020322999828302],[-71.646289399680995,-33.020344400227202],[-71.646262600241101,-33.020373600178701],[-71.646263399741699,-33.020410699853002],[-71.646282199683995,-33.0204444996726],[-71.6463090000222,-33.0204444996726]]],[[[-71.632092500389206,-33.019712400092402],[-71.632125500001194,-33.019715800137398],[-71.632156800000601,-33.019674199666099],[-71.632152300339399,-33.019650599694202],[-71.632112000119093,-33.019655100199998],[-71.632101300285797,-33.019686499789401],[-71.632092500389206,-33.019712400092402]]],[[[-71.631961800007005,-33.019657300363498],[-71.631977899613503,-33.019684299626597],[-71.632001299828303,-33.019638200140498],[-71.632017400333197,-33.019611200109999],[-71.632010099724894,-33.019592099877002],[-71.631977899613503,-33.019587600121199],[-71.6319430997777,-33.019589800286397],[-71.631927000171203,-33.019601100141102],[-71.6319349996688,-33.019646099941397],[-71.631961800007005,-33.019657300363498]]],[[[-71.635333400050499,-33.019387399924099],[-71.635273600100305,-33.019375099759102],[-71.635282399996797,-33.019398699804697],[-71.635279699661098,-33.019425699900303],[-71.635292300329596,-33.019460499626298],[-71.635305800211697,-33.0194739996656],[-71.635344099883795,-33.019477399719797],[-71.635384300391095,-33.019468400196303],[-71.635386999828498,-33.0194503996401],[-71.6353790003309,-33.019425699900303],[-71.635373599659403,-33.019403200323403],[-71.635333400050499,-33.019387399924099]]],[[[-71.634091499831399,-33.019479599887802],[-71.634115700445193,-33.019468400196303],[-71.634131700338699,-33.019445899877098],[-71.634153199718398,-33.019414400023102],[-71.634150500280995,-33.019391899690099],[-71.634099599940299,-33.019398699804697],[-71.634070100164706,-33.019434700181399],[-71.634067399828993,-33.019459399918702],[-71.634091499831399,-33.019479599887802]]],[[[-71.641097399646796,-33.018355099779001],[-71.641057200037906,-33.018382100194103],[-71.641105499755696,-33.018420399853802],[-71.641085900312902,-33.018441699781299],[-71.641085900312902,-33.018459699790199],[-71.641131499695007,-33.018459699790199],[-71.641161799869593,-33.018447300068999],[-71.641177900374402,-33.018424899669199],[-71.6412011999779,-33.018390000107601],[-71.641226200092305,-33.018359600350898],[-71.641231599865407,-33.0183214000917],[-71.641177099975494,-33.018306800153901],[-71.641137699867102,-33.018337099748699],[-71.641158300033197,-33.018362999694901],[-71.641097399646796,-33.018355099779001]]],[[[-71.662871600038201,-33.075778700348899],[-71.662841999651306,-33.075762700045502],[-71.662809800438197,-33.075780699633803],[-71.662801700329297,-33.075807699762201],[-71.662796400269102,-33.0758548997213],[-71.662807199815504,-33.075884300320901],[-71.662839300213804,-33.075904299919301],[-71.662866099653698,-33.075884100091599],[-71.662901099813794,-33.075848299677503],[-71.662901099813794,-33.075830400217697],[-71.662882399584603,-33.075801099714802],[-71.662871600038201,-33.075778700348899]]],[[[-71.493758199807502,-33.102704900029401],[-71.492728300198905,-33.105149400195501],[-71.489621400432,-33.106858700220698],[-71.486531500383506,-33.108584199860303],[-71.483801900222403,-33.1117638000132],[-71.481210000116306,-33.114838799697701],[-71.477090199560806,-33.117930000375203],[-71.476489300297601,-33.119871000271402],[-71.475716900070296,-33.122243100177499],[-71.476918400355999,-33.124906899834102],[-71.478463400236805,-33.127634300049401],[-71.479065199611895,-33.130468899737998],[-71.480008400117498,-33.133815700115299],[-71.480008400117498,-33.137121799791402],[-71.479665099948505,-33.139709199639],[-71.477948500289003,-33.141865199719298],[-71.478034300178393,-33.143302600206098],[-71.477519299619303,-33.145242900037402],[-71.475716900070296,-33.146752099685301],[-71.472197800250399,-33.149698499884202],[-71.467992100092502,-33.153075900144003],[-71.464730499653896,-33.154656700249099],[-71.460696499886197,-33.155016000374303],[-71.457349099558101,-33.155231600349403],[-71.454001700128401,-33.154081900166503],[-71.453726300018502,-33.154647800285296],[-71.452113300365696,-33.157181500181203],[-71.450911800079894,-33.1586088003451],[-71.448251000089797,-33.1592554999892],[-71.446877800312294,-33.159830300005602],[-71.445847800092295,-33.161626600221801],[-71.444731999983006,-33.162704399987703],[-71.442071199992895,-33.162417000094301],[-71.439496299605196,-33.1621296000109],[-71.435805600006503,-33.161913999697902],[-71.432629900068605,-33.1616985003756],[-71.430054899967899,-33.161913999697902],[-71.428509999800099,-33.162919899845797],[-71.426707499639804,-33.1640694999573],[-71.424475900319393,-33.165578399747602],[-71.423016800041097,-33.166368700078898],[-71.419755300213794,-33.166512400058402],[-71.418038599942903,-33.1673746002526],[-71.416579499664607,-33.1688833002897],[-71.413747099895602,-33.171541599809402],[-71.412287999617305,-33.1719007999206],[-71.409798900017407,-33.171110499834597],[-71.407309800417394,-33.171397899802699],[-71.404734900029695,-33.172188200305001],[-71.402417499921597,-33.173481299765299],[-71.401014699757098,-33.173481299765299],[-71.400357500380096,-33.173481299765299],[-71.3988984001017,-33.173265800303497],[-71.395636799663095,-33.1730503003118],[-71.393233599665507,-33.173481299765299],[-71.392461099725196,-33.174918100183],[-71.391517000006004,-33.177360700217299],[-71.390572799675496,-33.179156599889403],[-71.3898002997351,-33.180234199917301],[-71.387997900186093,-33.180018699768098],[-71.386624599797202,-33.179946800354998],[-71.385165500417202,-33.181383600028099],[-71.384308099801004,-33.1826447998709],[-71.383579999991795,-33.1832950001168],[-71.383219100029805,-33.183522500271401],[-71.383274500031703,-33.183896299668298],[-71.383241300095406,-33.184303899736499],[-71.383288699701396,-33.184921199852504],[-71.383564499561601,-33.185360500229102],[-71.384186699676803,-33.185692699908302],[-71.385517100121106,-33.187264000228403],[-71.386064299893206,-33.188090100274103],[-71.387658600215104,-33.190522400122603],[-71.388435400390705,-33.191681499645497],[-71.388849500380502,-33.1922821996246],[-71.389922399646807,-33.192632299833797],[-71.391327900147104,-33.192793900033799],[-71.392115300443095,-33.192929500299002],[-71.392877099651798,-33.193970999739697],[-71.393118200287503,-33.194718200312998],[-71.3936174003791,-33.195452300350098],[-71.393553000156402,-33.196170600034101],[-71.3936174003791,-33.196700299889201],[-71.394179999970206,-33.197375099702803],[-71.395038299800007,-33.198209999924501],[-71.395177800078798,-33.19875760019],[-71.395242200301496,-33.1996284003176],[-71.395724999850998,-33.200804500138503],[-71.396046799741896,-33.201334199773399],[-71.396551099569393,-33.201459800185198],[-71.3976883002438,-33.201720200076998],[-71.398589599731196,-33.202294699793299],[-71.399844800406399,-33.202312699756803],[-71.400585100235404,-33.202303700151298],[-71.401840399725202,-33.202070300137301],[-71.403825200396,-33.2014329003228],[-71.404973199718398,-33.20137899985],[-71.405595500445003,-33.201684299873897],[-71.406099699661098,-33.2021242001845],[-71.406250000384603,-33.202591000054603],[-71.406679100443,-33.203542600306903],[-71.407945099766096,-33.205616299750297],[-71.407869999710101,-33.206065099851003],[-71.407440899651704,-33.206828099988797],[-71.407258500326506,-33.207824599780302],[-71.407033200158295,-33.208668400059601],[-71.407161899992403,-33.209117200295303],[-71.407912899654804,-33.209404399671399],[-71.408932200041306,-33.2100059002723],[-71.409575900434604,-33.210221300336102],[-71.410339199829806,-33.210712300196697],[-71.411131600148707,-33.210885600018102],[-71.411861100431395,-33.210741899910801],[-71.412215200146704,-33.210616300039597],[-71.412955499975695,-33.2098711998038],[-71.413202199810598,-33.209485200115303],[-71.414426899986907,-33.208270700059998],[-71.414952600379394,-33.207588499659401],[-71.415412400362598,-33.207268000007502],[-71.416270700192399,-33.2069269003225],[-71.417397200135099,-33.206531899753202],[-71.417719099739102,-33.2062984997374],[-71.418234100298207,-33.205499600102897],[-71.4184701002997,-33.205284099726697],[-71.418942200015806,-33.2052392001779],[-71.420304699960099,-33.205436699843801],[-71.422139400231799,-33.205768900039999],[-71.423287299841107,-33.206011199975201],[-71.424585500174004,-33.2062087001542],[-71.426066099831999,-33.206370300102897],[-71.426538200446402,-33.206316499629402],[-71.428244100272707,-33.205526500219001],[-71.4286211995542,-33.205398599635103],[-71.429393700392893,-33.205219000033601],[-71.429715500283905,-33.2050574002145],[-71.430134000221898,-33.205030499954297],[-71.430670400447696,-33.205138200161301],[-71.431355399987893,-33.205517500192201],[-71.432440699598402,-33.2062424000002],[-71.433921200441702,-33.207274300050699],[-71.435346600422207,-33.207914299996403],[-71.436302999874201,-33.208270700059998],[-71.436753600210594,-33.208225799788401],[-71.437739099688002,-33.207914299996403],[-71.440024299684794,-33.207124399938799],[-71.440787699691299,-33.206906199989497],[-71.442461400304495,-33.2062424000002],[-71.443081999621896,-33.2057149999819],[-71.444444600177505,-33.204808299835499],[-71.445721300232293,-33.204081200118701],[-71.4467191003409,-33.203865700009104],[-71.447716899551196,-33.203883699649602],[-71.448317699999706,-33.204000399948001],[-71.449145399617606,-33.2046176003292],[-71.450432900117093,-33.205174099699903],[-71.451214499991295,-33.205212299973603],[-71.453157999718599,-33.2049767001606],[-71.4547780996554,-33.204886899973097],[-71.456460900202401,-33.204808299835499],[-71.4569543995853,-33.204844200260901],[-71.457846500324194,-33.2052728996455],[-71.458370599918894,-33.205526500219001],[-71.458703200254504,-33.205643199830597],[-71.459164600137299,-33.205490600073297],[-71.459937000364604,-33.205113599926797],[-71.460516400248196,-33.205014799801397],[-71.461052799575697,-33.205158400324301],[-71.461482000245397,-33.205625199800203],[-71.461966399694305,-33.206143700363299],[-71.462352599808,-33.206170600281503],[-71.462865999569303,-33.205912500077602],[-71.463177200238306,-33.205723999988301],[-71.4640568997347,-33.205400799661398],[-71.464636299618206,-33.205149500227101],[-71.465204899955495,-33.204377399627099],[-71.465526799559399,-33.203749000282798],[-71.465634099726799,-33.2032733002859],[-71.465816499950293,-33.202698700256299],[-71.466116900174598,-33.202447299859799],[-71.466546000232995,-33.202330599746098],[-71.467330799906193,-33.202346400350997],[-71.468015900057694,-33.2021690998276],[-71.468691799664001,-33.201450899711901],[-71.469024399999597,-33.2010289000321],[-71.469796800227002,-33.200589000231503],[-71.470547899602295,-33.200517199634398],[-71.470858999659995,-33.200732699718102],[-71.471513499599595,-33.2014329003228],[-71.472330500282496,-33.2030017001318],[-71.473680699595505,-33.203964499928098],[-71.474475699638802,-33.204868899787201],[-71.475387600144998,-33.205254900290598],[-71.476203000030097,-33.2053716002643],[-71.476963699700903,-33.204996900360797],[-71.477757600206303,-33.204197900153801],[-71.4784765003686,-33.204117100090699],[-71.480032200082704,-33.204871199794503],[-71.481426900138302,-33.205741900031803],[-71.483658500356995,-33.207384700303898],[-71.483894500358502,-33.2076989002679],[-71.484087700128399,-33.208506799844002],[-71.484720699790003,-33.2090633000441],[-71.486415800069807,-33.2095121997205],[-71.4881645998408,-33.209808399641702],[-71.489269700116793,-33.209664799982697],[-71.490954099665004,-33.2092788001356],[-71.491554900113499,-33.208973600253898],[-71.492467999870598,-33.208091200302398],[-71.493090199985801,-33.207588499659401],[-71.493412099589804,-33.207130699992298],[-71.494227500373199,-33.206403999886597],[-71.495010700146906,-33.205416499745098],[-71.495556800381195,-33.204951999913099],[-71.496307800043496,-33.204521099660397],[-71.497412900319503,-33.203766999947398],[-71.498131699870598,-33.203291200078802],[-71.498775400263796,-33.203282199822297],[-71.499462100314702,-33.2037579997398],[-71.500481300090001,-33.204431299757204],[-71.501822400367601,-33.205194299854497],[-71.503109899968706,-33.205131500095099],[-71.504161299855397,-33.205373900258301],[-71.504709600063805,-33.205658899870798],[-71.5057503001171,-33.205587099673401],[-71.506768400354403,-33.205472600011497],[-71.507948599788193,-33.206100999760999],[-71.509472100289202,-33.207411599840697],[-71.512294800049702,-33.208638699681003],[-71.512841999821902,-33.208890100335601],[-71.513409600334199,-33.209153099705198],[-71.514022200154002,-33.209249199926703],[-71.514580099759499,-33.2090876000318],[-71.515073600040594,-33.2091952997568],[-71.516167999584894,-33.209733900113903],[-71.517196799655594,-33.210122599924603],[-71.517830899753406,-33.210083999692301],[-71.518267499846104,-33.210064600359601],[-71.518998699741303,-33.210091099977703],[-71.519192900234401,-33.2104475001968],[-71.5201664997292,-33.211588199624998],[-71.520290200438794,-33.212089700330701],[-71.520475300099704,-33.212627599699204],[-71.520651200113804,-33.2129141998305],[-71.5213160998494,-33.212710200181498],[-71.521653799920998,-33.2125526997294],[-71.521948600047693,-33.212323299853601],[-71.522188600247205,-33.211914000105502],[-71.522357099940095,-33.2112990999019],[-71.522575200111206,-33.210573999960403],[-71.523158300155401,-33.210046699696903],[-71.523621900012301,-33.210036699766],[-71.523847200180498,-33.209978400258699],[-71.524311499825004,-33.209877600372998],[-71.524701499812295,-33.209806500363797],[-71.525014300380803,-33.209904499895401],[-71.525647300042394,-33.209891099740403],[-71.525829700265902,-33.209805799878197],[-71.5262104997081,-33.2094017998959],[-71.5264251000429,-33.209249199926703],[-71.527084900042695,-33.209092099861799],[-71.528055899813097,-33.208979900174299],[-71.529013200275401,-33.208744100052897],[-71.529249200276894,-33.208672300131397],[-71.529839299993796,-33.2085466003332],[-71.5306868999903,-33.208627400065701],[-71.531046299765805,-33.208640899625898],[-71.531341300216894,-33.208596000295699],[-71.531561300324896,-33.2085644997995],[-71.532183500440098,-33.209305100066501],[-71.5325084004171,-33.209639699706202],[-71.533259400079501,-33.210250099772701],[-71.5338601996297,-33.210474500256801],[-71.534343000077499,-33.210501500308403],[-71.534667299979901,-33.210665099819501],[-71.534855000263605,-33.210902899993201],[-71.535064199926893,-33.211257499875103],[-71.535246600150401,-33.211513300268898],[-71.535466600258502,-33.211630000166103],[-71.535718699866493,-33.211661400350799],[-71.536217599920803,-33.2116479997132],[-71.536432200255703,-33.211719800200001],[-71.536705800141704,-33.211782599742101],[-71.537006200365994,-33.211778100050502],[-71.537268999807395,-33.211674900194502],[-71.537478200369094,-33.211472899865001],[-71.537515800253701,-33.211333799645402],[-71.537644500087794,-33.211104900135098],[-71.537682099972301,-33.210956799863098],[-71.537633800254397,-33.210768300114502],[-71.537515800253701,-33.210588800217799],[-71.537499699748807,-33.210427199789898],[-71.537612299976402,-33.210296999737899],[-71.537837600144599,-33.210198300163398],[-71.538095100424201,-33.2101174996262],[-71.538438500306199,-33.2099558998313],[-71.539039299856398,-33.209673199810098],[-71.539387999798507,-33.209390399664997],[-71.539489900192805,-33.209166000159499],[-71.539460599843196,-33.208840799750497],[-71.539433800403302,-33.208544600312798],[-71.539538199910695,-33.208223399905499],[-71.5398683002349,-33.207920699957199],[-71.540592499559096,-33.207687299886501],[-71.541327500226203,-33.207431500336497],[-71.541944400281295,-33.207193599785697],[-71.542730000353401,-33.206764700105403],[-71.543202100069493,-33.206549299802802],[-71.543454199677598,-33.2063967001219],[-71.543647299734403,-33.206127399861302],[-71.543690199679105,-33.205979200220099],[-71.543657999567799,-33.205790700274498],[-71.543609799562901,-33.2056516000439],[-71.543599000016599,-33.205283499923702],[-71.543459600349095,-33.204639600034497],[-71.543320100070304,-33.2041152999061],[-71.543357699954797,-33.203658799711597],[-71.543654300305505,-33.202945099936002],[-71.544303899935201,-33.2022350000505],[-71.545570999694604,-33.201414900178399],[-71.546136400232697,-33.201041800180299],[-71.546324200229407,-33.2006826999936],[-71.546672799560199,-33.2000766996793],[-71.547069800118607,-33.199825399995703],[-71.547552599667995,-33.1996548001148],[-71.547825499766503,-33.199614100330301],[-71.548215100003503,-33.199575599947799],[-71.548647799611302,-33.199307800112898],[-71.548823999662702,-33.198858700025198],[-71.548617200297798,-33.198476199759497],[-71.548496700285497,-33.198327700019703],[-71.548586699798904,-33.197983500086202],[-71.548737599698597,-33.197518100121499],[-71.548872300278902,-33.197237600005103],[-71.549032699862707,-33.196835200281797],[-71.549064299899499,-33.1960312003716],[-71.549206699940001,-33.195510499780703],[-71.5497403998301,-33.1951617002766],[-71.550315099728095,-33.194866400223098],[-71.550868699996599,-33.194587600282802],[-71.551066100288693,-33.1942229003172],[-71.551248999975499,-33.1934712001474],[-71.551308499888407,-33.192527600233603],[-71.551369700311994,-33.191568199634503],[-71.551866999568503,-33.190878700336299],[-71.552284300255593,-33.190460700189497],[-71.553325000308902,-33.190493500226403],[-71.555208499761804,-33.190589999816702],[-71.556440699972399,-33.1908903999214],[-71.557276499699199,-33.191025500209399],[-71.558039299631204,-33.190893000246703],[-71.558705500127303,-33.190502000373698],[-71.559342800024197,-33.189952999819198],[-71.560365300209796,-33.189143599902103],[-71.562192900197502,-33.1887192998703],[-71.563453600358798,-33.188591400295799],[-71.564289900447207,-33.1881815001842],[-71.564591400209494,-33.187766700287199],[-71.565433100071104,-33.1879822001736],[-71.566367499781904,-33.187762200112999],[-71.567671499638195,-33.187288900178402],[-71.568197899818301,-33.186958200359101],[-71.568612500169607,-33.1861410999282],[-71.569136100300994,-33.186014500207399],[-71.570367800149995,-33.186198500371901],[-71.571598100423799,-33.186267900195503],[-71.571491400330999,-33.186949399903497],[-71.571518400095101,-33.187187799766903],[-71.571671400255994,-33.187609500028401],[-71.571794199955306,-33.1878062997054],[-71.571872600421798,-33.187915599840501],[-71.571999899782398,-33.1879960998575],[-71.572195400137602,-33.188080100090602],[-71.572424999642806,-33.188135300307401],[-71.572641400201505,-33.188144099892],[-71.572801300322098,-33.188131000125601],[-71.573004400424693,-33.1880660996815],[-71.573132399572799,-33.188045600125498],[-71.573292800055,-33.188027300275699],[-71.5734509996648,-33.1880319996582],[-71.573542900013294,-33.188068100169701],[-71.573609999673394,-33.1881217998408],[-71.573636299650005,-33.188185800363499],[-71.573712299817998,-33.188230900360701],[-71.573829900068503,-33.188261500023899],[-71.573967200373104,-33.188292399636097],[-71.574168999715198,-33.188303399660803],[-71.574278499856703,-33.1882786999724],[-71.574451999572403,-33.188282600200601],[-71.574685600173794,-33.1883213002586],[-71.574998999918606,-33.188420099674303],[-71.575118999569199,-33.188486199692299],[-71.575228900359306,-33.188551299797602],[-71.575408699960093,-33.188647900010302],[-71.575598699930893,-33.188764900274698],[-71.575726900301703,-33.188786000330097],[-71.575810699643,-33.188774399698197],[-71.575887299885594,-33.188796600349001],[-71.575956700131201,-33.188870799692999],[-71.576035500347899,-33.188952200208099],[-71.576112399729496,-33.188988400326103],[-71.576205299902895,-33.188940099668997],[-71.576279799884404,-33.1889057000284],[-71.576303699562501,-33.188865599674202],[-71.576314199969801,-33.188785099704397],[-71.576314199969801,-33.188691399991903],[-71.576349899917602,-33.188622199805401],[-71.576384600040299,-33.188541800350002],[-71.576459900420701,-33.188364099745201],[-71.576489100158994,-33.188308499726503],[-71.576516499673502,-33.188216799989],[-71.576569800312598,-33.188169600263798],[-71.576654000302497,-33.188188500003903],[-71.576700700120895,-33.188303399660803],[-71.576835399802704,-33.188401099997797],[-71.577186599756303,-33.1884952999524],[-71.577267899984506,-33.188551599756401],[-71.577331700132603,-33.188632899830203],[-71.577404300177193,-33.188830800060501],[-71.577456000018501,-33.188908700356002],[-71.577530700324203,-33.1889604997817],[-71.577589999912803,-33.188985300015403],[-71.577666799581394,-33.188974600033703],[-71.577777000408801,-33.188967700262502],[-71.5779887997966,-33.189015400238198],[-71.578145500118197,-33.189060599793898],[-71.578222100360705,-33.189092599718201],[-71.578365699652196,-33.189171199679699],[-71.578399300237095,-33.1892415000246],[-71.578440900319606,-33.189315599758203],[-71.578564999881095,-33.189410700100503],[-71.578776699555902,-33.189441700044298],[-71.578899200116297,-33.189477300048701],[-71.579142899578102,-33.1894818001348],[-71.579303200347297,-33.189463799789003],[-71.579573100072693,-33.189450400264199],[-71.579958799824794,-33.189490700321102],[-71.580204300408795,-33.189459399687202],[-71.580853299963906,-33.189423499719702],[-71.581179199765799,-33.189379500175001],[-71.581275200025303,-33.189242199923001],[-71.581363400213206,-33.189074900001202],[-71.581503099917896,-33.188863599956001],[-71.581766399721005,-33.188440799867301],[-71.582057700011404,-33.188133799754397],[-71.582236100036994,-33.188007099919503],[-71.582414500062498,-33.1878985997947],[-71.582589800001998,-33.187829799682],[-71.582791499631,-33.187825200275697],[-71.582932299772096,-33.187829699694902],[-71.583141699759693,-33.187861200133497],[-71.583303899567397,-33.187869199849303],[-71.583277799915194,-33.187803600053201],[-71.583143499983507,-33.1874260997457],[-71.583088900380602,-33.187238900295903],[-71.583138299636403,-33.187096500311497],[-71.5831873997532,-33.186991500144202],[-71.583264699783399,-33.1868990998627],[-71.583328199894197,-33.186860499916399],[-71.583696299853202,-33.186819700211799],[-71.583992699879502,-33.186788700091903],[-71.584147099615606,-33.186672400113999],[-71.584200100217402,-33.186415600176502],[-71.584248099897906,-33.1862141001507],[-71.584258900342604,-33.186043300088699],[-71.584292100278901,-33.185932400044798],[-71.584355799815697,-33.185859700307297],[-71.584388600001603,-33.1858554000138],[-71.584432700095604,-33.185849799858602],[-71.584573899986907,-33.185863899859498],[-71.584700499559901,-33.185997499792698],[-71.584864399878398,-33.186156799706197],[-71.584999299884601,-33.186195899907297],[-71.585261800186998,-33.186227200203803],[-71.585635599956603,-33.186321100274299],[-71.585750000407998,-33.186308600168303],[-71.585827100113903,-33.186205400361203],[-71.585939599730196,-33.1860439000234],[-71.586047299647902,-33.185886199733602],[-71.586186899639699,-33.1857335001378],[-71.586286399735499,-33.185593099754698],[-71.586275699902103,-33.1853102000278],[-71.5863563003427,-33.185204200073898],[-71.586703400385304,-33.185163400349701],[-71.586806800067805,-33.1851201001001],[-71.586921600269505,-33.185019600134602],[-71.586995299852106,-33.1848831997292],[-71.587027400250406,-33.1847667002477],[-71.587081999853396,-33.184643399738498],[-71.587293500102206,-33.184407400253001],[-71.5875670002753,-33.184232400045602],[-71.587687699713499,-33.1840961999009],[-71.587778699950107,-33.183791400167898],[-71.587925700263199,-33.183591000032102],[-71.588082699723699,-33.183473199687199],[-71.588220099741406,-33.183371900150597],[-71.588411999648997,-33.183358299709603],[-71.5886685998166,-33.1833330001771],[-71.588769500385993,-33.183269699814304],[-71.588835099859594,-33.1830699999364],[-71.588878500165904,-33.1829338002401],[-71.588999300215406,-33.182772899843201],[-71.5891636999973,-33.1826903996783],[-71.589389399915802,-33.182609400083301],[-71.589521700197594,-33.182551800309],[-71.589662999801902,-33.182451099666402],[-71.589736199921106,-33.1823066003085],[-71.5897791995788,-33.182059699729301],[-71.589849700260601,-33.181919100237401],[-71.589936199937597,-33.181760700082997],[-71.590045600366196,-33.181641600360599],[-71.590176500174493,-33.181564000352097],[-71.590338099907498,-33.181487400218302],[-71.590462600117704,-33.181430899644702],[-71.590524800366296,-33.181292299786797],[-71.590546100319997,-33.181167799714402],[-71.590567499986705,-33.1810148001803],[-71.590610699968707,-33.180843099800299],[-71.590697099932697,-33.180626399701197],[-71.590767199965896,-33.180499900277297],[-71.590905100345196,-33.180285699973901],[-71.591001699781003,-33.1801840997718],[-71.591096899641499,-33.180059399636598],[-71.591128300252294,-33.179958399900499],[-71.591141599810101,-33.1798808999012],[-71.5911521002174,-33.179724699740802],[-71.591176500257205,-33.179574799834398],[-71.591232699759601,-33.179360300286604],[-71.591254100324704,-33.179203899956299],[-71.591270299644194,-33.1790500000264],[-71.591317000360903,-33.178935300257599],[-71.591397899940404,-33.178829100114903],[-71.591466499787103,-33.178718799946502],[-71.591484599941694,-33.178629799880603],[-71.591476799870094,-33.178542999673503],[-71.591418200069199,-33.178420200169001],[-71.591388100219007,-33.178296599756898],[-71.5913935997051,-33.178219199789602],[-71.591441199635398,-33.178120900138602],[-71.591565099771003,-33.178028700272499],[-71.591859100397201,-33.177884199636402],[-71.592028999665203,-33.177815299931403],[-71.592078500430603,-33.177769599843899],[-71.592095999612297,-33.177704899992001],[-71.592083099804796,-33.1776269002616],[-71.592042999908898,-33.177517400074599],[-71.592018100405795,-33.177431800256798],[-71.592040400184402,-33.177336599693703],[-71.592102600432995,-33.177182400246103],[-71.592358299590401,-33.176786100097502],[-71.592410700117597,-33.1767191002766],[-71.592505099579199,-33.176656199646303],[-71.5924917003084,-33.176476699744903],[-71.592494200319905,-33.176419599699202],[-71.592509699851803,-33.176344100333502],[-71.5925353997537,-33.176291600213403],[-71.592584400157506,-33.176250600097802],[-71.592663600124595,-33.1762174999904],[-71.592747200039895,-33.176210199964999],[-71.592842600224699,-33.176245400081697],[-71.592976800443296,-33.176319600281403],[-71.593112199912795,-33.1763718996325],[-71.593267100010607,-33.176361000365503],[-71.593361999833803,-33.176320300283002],[-71.593476199960904,-33.176217999992097],[-71.593566800447206,-33.1761513997386],[-71.593631899559199,-33.176127799636603],[-71.593766099777795,-33.176109400304597],[-71.593971499567502,-33.176113900325497],[-71.594278000250895,-33.1761361996736],[-71.594381399933397,-33.176110900311599],[-71.594417300205393,-33.176070800116001],[-71.594451499966596,-33.175943300123997],[-71.594480999742203,-33.175781599665797],[-71.594503199807804,-33.175699999693698],[-71.594555799760997,-33.175648599950598],[-71.594624699644896,-33.175626999733602],[-71.594768400446,-33.175608900299501],[-71.594963400439696,-33.1755907001087],[-71.595148299776298,-33.175611200323303],[-71.595350499766894,-33.175660800070801],[-71.595456200034803,-33.175686700320398],[-71.595544899686004,-33.1756578000414],[-71.595629099675904,-33.175558799765298],[-71.595738200067103,-33.175467300219502],[-71.595772500439594,-33.175407900238902],[-71.595802499678598,-33.175367699720297],[-71.595868199763501,-33.1753540002912],[-71.595915600267801,-33.175390900021803],[-71.5959704001951,-33.175491799757999],[-71.596034200343198,-33.1756121003326],[-71.596155899606302,-33.1757605002378],[-71.596343599889906,-33.175893199781001],[-71.596532500322795,-33.175964300259302],[-71.596757900203997,-33.175923299990501],[-71.5969905000822,-33.175894199788097],[-71.597181199840605,-33.175838800127899],[-71.597289700157305,-33.175784699691803],[-71.597395299813897,-33.175625599719297],[-71.597496900170796,-33.175477900346003],[-71.597689799903407,-33.175094500218897],[-71.597824099834995,-33.174851599695501],[-71.597971700222701,-33.1746151001418],[-71.598097299970803,-33.174367399675802],[-71.598179800348106,-33.1741869003232],[-71.598201100301793,-33.174066800053502],[-71.598243899635193,-33.173853799851699],[-71.598254799792898,-33.173742200147103],[-71.598305400096194,-33.173655300358902],[-71.598427500008,-33.173566999685598],[-71.598559200215107,-33.173532500020798],[-71.598856999816604,-33.173467400034397],[-71.599021800247101,-33.173427400136603],[-71.599123999780304,-33.173381400006001],[-71.599245199580196,-33.173295299889503],[-71.599461799564807,-33.173060299954997],[-71.599631200267794,-33.172893699990297],[-71.599928399794806,-33.172628499899602],[-71.600053599792503,-33.172455200307603],[-71.600161299710294,-33.1723154997349],[-71.600280599573296,-33.172183200057802],[-71.600366500074003,-33.172120499941698],[-71.600472300054903,-33.172086499732799],[-71.600648200069003,-33.172075099907502],[-71.600774199567397,-33.172061899989203],[-71.600912000233606,-33.171998799765603],[-71.601018500002198,-33.171894400334999],[-71.601046600202594,-33.171811199665498],[-71.601030799735,-33.171665800006799],[-71.600985099741607,-33.171512899678802],[-71.600977100243995,-33.171369499642701],[-71.600937499811295,-33.171259799896703],[-71.600904299874998,-33.171161499958998],[-71.600931800000794,-33.171046100348804],[-71.600958799764996,-33.170971400164397],[-71.601007599844493,-33.170842300169703],[-71.601094399558804,-33.170719599656699],[-71.601175900111301,-33.1706194997439],[-71.601277600181206,-33.170538900297501],[-71.601357199898601,-33.170432399734203],[-71.601426200393803,-33.170339099973198],[-71.601475599649604,-33.170224300075397],[-71.601584000253297,-33.170166899694102],[-71.601723600245094,-33.170157899793303],[-71.601814700194694,-33.170111300158801],[-71.601910100379499,-33.169978300110301],[-71.601992200108299,-33.169891300342499],[-71.602169300271598,-33.169783499644403],[-71.602327299557004,-33.169623900017903],[-71.602437000022903,-33.169614200006301],[-71.602632600091198,-33.169659699819],[-71.602784799853097,-33.169696099652199],[-71.603015700118803,-33.169826499930402],[-71.603164100007106,-33.16986639996],[-71.603381999853994,-33.169924199816201],[-71.603479600013003,-33.169924199816201],[-71.603631700061996,-33.169875999936203],[-71.6038780998596,-33.169750400102501],[-71.604019700399505,-33.1696946002874],[-71.604157200130103,-33.169722800222601],[-71.604220799953893,-33.169750600117901],[-71.604281700340294,-33.169783100365699],[-71.604397699792997,-33.169886900009701],[-71.604528000424907,-33.169982699686599],[-71.604658799621802,-33.170056399887898],[-71.604825199951804,-33.170150700022504],[-71.605007099813704,-33.170257500197501],[-71.605096999614105,-33.170376100318201],[-71.605233300093801,-33.170557300047001],[-71.605335699951397,-33.170653999803399],[-71.605520300148996,-33.170742299651799],[-71.6057296004237,-33.1707956001406],[-71.605923499981103,-33.170813299790602],[-71.606144299589701,-33.170813299790602],[-71.606356199588902,-33.1707841001408],[-71.606536200412194,-33.1707841001408],[-71.6066418000688,-33.170773100172397],[-71.606744700288004,-33.170751000224698],[-71.606883100130602,-33.170703300080497],[-71.606984699589205,-33.170703300080497],[-71.607119599595407,-33.170747099967997],[-71.607237899633503,-33.170807900190901],[-71.607345199800903,-33.170849499883801],[-71.607410899885807,-33.170855900297497],[-71.607516399829393,-33.170838199904097],[-71.6076519996233,-33.170820100233001],[-71.607772900284104,-33.170824599773603],[-71.607901300080897,-33.1708543001942],[-71.608044000158699,-33.170907399850101],[-71.608183900187797,-33.170898700044603],[-71.608343800308404,-33.170854100181202],[-71.608570899802103,-33.170807200145298],[-71.608647400331705,-33.170775200309997],[-71.6086948996507,-33.170724900007201],[-71.608729400347499,-33.170620699824703],[-71.608778300140003,-33.1705341999767],[-71.608822499946896,-33.170467199888002],[-71.608903599850706,-33.170404000013299],[-71.609042700379206,-33.170358299820897],[-71.609172000287998,-33.170316399873698],[-71.609336100032493,-33.170194500186],[-71.609496099866107,-33.170049400123403],[-71.609613000328906,-33.169922699703399],[-71.609743500386898,-33.169697399753403],[-71.609856099716197,-33.169455200119799],[-71.609982199825893,-33.1691969999859],[-71.610063200016697,-33.169027299932701],[-71.6101361000987,-33.168943500249597],[-71.610241300005001,-33.169003900185402],[-71.610422100328904,-33.169141599852203],[-71.610550800163097,-33.169260600012002],[-71.610645199624699,-33.169330899789699],[-71.610855300298297,-33.169404299762803],[-71.6110713999213,-33.169486899661003],[-71.611212599812603,-33.169513200263097],[-71.611462900095205,-33.169482000019698],[-71.611664199974001,-33.169472900040603],[-71.611750399613697,-33.169493900222299],[-71.611915599794401,-33.169557200009201],[-71.612113000086495,-33.169653400077699],[-71.612170999812804,-33.169666600358703],[-71.612533199637099,-33.169785599805799],[-71.612802899936497,-33.169850500255698],[-71.613011999886893,-33.169881800375599],[-71.613216200425697,-33.169925099883997],[-71.613332700239994,-33.170001700349403],[-71.613443299919396,-33.170137199792499],[-71.613581300011703,-33.1702661000595],[-71.613705200147294,-33.170343200262202],[-71.613841600339995,-33.170393800052999],[-71.6140179001044,-33.170413599930598],[-71.614211300198505,-33.170397900339502],[-71.614361999774005,-33.170418900299602],[-71.614442900251802,-33.170488999886601],[-71.614470899840896,-33.170615800246701],[-71.614403400430504,-33.170844500312199],[-71.614376999842605,-33.1709835001774],[-71.614403100393204,-33.171099999938001],[-71.6144817999986,-33.171204200302697],[-71.614563899727301,-33.1712934996564],[-71.614607999821303,-33.171341300237202],[-71.614721800198097,-33.171514099747299],[-71.614964300409,-33.171606699722297],[-71.615360900318805,-33.171743599768298],[-71.6157162001833,-33.171855399772603],[-71.615898499795506,-33.171879600304898],[-71.616059900102599,-33.171870999849197],[-71.616146600103903,-33.171824100357398],[-71.616208900065502,-33.171761099968101],[-71.616282799972396,-33.1716504999102],[-71.616400199898493,-33.171353400199202],[-71.616464399796897,-33.171118600333998],[-71.616550099973395,-33.170672100260703],[-71.616609200135898,-33.170368899813397],[-71.616633600175604,-33.1702640999168],[-71.616665500249695,-33.170205800248702],[-71.616732399585501,-33.170173400164899],[-71.616781700026607,-33.170258700283199],[-71.616851800059806,-33.170416500132497],[-71.617001899560705,-33.170777899734901],[-71.617138800115001,-33.171072299724997],[-71.617197999990594,-33.1712454997894],[-71.617294199675996,-33.171507300110697],[-71.617362800421006,-33.1716287002005],[-71.617442499851293,-33.171706199978502],[-71.617548200119202,-33.1717386002477],[-71.617789500181004,-33.171772299823402],[-71.618044799588105,-33.1718466000559],[-71.618271800267095,-33.171895699651699],[-71.618519499926904,-33.171931400023603],[-71.618776899595204,-33.171929199908398],[-71.618733100436899,-33.171673199664298],[-71.618749500080696,-33.171554199771997],[-71.618787499715495,-33.171433699631201],[-71.618919100209695,-33.171161799977298],[-71.619002199763401,-33.170948600222303],[-71.619071600008994,-33.170799100369003],[-71.619103599796006,-33.170615800246701],[-71.619130899597494,-33.170513100037297],[-71.619239099876907,-33.170318500022198],[-71.619341099984098,-33.170181399991698],[-71.6194239003988,-33.170038200047998],[-71.619448599577495,-33.169995799910502],[-71.619528299906193,-33.169858800134897],[-71.619611800108402,-33.169694500279597],[-71.619729800109198,-33.169532800323601],[-71.619782799812697,-33.169432999831798],[-71.619825399720099,-33.169314799971801],[-71.619857500118499,-33.169211599700397],[-71.619911699971098,-33.169064400087997],[-71.619974699720302,-33.1689634997201],[-71.620083200036902,-33.168863400057802],[-71.620233599575101,-33.168833099662002],[-71.620365100356295,-33.168835299854898],[-71.620491000141598,-33.168853699962],[-71.620632200032901,-33.1689058999997],[-71.6207840997576,-33.168968400142298],[-71.6209310003577,-33.169001399971002],[-71.6210732997869,-33.168992499959202],[-71.621341199862499,-33.168963399711402],[-71.621626299980903,-33.1689341001887],[-71.621776999556303,-33.1689341001887],[-71.621918500383202,-33.168979600354398],[-71.622110899754105,-33.169031100257399],[-71.622297499601601,-33.169073500109498],[-71.622516899635002,-33.1690946996519],[-71.622661099899403,-33.169066200241097],[-71.622958799787895,-33.168962999676999],[-71.623221500414601,-33.168903999834697],[-71.623462399827702,-33.168908500225498],[-71.623599400095102,-33.168867499663797],[-71.623834599697702,-33.168792799878702],[-71.623996200329103,-33.168788200225002],[-71.624198599745796,-33.168741399844599],[-71.624518199662603,-33.168671699647803],[-71.624833899992794,-33.1686152998439],[-71.625050599690496,-33.168622099704898],[-71.625300500222707,-33.168646799670903],[-71.625834299825797,-33.168694000137499],[-71.626254399663395,-33.168736600170497],[-71.626441000409201,-33.1687299003273],[-71.626577999778206,-33.1686735998179],[-71.626731399689405,-33.168509800042699],[-71.626870299893596,-33.1683354997338],[-71.627026300427502,-33.168099099902498],[-71.627205299629296,-33.167926499695596],[-71.627575400136493,-33.167716199882499],[-71.627721399726298,-33.167668600352897],[-71.627900399826501,-33.167605099933901],[-71.628036299657595,-33.167598099973702],[-71.6281932003034,-33.167634999961699],[-71.628377999927096,-33.167732800044199],[-71.628601000408096,-33.167892500115798],[-71.628803799575095,-33.168017600307202],[-71.629098100238593,-33.168158700343803],[-71.629283799974104,-33.168241999977901],[-71.629603000140705,-33.168435199961998],[-71.629932200352897,-33.168589799796699],[-71.6302375997018,-33.168733299877402],[-71.630523200181699,-33.168843999865103],[-71.630694499923294,-33.168879199932498],[-71.630835600101605,-33.168874900309497],[-71.631083100335402,-33.168892800364802],[-71.631225099727303,-33.168901699634802],[-71.631296600233995,-33.168880200019601],[-71.631607899717594,-33.168738800365801],[-71.632068599812797,-33.168557099840299],[-71.632658299779393,-33.168306700047999],[-71.632752000351701,-33.168266099994497],[-71.633075400142204,-33.168138499918697],[-71.633329699724399,-33.167981699825802],[-71.633687300174401,-33.167801600145999],[-71.633945099592907,-33.167689200174699],[-71.634128600252694,-33.167610199700398],[-71.634260100135506,-33.167578100191797],[-71.634515999617193,-33.167578100191797],[-71.634675700311803,-33.167562500103102],[-71.635022699743104,-33.167501699885001],[-71.635300699577499,-33.167513000294797],[-71.635591699830599,-33.167533300122301],[-71.635892799842495,-33.167600800248401],[-71.636197999765301,-33.167654599690202],[-71.636608200168496,-33.167712900303002],[-71.636878699968506,-33.167751000362699],[-71.637191699962997,-33.167780100260998],[-71.637907800076505,-33.167791399883001],[-71.638321500315996,-33.167831800136497],[-71.639173500260696,-33.167921599967102],[-71.639598200370799,-33.167908100145802],[-71.640006799976106,-33.167998099917703],[-71.640553099636406,-33.168056400302099],[-71.640974599947498,-33.168096599662398],[-71.641164099556704,-33.1680569003504],[-71.641517699808702,-33.167895399649197],[-71.641744599876404,-33.167832100166301],[-71.642190599940193,-33.167746699932501],[-71.642956899708594,-33.167612099893503],[-71.643609700035597,-33.167406099773402],[-71.643934999762905,-33.167263199839397],[-71.644175200286796,-33.167083200198199],[-71.644248500119005,-33.166982499827597],[-71.644280000442706,-33.166881000005198],[-71.644299899922899,-33.166816899701203],[-71.644295899724995,-33.166384699674303],[-71.644312000229803,-33.166025200234699],[-71.644322799776106,-33.1657778003459],[-71.644349900151596,-33.165600300222401],[-71.644453599871397,-33.165440499722301],[-71.644582299705505,-33.165315499626097],[-71.644773300399606,-33.1651683002395],[-71.6449591995611,-33.1650950997537],[-71.645465799974005,-33.165045500043199],[-71.645895100356697,-33.165027499941097],[-71.6463230999789,-33.164991699752299],[-71.646761299971104,-33.164902199968203],[-71.647238200284093,-33.164740700223298],[-71.647796399926904,-33.164580799646899],[-71.648249500274702,-33.164544699986699],[-71.6487510997664,-33.164576299785899],[-71.649188500258106,-33.164707400254301],[-71.650476699646802,-33.1654039003527],[-71.651244000138405,-33.165754199706697],[-71.651686399754496,-33.166009999917598],[-71.651987600377694,-33.166134999775601],[-71.652105300341205,-33.166161299879498],[-71.652261399689806,-33.166156900111403],[-71.652695600382401,-33.166118700098998],[-71.652957000248605,-33.166100700217299],[-71.653132499614102,-33.166116499837997],[-71.653350500072307,-33.166134499716399],[-71.653445600219797,-33.166152700366801],[-71.653583300274803,-33.166188900128702],[-71.653728600077002,-33.166238399932602],[-71.653919599872793,-33.1663037000475],[-71.654308200284902,-33.166236399698001],[-71.654659100201201,-33.166160199749498],[-71.6550932999954,-33.166059199786801],[-71.655376999640296,-33.165985299960703],[-71.655667399818796,-33.1658915999298],[-71.655785500430895,-33.165823499918403],[-71.655911899679595,-33.165711099666801],[-71.656056700018496,-33.165477599891702],[-71.656196999797899,-33.165355600230399],[-71.656370099763294,-33.165295800113803],[-71.656522000386204,-33.165273500263602],[-71.656603100290098,-33.165233100335101],[-71.656681400145203,-33.165143500032499],[-71.656777800154998,-33.165004599943799],[-71.656931200066097,-33.164801900153797],[-71.6571541996489,-33.164563400283299],[-71.657379000353799,-33.164323700349101],[-71.657479500274505,-33.164186499952898],[-71.657529999966499,-33.164026299826901],[-71.657610700120102,-33.163805599678099],[-71.657667199659898,-33.1636862003269],[-71.657738899592601,-33.163532800294597],[-71.657754700060096,-33.163407499689498],[-71.657741299891001,-33.163288899916999],[-71.6577494,-33.163149999898202],[-71.657782399611904,-33.163028300052297],[-71.657851799857497,-33.162928399660103],[-71.657965399909997,-33.162849500175497],[-71.658161600052907,-33.1627855999633],[-71.658332899794402,-33.162753700223597],[-71.658470899886694,-33.162749200268799],[-71.658811900368605,-33.162735699651002],[-71.659176099842597,-33.162738000012702],[-71.659459999811702,-33.162709099976297],[-71.659596000254197,-33.162656599961402],[-71.659784200001198,-33.162532299767797],[-71.659957999754099,-33.162371200234197],[-71.660144700212896,-33.162212600060599],[-71.660288000365298,-33.162145699644398],[-71.660429099645299,-33.162124899991298],[-71.660470299977504,-33.162128799879603],[-71.660596700124501,-33.162152299974302],[-71.660691699660703,-33.162176000095499],[-71.660737800302797,-33.162160499813901],[-71.660788299994806,-33.162113999704701],[-71.660850200206099,-33.162026200272201],[-71.660981700088996,-33.161916100047698],[-71.661067199941101,-33.161879199908697],[-71.661187600240297,-33.161834299918397],[-71.661323100321098,-33.161769899634301],[-71.661476099583695,-33.161674900142302],[-71.661552399789002,-33.161582400221398],[-71.661669499677799,-33.161428700216803],[-71.661720099981196,-33.161312599705397],[-71.661830999697898,-33.161120199958098],[-71.6618969998202,-33.161046499764403],[-71.661998399852806,-33.160970799906103],[-71.6620809999432,-33.160930300233197],[-71.662322399717894,-33.160941800021497],[-71.662561600416794,-33.160984500079003],[-71.662779099615094,-33.161008899887598],[-71.663095400019898,-33.160973400367197],[-71.663265999973802,-33.160931000357699],[-71.6634290001804,-33.160889999825301],[-71.663566400198107,-33.160892300235297],[-71.663713599937196,-33.160914699713601],[-71.663882200241304,-33.1609102996823],[-71.664168099860206,-33.160847699793301],[-71.664596500130997,-33.160779999696103],[-71.664824600347998,-33.160784499751898],[-71.665074599694904,-33.160746199636897],[-71.665232699591598,-33.160759899844898],[-71.665348000155007,-33.160777499999199],[-71.665469800029399,-33.160749300194603],[-71.665642800281802,-33.160679100321801],[-71.665824799856694,-33.160490899952499],[-71.665920899829104,-33.160441199875102],[-71.666002200057306,-33.160436299728197],[-71.666101000365501,-33.160463200147298],[-71.666232299924005,-33.160447800333301],[-71.666402500127703,-33.160436499764899],[-71.6666497003242,-33.160445499911603],[-71.666873200268597,-33.160440899820003],[-71.667030700090706,-33.1604637002389],[-71.6670664997514,-33.160471200108297],[-71.667182899852605,-33.160552399895799],[-71.667247099751094,-33.160626299789001],[-71.667546400437402,-33.160814699903497],[-71.667698200449095,-33.160849800168698],[-71.667834500030494,-33.1608607998783],[-71.667969700073996,-33.160840800063497],[-71.668087400037507,-33.160826999850201],[-71.668251199744702,-33.160849900186598],[-71.668464899967702,-33.160897499658098],[-71.668521400405794,-33.160801799847498],[-71.668599599649596,-33.160670700307499],[-71.6686877998374,-33.160564599861097],[-71.668830499915302,-33.160486399881599],[-71.6690022003054,-33.160414600256303],[-71.669141900010203,-33.160337400327599],[-71.669216099954298,-33.160266600013799],[-71.6692499996782,-33.160176999900003],[-71.669308799803503,-33.160029300064899],[-71.669359799857105,-33.159840799747997],[-71.669408899973902,-33.159713000156003],[-71.669496100336801,-33.159596700342398],[-71.669690699681894,-33.1593789001397],[-71.669885599962498,-33.159221900133801],[-71.669970300314006,-33.159153900226102],[-71.670094999950194,-33.159042699935902],[-71.670230700355404,-33.158863300083603],[-71.670415800016301,-33.158787099743499],[-71.670519700060396,-33.158705099662797],[-71.670631400176006,-33.158586500298199],[-71.670867599603596,-33.158503999927198],[-71.671089499648403,-33.158523800233901],[-71.6712714004086,-33.158572899771102],[-71.671415200024398,-33.1586654998789],[-71.671471800175496,-33.158740100000102],[-71.671552699754997,-33.158827499634],[-71.671669999968202,-33.158885600060103],[-71.671889900363198,-33.158867900257903],[-71.672041500050597,-33.158892800003997],[-71.672285200410698,-33.1589106998413],[-71.672550499863604,-33.158944399835903],[-71.672760899676206,-33.158954599624202],[-71.672895799682394,-33.158921099673698],[-71.672935899578405,-33.158833500092697],[-71.672937699802205,-33.158768399719001],[-71.672924700281698,-33.158679499721003],[-71.672864600294204,-33.158580599843098],[-71.672808600217706,-33.158441099762598],[-71.672814699778499,-33.158405399913399],[-71.672835099620301,-33.158356500323897],[-71.672885699923597,-33.158314099800997],[-71.6729829003324,-33.158286200018701],[-71.673076800330705,-33.158258500269199],[-71.673217799897699,-33.1582630997232],[-71.673378699843198,-33.158290100077799],[-71.673652899803898,-33.1582966999459],[-71.673841699625399,-33.158285599893901],[-71.673995599898205,-33.158262999702401],[-71.674105000326804,-33.158267699929098],[-71.674225099690403,-33.158315700133301],[-71.674437500051098,-33.158380199966899],[-71.674648199901,-33.158406600161399],[-71.674774500335005,-33.158389000283201],[-71.674872800281605,-33.1583752997049],[-71.674968699929707,-33.158379999925501],[-71.675091900277707,-33.1584293003365],[-71.675281399886899,-33.158592500021399],[-71.675563300206207,-33.158753599729003],[-71.675705400209395,-33.158756999665997],[-71.6758579997217,-33.1587140999873],[-71.676020699890998,-33.158641400231403],[-71.676158199621597,-33.158633400103497],[-71.676334800321698,-33.158694099682897],[-71.676603100147602,-33.158817599891499],[-71.676858500166006,-33.158906099669203],[-71.677247600041397,-33.159019099739901],[-71.677543900354706,-33.159096700156702],[-71.677687699970505,-33.158986399973998],[-71.677877199579598,-33.1588059998044],[-71.678045300420493,-33.158667500286199],[-71.678252900184305,-33.158394099833799],[-71.678450899652702,-33.158251799625297],[-71.678729399848706,-33.158125100204501],[-71.679126200082706,-33.157993999671],[-71.6795978003355,-33.157930799829003],[-71.680152599855006,-33.157892700014202],[-71.680497899673796,-33.157832199922801],[-71.680764499887204,-33.157791600283097],[-71.680983699596297,-33.157780300124401],[-71.681190799896797,-33.1577924997233],[-71.681526200281198,-33.157863699863697],[-71.681852700157705,-33.157916999909901],[-71.682102599791705,-33.1578752000542],[-71.682478300396298,-33.157723499996898],[-71.682691200220304,-33.157612900278501],[-71.682892999562398,-33.157562699965901],[-71.683148399580801,-33.157538900080297],[-71.683412499782804,-33.157467400363103],[-71.683675999910093,-33.157398399628804],[-71.683809099692496,-33.157322100250099],[-71.683879799800295,-33.157188300176898],[-71.683944299735998,-33.157075900136398],[-71.683995700438302,-33.156982899765097],[-71.684110199704406,-33.156843800241198],[-71.684299199850301,-33.156701299727999],[-71.684452899798799,-33.1565838001599],[-71.684524500018497,-33.156477299941699],[-71.684619999916293,-33.156360900326398],[-71.684874199785497,-33.156434199853997],[-71.685024600221993,-33.156512000347497],[-71.685131900389393,-33.156599700013999],[-71.6852817995659,-33.156678899925602],[-71.685531600385204,-33.156746400135603],[-71.6857182002326,-33.156854999746102],[-71.685821500202096,-33.156908299653203],[-71.685940100277506,-33.156952399730997],[-71.686032800126597,-33.156971800298898],[-71.686296700004206,-33.1569517003269],[-71.6864460997175,-33.1569564998941],[-71.686497600132697,-33.157037799950103],[-71.686497600132697,-33.157128399732301],[-71.686500299570099,-33.1572252000337],[-71.686497600132697,-33.157308600300901],[-71.686492300072501,-33.157422000261001],[-71.686519100410706,-33.157574500260701],[-71.686519100410706,-33.157629400075301],[-71.686618700219498,-33.157689700263703],[-71.686770599944197,-33.157800599949198],[-71.686843400313094,-33.157906800000902],[-71.686936899662797,-33.1579916999369],[-71.6870930996228,-33.158035300116602],[-71.687165500241406,-33.158047499680002],[-71.687258400414805,-33.158052900065698],[-71.687383899551605,-33.158048399869699],[-71.687557000415197,-33.158048399869699],[-71.687755200208002,-33.158073099806401],[-71.688054800033299,-33.158063299999803],[-71.688248399553501,-33.158030599877499],[-71.688527899574296,-33.1580103001059],[-71.688793700287107,-33.157981400015501],[-71.688913499613406,-33.157939700211699],[-71.688950399710293,-33.157902199776103],[-71.688980999922194,-33.157828999992603],[-71.689024899691802,-33.157741800158497],[-71.689076899570296,-33.157683899769701],[-71.689118699977101,-33.157666699832497],[-71.689164099933294,-33.157666699832497],[-71.689223100382804,-33.157696300177001],[-71.689337100185597,-33.1577917003045],[-71.689428999635794,-33.157868700175598],[-71.689519300084797,-33.157904400243297],[-71.689627800401496,-33.157895799920801],[-71.689771500304204,-33.157884399754302],[-71.689889099656398,-33.157894999750802],[-71.689979199781007,-33.157919299645798],[-71.690168700288595,-33.158021300171697],[-71.6903287998351,-33.158108000374902],[-71.690467700039306,-33.158183999759203],[-71.690574799882398,-33.158230499696302],[-71.690670100354296,-33.158234699820397],[-71.690753299620994,-33.158207200096399],[-71.690919600237905,-33.158096700256998],[-71.691034800189897,-33.157994399755502],[-71.691099099801306,-33.157897700324398],[-71.691170799734095,-33.157797900124699],[-71.691217200413405,-33.157731600229098],[-71.691278799689101,-33.157674700048503],[-71.691342599837199,-33.157630999668001],[-71.691483300265205,-33.157623999663599],[-71.691591399933202,-33.157637500316298],[-71.691710200332906,-33.157641999781397],[-71.691816199739804,-33.157633300163603],[-71.691897800005293,-33.157599100309298],[-71.691974899711198,-33.1575439996803],[-71.692126800334194,-33.157380600256701],[-71.692198099618295,-33.157272399880803],[-71.692235599789797,-33.157223100323499],[-71.692269600125002,-33.157168500320701],[-71.692326399702097,-33.157142399819797],[-71.692417000188399,-33.1571129000626],[-71.692561399878699,-33.157130300152602],[-71.692713599640697,-33.1571659997688],[-71.692858399979599,-33.157172499699499],[-71.693011499853498,-33.157114899753303],[-71.693171900335699,-33.157033399724199],[-71.693313899727599,-33.1569475001413],[-71.693386900420904,-33.156853800228902],[-71.693447599584601,-33.156743200165799],[-71.693488100129201,-33.156630200170703],[-71.693571099969901,-33.156514700211702],[-71.693693199881594,-33.156463499793801],[-71.693870300044907,-33.156391699882903],[-71.694097800187294,-33.156334600291103],[-71.694239900190496,-33.1563009000457],[-71.694397400012605,-33.156225900013098],[-71.694520799786602,-33.156165300252702],[-71.694733500184597,-33.1560741000877],[-71.695110900401801,-33.155886799824302],[-71.695360299674107,-33.155754300125402],[-71.695682999676905,-33.155669899646497],[-71.695865399900498,-33.155651899875998],[-71.696138900073507,-33.155651899875998],[-71.696431299901903,-33.155629499805499],[-71.696865799733501,-33.155503699820301],[-71.697238700289404,-33.155425099743901],[-71.697541700238105,-33.1553599998484],[-71.698037999669594,-33.155357800069403],[-71.698480499897101,-33.155420600165101],[-71.698675499890797,-33.155403999928602],[-71.698804300336207,-33.155372599880401],[-71.698974000178197,-33.155288199786199],[-71.699159099839093,-33.155200600336698],[-71.699271000279097,-33.155150300123097],[-71.699419299556098,-33.1550590996547],[-71.699550699726004,-33.154982799745],[-71.699799799859306,-33.154897199731799],[-71.699730599938107,-33.154877200061001],[-71.699682300220204,-33.154850200159899],[-71.699682300220204,-33.1548322002212],[-71.699695700389299,-33.154807500123802],[-71.699676900447002,-33.154778399680403],[-71.699650100108798,-33.154749199954601],[-71.699604499828396,-33.1547401999754],[-71.699564300219393,-33.154726699628696],[-71.699518699938906,-33.154731199995197],[-71.699481100054399,-33.154785099837603],[-71.699451600278806,-33.154809799941297],[-71.6994194001674,-33.154807500123802],[-71.699384600331598,-33.154796300357397],[-71.699344300111406,-33.1547469001355],[-71.699336299715497,-33.154706499869299],[-71.699330899942296,-33.154675100323502],[-71.699296000393502,-33.154639100370503],[-71.699261199659404,-33.154594199681398],[-71.699231699883796,-33.1545380999221],[-71.699226300110595,-33.154502199938001],[-71.699236999943906,-33.154464000112696],[-71.6992531004488,-33.1544145997035],[-71.6992531004488,-33.154380900224503],[-71.699178000392706,-33.154318000111097],[-71.699218299714701,-33.1543044996994],[-71.699229000446294,-33.154264099981603],[-71.699202200108104,-33.154248399754799],[-71.699161899887898,-33.154237199917098],[-71.699140500221205,-33.154219199852598],[-71.699129699776506,-33.154183299737902],[-71.699121700278894,-33.1541450997737],[-71.699151200054501,-33.154124899880401],[-71.699194099999204,-33.154118199672801],[-71.699196800335002,-33.1540530002857],[-71.699176399594904,-33.1540380002007],[-71.6991308002127,-33.154029000148398],[-71.699118999943195,-33.1539947003671],[-71.699124399716396,-33.153947500260102],[-71.699132400112305,-33.1538643998826],[-71.699122799816806,-33.153815700069103],[-71.699120100379403,-33.1537753001261],[-71.6991539003903,-33.153691500155198],[-71.699189799764,-33.153647299915697],[-71.699269200055298,-33.153525300340398],[-71.699339000051197,-33.153471399723799],[-71.699414100107305,-33.153431000374297],[-71.699451600278806,-33.153406299882299],[-71.699515999603193,-33.153339000162902],[-71.699572299717005,-33.153291799703098],[-71.699652800444596,-33.153240100279298],[-71.6997519996048,-33.153208700208403],[-71.699794900447799,-33.153197500238001],[-71.699875400276994,-33.153197500238001],[-71.700012200220101,-33.153188500099503],[-71.700149000163094,-33.153175000266103],[-71.700221399883404,-33.153175000266103],[-71.700299200275197,-33.153199700071099],[-71.700325999715105,-33.153215399733497],[-71.700374300331305,-33.153217700344797],[-71.700395699997998,-33.153244599969902],[-71.700395699997998,-33.153280599743198],[-71.700395699997998,-33.153302999661499],[-71.700419899713395,-33.153343399821999],[-71.700441300278499,-33.153368100331797],[-71.700468200329595,-33.153379400306903],[-71.700516400334493,-33.1533726000158],[-71.7005540002191,-33.153334499724998],[-71.700548600445899,-33.153282800326302],[-71.700527199880895,-33.1532490996603],[-71.7005056996029,-33.153208700208403],[-71.700486899660604,-33.153177300126401],[-71.700460100220695,-33.153161599705101],[-71.700478900163006,-33.153130100331701],[-71.700503000165398,-33.153112100039898],[-71.700559399992201,-33.153105399754899],[-71.700634500048295,-33.1530694999365],[-71.700696199935294,-33.1530267997856],[-71.700733700106795,-33.153013299927302],[-71.700779300387296,-33.152995399638399],[-71.700830300440899,-33.152948199745801],[-71.7009268001637,-33.152903299695197],[-71.7009857997149,-33.1528741000973],[-71.701055599710799,-33.1528741000973],[-71.701128000329405,-33.152867399794097],[-71.701195000276599,-33.152860600215497],[-71.701275500105794,-33.152878599806698],[-71.701329199596898,-33.152896600146398],[-71.701390799770806,-33.1529144997033],[-71.701447199597595,-33.152930300195699],[-71.701482000331694,-33.152955000069603],[-71.701551800327593,-33.152957199908897],[-71.701618800274801,-33.152975200232397],[-71.701653699823595,-33.152988600069698],[-71.701702000439795,-33.153011100089401],[-71.7017475998219,-33.153031300239299],[-71.701758299655296,-33.153067200073302],[-71.701739499713,-33.153094199771203],[-71.701693900330795,-33.153114399902002],[-71.701691299708102,-33.153145800006499],[-71.701707299601594,-33.153170499819801],[-71.701744900384497,-33.153179499960103],[-71.701782399657702,-33.153166000125303],[-71.701860200049495,-33.1531413003108],[-71.701884399764893,-33.153127899744703],[-71.701892400160901,-33.153091899908702],[-71.701954100047899,-33.153098700221499],[-71.701983599823507,-33.153082999786101],[-71.701986300159206,-33.153107700369198],[-71.701986300159206,-33.153134600027997],[-71.701986300159206,-33.153166000125303],[-71.701970199654397,-33.153201999930801],[-71.701986300159206,-33.153215399733497],[-71.702031900439593,-33.153224399869202],[-71.702050700381903,-33.153242400137898],[-71.702034599877095,-33.153264800065898],[-71.702064099652702,-33.153280599743198],[-71.702109699933104,-33.153287300014803],[-71.702149900440403,-33.153287300014803],[-71.702176699880297,-33.153258099792602],[-71.702156300038496,-33.153234100189898],[-71.702131099599796,-33.153219900177497],[-71.702106999597405,-33.153177300126401],[-71.702106999597405,-33.153107700369198],[-71.702066799988401,-33.153078500087197],[-71.702018500270597,-33.153058299948199],[-71.7019847002597,-33.1530184998172],[-71.701978299763297,-33.152979699936701],[-71.701939099979199,-33.152946700094503],[-71.701940699878705,-33.1529099999957],[-71.701991699932407,-33.152862900084102],[-71.702031900439593,-33.152797799791003],[-71.702125800437997,-33.152710200110498],[-71.702187500324996,-33.152680999696202],[-71.702356300055001,-33.152582199850002],[-71.702420700277798,-33.152541800090901],[-71.702495800333807,-33.152503600163897],[-71.702586999996399,-33.152456600061498],[-71.702761300111007,-33.152420599949998],[-71.702847199713403,-33.152418400097403],[-71.702924900392205,-33.152398199806399],[-71.702983899943504,-33.152404900145399],[-71.703037600332806,-33.152431800019698],[-71.703088600386494,-33.152434099899502],[-71.703147599937694,-33.152411599731799],[-71.703225299718198,-33.152440800235901],[-71.703332599885599,-33.152422899830199],[-71.7034452998262,-33.152418400097403],[-71.703557900053795,-33.152456600061498],[-71.703812699997599,-33.152469999978102],[-71.703860999715502,-33.152528300157996],[-71.703944199880496,-33.152573199648401],[-71.704019299936604,-33.152613600145102],[-71.704048799712197,-33.152658500343897],[-71.704048799712197,-33.152680999696202],[-71.704013900163403,-33.152716899673599],[-71.703995100221107,-33.152777600339498],[-71.703984400387796,-33.1528089998125],[-71.703973699656103,-33.152856199779997],[-71.704003200330007,-33.152907800155297],[-71.704043399938996,-33.152955000069603],[-71.704078300386101,-33.152986400231299],[-71.704107800161694,-33.153042500231003],[-71.704134599601602,-33.1530604997849],[-71.704153400442195,-33.153091899908702],[-71.704207000220293,-33.153139099724001],[-71.704201700160098,-33.153091899908702],[-71.704182900217802,-33.153080699923301],[-71.7041400002731,-33.153011100089401],[-71.704125099917505,-33.152982599963202],[-71.704131900164199,-33.152930300195699],[-71.704169500048707,-33.152894300278703],[-71.704223099826805,-33.152892099685801],[-71.704284799713705,-33.152919000162797],[-71.704328899807706,-33.152933200223899],[-71.704386700108003,-33.152930300195699],[-71.704429699765697,-33.152936999742003],[-71.704488700215293,-33.1529706997758],[-71.704545000329105,-33.152990899934998],[-71.704606700216004,-33.152990899934998],[-71.704630800218496,-33.152966200071099],[-71.704663000329802,-33.152925799736799],[-71.704714000383404,-33.152943700039899],[-71.704748800219207,-33.152966200071099],[-71.704759599765595,-33.1530043997967],[-71.704775700270403,-33.153040299641802],[-71.704789100439498,-33.153076200224199],[-71.704791799876901,-33.153125599882998],[-71.704826599712703,-33.153172799680199],[-71.704869499657406,-33.153188500099503],[-71.704915099937907,-33.1531929997928],[-71.704939299653304,-33.153206500375497],[-71.704968800327293,-33.153177300126401],[-71.705027799878494,-33.153183999653798],[-71.705076099596397,-33.1531929997928],[-71.705100199598803,-33.1531906999329],[-71.705124299601295,-33.153183999653798],[-71.705156499712601,-33.153183999653798],[-71.705186000386504,-33.153161599705101],[-71.705207499766203,-33.153145800006499],[-71.705215500162197,-33.153067200073302],[-71.705226299708499,-33.153035799940596],[-71.705277200049196,-33.153051499632298],[-71.705306699824803,-33.153105399754899],[-71.705325499767,-33.153166000125303],[-71.705338899936095,-33.153240100279298],[-71.705360400214104,-33.153298499973801],[-71.705408699931994,-33.153363699921798],[-71.705427400161298,-33.153397299765302],[-71.705448900439293,-33.153442200314998],[-71.705486399712498,-33.153482699685597],[-71.705518599823904,-33.153514099658302],[-71.705518599823904,-33.153543299795302],[-71.705548099599497,-33.1535702000726],[-71.705599099653099,-33.153568000248697],[-71.7056446999336,-33.153442200314998],[-71.7056446999336,-33.153307500101],[-71.705690399926993,-33.153240300332399],[-71.705770800043297,-33.153251400270797],[-71.705843199763606,-33.153267099924001],[-71.705880699935094,-33.153282800326302],[-71.705907599986304,-33.153309799957903],[-71.705934400324495,-33.1533321998688],[-71.705990700438306,-33.153334499724998],[-71.7060174998782,-33.153296300143097],[-71.706097999707396,-33.153302999661499],[-71.706135499878897,-33.153298499973801],[-71.706157000156907,-33.153251400270797],[-71.706146300323596,-33.153199700071099],[-71.706122099709802,-33.153157100010198],[-71.706092599934195,-33.153127899744703],[-71.706092599934195,-33.153087400210197],[-71.706103400378893,-33.153035799940596],[-71.706100700043095,-33.153002099931797],[-71.706097999707396,-33.1529706997758],[-71.706061599972102,-33.152924200058301],[-71.706052400325305,-33.152867399794097],[-71.706081900100898,-33.152824700296897],[-71.706119400272399,-33.152770800001797],[-71.706135499878897,-33.152719200298002],[-71.706186499932599,-33.152696700203499],[-71.706237499986202,-33.152703499794796],[-71.706280399930904,-33.152748399947598],[-71.706286999853305,-33.152793200050297],[-71.706336700044702,-33.152797799791003],[-71.706384999762605,-33.1527663002868],[-71.7063902998228,-33.1527079002379],[-71.706417199873897,-33.1526630000644],[-71.706449399985303,-33.152638300108201],[-71.706478899760896,-33.152597900375],[-71.706476200323493,-33.152553000145197],[-71.706476200323493,-33.152510299742801],[-71.706478899760896,-33.152465500247601],[-71.706495000265704,-33.152411599731799],[-71.706511000159296,-33.152362199670897],[-71.706513699596698,-33.152310599726803],[-71.706513699596698,-33.152274700335198],[-71.706527099765793,-33.152229699912198],[-71.706564699650301,-33.152204999833998],[-71.706578099819396,-33.152169099647097],[-71.706570100321798,-33.152139899804702],[-71.7065592998771,-33.152104000343201],[-71.706545899708104,-33.152088299729797],[-71.706511000159296,-33.152070299976401],[-71.706477399574396,-33.152068600254402],[-71.706444000212102,-33.152092800231699],[-71.706425200269905,-33.152135400057396],[-71.706395699595902,-33.152164599901198],[-71.706352799651199,-33.152162400042101],[-71.706317900102405,-33.152133200197497],[-71.706295000249199,-33.152106800370902],[-71.706256200215407,-33.152099499841903],[-71.706234799650403,-33.1521309003098],[-71.706218700043905,-33.152157900295897],[-71.706182300308598,-33.152131499724597],[-71.706164999654504,-33.152117500341497],[-71.706081900100898,-33.152135400057396],[-71.706020200213899,-33.1521421996922],[-71.705985299766795,-33.152153399797399],[-71.705947799595293,-33.152162400042101],[-71.705926300215594,-33.152187100132302],[-71.705890000193193,-33.152185399660397],[-71.705829799594497,-33.152171400285901],[-71.705793399859203,-33.152171899672602],[-71.705758600023401,-33.152169699813697],[-71.705725199762796,-33.152171400285901],[-71.705692999651404,-33.152204999833998],[-71.705692999651404,-33.152218499816698],[-71.705674199709193,-33.152231999797401],[-71.705623199655506,-33.1522275000547],[-71.7055788004226,-33.1522303000785],[-71.705522500308803,-33.152234799820903],[-71.705486399712498,-33.152245499775901],[-71.705432799934499,-33.152290400163103],[-71.705405999596294,-33.152324099693303],[-71.705387199653998,-33.152369000040302],[-71.705355000440903,-33.152375699629502],[-71.705314799933703,-33.152373499775599],[-71.705259699969105,-33.152362799836297],[-71.705188699824006,-33.152252200126597],[-71.705169899881696,-33.152207299719798],[-71.705169899881696,-33.152144400303897],[-71.705159200048399,-33.152088299729797],[-71.705194099597193,-33.1520433999912],[-71.705207499766203,-33.151996200338402],[-71.705202099993102,-33.151953499664998],[-71.705220899935298,-33.151906399991901],[-71.705258499819905,-33.151850199989497],[-71.705285300158096,-33.151791900111],[-71.705312099597904,-33.1517401998031],[-71.705336199600396,-33.151713299716697],[-71.705365700274299,-33.151686300345801],[-71.705411299656404,-33.151684099722601],[-71.705432799934499,-33.151668299757802],[-71.705454300212494,-33.1516256997052],[-71.705489100048297,-33.1516099997583],[-71.705534700328698,-33.151643600273601],[-71.705561499768606,-33.151679599951898],[-71.705615200157993,-33.151706500048597],[-71.705655399766897,-33.151735700035204],[-71.705719799989595,-33.151722199978202],[-71.705786899649794,-33.151684099722601],[-71.705870000101797,-33.151677300052199],[-71.705921000155399,-33.151663900014597],[-71.705971899597699,-33.151603200082299],[-71.706006800044804,-33.151567299649003],[-71.706060399822903,-33.151522399643802],[-71.706151600383805,-33.151522399643802],[-71.706181100159398,-33.151522399643802],[-71.706258899652894,-33.151513400085499],[-71.706285699991099,-33.151488699805597],[-71.706317900102405,-33.151443799760102],[-71.706371599593496,-33.1514528000775],[-71.706379599989404,-33.151421300090398],[-71.706371599593496,-33.151387600213504],[-71.706388900247504,-33.151329800171098],[-71.706446699649504,-33.151315799907898],[-71.706478899760896,-33.1512348999279],[-71.706468100214593,-33.1511922996648],[-71.706508400434899,-33.151156299786599],[-71.706519100268196,-33.151113700237502],[-71.706562000212898,-33.151118200037203],[-71.706607599595003,-33.151102399970497],[-71.706602199821802,-33.151055299840401],[-71.706586199928296,-33.151005899767803],[-71.706586199928296,-33.150967699924003],[-71.706527099765793,-33.1509947002681],[-71.706529800101507,-33.150936299791802],[-71.706521799705598,-33.150902599728497],[-71.706495000265704,-33.150873400216597],[-71.706455900194698,-33.150853699716201],[-71.706451999709699,-33.150808299951201],[-71.706427899707293,-33.1507790996558],[-71.706379599989404,-33.150763400309501],[-71.706347399877998,-33.1507363998941],[-71.706317900102405,-33.1507252003601],[-71.7062922999135,-33.1506808000711],[-71.706270900246807,-33.150653899659901],[-71.706249399968797,-33.150626899962901],[-71.706227899690703,-33.150600000287199],[-71.706184999746,-33.150568499993803],[-71.706167699990303,-33.150509599837498],[-71.706139400363895,-33.150476499788503],[-71.706170400326002,-33.1504422001222],[-71.706215999708206,-33.150433199700998],[-71.706258899652894,-33.150435499633197],[-71.7062991998732,-33.1504018001296],[-71.706320600438204,-33.150372599698898],[-71.706368900156093,-33.150388299867302],[-71.706350100213797,-33.150424300060699],[-71.706331300271501,-33.150435499633197],[-71.706360800047193,-33.150487099928299],[-71.706393000158499,-33.1504984002745],[-71.706446699649504,-33.150480400194802],[-71.7064975999902,-33.150502900105799],[-71.706500300325899,-33.150529799811302],[-71.706508400434899,-33.150563500017803],[-71.706545899708104,-33.150608399761801],[-71.706578900218304,-33.150604500113303],[-71.706610299930801,-33.150588199806101],[-71.706607599595003,-33.1505365002931],[-71.706591499988505,-33.150487099928299],[-71.706588799652806,-33.150453499722097],[-71.706594200324304,-33.1504198002254],[-71.706567399986099,-33.150365899956803],[-71.706547099857303,-33.150341700255197],[-71.706548600043803,-33.1502985001311],[-71.706564699650301,-33.150269299666],[-71.7065502996563,-33.150227499926103],[-71.706532500437305,-33.150206400364702],[-71.706492299930005,-33.150174999960001],[-71.706470799651996,-33.150145800205998],[-71.706409099764997,-33.150109899928403],[-71.7063902998228,-33.1500873999166],[-71.7063902998228,-33.150038000050998],[-71.706425200269905,-33.149999799785697],[-71.706446699649504,-33.149943700096301],[-71.706478899760896,-33.149853899904997],[-71.706532500437305,-33.149849400040402],[-71.706564699650301,-33.149829199909902],[-71.706572700046195,-33.149797700091902],[-71.706537900210407,-33.149775300030498],[-71.706480099910095,-33.149771300314399],[-71.706473499987695,-33.149701199958102],[-71.706495000265704,-33.149651799875002],[-71.706521799705598,-33.1496045996874],[-71.706543200270602,-33.149555200302103],[-71.706522999854798,-33.149510800172997],[-71.7064975999902,-33.149472100276],[-71.706484199821105,-33.149420500136102],[-71.706476200323493,-33.1493845002828],[-71.706460099818599,-33.149344099803201],[-71.706438600438901,-33.149294700271099],[-71.706435900103202,-33.1492386001309],[-71.706486900156804,-33.149177900024497],[-71.706521799705598,-33.149155499804898],[-71.706556600439697,-33.149101600263698],[-71.706580800155194,-33.149052199842998],[-71.7066049001576,-33.149013999900497],[-71.706658599648705,-33.148989299668997],[-71.706693400382804,-33.1489691000926],[-71.706725599595799,-33.148937599965699],[-71.706749800209593,-33.148912899712698],[-71.7067792999852,-33.148886000263502],[-71.706803399987606,-33.148917399625297],[-71.706838300434697,-33.148888200204802],[-71.706857100376993,-33.1488545001068],[-71.706855600190494,-33.148807899679902],[-71.706905300381905,-33.148769200224898],[-71.706945599703801,-33.148782699984302],[-71.707001899817598,-33.148778200064697],[-71.707039399989199,-33.148775900088999],[-71.707055499595697,-33.148805100299001],[-71.707066300040395,-33.1488342997472],[-71.707117200381006,-33.148872499767897],[-71.707138699760705,-33.148876999682699],[-71.707165500098895,-33.148960100272397],[-71.707194999874503,-33.148993800329798],[-71.707207400218607,-33.1490080002743],[-71.707245999928105,-33.149052199842998],[-71.707280799763893,-33.149076900056798],[-71.707286200435405,-33.149099300296498],[-71.7073183996484,-33.149123999745001],[-71.707363999928901,-33.149144200037803],[-71.707423000378398,-33.149144200037803],[-71.707455199591493,-33.149177900024497],[-71.707487399702799,-33.149204900167497],[-71.707514200041004,-33.149198100305],[-71.707519599814205,-33.149157699739497],[-71.707500799871895,-33.1491149999407],[-71.707487399702799,-33.149072400152399],[-71.707479299593899,-33.149040900062602],[-71.707465900323101,-33.148996000268397],[-71.707428400151599,-33.148966800121897],[-71.707402700249602,-33.148942700065803],[-71.707380100433696,-33.148901699945803],[-71.707372000324796,-33.148838799663899],[-71.707385399595594,-33.148798399684999],[-71.707420300042699,-33.148787199903502],[-71.707436399649197,-33.148706299848001],[-71.707439099984995,-33.148677100357197],[-71.707492699762994,-33.148670399733398],[-71.707519599814205,-33.148686100206397],[-71.707562499758893,-33.148656899956798],[-71.707586599761299,-33.148620999822],[-71.707583900323897,-33.1485760998129],[-71.707565200094606,-33.148546900278802],[-71.707536899569902,-33.148502499639498],[-71.707535700318999,-33.148466000001598],[-71.707575899928003,-33.148430099788698],[-71.707613400099504,-33.148387399635801],[-71.7076322000418,-33.1483290997122],[-71.707624199645906,-33.148286400262201],[-71.707577100077202,-33.148275699824403],[-71.707542199630097,-33.148273499867699],[-71.707557099985706,-33.148223500291301],[-71.707583900323897,-33.148189799938002],[-71.707573199592304,-33.148138199795902],[-71.707555599799207,-33.148100599649901],[-71.707542199630097,-33.148073599919201],[-71.707535700318999,-33.148046100017901],[-71.707565200094606,-33.148019100270403],[-71.707589300097098,-33.147996699754898],[-71.707563699908107,-33.147952300341302],[-71.707557099985706,-33.1478978998977],[-71.707589300097098,-33.147873200104002],[-71.707645600210896,-33.147834999648197],[-71.707712699870996,-33.1478169997742],[-71.707736799873501,-33.147814799806],[-71.707766299649094,-33.147790099988903],[-71.707782400153903,-33.1477384003311],[-71.707820000038495,-33.1477474002766],[-71.707846800376601,-33.147778900078698],[-71.707841399705202,-33.147823799743698],[-71.7078387002677,-33.147848500303397],[-71.707873599816494,-33.147886599968601],[-71.707935299703493,-33.147938300291202],[-71.707972899588,-33.147960800102098],[-71.7080131000953,-33.147980999910601],[-71.708026500264396,-33.1480078996373],[-71.708029199701798,-33.148041600060502],[-71.708061399813204,-33.148061799850502],[-71.708098899984705,-33.148075299718698],[-71.708165999644905,-33.148055099931803],[-71.708187400209894,-33.148003399677997],[-71.708176700376498,-33.147940500256297],[-71.708128399760298,-33.1479247996498],[-71.708107000093605,-33.147893399932698],[-71.708096199649006,-33.147861900171698],[-71.708104299757906,-33.147837200368002],[-71.708133800431796,-33.147801299897701],[-71.708141799929393,-33.147740700333998],[-71.708136499869298,-33.1476754999672],[-71.7081204002627,-33.147628400253602],[-71.708133800431796,-33.147569999792601],[-71.708157900434301,-33.147522799989197],[-71.708187400209894,-33.147477900170202],[-71.7082277004302,-33.147439700294399],[-71.708259799930204,-33.147435300339197],[-71.708329599926103,-33.147446500293199],[-71.7083859000399,-33.147446500293199],[-71.7084529997001,-33.147457700245901],[-71.708479800038205,-33.147457700245901],[-71.708517300209806,-33.147417299631002],[-71.708530800091907,-33.147473400183799],[-71.708579000096705,-33.147500400099098],[-71.708648800092604,-33.147516100029399],[-71.708664899699201,-33.147529599981603],[-71.708694400373105,-33.1475026000752],[-71.708681000203995,-33.147460000256103],[-71.708667500321894,-33.147415000371801],[-71.708632699587795,-33.147370099745402],[-71.708589799643093,-33.1473453998032],[-71.708502499567103,-33.147328000028502],[-71.7084932002073,-33.147291499902003],[-71.708528099756094,-33.147255599960602],[-71.708568300263394,-33.147217399988001],[-71.708619300316997,-33.147186000017797],[-71.708681000203995,-33.147201700004302],[-71.708713099703999,-33.147201700004302],[-71.708750699588606,-33.147156800021001],[-71.708769500429199,-33.147132100018602],[-71.708788199760093,-33.1471119000146],[-71.708828499980399,-33.147109599995197],[-71.708831200316098,-33.147156800021001],[-71.708812400373901,-33.147183700000298],[-71.708871399925101,-33.147233099968901],[-71.708922399978704,-33.1472824999097],[-71.708951899754297,-33.147307299902998],[-71.709002800095007,-33.147338699829803],[-71.709051099812797,-33.147354399789002],[-71.709083299924202,-33.147320699853999],[-71.709088699697404,-33.147275799931499],[-71.709139600038,-33.147275799931499],[-71.709182499982703,-33.147311699864701],[-71.709225399927405,-33.147325199848297],[-71.709289800150103,-33.147316199859397],[-71.709311300428197,-33.147289299920701],[-71.709348799701402,-33.147280299928099],[-71.709378300375306,-33.147316199859397],[-71.709405200426502,-33.147329699842402],[-71.709466799702099,-33.147331999856],[-71.709474899811099,-33.147280299928099],[-71.7095205000915,-33.147291499902003],[-71.709533900260595,-33.147322999867797],[-71.709584900314198,-33.147331999856],[-71.709649199925593,-33.147336399816403],[-71.7096867998102,-33.147331999856],[-71.709732400090601,-33.147320699853999],[-71.709775300035304,-33.147291499902003],[-71.709771100411402,-33.147262900140497],[-71.709759200428806,-33.147230899986099],[-71.709759200428806,-33.147195000019899],[-71.709780699808505,-33.147159000005601],[-71.709775300035304,-33.147114100000401],[-71.709818199980106,-33.147105099989901],[-71.709850400091398,-33.1471276000144],[-71.709887999975905,-33.147123100009999],[-71.709896000371899,-33.147089399986001],[-71.709874500093804,-33.147069199972201],[-71.709822099566694,-33.147076500167699],[-71.709756500093107,-33.147071399959003],[-71.709724299981701,-33.147064699964801],[-71.709674599790304,-33.147042800125803],[-71.709660000370306,-33.147006299880701],[-71.709665300430501,-33.146954699794698],[-71.709724299981701,-33.146988399870402],[-71.709778000371102,-33.147015299901298],[-71.709826300089006,-33.147017599923203],[-71.709879899867005,-33.1470040998922],[-71.709912099978396,-33.146999599881497],[-71.709944300089703,-33.146972599811903],[-71.709954999923099,-33.146927699711398],[-71.709941599754004,-33.146900799653501],[-71.709879899867005,-33.146887300356703],[-71.709858399588995,-33.146858100260502],[-71.709858399588995,-33.146831200181197],[-71.709816699793507,-33.146811500277401],[-71.709781899957704,-33.146809300283998],[-71.709729699754902,-33.146804200059897],[-71.709681400036999,-33.146817700121602],[-71.709641200427995,-33.146806500087301],[-71.709611699754106,-33.146765999890803],[-71.709591399625296,-33.146739599953101],[-71.709552700202906,-33.146723399713999],[-71.7095205000915,-33.146725599709498],[-71.709445400035506,-33.146739099783296],[-71.709405200426502,-33.146745799802503],[-71.709382199961993,-33.146735199962798],[-71.7093542003729,-33.146709899637798],[-71.709367599643599,-33.146678400204003],[-71.709380999812694,-33.146628999923003],[-71.709364900206197,-33.146568400301703],[-71.709330100370394,-33.146543700133698],[-71.7093124996791,-33.146508300057498],[-71.709311300428197,-33.146456100225002],[-71.709308600092399,-33.146422399944903],[-71.709281799754194,-33.146393199693897],[-71.709249599642902,-33.146368500228803],[-71.709236200372104,-33.1463303999044],[-71.709238899809506,-33.146294400287402],[-71.709215900243294,-33.146259100145002],[-71.709194499678304,-33.146236599897797],[-71.709187899755904,-33.146186599912703],[-71.709195900151798,-33.146144000206696],[-71.709225399927405,-33.146103499704303],[-71.709262999811997,-33.146067600028999],[-71.7093058997567,-33.146047399779903],[-71.709362199870498,-33.146060899958002],[-71.709402500090704,-33.146076600145904],[-71.709464199977702,-33.146085600261898],[-71.709528499589098,-33.146090100319597],[-71.709606299980905,-33.146132700051702],[-71.709625099923201,-33.146164199681401],[-71.7096786997013,-33.146213600224101],[-71.709708200375204,-33.146222600325999],[-71.7097859998687,-33.146222600325999],[-71.709842399695503,-33.146233799682797],[-71.709896000371899,-33.146238299732801],[-71.709954999923099,-33.146213600224101],[-71.709992599807606,-33.146159699627603],[-71.710003299641002,-33.146114799863099],[-71.710032800314906,-33.146078800157603],[-71.710062300090499,-33.146056399898903],[-71.710107900371,-33.146081100204],[-71.710137400146607,-33.146105799750103],[-71.710156200088804,-33.146150700271299],[-71.710158900424602,-33.146186599912703],[-71.710164199586501,-33.1462314996404],[-71.710161500148999,-33.146269700042303],[-71.710172299695401,-33.146303399628898],[-71.710196399697793,-33.146310099681301],[-71.7102339995823,-33.146274200090502],[-71.710263500256303,-33.146274200090502],[-71.710298300092106,-33.146251799881597],[-71.710298300092106,-33.146197900060699],[-71.710338600312298,-33.1461956000174],[-71.710408299696894,-33.146229299632502],[-71.7104323996994,-33.146278700138502],[-71.710486100088701,-33.146289900240198],[-71.710512900426906,-33.146296700328101],[-71.710531700369202,-33.146303399628898],[-71.710520999637495,-33.146323599818999],[-71.710499500257797,-33.146355100132297],[-71.710502199695298,-33.146386499647797],[-71.710529000033404,-33.146406699818897],[-71.710553100035895,-33.1464178999043],[-71.710566500205005,-33.1464268999853],[-71.710593400256201,-33.146465100302102],[-71.710630900427702,-33.146467300304103],[-71.710630900427702,-33.146382000357598],[-71.710636300200903,-33.146348300048999],[-71.710652399807401,-33.146307899675399],[-71.710679200145606,-33.1462877002337],[-71.710716800030099,-33.146260699945103],[-71.7107543002016,-33.146258499938],[-71.710781099641494,-33.146258499938],[-71.710832099695097,-33.146177599806997],[-71.710864299806502,-33.146155200325602],[-71.7109205999203,-33.146107999761099],[-71.710944699922706,-33.1460585999111],[-71.710958199804793,-33.145984499708],[-71.710985000142998,-33.145966500206399],[-71.711006399809705,-33.145908200178397],[-71.711049299754393,-33.145885699841102],[-71.711089599974699,-33.145885699841102],[-71.711140500315295,-33.145872199636003],[-71.711175399864103,-33.145836299865998],[-71.7111860996975,-33.145768900321002],[-71.711196900142099,-33.145739699852598],[-71.711187299846699,-33.145711100337401],[-71.7111352002552,-33.145694799873198],[-71.711112199790605,-33.145688599949601],[-71.711092300310497,-33.145672300233301],[-71.711052000090206,-33.145665600132197],[-71.711001099749595,-33.145652099893198],[-71.710972800123102,-33.145630199701699],[-71.710968899638203,-33.145584800241998],[-71.711006399809705,-33.145548800318998],[-71.711043999694297,-33.145526399924996],[-71.711049299754393,-33.1454994001543],[-71.711100299808095,-33.145503900241998],[-71.7111271001462,-33.145537600122701],[-71.711161999694994,-33.145544300233603],[-71.711199599579601,-33.145539800148001],[-71.711237099751102,-33.145519599777401],[-71.711282700031603,-33.1454994001543],[-71.711322899640507,-33.145468000321301],[-71.711365799585195,-33.145416300047202],[-71.711347100254301,-33.145375899996601],[-71.711317599580298,-33.145349000215099],[-71.711298799638101,-33.145301799968998],[-71.711298799638101,-33.145247900316598],[-71.711296100200599,-33.1452052001192],[-71.711253200255896,-33.145167000005998],[-71.711274699635595,-33.145108700198897],[-71.711298799638101,-33.1450390000212],[-71.711266600425006,-33.144994099683302],[-71.711245100146996,-33.144971699899799],[-71.711215600371403,-33.144980600093099],[-71.711193800056094,-33.144936700085502],[-71.711149799675198,-33.144936299941399],[-71.711129799583702,-33.144958200306199],[-71.711108399916995,-33.144991899644403],[-71.711065400259301,-33.1450166002492],[-71.711038599921096,-33.145032299871801],[-71.711025199752001,-33.145056999713098],[-71.711003700372302,-33.145081700299599],[-71.710982299807299,-33.145050300317202],[-71.7109876995804,-33.145000899871597],[-71.711030600423499,-33.144947000034399],[-71.710991500352407,-33.144900399788497],[-71.710959399954007,-33.144895899669798],[-71.710907199751205,-33.144906499731697],[-71.7108616003691,-33.144929000320097],[-71.710803800068703,-33.144918300224802],[-71.710775799581299,-33.144872800360702],[-71.710773100143896,-33.144816699649297],[-71.7107624003106,-33.144726900227198],[-71.710746299805706,-33.1446886999057],[-71.710770399808197,-33.144641500056601],[-71.710834800030895,-33.1446369999246],[-71.7108616003691,-33.144596600267299],[-71.7108535002602,-33.1445629000251],[-71.710832099695097,-33.144529199769998],[-71.710846700013406,-33.144488700026599],[-71.710896499917894,-33.144477599731403],[-71.710925999693501,-33.144499999641098],[-71.710974199698398,-33.144502299728899],[-71.711001099749595,-33.144486600011497],[-71.7110279000877,-33.144466400150499],[-71.711001099749595,-33.144432699858299],[-71.710974199698398,-33.144419200181801],[-71.710951299845107,-33.144392800290198],[-71.710912600422702,-33.144367500041902],[-71.710874999639799,-33.144354099639898],[-71.710832099695097,-33.144347300153498],[-71.710778400204106,-33.144374300278798],[-71.710751599865901,-33.144387799962303],[-71.710700700423601,-33.144396700214898],[-71.710688500403705,-33.144379299855402],[-71.710669699563098,-33.144323200332799],[-71.710656300292399,-33.144305199738298],[-71.710622900031794,-33.1442822003104],[-71.710601399753799,-33.144253000099297],[-71.710590699920402,-33.144199099802698],[-71.710590699920402,-33.1441228002248],[-71.710630900427702,-33.144120500127102],[-71.710671199749697,-33.144136199910101],[-71.710689899978902,-33.144073299972298],[-71.710692600314701,-33.1440329000555],[-71.710738199696806,-33.144003699761498],[-71.710783799977307,-33.143967799979102],[-71.710778400204106,-33.143922899845101],[-71.710778400204106,-33.143884699925799],[-71.710785000126506,-33.143853799701297],[-71.710829400257694,-33.1438083000372],[-71.710856199697602,-33.143758899644602],[-71.7108213998618,-33.143711800084901],[-71.710795699959803,-33.143687600052097],[-71.710786500313006,-33.143646599732797],[-71.710747499954905,-33.143611300029498],[-71.7107140996944,-33.143574799861199],[-71.710700700423601,-33.143541099978698],[-71.710687199643203,-33.143491700187802],[-71.710681899582994,-33.143437800175697],[-71.710692600314701,-33.143374899737303],[-71.710711400256898,-33.1433097999249],[-71.710730200199194,-33.143246900146899],[-71.710743600368303,-33.143199700274302],[-71.710740900032505,-33.143163800163002],[-71.710767700370695,-33.143139099788797],[-71.710816000088599,-33.1431031996527],[-71.710845499864206,-33.143067200215903],[-71.710880400311297,-33.143038000352703],[-71.710896499917894,-33.142997599959202],[-71.710899099642305,-33.142954900170899],[-71.710931299753696,-33.142927999647199],[-71.710968899638203,-33.142910000270803],[-71.710998400312107,-33.142941500305298],[-71.710995699976394,-33.142977399755502],[-71.711014499918605,-33.143015600069802],[-71.711057399863293,-33.143035800264698],[-71.711092300310497,-33.143067200215903],[-71.711113699977105,-33.143096400069403],[-71.711172700426701,-33.143096400069403],[-71.711191500368997,-33.143055999702803],[-71.711202200202294,-33.143006599638902],[-71.711243500247505,-33.142977099640703],[-71.711237099751102,-33.142943699643503],[-71.711204899639696,-33.142916699830202],[-71.711183499973004,-33.142885299825103],[-71.711172700426701,-33.142831400192698],[-71.711175399864103,-33.142793199798199],[-71.711263900089307,-33.1427460997201],[-71.711304200309499,-33.1427528000441],[-71.711376600029894,-33.142777499775001],[-71.711406099805501,-33.142795499930699],[-71.711451700086002,-33.1428157001763],[-71.711491899694906,-33.142824699874602],[-71.711559000253402,-33.142820199649499],[-71.711599199862306,-33.142808899818597],[-71.711650199915994,-33.142793199798199],[-71.711682300314294,-33.142800000157102],[-71.711733300367996,-33.142831400192698],[-71.711786999859001,-33.142858400032303],[-71.711797699692397,-33.1428808003553],[-71.711827200366301,-33.142930199737897],[-71.711875500084204,-33.142932499866902],[-71.711926400424801,-33.142927999647199],[-71.711969300369503,-33.142943699643503],[-71.711982800251604,-33.142961699765202],[-71.712033699693905,-33.142954900170899],[-71.712052499636201,-33.142900999829102],[-71.7120551999719,-33.142853899808799],[-71.712079299974405,-33.1428111999507],[-71.712087400083306,-33.142786500229398],[-71.712082000310104,-33.142743800338401],[-71.712033699693905,-33.142723600076302],[-71.711990799749202,-33.142739300109199],[-71.711924999951293,-33.142717399942697],[-71.711902300422395,-33.142721399980402],[-71.711837900199598,-33.142647199928902],[-71.711795000254895,-33.142622500161401],[-71.711738700141098,-33.142595600287997],[-71.711717199863102,-33.1425596999295],[-71.7116727997319,-33.142531000091303],[-71.711629899787198,-33.142513099920002],[-71.711591200364694,-33.142486400090696],[-71.711562899840004,-33.1424433999371],[-71.711591200364694,-33.142402399788502],[-71.711628699637998,-33.142391199942701],[-71.711660899749305,-33.1423866996954],[-71.711698399920806,-33.142368800246899],[-71.7117145004257,-33.142335099901203],[-71.711744000201307,-33.142314900297201],[-71.711757500083394,-33.142283400037698],[-71.711819100257401,-33.142267699923302],[-71.711843299972799,-33.142267699923302],[-71.711891599690702,-33.142218300167698],[-71.711872799748406,-33.142164400125502],[-71.7118405996371,-33.1421374000724],[-71.711825700179801,-33.142120000017101],[-71.711782800235,-33.142099800363503],[-71.711749399974494,-33.142099300167203],[-71.711722599636303,-33.142085800131703],[-71.711717199863102,-33.142027399742403],[-71.711722599636303,-33.141984700234197],[-71.711693099860696,-33.141941999953097],[-71.711646000292006,-33.141929100130099],[-71.711596500424903,-33.141921800258501],[-71.711564300313597,-33.141915099870999],[-71.711510699637202,-33.1419196001426],[-71.711479699675095,-33.141908899680402],[-71.7114596995835,-33.141876899829803],[-71.711486499921705,-33.1418477003226],[-71.711505299864001,-33.141804999974802],[-71.711475800088394,-33.141766899925301],[-71.711505299864001,-33.1417510996788],[-71.711534799639594,-33.141737699629402],[-71.711529499579399,-33.141701699632399],[-71.7115080001998,-33.141679299760597],[-71.711490400406703,-33.141666399898902],[-71.711473099752695,-33.141625400139503],[-71.711435599581094,-33.141593899632603],[-71.7114088001412,-33.141578200146903],[-71.711430199807893,-33.141535499668002],[-71.7114677996925,-33.141539999959001],[-71.711491899694906,-33.141531100168798],[-71.711518700033096,-33.141499599627998],[-71.711532100202206,-33.141459200030603],[-71.711501199953005,-33.1413991000477],[-71.711524099806297,-33.141358100163401],[-71.711518700033096,-33.141317699748598],[-71.711491899694906,-33.141299700041898],[-71.711510699637202,-33.141248100360698],[-71.711537499975407,-33.141232400061099],[-71.711569700086699,-33.141261499732799],[-71.711607600008605,-33.141217400040503],[-71.711647499580195,-33.141209900029203],[-71.711703799694007,-33.141254800047001],[-71.711725299972002,-33.141277300067401],[-71.711754799747695,-33.141304200344997],[-71.711765499581006,-33.141317699748598],[-71.711821799694803,-33.141322200050801],[-71.7118889002533,-33.141349100314599],[-71.711907700195496,-33.141387299833397],[-71.711966699746796,-33.141387299833397],[-71.711985399976001,-33.141407499651002],[-71.712028399633695,-33.141373799688303],[-71.712014899751694,-33.141333400032998],[-71.712025700196307,-33.141299700041898],[-71.712071299578398,-33.141274999895103],[-71.712127599692295,-33.141248100360698],[-71.712151699694701,-33.141212100162903],[-71.712122199919094,-33.141169500298297],[-71.712067099954496,-33.141165500189999],[-71.7120536997854,-33.141147599740201],[-71.712029599782994,-33.141122900302797],[-71.711929099862203,-33.141086399851503],[-71.711899600086596,-33.141079600112],[-71.711851300368707,-33.1411043003137],[-71.711804299614798,-33.1410982001062],[-71.7117413995785,-33.141063899782203],[-71.711698399920806,-33.1410145001011],[-71.711646000292006,-33.140992600256403],[-71.711589700178195,-33.140992600256403],[-71.711569700086699,-33.140976299667798],[-71.711545600084307,-33.140944899720601],[-71.711548199808703,-33.1409246997965],[-71.711545600084307,-33.140852799913603],[-71.711485100346493,-33.140830900028497],[-71.711419499974596,-33.140857300239603],[-71.711355099751898,-33.140877500179201],[-71.711317599580298,-33.140886500076299],[-71.711277300258402,-33.140931400259603],[-71.711210300311194,-33.140886500076299],[-71.711167400366506,-33.1408797003213],[-71.7111271001462,-33.1409089001505],[-71.711058600012606,-33.1408780996709],[-71.710980799620799,-33.140842100073399],[-71.7109608004276,-33.1408258002091],[-71.710942100198295,-33.140771900063797],[-71.710936700425194,-33.140731500131302],[-71.710947400258505,-33.140675399781003],[-71.710998400312107,-33.140673100345097],[-71.711046700029996,-33.1406417002894],[-71.711097600370607,-33.140646199873999],[-71.7111271001462,-33.140679900116098],[-71.711196900142099,-33.140675399781003],[-71.711269299862494,-33.140657399942498],[-71.711309500369694,-33.140661900278602],[-71.711325599976306,-33.140630500218897],[-71.711316100292095,-33.140592799823303],[-71.711269299862494,-33.140569800174603],[-71.711226399917706,-33.140560800244998],[-71.711157800071106,-33.140550199658101],[-71.711124399810501,-33.140527099957197],[-71.711119099750306,-33.140502400345099],[-71.711053200239405,-33.1404671001292],[-71.710998400312107,-33.140439600100301],[-71.710925999693501,-33.140419300018699],[-71.710848200200004,-33.140372200170802],[-71.710778400204106,-33.1403317000131],[-71.710744799619206,-33.140294100282702],[-71.710677699959007,-33.140285100324803],[-71.710636300200903,-33.140291299878001],[-71.710593400256201,-33.140302600033102],[-71.710538300291603,-33.140294100282702],[-71.710499500257797,-33.140248600277303],[-71.710476600404604,-33.140237999652697],[-71.710448500204194,-33.140244199961401],[-71.710396099677098,-33.140226800282797],[-71.710319800370101,-33.140239700356098],[-71.710309099638394,-33.1402508997243],[-71.710279599862801,-33.140239700356098],[-71.710236600205107,-33.140253099882102],[-71.710212500202601,-33.140271099803499],[-71.710190999924606,-33.140302600033102],[-71.710193700260405,-33.140352000114902],[-71.710193700260405,-33.140385599676598],[-71.710158900424602,-33.140419300018699],[-71.710118600204297,-33.140423800367003],[-71.710071499737296,-33.140410900320802],[-71.710028599792594,-33.140368200026103],[-71.709947000425501,-33.140352000114902],[-71.709810199584098,-33.1403564997145],[-71.709736299677303,-33.140332300260702],[-71.709709399626107,-33.140309799998001],[-71.709662600094703,-33.140273400002101],[-71.709578000354497,-33.1402514999725],[-71.709528499589098,-33.140239700356098],[-71.709474899811099,-33.140212699710801],[-71.709464199977702,-33.140167799912],[-71.709458800204501,-33.140127399701399],[-71.709397100317602,-33.140078000245303],[-71.709397100317602,-33.140024099640698],[-71.709391699646105,-33.139992600063302],[-71.709370299979398,-33.139958900309502],[-71.709339300017206,-33.139939299656596],[-71.709299100408302,-33.139923599874997],[-71.709265700147697,-33.139889299844],[-71.709240099958706,-33.139880900095299],[-71.709190600091603,-33.139932000371701],[-71.709187899755904,-33.139952199772097],[-71.709217400429793,-33.139979099703702],[-71.709260300374496,-33.140008299832601],[-71.709311300428197,-33.140051000302499],[-71.709351500037101,-33.140080199655301],[-71.709359600146001,-33.140116100275897],[-71.709330100370394,-33.140136399675399],[-71.709292499587605,-33.140138599836099],[-71.709276399980993,-33.1401521001712],[-71.709254899702998,-33.140165599752002],[-71.709209400033899,-33.140143100198799],[-71.709194499678304,-33.140123400297703],[-71.709174499586794,-33.140082499858899],[-71.709158399980296,-33.140033000335897],[-71.709142300373799,-33.139999399887103],[-71.709083299924202,-33.140015099655201],[-71.709061799646193,-33.140069000265299],[-71.709075199815302,-33.140104900138397],[-71.709072600090906,-33.140122900090098],[-71.709000099759194,-33.140113900114699],[-71.708894100352296,-33.140080799904602],[-71.708805500414201,-33.1400223996853],[-71.7087668000934,-33.139967900300803],[-71.7087265995861,-33.139922999624503],[-71.708713099703999,-33.139869099676901],[-71.708742600378002,-33.139819700075499],[-71.708764099757701,-33.139846600047697],[-71.708804300264902,-33.139869099676901],[-71.708839199813696,-33.139862399884898],[-71.708860700091705,-33.139815199696201],[-71.708841900149494,-33.139770299694],[-71.708839199813696,-33.139745599868903],[-71.7088257996446,-33.139702900002703],[-71.708785600035696,-33.139709599806899],[-71.708777499926796,-33.1397365998548],[-71.708756100260103,-33.139761299682398],[-71.708698299959707,-33.139761799892],[-71.708611200208097,-33.139765800064403],[-71.708562899591897,-33.139797199681297],[-71.708522699982893,-33.1398309002494],[-71.708498599980501,-33.139855600050502],[-71.708512000149597,-33.1398982998425],[-71.708517300209806,-33.139945499986403],[-71.708501199704898,-33.139961199764102],[-71.708443400302897,-33.139955000187598],[-71.708412700378105,-33.139887099677097],[-71.708431500320401,-33.139842099669799],[-71.708410099755298,-33.1398129002378],[-71.7083871001891,-33.1398000001018],[-71.708334999699304,-33.139765800064403],[-71.708301300299695,-33.139752899921497],[-71.708246399761094,-33.139765800064403],[-71.708235699927798,-33.139815199696201],[-71.708259799930204,-33.139857900259997],[-71.708254499869994,-33.139916299836599],[-71.708214300261105,-33.139925199790603],[-71.708174000040799,-33.139909500006397],[-71.708162600419797,-33.139892100261498],[-71.708136499869298,-33.1398309002494],[-71.708118900076201,-33.139813499736803],[-71.708083999629096,-33.139773100115299],[-71.708053299704304,-33.139788199672502],[-71.708053299704304,-33.139815199696201],[-71.708082800378193,-33.139848900257398],[-71.708080100042494,-33.139889299844],[-71.708085499815596,-33.139934199785301],[-71.708080100042494,-33.139961199764102],[-71.708015800431099,-33.139992600063302],[-71.707975500210793,-33.139979099703702],[-71.707952600357601,-33.139975200334902],[-71.707886999985604,-33.139990399898998],[-71.707750200042597,-33.140008299832601],[-71.707671000075507,-33.139999900095297],[-71.707636099628402,-33.1399909001073],[-71.707565200094606,-33.139994900269301],[-71.707500799871895,-33.140006099668703],[-71.707452500154005,-33.140015099655201],[-71.707430999875996,-33.140019600024203],[-71.707315700210998,-33.140015099655201],[-71.707229900321593,-33.140019600024203],[-71.707149399594002,-33.140037499951802],[-71.707067399578307,-33.140038799740502],[-71.7069630000709,-33.140017199777198],[-71.706739100376197,-33.139807200107903],[-71.706449399985303,-33.139469200100699],[-71.706189200268298,-33.139091900077801],[-71.705947799595293,-33.138692100012101],[-71.705829799594497,-33.138525900365401],[-71.705808300214798,-33.138456300267798],[-71.705800299818904,-33.138393400019702],[-71.705810999652201,-33.138269899639504],[-71.705801599681095,-33.138120499782197],[-71.705786899649794,-33.137986899845501],[-71.705785500074597,-33.137833099821897],[-71.705857800081901,-33.137816800150901],[-71.705955700278196,-33.137798400301698],[-71.706003999996099,-33.137753500019898],[-71.705946300307005,-33.137695599977597],[-71.705848400110796,-33.137681699839703],[-71.705773300054702,-33.137654699911799],[-71.705746499716497,-33.137569399672799],[-71.705789399661199,-33.1374930003036],[-71.705950299606698,-33.137335800151902],[-71.705993199551401,-33.1372504003103],[-71.706089799885504,-33.137160599915198],[-71.706170299714699,-33.137079699670601],[-71.706277599882199,-33.136980900308501],[-71.706390200109695,-33.136868599997101],[-71.706545799995098,-33.136787700235701],[-71.706690600333999,-33.136715900017599],[-71.706797899603103,-33.136590099990599],[-71.706953500386803,-33.136585600198003],[-71.707033899604696,-33.136599100327402],[-71.707152000216794,-33.136594599783002],[-71.707126499740795,-33.136518699793399],[-71.707168099823306,-33.136477799931399],[-71.707302200328897,-33.136455300184899],[-71.707361199880197,-33.1363880002502],[-71.7074268999651,-33.136307600275003],[-71.707564999770298,-33.136262199753197],[-71.707672299937798,-33.136239699951503],[-71.707784999878399,-33.136235200140902],[-71.707833199883297,-33.136293599871401],[-71.707827899823101,-33.136356500120002],[-71.707897600105994,-33.136419400323398],[-71.707935199990501,-33.136495799874901],[-71.708004900273394,-33.136486800279698],[-71.708063899824595,-33.136446399879098],[-71.708059899626704,-33.136370399715503],[-71.707983399995399,-33.1362667003146],[-71.707962000328706,-33.136199300189297],[-71.708015600106705,-33.136122899627502],[-71.708138999880703,-33.1360196001189],[-71.708256999881499,-33.135997200301198],[-71.708316000330996,-33.136001600077797],[-71.708403199795598,-33.136033499767898],[-71.708466200443098,-33.1360824998116],[-71.708536000438997,-33.136064499783402],[-71.708611899995702,-33.136116899872],[-71.7086916003243,-33.136069000355],[-71.708804199653599,-33.136104999653703],[-71.708944999794596,-33.136172800035403],[-71.709067099706402,-33.136149900026602],[-71.709084500073402,-33.136109899655303],[-71.7092075998101,-33.136150000072703],[-71.709238700383494,-33.136190299811503],[-71.7093888995973,-33.136190299811503],[-71.709480100158302,-33.136140899643799],[-71.7096034999322,-33.136122899627502],[-71.709689299821605,-33.136131900012202],[-71.709839499933807,-33.136136399828104],[-71.709946800101207,-33.136046599797602],[-71.710011200323905,-33.135983700079201],[-71.710059500041794,-33.136010599722702],[-71.710070199875105,-33.136096000018398],[-71.710066099964195,-33.136174400019399],[-71.710107900371,-33.136188000258102],[-71.710180300091295,-33.136156500056103],[-71.710201800369305,-33.136100399790003],[-71.710255400147403,-33.136033000289302],[-71.710306400201006,-33.135976799898103],[-71.710386800317195,-33.135958899894398],[-71.710429799974904,-33.135873500217599],[-71.710499500257797,-33.135848800048002],[-71.710577299751293,-33.135855500146498],[-71.710590699920402,-33.1359161996903],[-71.710630900427702,-33.135945399666497],[-71.710703300147998,-33.135949900244199],[-71.710770399808197,-33.135979100209298],[-71.710802599919504,-33.136039700373701],[-71.710818700424397,-33.1360935996642],[-71.7108132997529,-33.136134100273303],[-71.710816000088599,-33.136154299795599],[-71.710880400311297,-33.1361789998791],[-71.710909900087003,-33.136147499673903],[-71.710923300255999,-33.1360846000278],[-71.710923300255999,-33.136028499715799],[-71.7109205999203,-33.135981299721898],[-71.710901799978004,-33.135936400014899],[-71.710896499917894,-33.135884700142903],[-71.710877699975597,-33.135864499806402],[-71.710816000088599,-33.1358757997792],[-71.710773100143896,-33.135864499806402],[-71.710758199788302,-33.135844899743503],[-71.710740900032505,-33.135815100207502],[-71.710756999639102,-33.135763500310503],[-71.710778400204106,-33.135709600064999],[-71.710834800030895,-33.135671400331503],[-71.7109205999203,-33.1356579000594],[-71.710982299807299,-33.135671400331503],[-71.711038599921096,-33.135709600064999],[-71.711089599974699,-33.135713999856002],[-71.711145900088496,-33.135754499888002],[-71.711207599975495,-33.135740999628702],[-71.711258600029097,-33.135718499693297],[-71.711325599976306,-33.135727500119501],[-71.711376600029894,-33.135729799685002],[-71.711430199807893,-33.135711800336701],[-71.711489200257503,-33.135682600282699],[-71.711556299917603,-33.135660100332402],[-71.711585799693196,-33.135610699866199],[-71.711612600031401,-33.1355681002916],[-71.711666300420802,-33.1355410997135],[-71.711687700087495,-33.135532100020399],[-71.711663600085103,-33.1355860003749],[-71.711655499976104,-33.1356354001028],[-71.7116742999184,-33.135655599739799],[-71.711725299972002,-33.135613000187],[-71.711757500083394,-33.135613000187],[-71.711811099861393,-33.135592799787901],[-71.711821799694803,-33.1355389001898],[-71.711819100257401,-33.1355073997548],[-71.711853999806195,-33.135469199933297],[-71.711882000293599,-33.135489999889401],[-71.711904999859797,-33.135502899906697],[-71.711969300369503,-33.1354781996329],[-71.712025700196307,-33.135455799676997],[-71.712060500032095,-33.135484999806401],[-71.712039100365402,-33.135511900354999],[-71.712031000256502,-33.135552299681301],[-71.712087400083306,-33.135572500089701],[-71.712138300423902,-33.135525399897297],[-71.712191999915007,-33.135523100326502],[-71.712277799804397,-33.135489400360903],[-71.7123206997491,-33.135455799676997],[-71.712371699802702,-33.135413099980298],[-71.712406499638504,-33.135356899944398],[-71.712449500194495,-33.135334499957501],[-71.712505800308307,-33.135309799636303],[-71.712554100026196,-33.135300799919499],[-71.712607699804295,-33.135264800290997],[-71.712583599801803,-33.135226699658801],[-71.712610400139994,-33.135213200070503],[-71.712647900311495,-33.135199699727899],[-71.712650599748997,-33.135165999638197],[-71.712682799860303,-33.135121100266304],[-71.712760600252096,-33.135085199859098],[-71.712782099631795,-33.1350717002491],[-71.712782099631795,-33.135015499994601],[-71.712774000421206,-33.134957100165899],[-71.712768599749793,-33.1349054997645],[-71.712816900365894,-33.134835799757298],[-71.712900099632606,-33.134806600164097],[-71.712929600306495,-33.134766199742401],[-71.712977900024399,-33.134728000350599],[-71.713002000026904,-33.134694300079701],[-71.713050299744793,-33.134689900237603],[-71.713087799916295,-33.134671899923703],[-71.713141500305696,-33.134629199845698],[-71.713157599912194,-33.134593299989596],[-71.713178999578901,-33.134541600078698],[-71.713203200192595,-33.134528099632803],[-71.713255299784194,-33.134504000124302],[-71.713299699915396,-33.134494400037397],[-71.713318499857706,-33.134516900286599],[-71.713307800024296,-33.134573100108],[-71.713286299746301,-33.134615700165597],[-71.713264900079594,-33.1346403999298],[-71.713278300248703,-33.134667400032797],[-71.713321200193406,-33.134692099782598],[-71.713345300195897,-33.134721300165999],[-71.713393599913701,-33.134714599981002],[-71.713420400251906,-33.134680899705003],[-71.713428500360806,-33.134635900037303],[-71.713409700418595,-33.134604500078296],[-71.713376000120704,-33.134600599718397],[-71.713396300249499,-33.1345505998733],[-71.713390899578002,-33.1345214001852],[-71.713398999686902,-33.134478700034002],[-71.713439200194202,-33.134454000224203],[-71.713549199799004,-33.134404599831498],[-71.713602799577103,-33.134359700070199],[-71.713610899686003,-33.134308000021697],[-71.713594800079505,-33.134274300341801],[-71.713553100284003,-33.134254699923801],[-71.7135009000812,-33.134222700291303],[-71.713490200247804,-33.1342046998816],[-71.7135625999681,-33.1341822003047],[-71.713557200194899,-33.134141800347798],[-71.713535799629895,-33.134123799921603],[-71.713589400306304,-33.134096899699799],[-71.713648399857505,-33.134121600362398],[-71.713683300304695,-33.134094600091601],[-71.713643000084403,-33.134054200094297],[-71.713620100231097,-33.134041299864101],[-71.713672499859996,-33.133993600063597],[-71.713752999689206,-33.134013800078499],[-71.713793200196505,-33.133995799626],[-71.713846899687596,-33.133941899799503],[-71.713927400415102,-33.133885800374799],[-71.713981000193201,-33.133827399794399],[-71.714029299911104,-33.133827399794399],[-71.714032000246803,-33.133872299827999],[-71.7140345999712,-33.133928400013602],[-71.714013200304507,-33.133986799774497],[-71.714032000246803,-33.134020500317],[-71.714088300360601,-33.134038500012203],[-71.714128499969604,-33.134036199650097],[-71.714200899689899,-33.134018300003],[-71.714241199910205,-33.134025000241202],[-71.714294799688204,-33.134025000241202],[-71.7143538001378,-33.134004800228901],[-71.714386000249107,-33.133977899970603],[-71.714420899797901,-33.1339397002358],[-71.714458399969402,-33.133887999939901],[-71.714469200414101,-33.133856599713297],[-71.714506699687306,-33.133822899860199],[-71.714557699740993,-33.133813899990898],[-71.714579100305997,-33.133768999927497],[-71.714600599685696,-33.133735300040698],[-71.714664999908393,-33.133708299651097],[-71.714718599686407,-33.133683599624398],[-71.714750799797798,-33.133665599856499],[-71.714758800193707,-33.133629700358497],[-71.714766900302607,-33.133564600087198],[-71.714718899723707,-33.133465899826398],[-71.714705200415693,-33.1334253001938],[-71.714690300060099,-33.133398900003897],[-71.7146286001731,-33.133365199975003],[-71.7145802995569,-33.133365199975003],[-71.714530900301099,-33.133357900143402],[-71.714515099833605,-33.133318300201203],[-71.714528199965301,-33.133265799897003],[-71.714555000303505,-33.133227699901603],[-71.714555000303505,-33.133193999806998],[-71.714587200414897,-33.133146799793302],[-71.714622000250699,-33.133122100361],[-71.714699799744196,-33.133065900362801],[-71.714740099964402,-33.133018800329801],[-71.714750799797798,-33.132944699647098],[-71.714782999909204,-33.132861499637499],[-71.714820500080705,-33.132839099766102],[-71.714876899907495,-33.132767200029399],[-71.714900999909901,-33.132742499738001],[-71.714965400132698,-33.132695300233799],[-71.714960000359497,-33.132634700017199],[-71.714970700192794,-33.132582999705001],[-71.7150083000774,-33.1325650997615],[-71.715086099570897,-33.132547099764302],[-71.715147800356107,-33.1324931998004],[-71.715201400134205,-33.1324931998004],[-71.715196000361004,-33.132562800113099],[-71.715225500136697,-33.132609999688498],[-71.715268499794306,-33.132600999694901],[-71.715297999569998,-33.132645900355797],[-71.715284600299199,-33.132715599845199],[-71.715319400135002,-33.132737999748102],[-71.715335499741499,-33.132776200005999],[-71.715348899910595,-33.132805400274499],[-71.715421299630904,-33.132794199956301],[-71.715475000020305,-33.132767200029399],[-71.715507200131697,-33.132731300163897],[-71.715476200169505,-33.132662200234897],[-71.7154884001894,-33.132612200037897],[-71.7155876002479,-33.132594300100301],[-71.715614500299097,-33.1326212000303],[-71.715673499850297,-33.132594300100301],[-71.715678799910506,-33.132531400164801],[-71.715702999625904,-33.132556099763299],[-71.715735199737296,-33.132589800102799],[-71.715764700411199,-33.132639200012399],[-71.715748599906405,-33.132684099901503],[-71.715759299739702,-33.132693099886602],[-71.715826400298198,-33.132666099928599],[-71.715850500300604,-33.132623499677202],[-71.715909499851904,-33.132618999681199],[-71.715960499905506,-33.132618999681199],[-71.716008799623395,-33.132627999672899],[-71.716032899625802,-33.132663900332901],[-71.716049000130596,-33.1326998002259],[-71.716056999628293,-33.132722300182799],[-71.716105300244493,-33.132749200073597],[-71.716161600358205,-33.132753700062899],[-71.716215299849296,-33.132731300163897],[-71.716231400354104,-33.132661599934799],[-71.716215299849296,-33.132616700034198],[-71.716247499960701,-33.1325650997615],[-71.716293100241103,-33.132529099763197],[-71.716322600016696,-33.132479699791702],[-71.716341300246,-33.1324415001571],[-71.716437899681793,-33.132425799786603],[-71.716494199795605,-33.132385399773497],[-71.716563999791504,-33.1323921001363],[-71.716590800129694,-33.132425799786603],[-71.716590800129694,-33.132470699784797],[-71.716606899736206,-33.132490900150103],[-71.716657800076803,-33.132497699802897],[-71.716708800130405,-33.132499900154997],[-71.7167303004084,-33.132538099764197],[-71.7167303004084,-33.132567300112001],[-71.716743699679199,-33.132594300100301],[-71.716775899790605,-33.132625700026203],[-71.716824099795403,-33.132623499677202],[-71.716861699679995,-33.132605499691799],[-71.716923399566994,-33.132609999688498],[-71.716974299907605,-33.132580800107199],[-71.716968999847396,-33.132529099763197],[-71.716998499623003,-33.132508900159003],[-71.717100400017301,-33.132479699791702],[-71.717164800239999,-33.132407799760699],[-71.717221100353797,-33.132407799760699],[-71.717285499678198,-33.132340499731598],[-71.717266699735902,-33.132315700021998],[-71.7171714001624,-33.132296099918896],[-71.717250600129404,-33.132270799944401],[-71.717264000298499,-33.132246100265597],[-71.717288200013897,-33.132176499701799],[-71.717296200409905,-33.1321382999352],[-71.717339100354593,-33.132100100152101],[-71.7173686001302,-33.132057400327497],[-71.717365899794501,-33.132003500063],[-71.717347199565197,-33.1319743002799],[-71.717363300070005,-33.1319203999644],[-71.717392799845598,-33.131879999718798],[-71.717465199566007,-33.131832799750903],[-71.717494700239897,-33.131801400293703],[-71.717530799937904,-33.131745799756303],[-71.717615399678095,-33.131713799961403],[-71.717666399731698,-33.131742999831097],[-71.717706600238998,-33.131790199847302],[-71.7177011995675,-33.131817100023703],[-71.717754899956901,-33.131823799677598],[-71.717781700295106,-33.131812599986397],[-71.717760200016997,-33.131772199691099],[-71.717770999563399,-33.131724999665202],[-71.717824600239794,-33.131698100212901],[-71.717880900353606,-33.131698100212901],[-71.717899700295803,-33.131655400192798],[-71.717953399786893,-33.131673400372897],[-71.717999000067294,-33.131673400372897],[-71.7180231000698,-33.131657599813799],[-71.718025800405499,-33.131610499777501],[-71.718031099567398,-33.1315609999901],[-71.718098200125894,-33.131585799912898],[-71.718141100070596,-33.1316238998687],[-71.718167900408702,-33.131610499777501],[-71.718194799561601,-33.1315700000902],[-71.718205500293294,-33.131531900111099],[-71.718185200164498,-33.131505500103998],[-71.718221599899806,-33.131475699847101],[-71.718285900409498,-33.131460000056002],[-71.718260300220507,-33.131388700250803],[-71.718288599847,-33.131383599882703],[-71.718331499791702,-33.131457699626402],[-71.718393199678601,-33.131448700267001],[-71.718363699902994,-33.131500399742698],[-71.718385200181004,-33.131536300111499],[-71.718414699956597,-33.131563299664698],[-71.718436200234706,-33.131592500336801],[-71.718481699903805,-33.131576799814297],[-71.718532699957393,-33.131556599990901],[-71.718575599902096,-33.131556599990901],[-71.718621899970202,-33.131570699696802],[-71.718656200342707,-33.131533999683903],[-71.718656200342707,-33.131498100066402],[-71.718632100340201,-33.131468900115202],[-71.7186111004239,-33.131433299873002],[-71.718608400088101,-33.131410800338003],[-71.718642800173598,-33.131392499949698],[-71.718658899780095,-33.131408199752798],[-71.718672299949205,-33.131446399837003],[-71.718699200000401,-33.131466599685801],[-71.718747400005299,-33.131462099630497],[-71.718766199947595,-33.131437399724199],[-71.718771599720696,-33.131410500183698],[-71.718795699723202,-33.131381300203401],[-71.718849400112504,-33.131367800023703],[-71.718857399610101,-33.131334099967297],[-71.718878899888097,-33.131298200268098],[-71.718908399663803,-33.131271199881098],[-71.718903399640894,-33.131224399792401],[-71.718890000370095,-33.131197400135001],[-71.718903399640894,-33.131152500237697],[-71.718962000340099,-33.131138799919398],[-71.718986200055596,-33.131129799775003],[-71.718986200055596,-33.1310960996273],[-71.718996899888893,-33.131064699906503],[-71.718943200397902,-33.131080399768301],[-71.718983499719798,-33.131037700199997],[-71.719031800335998,-33.131001799627199],[-71.719053200002705,-33.130983800061699],[-71.719090799887198,-33.130952400300799],[-71.719112199554004,-33.1309545999394],[-71.719106900392106,-33.130909699918],[-71.719131000394498,-33.130898500110099],[-71.719152499774196,-33.130936600364201],[-71.719198100054697,-33.130961299659198],[-71.719230199554701,-33.130959100020704],[-71.719283899944102,-33.130945599776098],[-71.719316499805799,-33.130934600076799],[-71.719286600279801,-33.130907400226199],[-71.719262800314695,-33.130896399769902],[-71.719235600226199,-33.130875999685699],[-71.719252099583002,-33.130849300077401],[-71.719265499752098,-33.130820099910402],[-71.719302699886398,-33.130801900203302],[-71.719337900370803,-33.130808800038999],[-71.719394300197607,-33.130820099910402],[-71.719412599778195,-33.130846800279897],[-71.719428700283103,-33.1308692999595],[-71.719485000396901,-33.130858000094399],[-71.719522600281394,-33.130837800105603],[-71.719576200059393,-33.130831099624103],[-71.7196056998351,-33.130826600288501],[-71.719608400170799,-33.130792900024403],[-71.719562799890298,-33.1307525000122],[-71.719565500226096,-33.1307165000228],[-71.719632599886296,-33.1306984996464],[-71.719675499830998,-33.1306984996464],[-71.719686199664295,-33.130655899944699],[-71.719718399775701,-33.130635699909398],[-71.719742499778107,-33.130633400210399],[-71.719777400225198,-33.130655899944699],[-71.719817599834201,-33.130653600246298],[-71.719836800425099,-33.130617900373501],[-71.719844899635603,-33.130581999629001],[-71.719876699996703,-33.130566000273198],[-71.719922199665902,-33.130572800075001],[-71.719970500282002,-33.130563799872597],[-71.720018799999906,-33.130550300319399],[-71.720058999608895,-33.130566000273198],[-71.720081900360398,-33.130600200133998],[-71.720104599889396,-33.130631199811504],[-71.720144699785294,-33.130644600052101],[-71.720168900399102,-33.130653600246298],[-71.720179600232399,-33.130667099783501],[-71.720225199614504,-33.130664900137702],[-71.720247200254207,-33.130629100217099],[-71.720252600027393,-33.130602199676702],[-71.720254700288507,-33.130550300319399],[-71.720217200116906,-33.1305413001147],[-71.7201850000056,-33.1305413001147],[-71.720142100060897,-33.130559299771001],[-71.720120700394205,-33.130561500171702],[-71.720120700394205,-33.1305188996512],[-71.720160800290103,-33.1304918997768],[-71.720169399862399,-33.130453900134597],[-71.720158700029003,-33.130408999857003],[-71.720118500420099,-33.130386600112097],[-71.720109999662498,-33.1303615997452],[-71.720083599972995,-33.130339400093497],[-71.720032599919307,-33.130321399639897],[-71.720035300255105,-33.1302831998184],[-71.720034899606503,-33.1302492999924],[-71.719986999638905,-33.130244999980199],[-71.719962499886094,-33.1302156002589],[-71.719975900055204,-33.130172900269997],[-71.7200031001437,-33.130130499666699],[-71.720002700393394,-33.130094300068698],[-71.719978600391002,-33.130085299817203],[-71.719949099716999,-33.130076400370001],[-71.719884700392598,-33.130094300068698],[-71.719852900031597,-33.130087799636399],[-71.719810000086895,-33.130076599723701],[-71.719785500334098,-33.130053899735003],[-71.719793499831695,-33.130009000005103],[-71.719801999691001,-33.1299822000801],[-71.719769799579595,-33.129944100164103],[-71.719734900030801,-33.129944100164103],[-71.719672800393496,-33.1299819999739],[-71.719651300115501,-33.1299977000293],[-71.719611099608201,-33.130040400103397],[-71.719568199663499,-33.130065099650601],[-71.719503800339098,-33.130065099650601],[-71.719409900340807,-33.130022499641498],[-71.719369699833507,-33.1299819999739],[-71.719310700282307,-33.1299460997217],[-71.719289599754603,-33.129910400313399],[-71.719259700228704,-33.129833800189601],[-71.719216800283903,-33.129759699827503],[-71.719230600203304,-33.129705999763601],[-71.719227700441607,-33.129667600319799],[-71.719190399696103,-33.129620600021603],[-71.719165899943306,-33.129582199787997],[-71.719168499667802,-33.129539500243297],[-71.719200699779094,-33.129492399823],[-71.7192328998905,-33.129436199757798],[-71.719233299640806,-33.129380299818003],[-71.719238299663601,-33.129337400067499],[-71.719265499752098,-33.129306099771597],[-71.719281199608304,-33.129238500212097],[-71.719295000426101,-33.129193800173098],[-71.719335200035005,-33.129135400232698],[-71.719407299718,-33.129101499963497],[-71.719436800392003,-33.129065600103601],[-71.719429100033395,-33.129029900337301],[-71.719482399774094,-33.128993700285399],[-71.719503800339098,-33.128944299829001],[-71.719482800422696,-33.128879399953199],[-71.719522600281394,-33.128827500329699],[-71.719568199663499,-33.128791500303301],[-71.719627200113095,-33.128757900064699],[-71.719654400201605,-33.128713199781103],[-71.719678200166697,-33.128690500192199],[-71.719769399829303,-33.1286051002146],[-71.7198284002788,-33.128575900053498],[-71.719873999661004,-33.128542199677597],[-71.719901199749501,-33.128488500373599],[-71.719938699921002,-33.128439099632899],[-71.719983899552801,-33.128416399973098],[-71.720000000057695,-33.1283850000463],[-71.720029899583594,-33.128344799788103],[-71.720085899660106,-33.1283310997838],[-71.720128600178796,-33.1283377997038],[-71.720144699785294,-33.128376000371802],[-71.720155500230007,-33.128409700059102],[-71.720246699892598,-33.128432200363299],[-71.720297600233195,-33.128441099977103],[-71.720367400229094,-33.128416399973098],[-71.720412999611199,-33.128420900184501],[-71.720501499836402,-33.128376000371802],[-71.720536299672204,-33.128393999719798],[-71.720512199669699,-33.128434400065103],[-71.720571200119295,-33.1284277001525],[-71.720627500233107,-33.1283850000463],[-71.720699999666394,-33.128380499833],[-71.720748199671306,-33.128371500158103],[-71.720801900060593,-33.128348999838401],[-71.720815799693099,-33.128304300098897],[-71.720863599947606,-33.128270400261002],[-71.720935999668001,-33.128270400261002],[-71.720979399974297,-33.128284100274797],[-71.721011099723995,-33.128317599887403],[-71.721016500395507,-33.128342299919197],[-71.721080800006902,-33.128369299702499],[-71.721177400341006,-33.128340100215198],[-71.7212525003971,-33.128333300240399],[-71.721324900117395,-33.1283310997838],[-71.721376399634295,-33.128351499707001],[-71.721432200284795,-33.1283198003443],[-71.721475100229497,-33.128283900164703],[-71.721544900225396,-33.128241199988601],[-71.721617299945706,-33.128234500061197],[-71.721678999832704,-33.128243499750198],[-71.721716500004206,-33.128239000282001],[-71.721692900363394,-33.1281672998972],[-71.721721899777407,-33.128149099640098],[-71.721745999779898,-33.128182800166798],[-71.721754099888798,-33.1282164999283],[-71.721754099888798,-33.128245700209],[-71.721805000229395,-33.1282748997276],[-71.721853299947298,-33.128268199802903],[-71.721880100285503,-33.128221000149999],[-71.721880700360103,-33.128183000277097],[-71.721867300190993,-33.128147100041502],[-71.721877399949705,-33.128088500046701],[-71.721886000420298,-33.128030300234002],[-71.721888200394403,-33.12799409977],[-71.721931100339106,-33.1279693996402],[-71.721992800226104,-33.127964900157899],[-71.722038399608195,-33.127980699877099],[-71.722095200083601,-33.128012300059098],[-71.722150999835804,-33.128005400003701],[-71.722175699912896,-33.127971900271902],[-71.722138199741295,-33.1279246997074],[-71.722086700224395,-33.127893100246098],[-71.722044299743004,-33.127875300154102],[-71.722044299743004,-33.127834900303803],[-71.722102700117901,-33.127803200002298],[-71.722137599666695,-33.1277673003638],[-71.722167700415298,-33.127738300035297],[-71.7222233995561,-33.1277402996432],[-71.722234200000798,-33.1277807002893],[-71.722239500060994,-33.1278188996951],[-71.722328099999103,-33.127791999798198],[-71.722397800281996,-33.127807700245199],[-71.722427800419297,-33.127776500211802],[-71.722472900338104,-33.127751499854],[-71.722491700280401,-33.127720099689299],[-71.722468099741207,-33.127677600102601],[-71.722440700226699,-33.127657200022902],[-71.722403700416805,-33.127655199660801],[-71.722350000027404,-33.127661899632301],[-71.722307100082702,-33.127650700162398],[-71.722282499718702,-33.1276189997944],[-71.722304500358305,-33.1275833001922],[-71.722320500251797,-33.127547399711403],[-71.722299099686794,-33.127520399675497],[-71.722285700415995,-33.127502400148401],[-71.722304500358305,-33.1274553001398],[-71.722341500168199,-33.127421399974097],[-71.722368299608107,-33.127403399674499],[-71.722392399610499,-33.127376400346598],[-71.722432699830804,-33.127369700353199],[-71.722470200002306,-33.127383199643099],[-71.7225453000584,-33.127374199865997],[-71.722539999998205,-33.127340499781198],[-71.722494399717803,-33.127309000165702],[-71.722497000340496,-33.127275300055999],[-71.722555999891796,-33.127248399992503],[-71.722548000394198,-33.127216900344003],[-71.722582899942907,-33.127187699721198],[-71.722625799887695,-33.127180999713403],[-71.722641900392503,-33.127138299753199],[-71.722679399665694,-33.127118099660798],[-71.722714300112798,-33.127156300107202],[-71.722719699885999,-33.127199000058702],[-71.722746500224204,-33.1272303996574],[-71.722770600226596,-33.127268600054897],[-71.722826900340394,-33.127295600168303],[-71.722862399963802,-33.127320499847599],[-71.722894000000593,-33.127358500093798],[-71.722952999551794,-33.127345000047796],[-71.723020100110304,-33.127353999827903],[-71.723050100247505,-33.1273250001151],[-71.723135399775302,-33.127322500217304],[-71.723170300222407,-33.127300099684902],[-71.723186900190498,-33.127271099954299],[-71.723232000109405,-33.127284299843197],[-71.723280200114303,-33.127304499897399],[-71.723333899605294,-33.127304499897399],[-71.723390199719105,-33.127309000165702],[-71.7233960998539,-33.127271099954299],[-71.723417000057296,-33.1272303996574],[-71.723468000110898,-33.127205700065097],[-71.723473900245693,-33.127158800009802],[-71.723443900108506,-33.127113600134997],[-71.723420299569398,-33.127080100062898],[-71.723355900244897,-33.127059899957104],[-71.723333899605294,-33.127039499733897],[-71.723333899605294,-33.126996799704798],[-71.7232990000565,-33.126942900094797],[-71.7232454002785,-33.1269024998155],[-71.723189599628,-33.126898199639399],[-71.723144000245796,-33.126902699928699],[-71.7231156000081,-33.126903200211501],[-71.723084399721699,-33.126868800301899],[-71.723060299719194,-33.126839600315598],[-71.723012000001305,-33.126826100189902],[-71.722990600334697,-33.126794699694301],[-71.722998599832295,-33.126742999704398],[-71.723046900448495,-33.126684599638303],[-71.723087100057398,-33.1266486002379],[-71.723119300168804,-33.126614899874603],[-71.723156900053297,-33.126608199823103],[-71.723207800393894,-33.126610499627503],[-71.723250700338596,-33.126603700271097],[-71.723301700392298,-33.126569999890599],[-71.723328499832107,-33.1265407998049],[-71.7232990000565,-33.126493700032697],[-71.723320999797807,-33.126466899786898],[-71.723363899742594,-33.126471400098197],[-71.723406300223999,-33.126471199984103],[-71.723392900054904,-33.126500400092901],[-71.723419700393094,-33.126511599709602],[-71.723457300277602,-33.126495899783102],[-71.723470700446697,-33.126464499921703],[-71.723454599941803,-33.126430800240101],[-71.723428299965306,-33.126401800222403],[-71.723417000057296,-33.126367899649999],[-71.723400899552502,-33.126338700249399],[-71.723406300223999,-33.126293700066903],[-71.723403599888201,-33.126260000319803],[-71.723369300414006,-33.1262377996309],[-71.723341900001202,-33.126224100050202],[-71.723320500334594,-33.126194899849501],[-71.723339799740103,-33.126159199668201],[-71.723379499885795,-33.126172399724297],[-71.723422399830497,-33.126203899747502],[-71.723451899606104,-33.126183700192499],[-71.723489500388894,-33.126167900150001],[-71.723498000248199,-33.126132199957702],[-71.723484099717496,-33.126100599851299],[-71.723492700188004,-33.126064800326397],[-71.723522199963597,-33.126035600072697],[-71.7235623995726,-33.126058100233003],[-71.723599400280804,-33.126046599633497],[-71.723620899660503,-33.126015200363803],[-71.723653099771894,-33.125992700192597],[-71.723642300225507,-33.125952300228299],[-71.723596699945006,-33.1259320998631],[-71.723586000111695,-33.125900599742401],[-71.7236182002231,-33.125878200351799],[-71.723677199774301,-33.125873700010096],[-71.723731399626999,-33.125909799786001],[-71.723752299830394,-33.125927600276398],[-71.723789899714902,-33.1259657997362],[-71.723830100222202,-33.125970300073199],[-71.723825299625304,-33.125923300052598],[-71.723808599944206,-33.125900599742401],[-71.723800600446594,-33.125875899775899],[-71.723784499941701,-33.125835499757997],[-71.723762999663705,-33.125804000354897],[-71.723725500390501,-33.125783799955499],[-71.723707199911502,-33.125750400186398],[-71.723677700135894,-33.125730099716698],[-71.72366969974,-33.1257009001041],[-71.723688499682197,-33.125658300234299],[-71.723725500390501,-33.125653499707298],[-71.723776399832801,-33.125642299981301],[-71.723782299967596,-33.125593100012203],[-71.723822000113302,-33.125599600024998],[-71.723891800109101,-33.1255727002005],[-71.723899799606798,-33.125532199984903],[-71.723940099827004,-33.125532199984903],[-71.723977599998605,-33.125532199984903],[-71.724033900112403,-33.125500799778898],[-71.724047399994504,-33.1254604003407],[-71.724071499996896,-33.125413199930598],[-71.724106400444001,-33.1253861999907],[-71.724162699659502,-33.125354799732499],[-71.724205599604204,-33.125327799774603],[-71.724248500447203,-33.125327799774603],[-71.724259200280599,-33.125285199723898],[-71.724286100331796,-33.125296400247798],[-71.724288799769198,-33.125334599982097],[-71.724320900167498,-33.125343599968303],[-71.724345600244604,-33.1252741000092],[-71.724377299994401,-33.125282899884802],[-71.724396000223607,-33.125323300157],[-71.724398699660995,-33.125348100337199],[-71.724439500242894,-33.125368500201098],[-71.724454999774807,-33.1253773000672],[-71.724454999774807,-33.125413199930598],[-71.724481899826003,-33.125449099779402],[-71.724495299995098,-33.1254580997538],[-71.724551600108896,-33.125471600089902],[-71.724575700111401,-33.125487300199602],[-71.724594500053598,-33.125507499914796],[-71.724642799771502,-33.125503000306402],[-71.724666899773993,-33.125480600062097],[-71.724691100387702,-33.125453600142897],[-71.724720600163295,-33.125442399638999],[-71.724739899568903,-33.125399899702202],[-71.724726500298104,-33.125361800054598],[-71.724776900277107,-33.125339100351503],[-71.724790899622505,-33.125301099983602],[-71.724785000386007,-33.125267199738602],[-71.724790300446202,-33.125242500346303],[-71.724827900330794,-33.125206500354601],[-71.724857400106401,-33.125181800192898],[-71.724882100183393,-33.125137100345597],[-71.724908300446998,-33.125112200047099],[-71.724972699771399,-33.125094200026403],[-71.725024200186596,-33.125058500149898],[-71.7250772996031,-33.125031299983398],[-71.725144400161497,-33.124990900329202],[-71.725197999939596,-33.124968399895501],[-71.725246299657499,-33.124948200056203],[-71.725310699880197,-33.1249280002123],[-71.725372399767195,-33.1248988003329],[-71.725418000047597,-33.124887599758303],[-71.725460899992299,-33.124867299841497],[-71.725517200106097,-33.124833700358103],[-71.725546699881804,-33.124820199923903],[-71.725573500219895,-33.124779700113599],[-71.725600400271105,-33.124781999965897],[-71.725589599826407,-33.124815700280301],[-71.725589599826407,-33.1248493998295],[-71.725594999599593,-33.124892100150497],[-71.725600400271105,-33.124932499850203],[-71.725602999995601,-33.124966200106897],[-71.725616400164597,-33.124999900350701],[-71.725637900442607,-33.125024599811198],[-71.725651299713405,-33.125044799632903],[-71.725659399822305,-33.125065000202198],[-71.725667400218299,-33.125101000252002],[-71.725662000445098,-33.125134699691699],[-71.725678100051596,-33.125152599645602],[-71.725731800440997,-33.125166100028601],[-71.725766600276799,-33.125145900234799],[-71.725806899598695,-33.125130200064199],[-71.725855200214895,-33.125107699666103],[-71.725900799597099,-33.1251212000561],[-71.725943700440098,-33.125125699684098],[-71.7259785002759,-33.125107699666103],[-71.725976400014801,-33.125076500177897],[-71.7259382997686,-33.125044799632903],[-71.725952300012295,-33.125006799890002],[-71.725962399771007,-33.124975200130798],[-71.726005400327097,-33.124968399895501],[-71.726026799993804,-33.124997599751801],[-71.726050999709202,-33.125031299983398],[-71.726048300271799,-33.125085200014603],[-71.726032199766905,-33.125123399840803],[-71.726026799993804,-33.125154900240403],[-71.726026799993804,-33.125197599660503],[-71.726037600438403,-33.125219999977098],[-71.726048300271799,-33.125253700123402],[-71.7260380999017,-33.125283100001603],[-71.726016100160393,-33.125314400227097],[-71.726013399824694,-33.125334599982097],[-71.726013399824694,-33.125375000230498],[-71.726032199766905,-33.125424399685997],[-71.726077800047406,-33.1254580997538],[-71.726123400327893,-33.125478300228103],[-71.726158800238295,-33.125505500256097],[-71.726225299823795,-33.125525499850902],[-71.726252100162,-33.1255501999158],[-71.726282200012193,-33.125566200185702],[-71.726316500384698,-33.1255817001623],[-71.726375499935898,-33.125574899973898],[-71.726370100162697,-33.125521000243403],[-71.726341199563393,-33.125489800149701],[-71.726333100352804,-33.125453900317602],[-71.726346499623602,-33.125381999798698],[-71.726360000404,-33.125361800054598],[-71.726404999711505,-33.125350300116303],[-71.726421100216399,-33.125325599995001],[-71.726421599679696,-33.125303399822201],[-71.726435099561797,-33.125258399861501],[-71.726453300327705,-33.125235700131597],[-71.726488199876499,-33.125208800195601],[-71.726494100011294,-33.125170799771404],[-71.726488199876499,-33.125116699675601],[-71.726474799707404,-33.125074000216003],[-71.726434500385494,-33.125071799677798],[-71.726402700024394,-33.125085099956003],[-71.726383600044798,-33.125109900203498],[-71.726370100162697,-33.125134699691699],[-71.726346000160305,-33.125157100024197],[-71.726298299618705,-33.125155100357503],[-71.726266100405695,-33.125123599958002],[-71.726249999900801,-33.125096699987701],[-71.726230699596996,-33.125065000202198],[-71.726209699680595,-33.125058500149898],[-71.726174899844807,-33.125053999766202],[-71.726140000295999,-33.125040500118097],[-71.7261126995962,-33.125011100158702],[-71.726107800184593,-33.124991099694398],[-71.726131399825505,-33.124939200029502],[-71.726107299822999,-33.124885299908698],[-71.726064900239905,-33.124874300202499],[-71.726027400068403,-33.124874300202499],[-71.725975899653207,-33.124862900259203],[-71.7259382997686,-33.1248493998295],[-71.725892700386495,-33.124817900072699],[-71.725858400014005,-33.124809200209498],[-71.725790799992197,-33.124768500275998],[-71.725753200107704,-33.124734799943496],[-71.725737699677495,-33.124690099868602],[-71.725710900237601,-33.124647400201603],[-71.725686200160496,-33.124620299967098],[-71.725670099655702,-33.124586600329998],[-71.725659900183999,-33.124532900111298],[-71.725659900183999,-33.124503700100497],[-71.725651800074999,-33.124467699805798],[-71.725662599621401,-33.124411600345503],[-71.725662000445098,-33.124386599781801],[-71.725670600017295,-33.124337399861602],[-71.725686200160496,-33.1242855998699],[-71.725718400271901,-33.124249600238201],[-71.725726399769499,-33.1242092002243],[-71.725726399769499,-33.124173199808901],[-71.725740400013194,-33.124135299748502],[-71.725790799992197,-33.124128300080997],[-71.725828300163798,-33.124148500108902],[-71.725849800441793,-33.124175499677001],[-71.725892700386495,-33.124202399929601],[-71.725927599935304,-33.124202399929601],[-71.725957099710897,-33.124175499677001],[-71.725981199713303,-33.124137300190803],[-71.725981199713303,-33.124101399805802],[-71.725948999601997,-33.124067699969501],[-71.725933500069999,-33.124040899735498],[-71.725922800236702,-33.12399599994],[-71.725908799992993,-33.1239464003134],[-71.725869099847301,-33.123912899785303],[-71.7258390997101,-33.1239013996572],[-71.725796700127006,-33.123890399827701],[-71.725775199848997,-33.123879199876697],[-71.725772500411594,-33.1238387996924],[-71.725756499619706,-33.123800600059703],[-71.725732299904294,-33.123766900108002],[-71.725721600070898,-33.123730900263602],[-71.725726999844099,-33.123663500293802],[-71.725734499878399,-33.123604900315897],[-71.725742999737605,-33.123567000010297],[-71.725790799992197,-33.123541999958498],[-71.725841700332893,-33.123472400017697],[-71.7258234995669,-33.123425400164798],[-71.725815500069302,-33.123378300226101],[-71.725826199902599,-33.123333300031099],[-71.725868600384004,-33.123308399973503],[-71.725932899995399,-33.123303900252402],[-71.725965100106805,-33.123306200143297],[-71.726024099658005,-33.123268000278898],[-71.726045599936,-33.1232364999548],[-71.726059499568393,-33.1232098002803],[-71.726042899600301,-33.123169100357899],[-71.726035399566001,-33.123142399910499],[-71.726042899600301,-33.123101699956898],[-71.726037600438403,-33.123067999736897],[-71.726008000051493,-33.123032099667],[-71.725987099848098,-33.122996399704498],[-71.726008600126093,-33.1229446997351],[-71.726075099711693,-33.122937800033803],[-71.726123400327893,-33.122886100030001],[-71.726155600439199,-33.122859100065298],[-71.726191000349601,-33.122792000362502],[-71.726212400016294,-33.122738099675999],[-71.726217799789495,-33.122688600152699],[-71.726278899601795,-33.122654699651399],[-71.7263191998221,-33.122645700142002],[-71.726365299565899,-33.122657199682102],[-71.726423799653801,-33.1226816996789],[-71.726458700100906,-33.122699600132798],[-71.726501600045594,-33.122659200158097],[-71.726499400071503,-33.122630199647098],[-71.726515000214704,-33.122605300142503],[-71.726555199823693,-33.122591800118101],[-71.726598099768395,-33.122567099973203],[-71.726622799845401,-33.122524600149397],[-71.726654499595199,-33.122493000249399],[-71.726694700102499,-33.1224817000586],[-71.726748299880498,-33.1224391001317],[-71.726807300330094,-33.122441299983599],[-71.726852899712199,-33.122418799648997],[-71.726874900351802,-33.122385400104498],[-71.726925400043797,-33.1223694000074],[-71.726957500442197,-33.122355899946598],[-71.726984899956705,-33.122313500082399],[-71.726979500183504,-33.122257299936301],[-71.727013900269,-33.122245899653301],[-71.727078799954995,-33.122286499941801],[-71.727097599897306,-33.122302299930297],[-71.727177499651901,-33.122317799730702],[-71.727204299990106,-33.122342499945702],[-71.727260600103904,-33.122362699631999],[-71.727311600157506,-33.122349200322603],[-71.727349200042099,-33.122331199735498],[-71.727383999877802,-33.122322200192897],[-71.727408199593299,-33.122295300116697],[-71.727421599762394,-33.122252600037598],[-71.727435500293097,-33.1222057003461],[-71.727477899876206,-33.1221785000483],[-71.727547600159099,-33.122151499866199],[-71.727603999985902,-33.122117800033898],[-71.7276200995924,-33.1220662003618],[-71.727601800011698,-33.122021499680798],[-71.727593799615804,-33.121983300009902],[-71.727612499845094,-33.121956299767703],[-71.727665699872801,-33.121933599936597],[-71.727703200044402,-33.1219269002803],[-71.727735400155694,-33.121879700228],[-71.7277676002671,-33.121861700297003],[-71.7278265998183,-33.121859499678202],[-71.7278749004345,-33.121857299811701],[-71.727907099647595,-33.121825799733998],[-71.727947300154895,-33.121810099721998],[-71.727995599872699,-33.121810099721998],[-71.728051899986497,-33.121769600028102],[-71.728089400158098,-33.121760699737997],[-71.728127000042605,-33.121758399806602],[-71.728124299706906,-33.121713500348697],[-71.728114100235103,-33.121668800240599],[-71.728121600269404,-33.121646100335198],[-71.728159200153996,-33.121630400291103],[-71.728202100098699,-33.1216617996241],[-71.728234300210005,-33.121695499631301],[-71.728253100152301,-33.121726999755801],[-71.728279899592195,-33.121740399850701],[-71.728320100099495,-33.121722499953698],[-71.728357699984002,-33.121682000219302],[-71.728363600118797,-33.121653100200596],[-71.728419399870901,-33.121619099989303],[-71.728481000044894,-33.121632600163302],[-71.728515899593702,-33.121589899761901],[-71.728564200209902,-33.1215853999527],[-71.7285802998164,-33.121612400308997],[-71.728583000152199,-33.121646100335198],[-71.728577600378998,-33.1216909998275],[-71.728601700381404,-33.1217157002188],[-71.728633899594499,-33.121720200021301],[-71.728674199814805,-33.1217044999905],[-71.728674700176398,-33.121655300072199],[-71.728688100345494,-33.121628299729103],[-71.728741199761899,-33.121603399940398],[-71.728778799646506,-33.121569699897798],[-71.728800200211495,-33.121556199714199],[-71.728829699987102,-33.121563000213797],[-71.728862500172994,-33.1215901999498],[-71.728848499929398,-33.121623599796699],[-71.728848499929398,-33.121643799648403],[-71.728861900098394,-33.121657299818601],[-71.728918200212206,-33.1216483002069],[-71.728945100263402,-33.121610100373701],[-71.728985299872406,-33.1215853999527],[-71.729006800150401,-33.121567500024099],[-71.729052400430902,-33.121524800343501],[-71.729076500433294,-33.121504599711997],[-71.729113999706499,-33.1215450002179],[-71.729130100211407,-33.121574199707801],[-71.7291677000959,-33.121603399940398],[-71.729108699646304,-33.121637099970002],[-71.729052899894199,-33.121641799901703],[-71.729020200319496,-33.121652800012903],[-71.728998700041501,-33.1216617996241],[-71.728990699645607,-33.121697800316703],[-71.728998700041501,-33.121713500348697],[-71.729039499725104,-33.121736200236697],[-71.729049700095104,-33.121753900006098],[-71.729065600275604,-33.121790100033401],[-71.729065799701601,-33.121805599924201],[-71.729089899704107,-33.121832500150298],[-71.729151599591106,-33.121834800079803],[-71.729181100264995,-33.121848300220599],[-71.729216500175397,-33.121875399805901],[-71.729215999813803,-33.121906699741402],[-71.729242800151994,-33.1219269002803],[-71.729291099869798,-33.121913400151598],[-71.729296399930007,-33.121870699886799],[-71.729280300323495,-33.1218303002832],[-71.729262099557502,-33.1217967997001],[-71.729243299615206,-33.121772100084002],[-71.729200399670503,-33.121751900261799],[-71.729168199559197,-33.121738400106203],[-71.729186500038196,-33.1217044999905],[-71.729221299873899,-33.121679800348403],[-71.729269599591802,-33.121643799648403],[-71.729301799703194,-33.121623599796699],[-71.729352799756796,-33.121630400291103],[-71.729376899759302,-33.121652800012903],[-71.729411200131807,-33.121619300114503],[-71.729460600285805,-33.121565400212901],[-71.729494899759999,-33.121542800343498],[-71.729545899813601,-33.1215136000908],[-71.729618300432307,-33.121493300146398],[-71.729685400092393,-33.1214956000847],[-71.729731000372894,-33.121524800343501],[-71.729760500148501,-33.121569699897798],[-71.729806100429002,-33.121589899761901],[-71.729838800003606,-33.121617100241998],[-71.729889700344202,-33.121639600029802],[-71.729932099927296,-33.121643799648403],[-71.7299728996109,-33.121666500306802],[-71.729999199587496,-33.1216909998275],[-71.730012599756606,-33.1217044999905],[-71.7300206001525,-33.121731500310098],[-71.730090400148399,-33.121726999755801],[-71.730117699949901,-33.121666500306802],[-71.730096300283194,-33.121635100223102],[-71.7300795997037,-33.121610100373701],[-71.730066200433001,-33.1215607002772],[-71.729996999613306,-33.121529500281099],[-71.729983600342607,-33.121509299650803],[-71.729948200432204,-33.121477600075004],[-71.729905799950799,-33.121459900249903],[-71.729851500385095,-33.121463799688897],[-71.729806599892299,-33.121430699969601],[-71.729787799950003,-33.121417199764601],[-71.729814600288194,-33.121374500010901],[-71.729830200431394,-33.121340599754703],[-71.729820000061395,-33.121295900209098],[-71.729825399834496,-33.121264399929899],[-71.729824799759896,-33.121221499975803],[-71.729787299588395,-33.121187799786703],[-71.729750299778502,-33.121161100241601],[-71.729736300433103,-33.121118200237099],[-71.7297395002321,-33.1210623002681],[-71.729782499889794,-33.121077999661303],[-71.729803400093203,-33.121104699984002],[-71.729843599702207,-33.121098000264503],[-71.729873100376096,-33.121073299699503],[-71.729916000320799,-33.121095700315699],[-71.729907999924905,-33.121129399787797],[-71.7299132999851,-33.121183299956897],[-71.729964300038702,-33.1211518997005],[-71.729967499837798,-33.1211207003116],[-71.729999199587496,-33.121088999843103],[-71.730050099928107,-33.121070999750103],[-71.730058200037007,-33.121028299827998],[-71.730031399698902,-33.120990099725098],[-71.730018499891401,-33.120961200231001],[-71.730015799555602,-33.120920700145597],[-71.730044799867898,-33.1208935002022],[-71.730090899611696,-33.120902800081403],[-71.730109100377703,-33.1209407000322],[-71.730176200037803,-33.120967699834303],[-71.730208400149195,-33.121014899624399],[-71.730264700263007,-33.120990099725098],[-71.730267900062003,-33.120952199795703],[-71.730198199779096,-33.120918500255598],[-71.730174099776704,-33.120896000283103],[-71.730162799868694,-33.120844099702602],[-71.730184200433698,-33.120812700077202],[-71.730211099586597,-33.120785700227501],[-71.730261999927194,-33.120785700227501],[-71.730315700316595,-33.120796999884199],[-71.730350500152397,-33.120810400121002],[-71.730380600002604,-33.120781499815401],[-71.730359099724595,-33.120750000104103],[-71.730342499756503,-33.120720600212898],[-71.730369300094694,-33.120689099727301],[-71.730412200039396,-33.120691399686798],[-71.730412200039396,-33.120716100359203],[-71.7304096003149,-33.120747500019],[-71.730455099984098,-33.120772199923302],[-71.730506100037701,-33.120734099772598],[-71.730535599813294,-33.120709299794001],[-71.730578499757996,-33.120691399686798],[-71.730626800374196,-33.120702600044297],[-71.730661699923004,-33.120689099727301],[-71.730688500261195,-33.120664399799701],[-71.730693900034396,-33.120630700149199],[-71.730683699664297,-33.120594999962798],[-71.730726100145702,-33.120590299975099],[-71.730750200148194,-33.120623999641097],[-71.730801200201796,-33.120612699962201],[-71.730825300204202,-33.120574599742298],[-71.730836000037598,-33.1205409000573],[-71.730881600318,-33.120471199931004],[-71.730921899639995,-33.120486900182399],[-71.730912099918598,-33.120527699907001],[-71.730980900089506,-33.120509400259699],[-71.731000200393396,-33.120473700024],[-71.730972799980606,-33.120444300040297],[-71.730999600318796,-33.120403799716499],[-71.731029100094403,-33.120426299815001],[-71.731066699978996,-33.120455499677],[-71.731089899869502,-33.120444800359898],[-71.731128399865895,-33.120484700281501],[-71.731200799586205,-33.120484700281501],[-71.731233500059204,-33.120505099770497],[-71.731273800279496,-33.120547799946998],[-71.731364999942102,-33.120532099706601],[-71.731412699585405,-33.120493700012403],[-71.731367100203201,-33.120457700330903],[-71.7313885995829,-33.120394799976303],[-71.731396599978893,-33.120340900075597],[-71.731377800036597,-33.120318500019202],[-71.73136170043,-33.120291500017601],[-71.731375099700799,-33.1202173998783],[-71.731375699775398,-33.120179400303499],[-71.731385900145497,-33.120150000221301],[-71.73136170043,-33.120120800257801],[-71.731356400369904,-33.120084799671098],[-71.731385900145497,-33.120046699974502],[-71.731434199863401,-33.120033200309202],[-71.731474899833998,-33.120028899796701],[-71.731503900146294,-33.119988199904697],[-71.7314877996414,-33.119954499994698],[-71.7315033997847,-33.119911600153102],[-71.731597800144598,-33.119898399908301],[-71.731663500229502,-33.119875600233001],[-71.731713099809596,-33.119851200270404],[-71.731753300316896,-33.119812999655501],[-71.731750699694203,-33.119774799776401],[-71.731734600087606,-33.119743399768701],[-71.731654100258396,-33.119745599688102],[-71.731597800144598,-33.119754600247099],[-71.731544099755197,-33.119752400327897],[-71.7315361002576,-33.119727700136799],[-71.731544699829797,-33.119700900083103],[-71.731579000202302,-33.119639999731298],[-71.731557499924307,-33.1196040997647],[-71.731554900199896,-33.119574900372101],[-71.731570900093402,-33.119503000306104],[-71.731584399975503,-33.1194445999392],[-71.731621900147005,-33.119408699892801],[-71.731654599721693,-33.1193886996573],[-71.731702399976299,-33.119359199997596],[-71.7318097001437,-33.119332299766199],[-71.731863299921798,-33.119298600356899],[-71.731919600035596,-33.119285099824097],[-71.731965800390597,-33.119258399700598],[-71.732051099918493,-33.119163800333297],[-71.732093999863196,-33.119141299911199],[-71.732158400085893,-33.119125600171699],[-71.732211999863907,-33.119107599676198],[-71.732265599642005,-33.119107599676198],[-71.732383700254104,-33.119080700120101],[-71.732437300032103,-33.119046999861901],[-71.732488300085805,-33.119035800045602],[-71.732547799998599,-33.119017999662901],[-71.732571399639397,-33.118984100001803],[-71.732616999919898,-33.118954899650603],[-71.732663099663597,-33.118932600058798],[-71.732794000370205,-33.118916700150599],[-71.732837000027899,-33.118894199665199],[-71.732874500199401,-33.118869499985202],[-71.732928099977499,-33.118840300348403],[-71.732979600392696,-33.118833799835301],[-71.733086400198502,-33.118853800197101],[-71.733127199882105,-33.118847299685001],[-71.733180799660204,-33.118865200168102],[-71.733223699604906,-33.118854000328596],[-71.733280100330006,-33.118854000328596],[-71.733341699605703,-33.118872000123702],[-71.733405400040795,-33.118857500372698],[-71.733491899717805,-33.118822599991802],[-71.733548300442905,-33.118835999777502],[-71.733625899612093,-33.118842600356203],[-71.733674299941299,-33.118809100138201],[-71.733743499862598,-33.1187819002932],[-71.733826700027606,-33.118802100046103],[-71.733872300307993,-33.1188245998027],[-71.7339532996006,-33.118840499727497],[-71.733995700082005,-33.118829099753299],[-71.734014400311196,-33.1187819002932],[-71.733998299806402,-33.118730200099897],[-71.734033200253506,-33.118685299846099],[-71.734082000333004,-33.118676500061902],[-71.7341008002753,-33.118701299862103],[-71.734140500420907,-33.1187459999759],[-71.734180700029896,-33.118759399773303],[-71.734239699581096,-33.1187774003402],[-71.734256400160604,-33.118835999777502],[-71.734250100275503,-33.118873200160102],[-71.734228999747799,-33.1189032003115],[-71.734229599822399,-33.1189483998984],[-71.734242999991494,-33.118968600365399],[-71.734301400366405,-33.118997599828397],[-71.734320200308701,-33.118977300054802],[-71.734336299915199,-33.118943699822601],[-71.734360399917605,-33.118916700150599],[-71.734379799934501,-33.118876500071899],[-71.734424800140403,-33.118822299794402],[-71.734459699689197,-33.1187774003402],[-71.7344489998558,-33.118710000330402],[-71.734446300418398,-33.1186696000252],[-71.734475800194005,-33.118631399648699],[-71.734497199860698,-33.118584200082303],[-71.734473099858207,-33.118550499633599],[-71.734411399971293,-33.118521299890702],[-71.734352400419994,-33.118555000350597],[-71.734306800139606,-33.118536999738197],[-71.734312199912793,-33.118489900187299],[-71.734231700083498,-33.118474100265203],[-71.734232200445106,-33.118447399895103],[-71.734296599769493,-33.118424900041902],[-71.734344400024099,-33.118424699909397],[-71.734518700138693,-33.118386500178801],[-71.734591099859003,-33.1183686003505],[-71.734634599878305,-33.118350799832498],[-71.734730600137794,-33.118334899818997],[-71.734805700193903,-33.118334899818997],[-71.734859299971902,-33.118337099773797],[-71.7349215999335,-33.118326099999599],[-71.734974700248301,-33.118303399982601],[-71.735012200419803,-33.118283200115002],[-71.735069099709904,-33.118263200375601],[-71.735122200024705,-33.118249500303101],[-71.735160300270806,-33.118238499765702],[-71.735222000157805,-33.118209299919002],[-71.735270299875694,-33.118211499876899],[-71.7353018999124,-33.118240500342303],[-71.735288499743305,-33.118283200115002],[-71.735280999709005,-33.1183239000447],[-71.735307299685601,-33.118357299628997],[-71.735356099765099,-33.118377799678498],[-71.735390899600901,-33.1183912002844],[-71.735411900415599,-33.118406700022597],[-71.735484300135894,-33.118409000041801],[-71.735519199684703,-33.118395500124699],[-71.735549199821904,-33.118357499761601],[-71.735596900363504,-33.118357299628997],[-71.7356238004147,-33.118321399890597],[-71.735629099576499,-33.118285400071002],[-71.735594299740796,-33.118272000201301],[-71.735564799965104,-33.118249500303101],[-71.735572800361098,-33.118206799761701],[-71.735629099576499,-33.118195599838202],[-71.735674699857,-33.118170899961697],[-71.735755700047903,-33.118148600170699],[-71.735811499800107,-33.1181595999671],[-71.735854399744795,-33.118164099951798],[-71.735867799913805,-33.118186599871798],[-71.735902700360995,-33.1182224996654],[-71.735951500440393,-33.118233999784799],[-71.735969800021095,-33.118258500263103],[-71.735954199877895,-33.118314900091399],[-71.735985899627593,-33.118346099724697],[-71.736023399799194,-33.1182809000925],[-71.736050200137399,-33.1182269996469],[-71.736082400248705,-33.118213599768197],[-71.736136099739795,-33.118213599768197],[-71.736170899575598,-33.118233799651897],[-71.736213900131602,-33.1182269996469],[-71.736248699967405,-33.118195599838202],[-71.736343100327304,-33.1181756000788],[-71.736388200246196,-33.1181595999671],[-71.736423099794905,-33.118139400066397],[-71.736468700075406,-33.118103500238902],[-71.736463300302205,-33.118051799646203],[-71.736441800024195,-33.1180225997375],[-71.736425700417698,-33.117995599782397],[-71.736364100243705,-33.117988899825697],[-71.736302400356706,-33.117979899838197],[-71.736267499909601,-33.117961899860198],[-71.736256800076305,-33.117950699905499],[-71.736294300247806,-33.1179259999601],[-71.736366699968102,-33.117910300003402],[-71.736404299852694,-33.117896800009703],[-71.736433799628301,-33.117885600046698],[-71.736484799681904,-33.117869800015796],[-71.736516900080304,-33.117840600046598],[-71.736549100191596,-33.117804700096997],[-71.736541099795701,-33.117768700065703],[-71.7365363000971,-33.117712800221902],[-71.736495999876894,-33.117694800189199],[-71.736455299906297,-33.117672100009003],[-71.736444500359895,-33.117638500029798],[-71.736444500359895,-33.1176136999295],[-71.736460599966506,-33.117579999860801],[-71.736474000135601,-33.1175485998208],[-71.736449900133096,-33.117517099702397],[-71.736417700021804,-33.117476700353201],[-71.736367300042801,-33.117461199698397],[-71.7363694003039,-33.117508199733699],[-71.736394100380906,-33.117526399939202],[-71.736414999686005,-33.117577799887101],[-71.7363775004128,-33.1175957999437],[-71.736342599965695,-33.1175957999437],[-71.736326500359198,-33.117575599913302],[-71.7363210996877,-33.117537399813401],[-71.736275500305496,-33.117494699678197],[-71.736240699571397,-33.117476700353201],[-71.736213900131602,-33.117499199696901],[-71.736176300246996,-33.117487900368303],[-71.736160199742201,-33.117447500253299],[-71.736160199742201,-33.117395800026898],[-71.736189700416105,-33.117341899790503],[-71.736184299744707,-33.117290200254303],[-71.736195100189306,-33.117243100034699],[-71.736208500358401,-33.117200399756399],[-71.736232600360793,-33.117173400300899],[-71.7362621001365,-33.117151000188997],[-71.736302899820004,-33.117137700213902],[-71.736338899805006,-33.117144999889298],[-71.736364599707002,-33.117162399628597],[-71.736372099741303,-33.117198099705497],[-71.736402099878504,-33.117209599959097],[-71.736423099794905,-33.117245300016798],[-71.736463300302205,-33.117249800048299],[-71.736476699573004,-33.117236299952999],[-71.736463300302205,-33.11721609984],[-71.736457899630693,-33.117177900336102],[-71.736457899630693,-33.117137500078499],[-71.736458499705293,-33.117097299937903],[-71.736417700021804,-33.1170746003556],[-71.736414999686005,-33.117045400122102],[-71.736452599570597,-33.117013899823199],[-71.736476699573004,-33.116995999715201],[-71.736465999739593,-33.116941999917799],[-71.736452599570597,-33.116892600205098],[-71.736425700417698,-33.116863399911097],[-71.7363775004128,-33.1168588998597],[-71.736331900132399,-33.116845399704303],[-71.736240699571397,-33.116832000367403],[-71.736245999631606,-33.116800499991903],[-71.736197799626694,-33.116789299889099],[-71.736141399799905,-33.116816200146999],[-71.736074399852797,-33.116845399704303],[-71.736007300192597,-33.116867899962202],[-71.735972500356795,-33.116845399704303],[-71.735980499854506,-33.116809500100302],[-71.735983200190205,-33.1167623003073],[-71.735926900076393,-33.116753300193999],[-71.735905399798398,-33.116699400315703],[-71.735924199740694,-33.116641000341801],[-71.735921500303206,-33.116618500025901],[-71.735883900418699,-33.116569100131201],[-71.735878600358504,-33.116501699931597],[-71.735859800416307,-33.116459000045303],[-71.735843699911399,-33.116407400057902],[-71.735838300138198,-33.1163737002788],[-71.735833000078102,-33.116317500093601],[-71.735846400247098,-33.116286100354699],[-71.7358893001919,-33.116252399776698],[-71.735935399935599,-33.116151500359599],[-71.735886599856101,-33.116124299691599],[-71.735886599856101,-33.116090599803798],[-71.735911299933207,-33.116039199737997],[-71.735956399852,-33.116036700271302],[-71.735980499854506,-33.115998500254499],[-71.736028799572296,-33.115953600109101],[-71.736031499908094,-33.115874899901101],[-71.736026100134893,-33.115843500003997],[-71.736039500304003,-33.115803099885099],[-71.736123199932294,-33.115744900206302],[-71.736157500304799,-33.115744599998401],[-71.736229900025094,-33.115740199958999],[-71.736291599912093,-33.115695200364598],[-71.736299700020993,-33.115661500312299],[-71.736256800076305,-33.115607599763898],[-71.736205800022702,-33.115578399795098],[-71.736181700020197,-33.115519999828301],[-71.736213900131602,-33.1154751001907],[-71.736178999684498,-33.1154323998053],[-71.736109199688599,-33.115409899932096],[-71.7360555999105,-33.115414400057702],[-71.735967099685396,-33.115436899929698],[-71.735862499853695,-33.1154682999722],[-71.735803500302396,-33.115436899929698],[-71.735776699964205,-33.115373999741401],[-71.7357820000244,-33.115355999981901],[-71.7357820000244,-33.115277400060698],[-71.735771300191104,-33.115252700116002],[-71.735747099577296,-33.115214499758203],[-71.735741800415497,-33.115169499894499],[-71.735757900021994,-33.115126800112897],[-71.735755199686196,-33.115090899806503],[-71.735744499852899,-33.115048199986703],[-71.735752500248793,-33.115005500146097],[-71.735760600357693,-33.114944899758797],[-71.735741800415497,-33.114924699871203],[-71.735745000214493,-33.114886700263803],[-71.735798599992606,-33.114875499916998],[-71.735820100270601,-33.114886700263803],[-71.735863000215303,-33.114902400008503],[-71.735905900160006,-33.114918099750497],[-71.735945600305698,-33.114940400361597],[-71.735969800021095,-33.114953900057401],[-71.736009999630099,-33.1149628002848],[-71.736047600412903,-33.114994299814498],[-71.736111900024298,-33.115028000122898],[-71.7361629000779,-33.115036999660497],[-71.736205800022702,-33.115007800254403],[-71.736291599912093,-33.114956100096798],[-71.736331900132399,-33.1149314000617],[-71.736388200246196,-33.114899899756999],[-71.736407000188393,-33.1148887001643],[-71.736434299989895,-33.114844000344704],[-71.736458499705293,-33.1148193002781],[-71.736508899684395,-33.114792099949902],[-71.736522299853405,-33.114776400185399],[-71.736511600020094,-33.114740399665401],[-71.736519600416003,-33.114717999685404],[-71.736551799629098,-33.114693300335801],[-71.736576499706104,-33.1146552998758],[-71.736589899875199,-33.114626100342797],[-71.7366027996827,-33.114605600170201],[-71.736597399909499,-33.114574199819302],[-71.736586700076202,-33.114545000259398],[-71.736581900377601,-33.114506999735298],[-71.736600100245298,-33.114482100184802],[-71.7366027996827,-33.114448399666998],[-71.736589400411901,-33.114419200065299],[-71.736581300303001,-33.114389999701302],[-71.736532999686801,-33.114369799686202],[-71.736484799681904,-33.114374199794099],[-71.736477199934598,-33.114295799888801],[-71.736433799628301,-33.114279899893702],[-71.736385499910398,-33.114318099905397],[-71.736361399908006,-33.1143091002942],[-71.736361399908006,-33.114252900292897],[-71.736345799764706,-33.114237399821697],[-71.736313100190102,-33.114226000002503],[-71.7363135996534,-33.114206000091599],[-71.736280900078697,-33.114190000009202],[-71.736254099740506,-33.114212500194803],[-71.736205800022702,-33.114216999629299],[-71.736168299851101,-33.1142371996797],[-71.7361226995707,-33.114230500188697],[-71.736120000133198,-33.114187799950599],[-71.736090500357605,-33.114180999632403],[-71.736052899574801,-33.114198999632698],[-71.736018099738999,-33.114185499820898],[-71.735977800417004,-33.114196800326702],[-71.735964400247894,-33.114221499815997],[-71.735900000025197,-33.1142507002359],[-71.735827600304901,-33.1142507002359],[-71.735771300191104,-33.1142911003164],[-71.735725699910603,-33.1142911003164],[-71.735688100026096,-33.114275399710003],[-71.735631799912298,-33.114293399691],[-71.735602300136705,-33.114300099929601],[-71.735562599990999,-33.114289099649802],[-71.735508400138301,-33.114268700221899],[-71.735489699909095,-33.114255199668399],[-71.735492899708106,-33.114232899635802],[-71.735452600386196,-33.1142127003369],[-71.735420499987796,-33.114201499904198],[-71.735388299876405,-33.1141858000341],[-71.7353421004197,-33.114176500196002],[-71.735280399634405,-33.114169799948002],[-71.735232199629493,-33.114149599882197],[-71.735237499689703,-33.114127099680502],[-71.735382399741695,-33.114154100072298],[-71.735417199577398,-33.114145099691797],[-71.735473600302598,-33.114111399797103],[-71.735489699909095,-33.114088900337997],[-71.735503100078205,-33.114053000359903],[-71.735503100078205,-33.114035000329601],[-71.735433300082306,-33.114008099972402],[-71.7354010999709,-33.114021499740197],[-71.735374899707395,-33.114046500244903],[-71.735328700250605,-33.114037299710901],[-71.735278300271602,-33.114024000016698],[-71.735213399687296,-33.114008099972402],[-71.735170499742594,-33.114014800232802],[-71.735116800251504,-33.114046200031197],[-71.735068499635304,-33.1140867002769],[-71.735041700195396,-33.114118100049602],[-71.734993399579196,-33.114145099691797],[-71.734942500136896,-33.114133900002898],[-71.734939799801197,-33.114115899989201],[-71.734955900306005,-33.114075499828097],[-71.734939799801197,-33.114035000329601],[-71.734939799801197,-33.114012500098497],[-71.734931800303599,-33.113976600089103],[-71.734931800303599,-33.1139361998639],[-71.734945199574298,-33.113913700360001],[-71.734974700248301,-33.113877800310199],[-71.734983299820499,-33.113839800249899],[-71.734923700194699,-33.1138126003708],[-71.734888799747495,-33.1137946002913],[-71.734883499687399,-33.113763199650599],[-71.734904900252403,-33.1137474997022],[-71.734939799801197,-33.113725000149898],[-71.734969299576804,-33.113702499839498],[-71.735006900359593,-33.113684499737403],[-71.735044399632898,-33.113680100347302],[-71.735111500191294,-33.113621599799202],[-71.735049800304296,-33.113601400359698],[-71.734998800250693,-33.113567700256397],[-71.734969299576804,-33.113545299977503],[-71.734934400027996,-33.113524999696203],[-71.734886200023098,-33.113516100075501],[-71.734853999911707,-33.113516100075501],[-71.734792300024793,-33.113504800234502],[-71.734781600191397,-33.1134823999395],[-71.734784199915893,-33.113462099643698],[-71.7348136996915,-33.113439700090197],[-71.734816400027199,-33.1134036997748],[-71.734789599688995,-33.113360999887298],[-71.734744000306904,-33.113329599843901],[-71.734701100362201,-33.113304900103898],[-71.734674300023997,-33.113271199886903],[-71.734674300023997,-33.113246500130501],[-71.734698900388096,-33.113228700079297],[-71.734723100103494,-33.1132175002735],[-71.734768100309296,-33.113201500011002],[-71.7348217998004,-33.113185799962302],[-71.734899600192193,-33.1132173001292],[-71.7349209998589,-33.113190300201801],[-71.734958599743393,-33.113163300266102],[-71.735012200419803,-33.113163300266102],[-71.735050299767707,-33.113179299783098],[-71.735084600140098,-33.1131790996387],[-71.735186600247403,-33.1131677997544],[-71.735227300218,-33.113152299844103],[-71.735283099970104,-33.113154399856398],[-71.735312599745797,-33.113156599940801],[-71.735376699931194,-33.113146700312697],[-71.735403800306699,-33.113116200091],[-71.735428000022097,-33.113078000309002],[-71.735452100024602,-33.113060000078903],[-71.735506299877201,-33.113062499630402],[-71.735511099575803,-33.113100399954703],[-71.735521800307396,-33.113152099699597],[-71.735541200324306,-33.113163599730399],[-71.735576000160094,-33.113176999627001],[-71.735572800361098,-33.1132261997802],[-71.735626400139097,-33.113230700017603],[-71.735642499745694,-33.1132173001292],[-71.735659200325102,-33.113183800023002],[-71.735696200134996,-33.113145400125902],[-71.735736399743999,-33.1131207003341],[-71.735755199686196,-33.113068999818204],[-71.735733700306596,-33.113028499855702],[-71.735658600250503,-33.112994800285001],[-71.735586199631797,-33.112983599697003],[-71.735562099629405,-33.1129634001108],[-71.735599599800906,-33.112920700009298],[-71.735584100268994,-33.1128782000321],[-71.735532599853798,-33.112857800276601],[-71.735508400138301,-33.1128218997952],[-71.735522400382095,-33.112779399770297],[-71.735546000022893,-33.112767899689203],[-71.735570100025299,-33.112752200315299],[-71.735559400192002,-33.1126960000705],[-71.735547500209407,-33.112665699837898],[-71.735557200217897,-33.112615400074198],[-71.735586799706496,-33.112653600057399],[-71.735607699909906,-33.112669100055697],[-71.735645200081393,-33.112702799751197],[-71.735659200325102,-33.112736700331702],[-71.735691400436494,-33.112779399770297],[-71.735736399743999,-33.112794899746397],[-71.735771300191104,-33.112783699885298],[-71.735806199739898,-33.112761200086098],[-71.735819599908993,-33.112720800054397],[-71.735827600304901,-33.112680299931398],[-71.735806199739898,-33.112657900178498],[-71.735776699964205,-33.112615199928499],[-71.735814699599104,-33.112588399961901],[-71.7358409995757,-33.1126128997576],[-71.735865699652706,-33.112633399642903],[-71.735910799571599,-33.112651099741903],[-71.735942899969899,-33.112630900079303],[-71.735958999576397,-33.112608400241001],[-71.735951000078799,-33.112574699756799],[-71.735926900076393,-33.112543300184797],[-71.735937599909704,-33.112518600223801],[-71.735953700414598,-33.112493800182698],[-71.736034099632505,-33.112453400028002],[-71.736074399852797,-33.112421999660299],[-71.736085099686093,-33.1123859996802],[-71.736060999683701,-33.112376999871003],[-71.735972500356795,-33.1123928001374],[-71.735940300245502,-33.112406200151597],[-71.735878600358504,-33.1124511999259],[-71.735833000078102,-33.1124557002031],[-71.735830299742304,-33.112439899948001],[-71.7358409995757,-33.112408500327803],[-71.735867799913805,-33.112390499960703],[-71.735886599856101,-33.112374799766997],[-71.735902700360995,-33.112350099758501],[-71.735900600099797,-33.112321100358102],[-71.735867799913805,-33.112307400111298],[-71.735822199633404,-33.112300599647497],[-71.735784700360199,-33.112300599647497],[-71.735755199686196,-33.112275900370598],[-71.735763200082204,-33.112244499939401],[-71.735793299932396,-33.112220000040899],[-71.735803500302396,-33.112190600304203],[-71.735800799966697,-33.112161299878501],[-71.735771300191104,-33.112141100103301],[-71.735763200082204,-33.112120900323397],[-71.735728899709699,-33.112100899933303],[-71.735674699857,-33.112082700108601],[-71.735621100079001,-33.112071500156702],[-71.735612999970002,-33.112055799906003],[-71.735594299740796,-33.112008599816001],[-71.7355754997985,-33.111986099818303],[-71.735546000022893,-33.111950199733201],[-71.735513799911502,-33.111927699720603],[-71.735457499797704,-33.111909700007303],[-71.735390400137604,-33.111912000196597],[-71.735367399673095,-33.1118889998057],[-71.735291200079104,-33.111878300197702],[-71.735229500192105,-33.111880500314101],[-71.735178500138502,-33.111871499700698],[-71.7351437003027,-33.111842299994798],[-71.735130200420599,-33.111822100146199],[-71.735146900101697,-33.111802099687999],[-71.735167599980798,-33.111778300182898],[-71.735140999966902,-33.1117457001926],[-71.735173200078293,-33.111741199878999],[-71.735232199629493,-33.111723300201398],[-71.735240200025402,-33.111685099813698],[-71.735269699801094,-33.111676099932701],[-71.735253600194497,-33.111628899638603],[-71.735224100418904,-33.111595200283602],[-71.735186600247403,-33.111561500163099],[-71.735146300027097,-33.1115681998577],[-71.735119499688906,-33.111561500163099],[-71.735089999913299,-33.111541300250003],[-71.735006900359593,-33.111521100332197],[-71.734982699745899,-33.111500800335598],[-71.734945199574298,-33.111489600309497],[-71.734891500083293,-33.111500800335598],[-71.734845899802806,-33.111494099883501],[-71.734789599688995,-33.111467100178899],[-71.734741299971205,-33.111471599754097],[-71.734709099859799,-33.111453700021499],[-71.734639399576906,-33.111440199787801],[-71.734620599634596,-33.1114020000295],[-71.7346152995745,-33.111375000296597],[-71.734652799746002,-33.111339099961803],[-71.734679600084206,-33.111334599627497],[-71.734698400026403,-33.111332300175498],[-71.734727899802095,-33.111321100128002],[-71.734728400163704,-33.1112899002567],[-71.734738599635406,-33.111271700263998],[-71.734765499686603,-33.111244699738599],[-71.734770799746798,-33.1112132996913],[-71.734765499686603,-33.111177299968404],[-71.734717199968699,-33.1111414003052],[-71.7346473999728,-33.111089700129398],[-71.7346152995745,-33.111044799732298],[-71.734599199967903,-33.111015599751603],[-71.7345484999516,-33.110950700169603],[-71.734543400215699,-33.110921400082802],[-71.734551399713297,-33.110885500315099],[-71.734567500218205,-33.110865300246502],[-71.734602399766999,-33.110858499671103],[-71.734650700383199,-33.110851799922401],[-71.734688199656404,-33.110824800020502],[-71.734723100103494,-33.1108068000812],[-71.734752599879101,-33.110809100299399],[-71.734798200159602,-33.110822599877601],[-71.734817000101799,-33.1108361002062],[-71.734867900442495,-33.110845000098401],[-71.7349044996038,-33.110841300337803],[-71.734945699935906,-33.1108404997387],[-71.734977399685704,-33.110849300308097],[-71.735006900359593,-33.1109055002294],[-71.735012200419803,-33.110930199891598],[-71.735039599934296,-33.110970900218497],[-71.735085200214698,-33.110986599910703],[-71.735106100418193,-33.111002100203102],[-71.735138299631203,-33.111040300135301],[-71.735165600331001,-33.111060700312898],[-71.735183899911604,-33.111096399859903],[-71.735232199629493,-33.111127900023497],[-71.735269699801094,-33.111143599687601],[-71.7352862997692,-33.111157300115899],[-71.735363599799399,-33.111197499965201],[-71.735390899600901,-33.111213499840197],[-71.735411900415599,-33.111240200151897],[-71.735441400191206,-33.111276199849101],[-71.735466100268198,-33.111296599971901],[-71.735506299877201,-33.1113123003583],[-71.735541200324306,-33.111323599728898],[-71.735565300326797,-33.111348300026002],[-71.735594800102405,-33.111363999650699],[-71.735629699651199,-33.111375299766998],[-71.735655999627696,-33.111343600295903],[-71.735680099630201,-33.111305399743102],[-71.735693499799297,-33.111273899643102],[-71.735696699598293,-33.111224699901499],[-71.735710099767402,-33.111197800188698],[-71.735773999628506,-33.111100900206402],[-71.7357901001334,-33.1110267998381],[-71.735803500302396,-33.111002100203102],[-71.735835700413801,-33.110972900208203],[-71.735867799913805,-33.110939199849099],[-71.735868399988505,-33.110889999919998],[-71.7358974003008,-33.110869499627903],[-71.735916099631694,-33.110831300373903],[-71.735908100134097,-33.1107909002071],[-71.735867799913805,-33.110745999657297],[-71.735868399988505,-33.110707999747198],[-71.7358974003008,-33.110723500088703],[-71.735924199740694,-33.110750500021801],[-71.735954199877895,-33.110786599994597],[-71.735975100081305,-33.110813399758399],[-71.735999800158297,-33.110845000098401],[-71.736007900267197,-33.110880999957502],[-71.736044900077204,-33.110907700370298],[-71.736079699913006,-33.110891999911502],[-71.7360958004178,-33.110869499627903],[-71.736138700362503,-33.1108537999148],[-71.736168299851101,-33.110856000056899],[-71.736205800022702,-33.110851599772701],[-71.736227300300698,-33.110813399758399],[-71.736246599706206,-33.110782099631898],[-71.736284099877807,-33.110734999685],[-71.736307700416901,-33.110709999742802],[-71.736307700416901,-33.110667300050899],[-71.736296999685194,-33.110631400179301],[-71.736280900078697,-33.110611200052297],[-71.736289000187696,-33.110581999927497],[-71.736326500359198,-33.110563999938499],[-71.736342599965695,-33.110534799798103],[-71.7363291997966,-33.110503300174202],[-71.736307700416901,-33.110465100008497],[-71.736299700020993,-33.110429200054298],[-71.736316299989099,-33.110406899802904],[-71.736364100243705,-33.110408999880804],[-71.736393600019298,-33.110433699682602],[-71.736414999686005,-33.1104156996632],[-71.736439200299799,-33.110429200054298],[-71.736465999739593,-33.110411200034001],[-71.736527699626606,-33.110420200044601],[-71.736565199798207,-33.1103886996273],[-71.736546399855897,-33.110354999796499],[-71.736508899684395,-33.110339299991502],[-71.736479399908703,-33.110363999812797],[-71.736457899630693,-33.110328099817302],[-71.736457899630693,-33.1103056001417],[-71.736471899874402,-33.110301299905402],[-71.736508899684395,-33.110301099754501],[-71.736522299853405,-33.110271900279102],[-71.736498199850999,-33.110242700041503],[-71.736476699573004,-33.110227000216398],[-71.736476699573004,-33.110195499729798],[-71.736474000135601,-33.110166300219298],[-71.736460599966506,-33.110143899825502],[-71.736436499964,-33.110123600263101],[-71.736420800107794,-33.110090099729703],[-71.736439200299799,-33.110056199632801],[-71.736417099947204,-33.110042299633697],[-71.736401600415206,-33.110011300212399],[-71.736420400357503,-33.109997799757103],[-71.736458499705293,-33.110029499713796],[-71.736479399908703,-33.110056199632801],[-71.736506699710205,-33.110103600170802],[-71.736520199592306,-33.110148600372099],[-71.736565199798207,-33.1101551000231],[-71.736565199798207,-33.110119099866502],[-71.736586700076202,-33.110089900330699],[-71.736608099742895,-33.110051699985199],[-71.736600100245298,-33.110015799862097],[-71.736600100245298,-33.109968600180899],[-71.736618900187494,-33.109950600066199],[-71.736661800132197,-33.109892200120299],[-71.73664300019,-33.109847299863603],[-71.736600100245298,-33.109838299794298],[-71.736554499964797,-33.1098428002053],[-71.736514300355907,-33.109885500297999],[-71.736538899821596,-33.109944099647699],[-71.736500799575396,-33.109919200308902],[-71.736474000135601,-33.109885500297999],[-71.736460599966506,-33.109858500099101],[-71.736447700159005,-33.109838499946399],[-71.736404299852694,-33.109822599897001],[-71.736345300301394,-33.109800100092002],[-71.736337200192494,-33.109782099942798],[-71.7363210996877,-33.109750700125197],[-71.7362702002454,-33.109746199709498],[-71.736248699967405,-33.1097146998029],[-71.736272899682803,-33.109698999883499],[-71.736307700416901,-33.109689999799002],[-71.736348500100505,-33.1096947003699],[-71.736394100380906,-33.109701500283002],[-71.736449900133096,-33.109685500132599],[-71.736484799681904,-33.109656299700198],[-71.736493300439406,-33.109618400147497],[-71.736517500154903,-33.109607099805103],[-71.736549100191596,-33.109638400350299],[-71.736567900133906,-33.109667600036197],[-71.736591100024398,-33.1097076997385],[-71.736632799819901,-33.1097150000314],[-71.736648399963101,-33.109696799712403],[-71.73664300019,-33.109674299875103],[-71.736640299854201,-33.1096294002596],[-71.736646199988996,-33.109586900195097],[-71.736688599572105,-33.109669800208003],[-71.736720799683496,-33.109707999967],[-71.736758899929598,-33.109712699784602],[-71.736774400359806,-33.109710200137798],[-71.736803900135499,-33.109698999883499],[-71.736852199853303,-33.109676500046803],[-71.736855399652399,-33.1096453003439],[-71.7368763995688,-33.109620400167898],[-71.736895099798005,-33.109588900216302],[-71.736895099798005,-33.109562000002498],[-71.736879000191493,-33.109517000253199],[-71.736852199853303,-33.109490100017503],[-71.736814699681801,-33.109463099697003],[-71.736825400413494,-33.109436100120803],[-71.736860299962203,-33.109454100340898],[-71.736882299703595,-33.109483600317297],[-71.7369009999328,-33.109519499905502],[-71.736932699682598,-33.109528299854603],[-71.736964899793904,-33.109501300298398],[-71.736948800187406,-33.109478799658604],[-71.736930000245096,-33.109438400374898],[-71.736935400018297,-33.109411400038603],[-71.736946099851707,-33.109350800306999],[-71.736900499571206,-33.109350800306999],[-71.7369166000761,-33.109321599763298],[-71.736860299962203,-33.109299099829897],[-71.736822700077695,-33.109323799943702],[-71.736803900135499,-33.109312599640198],[-71.736788399705205,-33.109279100302402],[-71.736819999741996,-33.1092271996297],[-71.736844699819002,-33.109200500211202],[-71.736868799821494,-33.109202699642204],[-71.736897800133804,-33.109233900254701],[-71.736927299909397,-33.109229499889203],[-71.736948800187406,-33.1092092001156],[-71.736959500020802,-33.109177800093299],[-71.736956799685004,-33.109126100266899],[-71.736932699682598,-33.109099099834602],[-71.736905900242704,-33.109067699772901],[-71.736900499571206,-33.109036200375598],[-71.736919300411799,-33.108993499870202],[-71.736938599817293,-33.108984799944402],[-71.736985599673005,-33.108961700215097],[-71.737037799875907,-33.108953299764799],[-71.737050699683394,-33.108914900275998],[-71.737069499625605,-33.108881199879903],[-71.737090900190594,-33.108872199711598],[-71.737120399966201,-33.108919399981801],[-71.737155300413306,-33.1088992002136],[-71.737176799793005,-33.108861000102898],[-71.737160700186493,-33.108829499879],[-71.737141900244296,-33.108789100296597],[-71.737161199649805,-33.108751100292601],[-71.7371820998532,-33.108715000235897],[-71.737177300154698,-33.108668000010603],[-71.737144599681699,-33.108640800035197],[-71.737096299963795,-33.108627300121803],[-71.737104300359704,-33.108589099892797],[-71.737133800135396,-33.108584600170097],[-71.737168699684105,-33.108604900087997],[-71.7371901999621,-33.108589099892797],[-71.737257799983894,-33.108546700155102],[-71.737281399624706,-33.108550899647298],[-71.737300699928596,-33.108562400280398],[-71.737346300209097,-33.108575900203903],[-71.737380599683206,-33.108573399772297],[-71.737418199567799,-33.108562200125498],[-71.737434800434201,-33.108578099650501],[-71.737466399572696,-33.108589099892797],[-71.737493299623793,-33.108580099694699],[-71.737522800297796,-33.108523999868197],[-71.737517399626299,-33.108479099664798],[-71.737517399626299,-33.108445399854098],[-71.737485799589507,-33.108427600335098],[-71.737442299570205,-33.108427400179799],[-71.737399899987096,-33.108407399701299],[-71.737383300019005,-33.108384700130998],[-71.737399899987096,-33.108337699728999],[-71.737444999906003,-33.108319499877197],[-71.737483100152104,-33.108344499747098],[-71.737517399626299,-33.108362199957703],[-71.737541499628705,-33.108355500018703],[-71.737542099703305,-33.108290599976598],[-71.737560899645601,-33.108245600328502],[-71.737579599874906,-33.108207399933697],[-71.737589800244905,-33.108155500132902],[-71.737579100411594,-33.108121800197999],[-71.737552300073403,-33.108103799704899],[-71.737522800297796,-33.108090399787002],[-71.737504499818797,-33.108063599944998],[-71.737490600186405,-33.108032000109603],[-71.737507200154496,-33.108005200249799],[-71.737533500131093,-33.1080005003409],[-71.737576400075795,-33.107993800374302],[-71.737627400129398,-33.107989299868599],[-71.737648799796105,-33.108016199811402],[-71.737664900300999,-33.108045400036403],[-71.737689100016397,-33.108065700078903],[-71.737649399870705,-33.108081599693797],[-71.737619300020498,-33.108085900038702],[-71.737619300020498,-33.108119599987397],[-71.7376300995669,-33.108178000359104],[-71.737643499735995,-33.108193699797802],[-71.737664900300999,-33.1082273997052],[-71.737694400076606,-33.108240899680098],[-71.737748099567696,-33.108216200014297],[-71.7377695001327,-33.108189200054802],[-71.737772199570102,-33.108144299680298],[-71.737737300021294,-33.108106099993897],[-71.737724499926799,-33.108088299653701],[-71.737737300021294,-33.108056699827102],[-71.7377776002416,-33.108043199823904],[-71.737793699848098,-33.108018500102602],[-71.737774899905801,-33.107978000069203],[-71.737775400267495,-33.107937800251698],[-71.737761499736806,-33.107903900076899],[-71.737735199760195,-33.107895099964999],[-71.737697100412404,-33.107863399990698],[-71.737676200208895,-33.107838999701201],[-71.737694400076606,-33.107805000162401],[-71.7377292996254,-33.107820799746101],[-71.737761499736806,-33.107863399990698],[-71.737793699848098,-33.107885900291699],[-71.7378284996839,-33.107915099807599],[-71.737847299626196,-33.107926400367496],[-71.737887599846403,-33.1079174001014],[-71.737930499791105,-33.107928599830501],[-71.737949200020395,-33.1079646001321],[-71.737978699796003,-33.107989299868599],[-71.738029699849605,-33.107993800374302],[-71.738069900356905,-33.108002699801901],[-71.738094100072402,-33.1079622998394],[-71.738115499739095,-33.1080005003409],[-71.738137000017105,-33.108016199811402],[-71.738145000412999,-33.1080409002858],[-71.738166499792698,-33.108058900039197],[-71.738207300374597,-33.108081599693797],[-71.738222799906495,-33.1080994000353],[-71.738260399791002,-33.108103799704899],[-71.738260399791002,-33.108063399788897],[-71.738289899566695,-33.108045400036403],[-71.738338200182895,-33.108081400290203],[-71.738367699958502,-33.108085900038702],[-71.738399900069794,-33.108090399787002],[-71.738426700407999,-33.108022999854299],[-71.738448100074706,-33.108076899788998],[-71.738461500243801,-33.108112799951897],[-71.738491000019394,-33.108142000144802],[-71.738528599903901,-33.1081488001781],[-71.738547399846198,-33.108166799909398],[-71.738577399983498,-33.108184999792897],[-71.738614399793406,-33.108184700311597],[-71.738622499902306,-33.108144299680298],[-71.738601599698896,-33.108117599932697],[-71.738606400295794,-33.1080835997492],[-71.738625699701302,-33.108059100195298],[-71.738598300186794,-33.108045400036403],[-71.738566100075502,-33.108045400036403],[-71.738526499642802,-33.1080232000105],[-71.738515700096499,-33.108003000036298],[-71.738501799565796,-33.1079713001009],[-71.738480900260697,-33.107944600300797],[-71.738470099815999,-33.107906399774997],[-71.738469600352701,-33.107872400262302],[-71.738488400294997,-33.107832000239803],[-71.738483499985094,-33.107782800075697],[-71.738470099815999,-33.107746799699598],[-71.738427199871296,-33.107690700093599],[-71.738383799565,-33.107690499936602],[-71.738362799648598,-33.107677200034203],[-71.738362300185301,-33.107625299920201],[-71.738367699958502,-33.107582600234103],[-71.738407899567406,-33.107555600079898],[-71.738437400241395,-33.1075624001585],[-71.738477599850299,-33.107564599630599],[-71.738517900070605,-33.107569100158003],[-71.738542600147696,-33.107595599915101],[-71.738576899621805,-33.107609599627402],[-71.738603699959995,-33.107634300216198],[-71.738622499902306,-33.107645499981203],[-71.738662700409606,-33.1076364996864],[-71.738657299738094,-33.107573599932799],[-71.738670799620195,-33.107530900221498],[-71.738673400242902,-33.107497200047],[-71.738670799620195,-33.1074725001722],[-71.738668100182693,-33.107438799975299],[-71.738676099680305,-33.1074141000841],[-71.7386975999583,-33.107373699851003],[-71.738690099924,-33.107326699660597],[-71.738663199872803,-33.1072818003503],[-71.738600999624296,-33.107238900339297],[-71.738574200184402,-33.107200700259199],[-71.738550100181996,-33.107164699644599],[-71.738539299737297,-33.1071265002847],[-71.7385232001308,-33.107088300155802],[-71.738496399792595,-33.107068099966597],[-71.738472299790203,-33.107034400367098],[-71.738454000209501,-33.107007700282303],[-71.738413300238904,-33.106985000350299],[-71.738367699958502,-33.106978200226997],[-71.738319400240599,-33.106955799772898],[-71.738292599902394,-33.106940000033603],[-71.738303800097398,-33.106913299920102],[-71.738327399738196,-33.106910800193702],[-71.738381599590895,-33.106915500160802],[-71.738410599903204,-33.106901799823603],[-71.738434699905596,-33.106865899918397],[-71.738440099678797,-33.106827699676103],[-71.738426700407999,-33.106800700042498],[-71.738413300238904,-33.106757999955697],[-71.738378399791799,-33.106708599783403],[-71.738348900016206,-33.106668199978401],[-71.7383494003778,-33.106641399702603],[-71.738391799960894,-33.106629999650202],[-71.7384240000723,-33.106650199940098],[-71.738458899621094,-33.1066884002595],[-71.738496399792595,-33.106717600173297],[-71.738526499642802,-33.106742499667],[-71.738555400242106,-33.106773799727598],[-71.738620299928201,-33.106803199772003],[-71.738676099680305,-33.1068322002413],[-71.7386975999583,-33.106847899920503],[-71.738716399900596,-33.106874900292098],[-71.738775400350093,-33.106881600344103],[-71.7387968000169,-33.106865899918397],[-71.738773200376002,-33.106830200157397],[-71.738783399847804,-33.106787299925799],[-71.738818300294895,-33.106753600218703],[-71.738839699961602,-33.106715399927602],[-71.738845099734704,-33.106670400225298],[-71.738837599700403,-33.106641399702603],[-71.738837100237106,-33.106605300284102],[-71.738858499903799,-33.1065738000039],[-71.738859000265407,-33.106526900218],[-71.738826899867107,-33.106495399909797],[-71.738807499850196,-33.106475000177099],[-71.7387968000169,-33.106441300350198],[-71.738778000074603,-33.106412000264598],[-71.738759800206907,-33.106398800248499],[-71.738734800092601,-33.106359799915801],[-71.7387303004313,-33.106320199838201],[-71.738735700204501,-33.106279699774497],[-71.738759299845299,-33.106306400080499],[-71.738791499956704,-33.106292999888502],[-71.738831699565694,-33.106292999888502],[-71.738845099734704,-33.106243500127199],[-71.738832199927302,-33.106207800113403],[-71.738872500147494,-33.106230300085898],[-71.738901399848501,-33.106266000090599],[-71.738936300295606,-33.106286199711697],[-71.738960400298097,-33.106310899919997],[-71.738968500406997,-33.106331200363201],[-71.738995299846906,-33.106355899806402],[-71.739019399849298,-33.106367099734399],[-71.739046299900494,-33.106342400294302],[-71.739046299900494,-33.106308699664098],[-71.739016800124901,-33.106270499932101],[-71.738993199585707,-33.106216799802098],[-71.739048899624905,-33.106274999773298],[-71.739081099736296,-33.106279500366803],[-71.739089199845196,-33.106254800149699],[-71.739075799676101,-33.106205300366902],[-71.739065000129798,-33.106173900023499],[-71.739107800361495,-33.106223399824003],[-71.739161599565506,-33.106196400004698],[-71.739180400406099,-33.106162700070897],[-71.739212100155896,-33.106099399693598],[-71.739175800133495,-33.106000399925101],[-71.739132099789899,-33.105946999871399],[-71.7390775999,-33.105978500376203],[-71.7390628998686,-33.1059965998801],[-71.739030699757294,-33.106001099735302],[-71.7390039003174,-33.106003400079402],[-71.738971700205994,-33.105987600168802],[-71.738955100237902,-33.105955900258898],[-71.738987300349294,-33.105917799701501],[-71.738989900073705,-33.105875099937997],[-71.738971700205994,-33.105830400047203],[-71.738903899860006,-33.105791999946],[-71.738823600355005,-33.105800900349102],[-71.738781299586606,-33.105810100240703],[-71.738735700204501,-33.105807899972298],[-71.738687399588301,-33.105810100240703],[-71.738627799962401,-33.1058570997373],[-71.738574200184402,-33.105830099805402],[-71.738533999677102,-33.105859300004497],[-71.738502299927404,-33.105877500365899],[-71.738512500297404,-33.105904300122198],[-71.738525899568202,-33.105917799701501],[-71.738502299927404,-33.105951699890099],[-71.7384829996235,-33.105951499729201],[-71.738453499847907,-33.105938000155099],[-71.738431999569897,-33.1059356998094],[-71.738410599903204,-33.105951499729201],[-71.738383799565,-33.105973899686902],[-71.738362799648598,-33.105967399726701],[-71.738336000208704,-33.105944899686897],[-71.738319899703896,-33.105917999862498],[-71.738303299735705,-33.105901999775597],[-71.738255500379495,-33.105899999670399],[-71.738225500242294,-33.105906499635701],[-71.738196499929899,-33.105890999949303],[-71.738196499929899,-33.105861799760802],[-71.738185800096602,-33.105825900183099],[-71.738132200318503,-33.105803400107099],[-71.738094600433996,-33.105805600375703],[-71.738083400239006,-33.1058369000176],[-71.738085999963502,-33.105863799866803],[-71.7380431000188,-33.105861600352199],[-71.738010899907394,-33.105834599669201],[-71.737960499928406,-33.105812399837198],[-71.7379363999259,-33.105767399672501],[-71.737917099622095,-33.105746999770801],[-71.7378768003001,-33.105742499902497],[-71.737845200263294,-33.105735999925102],[-71.737845200263294,-33.1057045000858],[-71.737882200073301,-33.105659399784997],[-71.737847899700796,-33.105637099828002],[-71.737823699985299,-33.105630399681203],[-71.737823699985299,-33.105583199901602],[-71.7377935004221,-33.105571799712003],[-71.737643300309998,-33.105567299834703],[-71.737514499864503,-33.105603200270501],[-71.737439399808494,-33.105625699645302],[-71.737396499863806,-33.105594299847297],[-71.737391199803596,-33.1055223996254],[-71.737455500313303,-33.105468400300197],[-71.737530600369396,-33.105436999693502],[-71.737541399915699,-33.105392000088997],[-71.7374126003686,-33.105347099790102],[-71.7373642997524,-33.105454999980402],[-71.737310699974302,-33.105423500040303],[-71.737219500311795,-33.105423500040303],[-71.737144400255701,-33.105436999693502],[-71.737047799921598,-33.105432499809403],[-71.737010299750096,-33.105369599983],[-71.736972699865504,-33.105302200220798],[-71.736924499860706,-33.105180800152397],[-71.7370233001689,-33.105134600192699],[-71.737047799921598,-33.105135899745598],[-71.737214099640298,-33.105144900296601],[-71.737235599918293,-33.1050865001665],[-71.737273100089794,-33.105063999901098],[-71.737240999691494,-33.1050146002815],[-71.737149800028902,-33.104978600276198],[-71.737096099639501,-33.104911200214097],[-71.7371658996354,-33.104870800335199],[-71.737128299750907,-33.104807900106699],[-71.737053199694799,-33.104753900342502],[-71.736983500310203,-33.104740499913703],[-71.736876200142802,-33.1046910000304],[-71.736817199693206,-33.104623599747697],[-71.736736699863997,-33.104538299776898],[-71.736634800368094,-33.104493299712097],[-71.736538200034005,-33.104484299846902],[-71.736436299639706,-33.104506800260701],[-71.736322699587205,-33.1044849003396],[-71.736211000369806,-33.104470800047402],[-71.736114400035802,-33.104430399965999],[-71.736023200373197,-33.104412400221797],[-71.735921299978898,-33.104354000357297],[-71.735819399584699,-33.1043720001135],[-71.735728199922093,-33.104380999990198],[-71.735642400032702,-33.104367500174803],[-71.735583399583106,-33.104354000357297],[-71.735583399583106,-33.104318100163702],[-71.735615499981506,-33.104259600154201],[-71.735695999810702,-33.104196700240799],[-71.735701399583903,-33.104138300233103],[-71.735719099988202,-33.104090399826603],[-71.735776499639996,-33.104039499925399],[-71.7358568997562,-33.103963099976902],[-71.735937399585396,-33.103967599936297],[-71.736001799808193,-33.103980999730403],[-71.736076899864202,-33.103927100293298],[-71.736033999919499,-33.103868700106403],[-71.735937399585396,-33.103864200141899],[-71.735835500089493,-33.103855200212301],[-71.735695999810702,-33.103877700034602],[-71.735637000259501,-33.103895699888398],[-71.735604800148096,-33.103963099976902],[-71.735497499980696,-33.103985499688903],[-71.735476100314003,-33.103922600331799],[-71.735417099864407,-33.103918100370102],[-71.735390199813295,-33.103868700106403],[-71.735352699641695,-33.103774300134504],[-71.735457000334407,-33.103739299698198],[-71.735529700092002,-33.103747399645599],[-71.735631599588004,-33.103706899901198],[-71.735663799699395,-33.103621499709902],[-71.735728199922093,-33.103558600092299],[-71.735733599695195,-33.1034597998854],[-71.735690600037501,-33.103369900216798],[-71.735679900204204,-33.103293499686103],[-71.735674600143994,-33.103190199934701],[-71.735642400032702,-33.103077799968801],[-71.735604800148096,-33.1029744999638],[-71.735529700092002,-33.102902599855902],[-71.735341999808398,-33.102812700369803],[-71.735261499979103,-33.102704799945201],[-71.735143499978406,-33.102655399752003],[-71.735046899644303,-33.102628400341402],[-71.734998599926399,-33.102574500074702],[-71.734923499870305,-33.102525099808197],[-71.734827000147604,-33.102489100288103],[-71.734719699980104,-33.102466700194597],[-71.734687499868798,-33.102385800343598],[-71.7346230996461,-33.102322899841496],[-71.734526599923299,-33.102277900147399],[-71.734435400260693,-33.102228499714201],[-71.734354900431498,-33.102143100343902],[-71.734258300097395,-33.102116100023402],[-71.734140300096598,-33.102107199999601],[-71.734027699869003,-33.102048700023403],[-71.7340169003227,-33.101976799910503],[-71.734049100434007,-33.101909399803702],[-71.734092000378695,-33.101828500192198],[-71.734135000036403,-33.101761099971597],[-71.734172500208004,-33.101707199925499],[-71.734244699604005,-33.101681100238899],[-71.734373400336395,-33.101703599865402],[-71.734478300205396,-33.101747699839002],[-71.734585600372895,-33.1018060999304],[-71.734751900091496,-33.101833000260903],[-71.734875299865493,-33.101873500116398],[-71.734993299866204,-33.101922899996701],[-71.735111299867,-33.101963399810799],[-71.735258499606104,-33.101995700165702],[-71.735376600218203,-33.102054100092303],[-71.735478499714105,-33.102103599955797],[-71.735607200446594,-33.102130500195301],[-71.735693100049005,-33.102117000034198],[-71.735827199656299,-33.102117000034198],[-71.735891500166005,-33.102148499654398],[-71.735969599696801,-33.102223999665704],[-71.736050100424393,-33.102286900238603],[-71.736159799991896,-33.102238399820003],[-71.736267100159296,-33.1022743001107],[-71.736393399695004,-33.102349800013897],[-71.736425599806395,-33.102430699898001],[-71.736575799918498,-33.1024487000481],[-71.736586499751894,-33.102417199782998],[-71.736559700312,-33.102349800013897],[-71.736575799918498,-33.102246499905696],[-71.736500699862404,-33.102201500172498],[-71.736479199584394,-33.102129600184703],[-71.736532899973795,-33.102008300333502],[-71.7365946995738,-33.102008200248598],[-71.73664300019,-33.102039599822902],[-71.7366938996323,-33.102039599822902],[-71.736761000190796,-33.1020172003673],[-71.7368092999086,-33.101999200128901],[-71.736841400307,-33.101985699947598],[-71.736889700024904,-33.101945300228699],[-71.736889300274598,-33.101896899706702],[-71.736889700024904,-33.101844200012899],[-71.736857499913498,-33.101819399968903],[-71.736793200302102,-33.101812700283602],[-71.736752900081797,-33.101796999704803],[-71.736698899655195,-33.101775500201697],[-71.736637600416799,-33.101803700143897],[-71.736613500414407,-33.101810499914997],[-71.736570499858303,-33.101839699944698],[-71.736570499858303,-33.101873400031302],[-71.736551799629098,-33.101898099975003],[-71.736529899600697,-33.101885599876397],[-71.736524499827595,-33.101854200247097],[-71.736524899577901,-33.101819399968903],[-71.736479300195697,-33.101794700003197],[-71.736519600416003,-33.101754300196603],[-71.736514199744505,-33.101730799730497],[-71.736465999739593,-33.1017228997678],[-71.736444500359895,-33.101716099989801],[-71.736409599912804,-33.101720600064297],[-71.736366699968102,-33.101745400136103],[-71.736339899629897,-33.101720600064297],[-71.736347900025905,-33.101686899919102],[-71.736313100190102,-33.101668999698198],[-71.736305000081202,-33.101630800206898],[-71.736316999776705,-33.101604400241499],[-71.736343800114895,-33.101606599862599],[-71.736377399801498,-33.1016105001829],[-71.736439099688496,-33.1016284997485],[-71.736472499949002,-33.101629100260702],[-71.736519600416003,-33.101630800206898],[-71.736559800025006,-33.101639800364403],[-71.736624200247704,-33.1016239996693],[-71.736629600020905,-33.101599299648697],[-71.736637600416799,-33.101558899752199],[-71.73664300019,-33.101513899666898],[-71.736608099742895,-33.101491500077401],[-71.7366027996827,-33.101466699933901],[-71.7366027996827,-33.101426299976602],[-71.736624200247704,-33.101397099809503],[-71.736629600020905,-33.101356599734501],[-71.736653700023297,-33.101322900202199],[-71.736672499965593,-33.101266800257697],[-71.736659099796498,-33.101224099739397],[-71.736626899685106,-33.101185900054801],[-71.736613500414407,-33.101143200249602],[-71.736634900081,-33.101118500093897],[-71.736680500361501,-33.101096000317597],[-71.736704700076899,-33.101068999675498],[-71.736778299946494,-33.101056099867399],[-71.736807799722101,-33.101085300147702],[-71.736825400413494,-33.101123000198903],[-71.736845399606594,-33.1011706997934],[-71.736865600022398,-33.101197099889198],[-71.736911200302899,-33.101257800062101],[-71.736921900136196,-33.101278000081798],[-71.736971400003299,-33.1013504997754],[-71.737037300412595,-33.101363400292797],[-71.737066800188202,-33.101331899638701],[-71.737088199854895,-33.101300499811501],[-71.737112399570293,-33.101275799699899],[-71.737128500075201,-33.101235300321498],[-71.737141900244296,-33.101185900054801],[-71.737168699684105,-33.101149899986098],[-71.737228900282901,-33.101145999645397],[-71.737281399624706,-33.101170200116499],[-71.737305499627197,-33.101131999655898],[-71.737345700134398,-33.101102700057602],[-71.737340400074302,-33.101071300148597],[-71.737313500023106,-33.101046599972598],[-71.737265300018194,-33.101026299813597],[-71.737195500022295,-33.1010218997896],[-71.737157999850794,-33.100999399988702],[-71.737152600077593,-33.100967899956501],[-71.737163299910904,-33.100943199751498],[-71.737192799686596,-33.100914000176502],[-71.7372223003605,-33.100898300189698],[-71.737261100394207,-33.100892100112603],[-71.737309400112096,-33.100896600229198],[-71.737342999798699,-33.100909500060702],[-71.7373967001881,-33.100920699930299],[-71.737509300415695,-33.100954400369403],[-71.737568299966895,-33.1009476998655],[-71.737627400129398,-33.100922999654799],[-71.737673000409899,-33.100914000176502],[-71.737725100001398,-33.100916800332001],[-71.737754599777006,-33.100934800039703],[-71.737807100017207,-33.100974699792403],[-71.737831200019599,-33.101017399679399],[-71.7378365997928,-33.1010511000813],[-71.737852700297694,-33.101096000317597],[-71.737877999551003,-33.1011100003129],[-71.737922399682205,-33.101107200163497],[-71.737957300129295,-33.101089299824601],[-71.737970700298405,-33.1010218997896],[-71.738008199571595,-33.101008400210702],[-71.738051100414694,-33.100997100266198],[-71.738072599794407,-33.1009476998655],[-71.738024300076503,-33.100918500292003],[-71.738016299680595,-33.100882500113798],[-71.738048499791901,-33.100873599964999],[-71.738077999567494,-33.100873599964999],[-71.738119400223994,-33.100874099643697],[-71.7381570001086,-33.100878599761302],[-71.738187900357701,-33.100893800073102],[-71.738177199626094,-33.100934200275297],[-71.738161100019497,-33.100981400294202],[-71.738163800355295,-33.101015099957401],[-71.738182600297506,-33.101055600189802],[-71.738206700299997,-33.101111700269101],[-71.738244300184505,-33.101154400089499],[-71.738311300131699,-33.101185900054801],[-71.738402499794205,-33.101217299922801],[-71.738445399739007,-33.101217299922801],[-71.738480300186097,-33.101190400156298],[-71.738516399884105,-33.101179699997999],[-71.738584900017699,-33.101183600337201],[-71.738599800373393,-33.101128100066902],[-71.738661200223007,-33.101101100187101],[-71.738678800016103,-33.101062299932899],[-71.738721699960806,-33.101015099957401],[-71.738783399847804,-33.1009319998847],[-71.738727099734007,-33.100916299901101],[-71.738708299791696,-33.1008892999563],[-71.738732399794102,-33.100848799647203],[-71.738760499994598,-33.100833700166397],[-71.738818300294895,-33.100833099648803],[-71.738850399794899,-33.100817399647497],[-71.738881200331093,-33.100786500068097],[-71.738922900126596,-33.100806199764698],[-71.738983099826996,-33.100820199806101],[-71.739027499958198,-33.100848799647203],[-71.739090399994396,-33.100898799868098],[-71.739157399941604,-33.100914599941099],[-71.739193799676897,-33.1009410001137],[-71.739223300350801,-33.100952199979297],[-71.739217899679304,-33.100988200129002],[-71.739161599565506,-33.100992600154697],[-71.739149400444006,-33.101026900329899],[-71.739178900219599,-33.101060599975703],[-71.739224499601704,-33.101074100299101],[-71.739266200295503,-33.101087000104499],[-71.739303699568794,-33.101102700057602],[-71.739311799677694,-33.101147700353501],[-71.739354699622396,-33.101183600337201],[-71.739400299902798,-33.101161199910997],[-71.739440500410097,-33.101158900192701],[-71.739472699623093,-33.1011408997784],[-71.739486099792202,-33.101109499883101],[-71.739510300405996,-33.101064500320199],[-71.739547799679201,-33.101035300032898],[-71.739590699623903,-33.101028600287798],[-71.739660499619802,-33.101024100177902],[-71.739711399960399,-33.101017399679399],[-71.739775800183196,-33.101017399679399],[-71.739838700219394,-33.101033700161203],[-71.739883100350596,-33.101033099644901],[-71.739953999884406,-33.101085300147702],[-71.740019900293603,-33.101084799717803],[-71.740052100404995,-33.101053299716298],[-71.740081600180602,-33.101026299813597],[-71.740078899844903,-33.100979199904899],[-71.740025300066804,-33.100954400369403],[-71.740022599731105,-33.100907299669601],[-71.740001100351407,-33.100869099847202],[-71.7400372000494,-33.1008897996348],[-71.740086900240797,-33.100927499769902],[-71.740098899936299,-33.100966199997501],[-71.740153999900897,-33.100983700017103],[-71.740183499676505,-33.100985899653701],[-71.740239799790302,-33.100974699792403],[-71.740253199959398,-33.100954400369403],[-71.7402371003529,-33.100907299669601],[-71.740258599732599,-33.100887000230998],[-71.740255900295196,-33.100835400127998],[-71.740245199563503,-33.100792700152603],[-71.740245199563503,-33.1007319996585],[-71.740237800140505,-33.100693999932801],[-71.740213000350494,-33.100660099973503],[-71.740167400070007,-33.100687099988697],[-71.740191500072498,-33.100635399681998],[-71.740194200408197,-33.100597199741401],[-71.740148600127796,-33.100579199964599],[-71.740121799789605,-33.100556700050198],[-71.7401460004033,-33.100523000211297],[-71.740207599678996,-33.100536499864702],[-71.740213000350494,-33.100502800017999],[-71.740180800239102,-33.1004803000842],[-71.740202299618801,-33.100435400285903],[-71.740250600235001,-33.100381500179203],[-71.740357799791099,-33.100332100185099],[-71.740395399675606,-33.100318599747702],[-71.740481199565096,-33.100293900112703],[-71.740556299621105,-33.1002511998743],[-71.740505400178805,-33.100165800087602],[-71.740513399676402,-33.100129800353599],[-71.740526799845497,-33.100091600193302],[-71.740550999560995,-33.100037699875898],[-71.740526799845497,-33.099981499776298],[-71.740526799845497,-33.099945600054099],[-71.740542900350405,-33.099896099727701],[-71.740572300413007,-33.099873799813203],[-71.740610000010506,-33.099875900142798],[-71.740631399677198,-33.099873699725798],[-71.740655600291007,-33.099851199630898],[-71.740676999957699,-33.0998152998555],[-71.740698500235695,-33.0997522996838],[-71.740725299675503,-33.099727599889697],[-71.740738699844599,-33.099705199844799],[-71.740760200122693,-33.099653499713],[-71.740752100013694,-33.099621999951097],[-71.740725299675503,-33.099568100098203],[-71.740721199764593,-33.099532699893402],[-71.740703800295805,-33.099460200205399],[-71.740647500182007,-33.099395100190598],[-71.740631399677198,-33.099343399876297],[-71.740658299728395,-33.099323200164498],[-71.740674299621901,-33.099298500249802],[-71.740698500235695,-33.099257999960201],[-71.740738699844599,-33.099257999960201],[-71.7407843001251,-33.099244500110402],[-71.740789699898301,-33.099192899795703],[-71.740820399823093,-33.099159699874697],[-71.740854100120998,-33.099159100098099],[-71.740929200177007,-33.099168099756199],[-71.740994699937701,-33.099170899967298],[-71.741017700402196,-33.099192899795703],[-71.741017700402196,-33.099237800228799],[-71.741036399733204,-33.099262500160499],[-71.741053700387198,-33.099301299704202],[-71.741082000013606,-33.099354599945499],[-71.741103500291601,-33.099390599997101],[-71.741175900011896,-33.099404099824397],[-71.741216200232202,-33.099399599631397],[-71.741256399841205,-33.0993792998445],[-71.741272500346,-33.099343399876297],[-71.741256399841205,-33.0993052001268],[-71.741232200125793,-33.099267000360598],[-71.741229600401297,-33.099226600144704],[-71.741259100176904,-33.099190600025999],[-71.741302000121607,-33.099154699980701],[-71.741304200095797,-33.099114499889602],[-71.741291300288296,-33.099069299881201],[-71.741276399932701,-33.099040600125299],[-71.741334200232998,-33.099017600127901],[-71.741357600447799,-33.099049200194699],[-71.741369000068801,-33.099089499651399],[-71.741425399895604,-33.0991051999614],[-71.741452200233795,-33.099055800002503],[-71.741508500347607,-33.099044599895201],[-71.741519200180903,-33.099073800091197],[-71.741508500347607,-33.0991074997333],[-71.741532700063004,-33.099145700321301],[-71.741578300343505,-33.099138900344002],[-71.741599700010198,-33.099118699832601],[-71.741637299894705,-33.099161399868699],[-71.741621200288193,-33.099192899795703],[-71.741602400345897,-33.099228799825298],[-71.741626500348403,-33.099260299728201],[-71.7416534003995,-33.099278199686999],[-71.741696300344202,-33.099269200040297],[-71.741768700064597,-33.099233300027102],[-71.741798199840204,-33.099228799825298],[-71.741819600405194,-33.099208600087202],[-71.741825000178395,-33.099174899731302],[-71.741865199787298,-33.099125399723299],[-71.741843800120606,-33.099053500229097],[-71.741820900267399,-33.099042899898897],[-71.7418169997825,-33.099004100241203],[-71.7418169997825,-33.098945699792999],[-71.741798199840204,-33.098934499671699],[-71.741749900122301,-33.098918699995401],[-71.741760599955697,-33.098880500061199],[-71.741784799671095,-33.098858099800601],[-71.741825000178395,-33.0988738001518],[-71.741825000178395,-33.0989232002131],[-71.741867900123097,-33.0989434000168],[-71.741900100234403,-33.098930000207098],[-71.741945699616593,-33.098956899912899],[-71.741969900230302,-33.098934499671699],[-71.741972499954798,-33.098893999966997],[-71.741964499558804,-33.0988356001982],[-71.741988599561296,-33.098792900003801],[-71.741999400005994,-33.098759200241098],[-71.741988599561296,-33.098714200227398],[-71.741999400005994,-33.098687299694802],[-71.741975200290497,-33.0986379002536],[-71.741961800121402,-33.098604100342598],[-71.741996699670196,-33.098536699907001],[-71.742034199841797,-33.098525499733498],[-71.742077099786499,-33.098503000046001],[-71.742114699671006,-33.098487299628502],[-71.742130800175801,-33.098449100259401],[-71.742133499613203,-33.098417600065901],[-71.742163000287206,-33.098374999757503],[-71.742168300347302,-33.098336800339702],[-71.742179099893704,-33.098291800109699],[-71.742227299898602,-33.0983053001058],[-71.742251499613999,-33.098264900200398],[-71.742254199949798,-33.098213199973898],[-71.742278299952204,-33.098152499955901],[-71.742264899783095,-33.098114299688802],[-71.742294399558702,-33.098078399956499],[-71.742318499561193,-33.098026700372898],[-71.742318499561193,-33.0979930003164],[-71.742339999839203,-33.097945800197699],[-71.742364099841595,-33.097898600053703],[-71.742345399612404,-33.097842400091501],[-71.742393599617202,-33.097813200238903],[-71.7424071003976,-33.097757000222103],[-71.742362700266398,-33.097748600205797],[-71.742329300005807,-33.097761499746703],[-71.742305100290395,-33.097777299630998],[-71.742271499705495,-33.097735100124098],[-71.742254199949798,-33.097691899698397],[-71.742270299556296,-33.097662699795798],[-71.742318499561193,-33.097671600269699],[-71.742339999839203,-33.097700900259099],[-71.742380200346503,-33.097705399786697],[-71.742428500064307,-33.097687400170201],[-71.742439199897703,-33.097651400173703],[-71.7423975001022,-33.097618299760299],[-71.742349300097302,-33.097618299760299],[-71.742284899874605,-33.097604799658697],[-71.742238100343201,-33.097581800038199],[-71.742201699709597,-33.097573299915098],[-71.742168300347302,-33.097570499653102],[-71.742130800175801,-33.097595300143396],[-71.742154900178306,-33.097624500068399],[-71.742205900231895,-33.097637900077103],[-71.742170999784804,-33.097676099798697],[-71.742115899820206,-33.097672200056401],[-71.742081000271398,-33.097670000336798],[-71.742050300346605,-33.097703099977998],[-71.742036900177496,-33.097752499944697],[-71.741988599561296,-33.097804199689598],[-71.7419778997279,-33.097835700102898],[-71.741988599561296,-33.0978694002197],[-71.741988599561296,-33.097900799767601],[-71.741937700118996,-33.097916599626899],[-71.741921599614102,-33.097878400009797],[-71.741896000323493,-33.097872199719703],[-71.741867900123097,-33.097885099995104],[-71.741839599598407,-33.097854200137398],[-71.741835700011706,-33.097806500248097],[-71.741838400347405,-33.097757000222103],[-71.741841099784907,-33.097721100343797],[-71.741819600405194,-33.097685100361097],[-71.741794000216203,-33.097654199680598],[-71.741769900213797,-33.097618299760299],[-71.741732300329303,-33.097615999949397],[-71.741680199839394,-33.097631200073003],[-71.741639899619102,-33.097651400173703],[-71.741594300236997,-33.097691899698397],[-71.741551400292295,-33.097709799976599],[-71.741527300289803,-33.097754799752003],[-71.741519200180903,-33.097779500100501],[-71.741461499593598,-33.0977831996586],[-71.741409300289106,-33.097790700369004],[-71.741342199730596,-33.097804199689598],[-71.741318099728204,-33.097820000318798],[-71.741253700403803,-33.097822200034699],[-71.741283200179396,-33.097739099953401],[-71.741267099674502,-33.097716600064601],[-71.741221500292397,-33.097727800341097],[-71.741221500292397,-33.0977705003003],[-71.741229600401297,-33.097842400091501],[-71.741221500292397,-33.0978715999344],[-71.741186599845307,-33.097900799767601],[-71.741189300181006,-33.097934499859399],[-71.7412241997298,-33.097966000226002],[-71.741213499896503,-33.0979930003164],[-71.741170599951801,-33.0980176998454],[-71.741111499789199,-33.098055900154499],[-71.741009600293296,-33.098116600239202],[-71.740955999616901,-33.098174999733097],[-71.740929200177007,-33.098233399940803],[-71.740902300125896,-33.098260399948998],[-71.740857899994595,-33.098254199685798],[-71.740819199673894,-33.098244600151403],[-71.740789699898301,-33.098258100154901],[-71.740752100013694,-33.098332300091897],[-71.740721199764593,-33.098357499971101],[-71.740695799899896,-33.098377200211999],[-71.740636800348696,-33.098395199687197],[-71.740599199565807,-33.098397400141302],[-71.740557499770404,-33.098382300239301],[-71.740564399730104,-33.098354699734003],[-71.740593900403994,-33.0983053001058],[-71.740588499732496,-33.098228899687797],[-71.740572400125998,-33.098197400167898],[-71.740564399730104,-33.098152499955901],[-71.740564399730104,-33.098116600239202],[-71.740577799899199,-33.098069400186901],[-71.740583199672301,-33.098019900308898],[-71.740568300215003,-33.098000300077402],[-71.740533399767898,-33.097998000276398],[-71.740492000009695,-33.0980176998454],[-71.740463700383302,-33.098002499788699],[-71.740434199709398,-33.097973299989299],[-71.740414199617902,-33.097968300027802],[-71.740349800293501,-33.097968300027802],[-71.740355200066702,-33.097927799877901],[-71.740371800034794,-33.097895799801996],[-71.740332199602193,-33.097861000214202],[-71.740304200013099,-33.097878400009797],[-71.740269299565995,-33.097921099895899],[-71.740223700183805,-33.097930099680603],[-71.740183499676505,-33.097923300361799],[-71.740160599823298,-33.097914900361403],[-71.740108399620496,-33.097921099895899],[-71.740049400069196,-33.097959300246998],[-71.740022599731105,-33.098004199805096],[-71.739960899844107,-33.098035700146802],[-71.739968900240001,-33.098112099980199],[-71.739958200406704,-33.098163700176897],[-71.739869700181501,-33.098237900193602],[-71.739869700181501,-33.098294099902901],[-71.739837500070095,-33.098323300348298],[-71.739799900185602,-33.0983502002398],[-71.7397570002409,-33.098383900159298],[-71.739708800236002,-33.0984154003649],[-71.739590699623903,-33.098397400141302],[-71.739558500410894,-33.098408699667502],[-71.739479300443904,-33.098422700090801],[-71.739424399905303,-33.0984221003092],[-71.739374699713906,-33.0983957001325],[-71.739362700018305,-33.098361499772103],[-71.739334400391897,-33.098339599824698],[-71.7392850002378,-33.098377200211999],[-71.739217899679304,-33.098395199687197],[-71.739191100239495,-33.098399699931697],[-71.739157399941604,-33.098362000217499],[-71.739153500354902,-33.0983390000426],[-71.739161599565506,-33.098278300111502],[-71.739164299901304,-33.098240099899002],[-71.739132099789899,-33.098213199973898],[-71.739098400390304,-33.098209200166103],[-71.739056999733805,-33.0982177002277],[-71.739024799622499,-33.098184000244402],[-71.739022100185096,-33.098141299733498],[-71.7390099001652,-33.098094600141501],[-71.738988399887205,-33.098081200202401],[-71.7389549996266,-33.098046899630098],[-71.738948200278202,-33.0979441001802],[-71.738887999679406,-33.097898600053703],[-71.738853100130697,-33.097878400009797],[-71.738853100130697,-33.097820000318798],[-71.738877299846095,-33.097774999824303],[-71.738909499957501,-33.097694100170003],[-71.738912099681897,-33.097651400173703],[-71.738925499851007,-33.097604199871498],[-71.738914800017596,-33.097552600099],[-71.738906799621702,-33.097505399743802],[-71.738909499957501,-33.09747170024],[-71.738905300333499,-33.097407099956001],[-71.738906799621702,-33.097357100006398],[-71.738960400298097,-33.097339100318599],[-71.738992600409404,-33.097262699813299],[-71.739027499958198,-33.097249199657],[-71.7390114003517,-33.097168300271399],[-71.7390033002428,-33.097107700374899],[-71.739000599907001,-33.097071700140901],[-71.739035500354206,-33.097035699892203],[-71.739051599960703,-33.096995300155797],[-71.739051599960703,-33.096961599703903],[-71.739073100238699,-33.096925600162699],[-71.7391106004102,-33.096905399895199],[-71.739126700016698,-33.096858199944997],[-71.7391091002237,-33.096820599660496],[-71.739083800071995,-33.0967863001014],[-71.739043599564795,-33.096759399731397],[-71.739008700016001,-33.096768399635103],[-71.738989900073705,-33.0968268000248],[-71.738973799568896,-33.096856000205001],[-71.738947000129002,-33.096891899684003],[-71.738928200186706,-33.096943599935102],[-71.738917500353395,-33.096977299641402],[-71.738890700015205,-33.097017800229303],[-71.738874600408707,-33.097051499907003],[-71.738844900308706,-33.0970955999572],[-71.738804800412794,-33.097028999842202],[-71.738775299738805,-33.097035699892203],[-71.738748500298996,-33.097073899875497],[-71.738732399794102,-33.097107700374899],[-71.738708299791696,-33.097141400018302],[-71.7386894998494,-33.097163799963802],[-71.738649300240496,-33.097208800018699],[-71.738635900071401,-33.097166099786598],[-71.738638499795798,-33.097073899875497],[-71.738643899568999,-33.097028999842202],[-71.738657299738094,-33.096984099785999],[-71.738665399846994,-33.096907699724703],[-71.7386894998494,-33.096844699726702],[-71.738714599676797,-33.096799800328803],[-71.738740499903102,-33.096745900250397],[-71.738772700014394,-33.096718899777002],[-71.738831699565694,-33.096685199971702],[-71.7388557995681,-33.096642500237799],[-71.738826299792507,-33.096628999986301],[-71.7387968000169,-33.096622299905299],[-71.738802199790001,-33.096577399641298],[-71.738810200185995,-33.096536900355602],[-71.738836999625804,-33.096507700069303],[-71.738839699961602,-33.096465000249196],[-71.738829000128206,-33.096433500097199],[-71.738815599959096,-33.096377400042201],[-71.738845099734704,-33.096343700105997],[-71.738858499903799,-33.096314499755501],[-71.738835600050606,-33.096279099745402],[-71.738802199790001,-33.096276300194702],[-71.738767300241193,-33.0963121999104],[-71.738769999678695,-33.096345899858697],[-71.738718999624993,-33.096370599850601],[-71.738700199682796,-33.096408800123001],[-71.7386894998494,-33.0964425000342],[-71.738665399846994,-33.096456000314397],[-71.738643899568999,-33.0964807002754],[-71.738611700355904,-33.096476199932603],[-71.738583399831199,-33.0964543002681],[-71.738537800449095,-33.096449799924002],[-71.738484199772699,-33.096434099892299],[-71.738435900054796,-33.096434099892299],[-71.738426700407999,-33.096456000314397],[-71.738384900001194,-33.0964386002372],[-71.738348900016206,-33.096411099965501],[-71.738311300131699,-33.096415600311602],[-71.738271099624399,-33.096399800182397],[-71.738273799960098,-33.096348199702902],[-71.7383094999078,-33.096317899853503],[-71.738348900016206,-33.0962852000564],[-71.738364999622704,-33.096240300372799],[-71.738336699996296,-33.096222900252897],[-71.7383085997959,-33.096244799975103],[-71.738284499793494,-33.096199900270797],[-71.738281800356006,-33.096157200301199],[-71.738287200129193,-33.096118999919497],[-71.738287200129193,-33.096062800324603],[-71.738272299773598,-33.096036400191899],[-71.738260399791002,-33.095997599959603],[-71.738244300184505,-33.095952700128997],[-71.738212100073198,-33.095916700174598],[-71.738185299734994,-33.095840299938203],[-71.738163800355295,-33.095811100173101],[-71.738088700299201,-33.095808899654301],[-71.738053799852096,-33.095829100173802],[-71.738032400185404,-33.095867299928798],[-71.738024300076503,-33.095894299911201],[-71.738027000412202,-33.095952700128997],[-71.738040399683001,-33.095977400231398],[-71.738048499791901,-33.096047100223799],[-71.738040399683001,-33.096083000033197],[-71.738051100414694,-33.096136899765497],[-71.738040399683001,-33.096170599780997],[-71.738051100414694,-33.0962290999068],[-71.738051100414694,-33.096280699703698],[-71.738051100414694,-33.096323400365897],[-71.738059199625297,-33.096370599850601],[-71.738094100072402,-33.096431300346502],[-71.738085999963502,-33.096460499905596],[-71.738075300130106,-33.096505400229297],[-71.738075300130106,-33.096543599690598],[-71.738080600190301,-33.096604300067],[-71.738083299627704,-33.096649299655702],[-71.738080600190301,-33.096694199882997],[-71.738053799852096,-33.096698700214603],[-71.738002900409796,-33.096685199971702],[-71.737974599885106,-33.096683499929803],[-71.737925100018003,-33.096662699813102],[-71.737895600242396,-33.096613299986601],[-71.737916999909103,-33.096586300225098],[-71.7379438999602,-33.096550399868697],[-71.737930400078199,-33.096492000048002],[-71.737896800391596,-33.096485799660101],[-71.737867299717607,-33.096443099829401],[-71.737855300022105,-33.096397599678397],[-71.737855300022105,-33.096345899858697],[-71.737833900355398,-33.096264999641797],[-71.737810999603795,-33.096231900211599],[-71.737788300074897,-33.096175100139398],[-71.737782900301795,-33.096125700038897],[-71.737796299572494,-33.096069499695702],[-71.737798999908307,-33.096020100288399],[-71.737764100359499,-33.095995400197999],[-71.737721200414796,-33.095995400197999],[-71.737673000409899,-33.096022300049299],[-71.737651500131904,-33.096062800324603],[-71.737624699793699,-33.096096500368603],[-71.737584399573393,-33.096085299884201],[-71.737556099947,-33.0960633000306],[-71.737530799795394,-33.096038100246297],[-71.737502500169001,-33.096007199739297],[-71.737463899561206,-33.095994199849201],[-71.737431599736894,-33.096006599941298],[-71.737399399625502,-33.096013300069203],[-71.7373564996808,-33.095988599976899],[-71.737318899796307,-33.095954899891701],[-71.737293299607302,-33.095935299952203],[-71.737238399966998,-33.095910000039297],[-71.737161900335707,-33.095910499746203],[-71.737131099799598,-33.095919000030001],[-71.737118899779702,-33.095962299913701],[-71.737117699630502,-33.096004400179901],[-71.7370747996858,-33.096026799662702],[-71.7370158001346,-33.096071800299697],[-71.736966099943203,-33.096045400169601],[-71.736939199892007,-33.096011700106096],[-71.736913899740301,-33.095981899847096],[-71.736879000191493,-33.096013300069203],[-71.736889700024904,-33.09607849967],[-71.736895099798005,-33.096116700069302],[-71.736873700131298,-33.096159400058703],[-71.736838799684193,-33.096184100102903],[-71.736795899739505,-33.096202100027199],[-71.736754199944002,-33.096189200257399],[-71.736699300303798,-33.096143699975102],[-71.736670999779093,-33.096092599803598],[-71.736648300250096,-33.0960448003718],[-71.736634900081,-33.096013300069203],[-71.736618799576206,-33.096004400179901],[-71.736586700076202,-33.096017799683104],[-71.736474000135601,-33.096062800324603],[-71.736436499964,-33.096065000084501],[-71.736383999723898,-33.096045400169601],[-71.7363694003039,-33.096011100308097],[-71.736380100137197,-33.095948199759199],[-71.736407000188393,-33.095901000047697],[-71.736414999686005,-33.0958561001679],[-71.736409599912804,-33.095817899655302],[-71.736385499910398,-33.095739200225601],[-71.736407000188393,-33.095691999649297],[-71.736423000081999,-33.0956583002028],[-71.736460599966506,-33.0956336000108],[-71.736487400304696,-33.095597599925703],[-71.736495500413596,-33.0955505001182],[-71.736479399908703,-33.095501000326898],[-71.736465999739593,-33.0954561002427],[-71.736471299799803,-33.095415599687897],[-71.736522299853405,-33.095384200004901],[-71.736546399855897,-33.095343700169501],[-71.736527699626606,-33.0953099998369],[-71.736491299891298,-33.095310599639802],[-71.736460599966506,-33.095325800162001],[-71.736394699557195,-33.095326299872099],[-71.736370599554803,-33.0953151000422],[-71.736339899629897,-33.095312299708198],[-71.736288899576294,-33.095332500341797],[-71.736259399800701,-33.095361700265897],[-71.736232600360793,-33.095395399826003],[-71.736189700416105,-33.095426900349999],[-71.736160199742201,-33.095471799696497],[-71.736127999630796,-33.095521200164498],[-71.736098499855203,-33.095559400053403],[-71.736082400248705,-33.0956021003134],[-71.736069000079596,-33.095626899853897],[-71.736034099632505,-33.0956583002028],[-71.735969800021095,-33.095703300275801],[-71.735945600305698,-33.095674000373101],[-71.735942899969899,-33.095624599990899],[-71.7359401996342,-33.095572899716601],[-71.7359401996342,-33.095527999669201],[-71.735929499800804,-33.095465100279903],[-71.735916099631694,-33.095413399911799],[-71.735926800363401,-33.095377399736499],[-71.735945600305698,-33.095323500291101],[-71.735928499975898,-33.0952788996414],[-71.735895900114301,-33.095265600118303],[-71.735870500249604,-33.095217900329502],[-71.735816899573194,-33.0951707002258],[-71.735821300419801,-33.095129200116901],[-71.735796199694093,-33.095094200000801],[-71.735771099866795,-33.095059099777899],[-71.735750799738,-33.095030699743802],[-71.735736399743999,-33.095002200360099],[-71.735728400246401,-33.094959499808702],[-71.735720300137501,-33.094918999777697],[-71.735720300137501,-33.0948808003631],[-71.735704199632593,-33.094835899962099],[-71.735685399690396,-33.094795399874101],[-71.735690800361795,-33.094759500291502],[-71.735677400192799,-33.094714599828599],[-71.735639800308206,-33.0946853003489],[-71.735629099576499,-33.094653899652499],[-71.735634500248096,-33.0946134002332],[-71.735629099576499,-33.0945864999508],[-71.735588899967595,-33.094593200186999],[-71.735610299634303,-33.094543799950003],[-71.735584700343693,-33.094499399844402],[-71.735578100421293,-33.094453900192597],[-71.735560600341202,-33.0944387002722],[-71.735540600249706,-33.094415699823301],[-71.7355177003965,-33.094389299948503],[-71.735494999969305,-33.0943594998921],[-71.735489600196104,-33.094314599977402],[-71.735513799911502,-33.094267400141398],[-71.735559400192002,-33.094249399820903],[-71.735594200027805,-33.094258399981598],[-71.735604999574093,-33.094294299768798],[-71.735594200027805,-33.094316799781097],[-71.735570100025299,-33.094343800239599],[-71.735572800361098,-33.0943865003375],[-71.735586199631797,-33.0944202002715],[-71.735607699909906,-33.094426899767797],[-71.735650599854594,-33.094400000180897],[-71.735655899914704,-33.094366300239201],[-71.7356827999659,-33.094341500342999],[-71.735704199632593,-33.094289900160497],[-71.735678600341998,-33.0942454999266],[-71.735657100064003,-33.094218500190401],[-71.735645200081393,-33.094179699908302],[-71.735626400139097,-33.094148299783797],[-71.735571300174499,-33.094135399712698],[-71.735508400138301,-33.094103299667402],[-71.735492299633506,-33.094071900268297],[-71.735503000365199,-33.094024700301901],[-71.735529900416395,-33.094013500306097],[-71.735562099629405,-33.094031399828303],[-71.735637199685499,-33.094015700117303],[-71.735666700359403,-33.093986499746102],[-71.735666700359403,-33.093941599640999],[-71.735616899556703,-33.093921899911102],[-71.735564700252098,-33.093928099727201],[-71.735520300120896,-33.093924099724497],[-71.735489600196104,-33.093858400312499],[-71.735485500285094,-33.093818500339701],[-71.735478900362693,-33.093710099690398],[-71.735452100024602,-33.0936696999308],[-71.735433300082306,-33.0936382002823],[-71.735436000418005,-33.093584299770498],[-71.735427900309105,-33.093525800142501],[-71.735413099666502,-33.093499400000397],[-71.735398399635201,-33.093438200016799],[-71.735386199615306,-33.0933916002787],[-71.735360900361997,-33.0933416003029],[-71.735325999914906,-33.093296599773502],[-71.7352937998035,-33.093251700068699],[-71.735267799864204,-33.093212200200398],[-71.735240200025402,-33.093170800014498],[-71.735193099558501,-33.093128699896397],[-71.735166300118607,-33.093108400166599],[-71.735119499688906,-33.093085400122199],[-71.735072400120202,-33.093074699729797],[-71.7350201999174,-33.093089899885904],[-71.734947800197105,-33.0930674003123],[-71.734904900252403,-33.093058400029697],[-71.734875399578399,-33.0930674003123],[-71.734848600138605,-33.093107899691198],[-71.734819100362998,-33.093139300187303],[-71.734760099913402,-33.093199999904002],[-71.734730600137794,-33.093236000218397],[-71.734676899748393,-33.0932652000863],[-71.734701100362201,-33.093179800285597],[-71.734738599635406,-33.093130400006999],[-71.734754700140201,-33.093074200006797],[-71.734754700140201,-33.093027000257401],[-71.734773500082497,-33.092990999857399],[-71.734824400423093,-33.0929686003537],[-71.734856599636203,-33.092957300128099],[-71.734869399730698,-33.092905599790399],[-71.734869999805298,-33.092860699885797],[-71.734869999805298,-33.092833699724302],[-71.734856599636203,-33.092779800224399],[-71.734832499633697,-33.092759599756903],[-71.734785400065107,-33.092733200137303],[-71.734776200418295,-33.092689900168303],[-71.7347628002492,-33.092649499939903],[-71.734738599635406,-33.092606799750897],[-71.734699600175702,-33.092569099809999],[-71.734686200006607,-33.092542199654702],[-71.734672799837497,-33.092513000299299],[-71.734593800194801,-33.092483200359503],[-71.734529399972004,-33.092469700221798],[-71.734457000251695,-33.092458500027902],[-71.734411399971293,-33.092409000000799],[-71.734379199859902,-33.092382099796502],[-71.734321399559605,-33.092382600275897],[-71.734279999801402,-33.092440500089701],[-71.734253099750205,-33.092494399797602],[-71.734210199805503,-33.092485400208901],[-71.734200700121406,-33.092447800311803],[-71.734199499972107,-33.092382099796502],[-71.734186099803097,-33.092337100281199],[-71.734152200079194,-33.092291099782798],[-71.734119000142897,-33.092283199724299],[-71.734066599615801,-33.092270300132],[-71.734042399900304,-33.092263500375402],[-71.734011699975497,-33.092256200138003],[-71.733976900139695,-33.092274200113998],[-71.733923199750294,-33.092244999917],[-71.733877600368203,-33.092208999949399],[-71.733801099838601,-33.092184900117601],[-71.733759600367407,-33.0921797997308],[-71.733705999691097,-33.092218000319001],[-71.733684500311298,-33.0922494997237],[-71.733603999583806,-33.092258500089201],[-71.733546200181806,-33.092229800367299],[-71.733518199694402,-33.0922023002841],[-71.733460400292401,-33.092173599791302],[-71.733357299748903,-33.092159599877903],[-71.733319699864396,-33.092130399642897],[-71.733215100032695,-33.0921438998326],[-71.733127799956705,-33.092128700265498],[-71.733066100069706,-33.092101699879201],[-71.733020499789305,-33.092085999823603],[-71.732961500238105,-33.092056800316698],[-71.732905200124307,-33.092023100229298],[-71.732863800366104,-33.091995600081503],[-71.732824700294998,-33.091946700372098],[-71.732794000370205,-33.091910199800203],[-71.732767200032001,-33.091871999830801],[-71.7327618002588,-33.091838299672602],[-71.732794000370205,-33.091802300291199],[-71.732820799810099,-33.091793299879001],[-71.732826199583201,-33.091755099858901],[-71.732823500145798,-33.091728100110402],[-71.732831600254698,-33.0916922000279],[-71.732794000370205,-33.0916472001595],[-71.732796699807594,-33.091604500236301],[-71.732823500145798,-33.0915550998252],[-71.732863800366104,-33.091512399857301],[-71.732890599805998,-33.0914764996866],[-71.732917400144103,-33.091440500156999],[-71.732957599753107,-33.091422500010303],[-71.732997899973398,-33.091418000161298],[-71.7330326998092,-33.091474199715002],[-71.733011300142493,-33.091512399857301],[-71.733005900369307,-33.0915550998252],[-71.733062199584793,-33.091561899636602],[-71.733102499805099,-33.091586600219998],[-71.733145399749802,-33.091597799772401],[-71.733191000030203,-33.091582099626699],[-71.733217800368394,-33.091557399794702],[-71.733266100086297,-33.091543900267403],[-71.7333143998042,-33.091546100140299],[-71.733333100033505,-33.091525900141903],[-71.733343899579793,-33.091481000285299],[-71.7333679995822,-33.091467499993797],[-71.733381399751295,-33.091424799983301],[-71.7333679995822,-33.091393300283102],[-71.733424299696097,-33.0913685996453],[-71.733437699865107,-33.091316899878599],[-71.733483300145593,-33.091260700224197],[-71.733518199694402,-33.091184299704501],[-71.733553100141506,-33.091114699716996],[-71.733641600366596,-33.0911034000058],[-71.7336871997488,-33.091089999753599],[-71.733754199695895,-33.091092199637899],[-71.733762299804795,-33.091049500197798],[-71.733751599971498,-33.090964099750103],[-71.733778400309703,-33.090905699981398],[-71.733751599971498,-33.090853999942397],[-71.733707199840296,-33.090854599775597],[-71.733673799579705,-33.090862999698103],[-71.733671100142303,-33.090901200105797],[-71.733663099746295,-33.090937099758698],[-71.733641600366596,-33.090979800006103],[-71.733630899635003,-33.090995600356699],[-71.733598700421894,-33.091035999839903],[-71.733571900083703,-33.091038299822998],[-71.733554300290706,-33.091023100064703],[-71.733550399805694,-33.0909595998776],[-71.733593299750396,-33.090896700230097],[-71.733614800028505,-33.090869700218001],[-71.733630899635003,-33.090826999917198],[-71.733630899635003,-33.090795600100499],[-71.733663099746295,-33.090741600005998],[-71.7336790996399,-33.090681000194998],[-71.733689900084499,-33.090647300332897],[-71.733692600420298,-33.090604599924099],[-71.733695200144695,-33.090559600251702],[-71.733695200144695,-33.090519199796901],[-71.733697899582097,-33.090465200285301],[-71.733705999691097,-33.0904315003406],[-71.733673799579705,-33.090384299924999],[-71.733637399844397,-33.090378199957101],[-71.733614800028505,-33.090395599728602],[-71.733596000086195,-33.090417999887798],[-71.733590600312994,-33.090458499734602],[-71.733596000086195,-33.090496700318099],[-71.733550399805694,-33.090516899800299],[-71.733516700406199,-33.090508499844802],[-71.733488699918794,-33.0904944003208],[-71.733459200143102,-33.090498900217199],[-71.733435100140696,-33.090543899920704],[-71.733389499860294,-33.090591100250599],[-71.733346599915507,-33.090604599924099],[-71.733322400200095,-33.090627000030103],[-71.733276799919693,-33.090705700273297],[-71.733276799919693,-33.090750599773202],[-71.733284900028593,-33.090784300348297],[-71.733276799919693,-33.090824800026297],[-71.733244599808302,-33.090835999675697],[-71.733170799614399,-33.090833699687302],[-71.733129300143304,-33.090824800026297],[-71.733089099636004,-33.090793300111102],[-71.733052699900696,-33.090755700243001],[-71.7330326998092,-33.090737100122098],[-71.733019700288693,-33.090686599652699],[-71.733051499751497,-33.090633799913398],[-71.733075599753903,-33.090586600359003],[-71.733083699862803,-33.090530400237903],[-71.7330810004254,-33.090445000038599],[-71.733056900422895,-33.090388799826897],[-71.733048800313995,-33.090350599949197],[-71.732997899973398,-33.090292199772897],[-71.732997899973398,-33.090242800129701],[-71.732980300180301,-33.090207399932602],[-71.732961500238105,-33.0901803997088],[-71.732918600293402,-33.090162400056798],[-71.732861100030405,-33.090179799871002],[-71.732812800312502,-33.090157399651098],[-71.732794000370205,-33.090116899665702],[-71.732772599805202,-33.090085500348003],[-71.732757700347904,-33.0900657997541],[-71.732677199620298,-33.090027599735997],[-71.732649200031204,-33.090015800144698],[-71.732584799808507,-33.090018000055899],[-71.732549900259698,-33.090047300338497],[-71.732520399585795,-33.090056200078202],[-71.732504299979297,-33.0900314998174],[-71.732512400088197,-33.089988799862198],[-71.732515100423996,-33.089968600258601],[-71.732465299621197,-33.089946699725601],[-71.732378299582606,-33.0899483998978],[-71.732344600182998,-33.089939999887903],[-71.732324600091502,-33.089919199680899],[-71.732305899862297,-33.0899146997549],[-71.732240000351297,-33.089906199643103],[-71.732195900257395,-33.089925900272803],[-71.732153000312707,-33.089932700210198],[-71.732124699788002,-33.089917500260803],[-71.732110100368004,-33.089878700338403],[-71.732131500034697,-33.089826999695497],[-71.732128799698899,-33.0897956002743],[-71.732100500072505,-33.089762399814703],[-71.732048399582695,-33.089764099990397],[-71.731986699695696,-33.0898360003089],[-71.731946400373801,-33.089860699871998],[-71.731906199866501,-33.089905699902197],[-71.731836499583594,-33.089910199828601],[-71.731785500428302,-33.089912399742403],[-71.731742599585303,-33.089925900272803],[-71.731688900094198,-33.089934900123502],[-71.731646000149496,-33.089975300094103],[-71.731546800090996,-33.090002299628203],[-71.731525299813001,-33.090011300223601],[-71.731442200259295,-33.089988799862198],[-71.731423400316999,-33.0899394000485],[-71.731431500425998,-33.089901199975401],[-71.731447500319504,-33.089862999885803],[-71.731458299865807,-33.089817999833798],[-71.731408499961404,-33.089780400301201],[-71.731367100203201,-33.089739399647598],[-71.731341500014295,-33.089708499937203],[-71.731298500356502,-33.089715199792501],[-71.731273200204896,-33.089656200105502],[-71.731286600374006,-33.089602300162902],[-71.731275899642299,-33.089537100274804],[-71.731238299757806,-33.0894877002073],[-71.731222200151294,-33.089476499633598],[-71.731174000146396,-33.0894561998131],[-71.731133699926104,-33.089453999887901],[-71.731092000130602,-33.089434299905101],[-71.731077399812307,-33.0893977997954],[-71.731098900090302,-33.089332699854999],[-71.731123000092794,-33.089290000313099],[-71.7311471000952,-33.089256199818401],[-71.731179300206605,-33.0892180002012],[-71.731232999697596,-33.089193299705002],[-71.731273200204896,-33.089184299778402],[-71.731297300207302,-33.089141600164297],[-71.731281199702494,-33.089105699778301],[-71.731278599978097,-33.089078699968901],[-71.731297300207302,-33.089047300280498],[-71.731286600374006,-33.0890045998473],[-71.731242200242704,-33.088998399684002],[-71.731200799586205,-33.088979799943999],[-71.731188599566394,-33.088960199954698],[-71.731208799982198,-33.088919199671302],[-71.731167100186696,-33.088861299796498],[-71.731093500317101,-33.088860699949699],[-71.731031800430202,-33.088827000142601],[-71.731015699925294,-33.088867499969503],[-71.730999600318796,-33.088883199847203],[-71.730916499866794,-33.088878699868197],[-71.730905700320506,-33.0888383001463],[-71.730889599815598,-33.088800100347598],[-71.730870899586407,-33.0887933003225],[-71.730836000037598,-33.0888248002016],[-71.730836000037598,-33.0888651999296],[-71.730854799979795,-33.088921400362501],[-71.730830600264397,-33.088975299969903],[-71.730801099590494,-33.0890157997285],[-71.730793100092896,-33.089058500156199],[-71.730819900431101,-33.089173099918597],[-71.730870899586407,-33.0892022996306],[-71.730929900035903,-33.089227000124303],[-71.730975500316404,-33.089262999807602],[-71.730986200149701,-33.089290000313099],[-71.730978199753807,-33.089341599667101],[-71.730927199700204,-33.089364100194203],[-71.730884299755502,-33.089359600239703],[-71.730829199790904,-33.089328699643197],[-71.730776999588002,-33.0892967002003],[-71.7307340996433,-33.089294400171603],[-71.730648200040903,-33.089303400086997],[-71.730582400242994,-33.089268000264198],[-71.730559600102794,-33.089238600375097],[-71.730526100129197,-33.089198400265097],[-71.730499299791006,-33.0891781997273],[-71.730447099588105,-33.089161900057498],[-71.730416099625998,-33.089133200077399],[-71.730374699867795,-33.089141600164297],[-71.730314999630707,-33.089156100303498],[-71.730288800265399,-33.089177599882603],[-71.730265900412206,-33.089180399659398],[-71.730221800318304,-33.089139400231197],[-71.7302271003784,-33.089092199874599],[-71.730221800318304,-33.089042800309798],[-71.730205699813396,-33.088979799943999],[-71.730197599704496,-33.0889529001957],[-71.730170800264602,-33.088923699648298],[-71.730109100377703,-33.088923699648298],[-71.730042100430495,-33.088970799995501],[-71.729988400041094,-33.088975299969903],[-71.7299367001999,-33.089041699965797],[-71.729875799813499,-33.089054000186202],[-71.729831299969305,-33.0890246002255],[-71.729777700191207,-33.088978199852903],[-71.7297470002664,-33.088923699648298],[-71.729736300433103,-33.088878699868197],[-71.729713399681501,-33.088874799735599],[-71.729653100268095,-33.0889168996328],[-71.729610200323407,-33.088934900292401],[-71.729556599646997,-33.088955100133397],[-71.7295323999316,-33.088984299917797],[-71.729438599646201,-33.088993299864903],[-71.729395699701499,-33.088995599901402],[-71.729345899797096,-33.089016699873397],[-71.729315199872303,-33.089024799672302],[-71.729213300376301,-33.089042800309798],[-71.729170400431599,-33.089038300338999],[-71.729083599819006,-33.089065900006197],[-71.729020099708194,-33.089076500034302],[-71.7289933002683,-33.089101199810599],[-71.728953099761,-33.089130400299098],[-71.728931600381301,-33.089150600095302],[-71.728904800043196,-33.089179799814701],[-71.728861900098394,-33.089186599809899],[-71.728828199800603,-33.089182600344103],[-71.7287933999648,-33.0891578998379],[-71.728797499875697,-33.089119199679899],[-71.728856500325307,-33.0891123996796],[-71.728896799647202,-33.0890988997769],[-71.728931600381301,-33.089056200121398],[-71.728958500432498,-33.089020299700501],[-71.728998600328495,-33.089011000209602],[-71.7290014003772,-33.088955100133397],[-71.7289933002683,-33.088923699648298],[-71.7290014003772,-33.088885499886601],[-71.729004099814702,-33.088856199969499],[-71.728977199763506,-33.088840500087002],[-71.728920899649694,-33.0888585000096],[-71.728899400269995,-33.088883199847203],[-71.728869899596006,-33.088885499886601],[-71.728844300305397,-33.088879299714897],[-71.728798700024896,-33.088867999716399],[-71.728781400269199,-33.088847300108299],[-71.728751899595295,-33.088840500087002],[-71.728708999650607,-33.088878699868197],[-71.728701000152995,-33.088905699739001],[-71.728717099759507,-33.088937100230602],[-71.728733200264301,-33.088961900146003],[-71.728733200264301,-33.088988799891503],[-71.728703599877406,-33.0890045998473],[-71.728670000190803,-33.0889893997374],[-71.728641999703399,-33.088984299917797],[-71.728604399818906,-33.089017999664698],[-71.728593699985495,-33.089056200121398],[-71.728561499874203,-33.089105699778301],[-71.728534700434295,-33.089128200365799],[-71.728502500322904,-33.089150600095302],[-71.728462200102697,-33.089159600025297],[-71.728427400266895,-33.089184299778402],[-71.728419300157995,-33.089220300231801],[-71.7284140000978,-33.0892517999579],[-71.7284058999889,-33.089280999643698],[-71.728400599928705,-33.0893191999862],[-71.728387100046604,-33.089348399649701],[-71.728371100153097,-33.089382100009601],[-71.728363000044197,-33.0893977997954],[-71.728349599875102,-33.089474200362297],[-71.728341499766103,-33.089503399974298],[-71.728267699572299,-33.089483800101803],[-71.728238100083701,-33.089452299706203],[-71.728215500267794,-33.089420300308099],[-71.728215500267794,-33.0893910999159],[-71.728187199743004,-33.089360200083199],[-71.7281416003609,-33.089360200083199],[-71.728110900436107,-33.0893731001023],[-71.728078700324701,-33.089400099821297],[-71.7280331000443,-33.089413500331098],[-71.728014300102004,-33.089388799889797],[-71.728017000437703,-33.089350600330199],[-71.728043799877597,-33.089262999807602],[-71.728041100440194,-33.0892338001158],[-71.728057200046706,-33.089159600025297],[-71.728057200046706,-33.089128200365799],[-71.728042299691097,-33.089099500374701],[-71.727983699890203,-33.089095799698597],[-71.727928500212599,-33.089116899646697],[-71.727901699874394,-33.089157400092702],[-71.727874799823198,-33.089179799814701],[-71.727856099593893,-33.089186599809899],[-71.727802400102902,-33.089231500085504],[-71.727802400102902,-33.0892989001294],[-71.727802400102902,-33.089343899694498],[-71.727791700269506,-33.089388799889797],[-71.727775599764698,-33.089447300012701],[-71.7277676002671,-33.089471999684903],[-71.727735400155694,-33.089537100274804],[-71.727740700215904,-33.089573099831199],[-71.727735400155694,-33.089611300046698],[-71.727732699819995,-33.0896450003059],[-71.727713899877699,-33.089660700044803],[-71.727669499746497,-33.089647800067702],[-71.727662899824097,-33.089613600067104],[-71.7276603000997,-33.089559599999198],[-71.727676399706198,-33.089512399868198],[-71.727708500104598,-33.089415800356598],[-71.727724599711095,-33.089350600330199],[-71.727727300046794,-33.089305700115297],[-71.727692500211006,-33.089269699696899],[-71.727680199579893,-33.089252299702601],[-71.727676399706198,-33.089184299778402],[-71.727642700306603,-33.089146699974798],[-71.727605500172402,-33.0891188000341],[-71.7275448998233,-33.089152900127601],[-71.727531499654205,-33.089177599882603],[-71.727526199594095,-33.089209099624],[-71.727492500194501,-33.089200600196598],[-71.727488599709503,-33.089166400022002],[-71.727494000381,-33.089125900332697],[-71.727488599709503,-33.089096699842798],[-71.727453700160694,-33.089067500095702],[-71.727413499653494,-33.089056200121398],[-71.7273879003628,-33.089052299996702],[-71.727330400099802,-33.089081000003198],[-71.727290099879497,-33.089101199810599],[-71.727243000310807,-33.089148899907698],[-71.727274000272999,-33.089191099773103],[-71.727274000272999,-33.089229300154699],[-71.727244499599095,-33.089256199818401],[-71.727201599654407,-33.089211300308001],[-71.727196199881206,-33.089186599809899],[-71.727169400441298,-33.0891349002653],[-71.727110399991801,-33.089123699646599],[-71.7270058001601,-33.089137100198499],[-71.7269655996528,-33.0892022996306],[-71.726978999821895,-33.089224800193399],[-71.7269655996528,-33.089287700284302],[-71.726917299934897,-33.089328199899001],[-71.726852899712199,-33.089339399739004],[-71.7267992999341,-33.089384299936597],[-71.726783200327603,-33.089429300210597],[-71.726742999820303,-33.0894877002073],[-71.726705399935796,-33.089541600220201],[-71.726673199824404,-33.089582099717902],[-71.726622300382104,-33.089611300046698],[-71.726557900159406,-33.089611300046698],[-71.726536399881397,-33.089584299639903],[-71.726557900159406,-33.0895326996758],[-71.726563200219601,-33.089471999684903],[-71.726568599992802,-33.089433800161402],[-71.726563200219601,-33.089404599773701],[-71.726573999765904,-33.089370900175098],[-71.726627600442299,-33.089303400086997],[-71.726678599597605,-33.089274199655897],[-71.726724199878106,-33.089249499928101],[-71.726764400385306,-33.0892068003457],[-71.726777799656105,-33.089168599954398],[-71.726767099822794,-33.089125900332697],[-71.726751000216296,-33.089058500156199],[-71.726726900213805,-33.089017999664698],[-71.726681299933404,-33.089000099874397],[-71.7266330002155,-33.089047300280498],[-71.726622300382104,-33.089033800367901],[-71.726573999765904,-33.088975299969903],[-71.726533700443994,-33.088975299969903],[-71.726509600441503,-33.088973100032597],[-71.7264586003879,-33.089017999664698],[-71.726437199822897,-33.089063000126103],[-71.726402300274103,-33.089101199810599],[-71.726388900104993,-33.089130400299098],[-71.726388900104993,-33.0892068003457],[-71.726402300274103,-33.089271999726201],[-71.726394299878194,-33.089339399739004],[-71.726363599953302,-33.0893782999987],[-71.726332599991196,-33.0894383001121],[-71.726324499882296,-33.0894877002073],[-71.726370100162697,-33.089528199729898],[-71.726421100216399,-33.0895461001653],[-71.726421100216399,-33.089586599660997],[-71.726372799600199,-33.089613600067104],[-71.726303100215603,-33.0896179999094],[-71.726249399826202,-33.089597800220702],[-71.726241400328604,-33.089548400187297],[-71.726257499935201,-33.089494400079403],[-71.726254000098805,-33.089462099646497],[-71.726201100108298,-33.089433800161402],[-71.726136799598606,-33.089440500037703],[-71.726077800047406,-33.089465199711903],[-71.726066999602807,-33.089494400079403],[-71.726080399771803,-33.089528199729898],[-71.726075099711693,-33.089566399965001],[-71.726056299769397,-33.089613299769901],[-71.726056299769397,-33.0896809998181],[-71.726048300271799,-33.089716899969197],[-71.726013399824694,-33.089770899940397],[-71.726019999747095,-33.0898118998266],[-71.726042899600301,-33.0898450001688],[-71.726048300271799,-33.0899237003593],[-71.725997300218097,-33.089932700210198],[-71.725965100106805,-33.089928200284902],[-71.7258793002174,-33.089928200284902],[-71.725860500275104,-33.089907899816097],[-71.725860500275104,-33.089862999885803],[-71.725868600384004,-33.089833799640601],[-71.725841700332893,-33.089784299641003],[-71.725804200161306,-33.089755100122296],[-71.725726399769499,-33.089773099857702],[-71.725742500274293,-33.0898046001384],[-71.725720999996298,-33.089851800112498],[-71.725683499824797,-33.089876499671099],[-71.725637900442607,-33.089903399889501],[-71.725627199710999,-33.089946099886198],[-71.725637900442607,-33.089988799862198],[-71.725637900442607,-33.090033799826699],[-71.725645899940304,-33.090056200078202],[-71.725688799885006,-33.090098900000697],[-71.725680800387394,-33.090121400333999],[-71.725608399768703,-33.090161900317298],[-71.7256057003313,-33.090206800094897],[-71.725600299659803,-33.090240500125802],[-71.725517200106097,-33.090267500331102],[-71.725468900388293,-33.090267500331102],[-71.725409899938697,-33.090267500331102],[-71.725369700329694,-33.090274200143803],[-71.725329400109501,-33.090274200143803],[-71.725273099995704,-33.090242800129701],[-71.725273099995704,-33.0902202998275],[-71.725254300053393,-33.0902046001885],[-71.725208699772907,-33.090200100277102],[-71.725155099994893,-33.090215799916898],[-71.725120200446099,-33.0902383002202],[-71.725104099941305,-33.090274200143803],[-71.725117500110301,-33.0903079001489],[-71.725136300052597,-33.090357399853801],[-71.725101399605506,-33.090370900315797],[-71.7250772996031,-33.0903550998529],[-71.725053199600595,-33.090334900333502],[-71.725023699825002,-33.090325899771102],[-71.725002200445303,-33.090303400242703],[-71.725010199942901,-33.090258499761902],[-71.725034399658398,-33.090229299648001],[-71.725023699825002,-33.090197800272101],[-71.725007600218504,-33.090164100224797],[-71.724975400107098,-33.0901483998232],[-71.724908300446998,-33.090155099645003],[-71.724870800275497,-33.090157399651098],[-71.724819800221795,-33.090177599963901],[-71.724763500107997,-33.090175299958297],[-71.724728599660907,-33.090168600138099],[-71.724688400051903,-33.090173100051103],[-71.724613299995895,-33.090184299783502],[-71.724586499657704,-33.090155099645003],[-71.724616000331594,-33.090125900249397],[-71.724589100280497,-33.090085500348003],[-71.724548899773197,-33.090101200008199],[-71.724530099830901,-33.090157399651098],[-71.724492599659399,-33.0901820998765],[-71.724489900221897,-33.0902202998275],[-71.724425499999199,-33.090217999822997],[-71.724369199885402,-33.090240500125802],[-71.724318199831799,-33.090289999868702],[-71.724299499602495,-33.090310200151002],[-71.724243099775705,-33.090330399676098],[-71.724162699659502,-33.090352899950197],[-71.724114399941598,-33.090352899950197],[-71.724060699552197,-33.090361899757099],[-71.724009800109897,-33.090397799630203],[-71.723977599998605,-33.090424799787201],[-71.723918600447305,-33.090449499937499],[-71.723864900058004,-33.090498900217199],[-71.723832799659604,-33.090546099818702],[-71.723840800055498,-33.0905843003641],[-71.723862300333494,-33.090622500140398],[-71.723859599997795,-33.090645000339698],[-71.723846199828699,-33.090669699675502],[-71.723878399940105,-33.090728199698702],[-71.723894399833597,-33.090766400165101],[-71.723891800109101,-33.090797799992202],[-71.723862300333494,-33.090840500307202],[-71.723827399886403,-33.0908584998203],[-71.723752299830394,-33.090853999942397],[-71.723728100114897,-33.090826999917198],[-71.723704000112505,-33.090797799992202],[-71.7236690996654,-33.090784300348297],[-71.7236182002231,-33.090768600057402],[-71.723583299775996,-33.090748399880397],[-71.723535000058106,-33.090723699814099],[-71.723484099717496,-33.090721399822797],[-71.723392900054904,-33.090721399822797],[-71.723350000110202,-33.090721399822797],[-71.723280200114303,-33.090703400281498],[-71.723284099700905,-33.090733200072002],[-71.723293600283398,-33.090761900282402],[-71.723301700392298,-33.090802299872998],[-71.723306999554097,-33.0908292999057],[-71.723325800394704,-33.090869700218001],[-71.723328499832107,-33.090903399994801],[-71.723320500334594,-33.090941599632501],[-71.723266799945193,-33.090932599884802],[-71.723266799945193,-33.090903399994801],[-71.723269500280907,-33.0908742000952],[-71.723215799891506,-33.090856199832601],[-71.723140699835497,-33.090883199848797],[-71.723113900395603,-33.090921400247801],[-71.723108600335394,-33.090966399735002],[-71.723076400224102,-33.0909978002434],[-71.723052199610294,-33.091040499708598],[-71.723049599885897,-33.091078700039198],[-71.723030799943601,-33.091121400217801],[-71.722971800392401,-33.0911370996931],[-71.722960999947702,-33.091112399735898],[-71.722958400223305,-33.0910742001725],[-71.722942299718397,-33.091047300312397],[-71.722912799942804,-33.091011299854401],[-71.722880599831498,-33.090975300134303],[-71.722853699780302,-33.090943900370597],[-71.7228188999445,-33.090912399745399],[-71.722784000395706,-33.0909393997444],[-71.722757200057501,-33.090957399989897],[-71.722727700281894,-33.0909709003598],[-71.722698199608004,-33.090991099733102],[-71.722657900285995,-33.091013499740697],[-71.722633800283603,-33.091054000065697],[-71.722561399664897,-33.0910651996859],[-71.722510399611295,-33.0910742001725],[-71.722437999891,-33.091121400217801],[-71.722427300057603,-33.091155099898103],[-71.722416499613004,-33.091186599683702],[-71.722381699777202,-33.091222499972702],[-71.722336100395097,-33.091222499972702],[-71.722279800281299,-33.091220300091599],[-71.722228800227597,-33.091263000201401],[-71.722218100394301,-33.091294399851201],[-71.722237999874494,-33.091337699754902],[-71.722281000430499,-33.091351200066399],[-71.722354900337294,-33.091366399767999],[-71.722392399610499,-33.091357400063799],[-71.722439200040199,-33.091346700213698],[-71.7224848003207,-33.091346700213698],[-71.722521200055994,-33.091357400063799],[-71.722521200055994,-33.091431499707802],[-71.722486299608903,-33.091442800129499],[-71.722432600117799,-33.091465200021901],[-71.722400499719498,-33.091525900141903],[-71.722376300004001,-33.0915550998252],[-71.722357500061804,-33.091600099740702],[-71.722370999943806,-33.091651699996802],[-71.722373599668302,-33.091689900062001],[-71.722341399556896,-33.091723600277],[-71.722306599721094,-33.091752899991199],[-71.7222717001723,-33.091800099672],[-71.722274399609802,-33.091831499882602],[-71.722287799778798,-33.091874199695503],[-71.722306599721094,-33.091896700327098],[-71.722325399663404,-33.091923599927398],[-71.722352200001595,-33.091957400149198],[-71.722365600170704,-33.091988800303596],[-71.722360200397503,-33.092085399998702],[-71.722392399610499,-33.092119100062199],[-71.722392399610499,-33.092170800109898],[-71.722389700173096,-33.092226999935001],[-71.722403100342206,-33.0922540002829],[-71.722430000393402,-33.092292200086298],[-71.7224460999999,-33.092328099923797],[-71.722413899888593,-33.092357300093198],[-71.722362899834906,-33.092388800200602],[-71.722311899781303,-33.092379799848601],[-71.722266300399198,-33.092391000052402],[-71.722236799725195,-33.092418000349902],[-71.722218100394301,-33.092460699878004],[-71.722244899834195,-33.0924899000034],[-71.722255599667506,-33.092530399648297],[-71.722226099891898,-33.092541599832998],[-71.722188599720297,-33.092537100041199],[-71.722156399609005,-33.0925730998744],[-71.722134900229307,-33.092606799750897],[-71.722126899833398,-33.092651699785101],[-71.722099999782202,-33.092716900374],[-71.722086599613107,-33.092746099661703],[-71.722073200342294,-33.092829199947403],[-71.722098600207005,-33.092863500297902],[-71.722121500060197,-33.092876399803103],[-71.722167100340698,-33.092898900178199],[-71.722212699722803,-33.092921399795003],[-71.722228800227597,-33.092959600061],[-71.722215400058502,-33.093006799846599],[-71.722261000339003,-33.093031500024097],[-71.722287799778798,-33.093101099999402],[-71.722285100341395,-33.093159599910003],[-71.722286299592298,-33.093214099746703],[-71.722306599721094,-33.093238200049001],[-71.722373599668302,-33.093267399916101],[-71.722405799779594,-33.093332600048399],[-71.722403100342206,-33.093382000213303],[-71.722389700173096,-33.0934742002337],[-71.722362899834906,-33.093566300062797],[-71.722349499665796,-33.093618000012],[-71.722301199947907,-33.093701100226198],[-71.722239500060994,-33.093757299825697],[-71.722183199947196,-33.0938112002314],[-71.722083999888696,-33.093844899633297],[-71.721939099836703,-33.093831399704797],[-71.721821099835907,-33.093775300246897],[-71.721786200287099,-33.093710099690398],[-71.721733799760003,-33.0936859001757],[-71.721687000228599,-33.093662900282403],[-71.721631900264001,-33.093602799947099],[-71.721630700114801,-33.093557299831197],[-71.721601200339194,-33.093530299883703],[-71.721558199783203,-33.093548300351401],[-71.721528700007596,-33.093548300351401],[-71.721509999778306,-33.093514600083097],[-71.721536800116496,-33.0934854002981],[-71.721566299892103,-33.093462900073099],[-71.721571699665304,-33.0934090002064],[-71.721529900156796,-33.0933758003587],[-71.721501899669406,-33.093382000213303],[-71.721496599609196,-33.0934337002709],[-71.721488500398607,-33.093449400085902],[-71.721430700098296,-33.093449999901402],[-71.721406600095804,-33.093438799832398],[-71.721306100175099,-33.093357300134301],[-71.721280499986193,-33.093335399692798],[-71.721253699648003,-33.093303899924599],[-71.721166599896307,-33.093321399964502],[-71.721150500289795,-33.093348299881399],[-71.721123699951605,-33.093359600056701],[-71.721048599895596,-33.093382000213303],[-71.721005699950894,-33.0934225001999],[-71.721002999615095,-33.093453899830997],[-71.721000300177707,-33.093503400022399],[-71.7209976995549,-33.093552800091402],[-71.720976200175201,-33.0936045000485],[-71.720965500341904,-33.0936382002823],[-71.720960099670407,-33.093676400236802],[-71.720989600344296,-33.093723599637599],[-71.720995000117497,-33.093750600278398],[-71.720976200175201,-33.093784299703501],[-71.720952100172795,-33.093815699958],[-71.720968199779307,-33.093862900036598],[-71.7209708004021,-33.093892099696298],[-71.720957400233004,-33.0939257998198],[-71.720962800006106,-33.093970800027101],[-71.720995000117497,-33.093997699745302],[-71.720986900008597,-33.0940448997261],[-71.721005699950894,-33.094083100256597],[-71.721002999615095,-33.094110100034399],[-71.720976200175201,-33.094128099630701],[-71.720935999668001,-33.094139300364503],[-71.720874299781002,-33.094139300364503],[-71.720866199672102,-33.094114599745701],[-71.720866199672102,-33.094067399802199],[-71.720852800401303,-33.093970800027101],[-71.720813800043203,-33.093921899911102],[-71.720809899558304,-33.093876399960401],[-71.720778899596098,-33.093847700014102],[-71.720741400322893,-33.093847700014102],[-71.720721400231398,-33.093797700297699],[-71.720702600289201,-33.093764000125098],[-71.7207159995599,-33.093716799993402],[-71.720753600342803,-33.093710099690398],[-71.720769699949301,-33.0936517002405],[-71.720734800400507,-33.0936157000964],[-71.720705299726603,-33.0935416000355],[-71.720648999612806,-33.093436000191303],[-71.720632900006294,-33.0933932996317],[-71.720600699894902,-33.0933662996338],[-71.720547000403798,-33.0933662996338],[-71.720502699985602,-33.093357899950497],[-71.720467800436793,-33.0933061998483],[-71.720400699878397,-33.093286000254302],[-71.720380800398203,-33.093312399707898],[-71.720372700289303,-33.093350599803998],[-71.720402200064896,-33.093384300135],[-71.720423700342906,-33.093420200279198],[-71.720447800345298,-33.093449400085902],[-71.720487999954301,-33.093483099626503],[-71.720469299724996,-33.093489900041398],[-71.720426300067302,-33.093483099626503],[-71.720400699878397,-33.093447800076099],[-71.720371200102704,-33.093413999674702],[-71.720349800435997,-33.093378100280503],[-71.720335200117702,-33.093343800130903],[-71.720303000006396,-33.093312399707898],[-71.720251999952794,-33.093307899955498],[-71.720206399672307,-33.093323599792903],[-71.720200999899106,-33.093359600056701],[-71.720206399672307,-33.093395500210903],[-71.720238599783698,-33.093415699779797],[-71.720292199561698,-33.093460700248201],[-71.720292199561698,-33.0934854002981],[-71.720230499674699,-33.093498900279798],[-71.720166200063304,-33.093467399817499],[-71.720101799840606,-33.093458400328501],[-71.720066900291798,-33.0934742002337],[-71.720040099953593,-33.093507899764802],[-71.720013299615502,-33.093523600319003],[-71.7199703996707,-33.093530299883703],[-71.719951599728503,-33.0935618003234],[-71.719951599728503,-33.093600000311099],[-71.719943600230906,-33.093676400236802],[-71.719932799786207,-33.093723599637599],[-71.719919399617098,-33.0937888001841],[-71.7199033000106,-33.093844899633297],[-71.719889899841505,-33.0939010998935],[-71.719857699730099,-33.093921300098799],[-71.719838899787902,-33.093948299926303],[-71.719825499618807,-33.093997699745302],[-71.719828199954506,-33.094053899907799],[-71.719798700178899,-33.094121300017797],[-71.719793300405698,-33.094134799901902],[-71.719788000345602,-33.094166300125003],[-71.719777299613895,-33.094202199949798],[-71.719766500067607,-33.0942449001165],[-71.719758499671599,-33.094276400300203],[-71.719766500067607,-33.094316799781097],[-71.719774600176507,-33.094352799638102],[-71.719812100347994,-33.094417899624297],[-71.719825499618807,-33.094435899910302],[-71.719876499672395,-33.094474100270801],[-71.719876499672395,-33.094492099792703],[-71.719821399707797,-33.094485900016302],[-71.719750399562699,-33.094471899718599],[-71.719684599764804,-33.094452200107497],[-71.719645799730998,-33.094438199804401],[-71.719597500013094,-33.094426899767797],[-71.719574600159902,-33.094402799791403],[-71.719511700123704,-33.094400000180897],[-71.719452699674207,-33.094379699991997],[-71.719370800269701,-33.094353300106398],[-71.7193158997311,-33.094377500189999],[-71.719299800124602,-33.0944066996787],[-71.719291799728694,-33.094429199662201],[-71.719291799728694,-33.0944605996863],[-71.7192569001799,-33.094485400301402],[-71.719246200346603,-33.094528000237098],[-71.719262299953101,-33.0945528000805],[-71.719272999786398,-33.094564000007601],[-71.7192085995637,-33.0945572997692],[-71.719163000181595,-33.094566199805001],[-71.719146899676701,-33.094590999637703],[-71.719122799674295,-33.094622400356599],[-71.719090599562904,-33.094631399726502],[-71.719059599600797,-33.094618499726302],[-71.719047699618201,-33.094595500076998],[-71.719027400387802,-33.094560100127303],[-71.718994099840202,-33.0945572997692],[-71.718978000233605,-33.094566199805001],[-71.718961899728797,-33.0946088997948],[-71.718959200291394,-33.0946382000526],[-71.718964500351603,-33.094674099684703],[-71.718945800122299,-33.094701100033603],[-71.718894800068696,-33.094716800374798],[-71.718878699563803,-33.0947324999606],[-71.718862599957305,-33.094759500291502],[-71.718851900123994,-33.094782000184701],[-71.718838499954899,-33.094806699863398],[-71.718814300239401,-33.094842600179298],[-71.7187768000679,-33.094856099952601],[-71.718748500441507,-33.094879100286299],[-71.718728500349997,-33.094927999869803],[-71.718691000178495,-33.094930299750999],[-71.718672200236199,-33.094909999684603],[-71.718657299880604,-33.094890400264802],[-71.718605099677703,-33.0948741001488],[-71.718564900068799,-33.0948808003631],[-71.718535400293206,-33.094901099683703],[-71.718519299788298,-33.094927999869803],[-71.718481699903805,-33.094968499896702],[-71.718487099677006,-33.094999899728201],[-71.718484400239504,-33.095026899977],[-71.718481699903805,-33.0950583998805],[-71.718481699903805,-33.0950921003095],[-71.718446900068002,-33.095166199815999],[-71.718422700352605,-33.095195399795301],[-71.718409300183495,-33.095226899638398],[-71.7184040001233,-33.095258300130197],[-71.718390599954205,-33.095296500133301],[-71.7183959000144,-33.095336999990501],[-71.7184548995656,-33.095341499638998],[-71.718513900015196,-33.095332500341797],[-71.718546100126503,-33.095330199718497],[-71.718559500295598,-33.095361700265897],[-71.718586400346794,-33.095375199959399],[-71.718591700407003,-33.095406599645599],[-71.718570299842,-33.0954358996376],[-71.718548799563905,-33.095460599885101],[-71.718556899672905,-33.095494300159899],[-71.718589000071205,-33.095536999699],[-71.718631999728899,-33.095557200280901],[-71.718631999728899,-33.095588699994401],[-71.718645399897994,-33.095613400198999],[-71.718691000178495,-33.095635799781398],[-71.718715100180901,-33.095651600047802],[-71.718739200183407,-33.095669600081202],[-71.718760699563006,-33.095694300263098],[-71.718795600010196,-33.095714500056303],[-71.718838499954899,-33.095741500085602],[-71.718849199788195,-33.095772899640998],[-71.718905499901993,-33.095806599796099],[-71.718948499559701,-33.0958448003135],[-71.718940400349098,-33.095919000030001],[-71.718929699617505,-33.095957199746003],[-71.718937700013399,-33.096008899794299],[-71.718918900071102,-33.096035799641399],[-71.7189430997865,-33.096071800299697],[-71.718959200291394,-33.096096500368603],[-71.7189430997865,-33.096134700007397],[-71.718905499901993,-33.096154899699499],[-71.718878699563803,-33.096177399988001],[-71.718870700066205,-33.096220099947899],[-71.718862599957305,-33.096244799975103],[-71.718849199788195,-33.0962784999492],[-71.718752700065494,-33.096325700210599],[-71.7187097004077,-33.0963347001587],[-71.718672200236199,-33.096366100254798],[-71.718607800013501,-33.096379599794098],[-71.718586400346794,-33.096384100141798],[-71.718484400239504,-33.0964493002202],[-71.718457599901399,-33.096469499839998],[-71.718401299787601,-33.0964941997971],[-71.718369099676195,-33.096507700069303],[-71.718355700405397,-33.096532400015697],[-71.718269899617695,-33.096590799809597],[-71.718218899564107,-33.0965930996474],[-71.718159900012793,-33.096620000068299],[-71.718100899563296,-33.096655999734701],[-71.718076699847799,-33.0966672001463],[-71.718033799903097,-33.096669499982099],[-71.718008199714205,-33.096647600365699],[-71.718001599791805,-33.096597599984101],[-71.718012400236404,-33.096559399793797],[-71.7179840997117,-33.096528500222703],[-71.717957199660503,-33.096508299863999],[-71.717943800389804,-33.096481300070202],[-71.7179157999024,-33.096440300283803],[-71.717905100069004,-33.096422299655799],[-71.717888999564195,-33.096388599736699],[-71.717854100015401,-33.096357100309902],[-71.7178084997349,-33.0963347001587],[-71.717782900444305,-33.096315000212599],[-71.717737300163805,-33.096261099836902],[-71.717707800388197,-33.096229600364403],[-71.717669000354505,-33.096231299662499],[-71.717636899956105,-33.096262799886901],[-71.717609999904894,-33.0962920002546],[-71.717591299675604,-33.096303199959998],[-71.7175429999578,-33.096325700210599],[-71.717500100013098,-33.096357100309902],[-71.717473199961901,-33.0963818996374],[-71.717430300017199,-33.096408800123001],[-71.717438400126099,-33.096437999689499],[-71.717467899901706,-33.096469499839998],[-71.717491999904198,-33.096503199727998],[-71.7174759002976,-33.096548100029899],[-71.717457100355404,-33.096579600140799],[-71.717451800295194,-33.096620000068299],[-71.717449099959396,-33.096669499982099],[-71.717422299621205,-33.096694199882997],[-71.717332300107898,-33.096688000261999],[-71.717312300016403,-33.096669499982099],[-71.717281300054296,-33.0966274000344],[-71.717238400109494,-33.096562200088101],[-71.717199699788793,-33.0965278996756],[-71.7171633000535,-33.096488000161898],[-71.717103100353,-33.0964717003422],[-71.717022599625494,-33.096483000116002],[-71.716985100352204,-33.096503199727998],[-71.7169555996783,-33.096509899818003],[-71.716917999793793,-33.096521200339502],[-71.716901900187295,-33.096566099879603],[-71.716872400411702,-33.096635800157799],[-71.7168885000182,-33.096676200059498],[-71.716939500071803,-33.0967054002898],[-71.716920700129506,-33.0967278996849],[-71.716829499568604,-33.096700899958499],[-71.716792000295399,-33.0966672001463],[-71.716766300393402,-33.096631800278303],[-71.716736799719499,-33.096589199857],[-71.716714199903606,-33.096570600217802],[-71.716695399961296,-33.096548100029899],[-71.716700799734497,-33.0964717003422],[-71.716668599623105,-33.096413299716602],[-71.716630999738598,-33.096379599794098],[-71.716633700074397,-33.0963414002617],[-71.716649799680894,-33.0963121999104],[-71.716645600056907,-33.096272300298899],[-71.716580100296298,-33.0962740003487],[-71.716537099740293,-33.096267300240598],[-71.716505000240204,-33.096235800017801],[-71.716479300338307,-33.096200399975999],[-71.716436400393604,-33.0961577000066],[-71.716360100188297,-33.096125700038897],[-71.716309199847601,-33.096121199677903],[-71.716295699965499,-33.096143699975102],[-71.716298400301298,-33.096170599780997],[-71.716317200243594,-33.096193100065598],[-71.716322600016696,-33.096231299662499],[-71.716333299850106,-33.0962784999492],[-71.716306500410198,-33.096298700360798],[-71.716259399943198,-33.096297000311402],[-71.716220599909505,-33.096258300285598],[-71.716181599551405,-33.096234099967198],[-71.716174999629004,-33.096202100027199],[-71.716156300298096,-33.096154899699499],[-71.716132099684302,-33.096136899765497],[-71.716097299848499,-33.096092000006102],[-71.716075399820198,-33.096078200147502],[-71.716046299794897,-33.09607849967],[-71.716022199792505,-33.096085299884201],[-71.716006100185993,-33.096103199737001],[-71.715995299741294,-33.096141400125603],[-71.715981899572199,-33.096166100174898],[-71.716003399850194,-33.096204299783601],[-71.715992700016898,-33.096235800017801],[-71.715965799965701,-33.096246999730397],[-71.7159294999433,-33.096247600279398],[-71.715881200225496,-33.096225100008802],[-71.715857100223005,-33.096193699862297],[-71.715800700396201,-33.096184699899801],[-71.7157620000755,-33.096190900308898],[-71.715727099628396,-33.096204299783601],[-71.715681500246205,-33.096211099987997],[-71.715658600392999,-33.096213900293399],[-71.715627899569895,-33.0962132997441],[-71.715604900003598,-33.096213900293399],[-71.715590299685303,-33.096226800059497],[-71.715611799963298,-33.096267300240598],[-71.715644000074704,-33.096289699656403],[-71.715700300188502,-33.096301000206203],[-71.715748599906405,-33.096303199959998],[-71.715783399742193,-33.096332400314203],[-71.715813000129103,-33.096361599906203],[-71.715839799568997,-33.096372899694103],[-71.715885399849398,-33.096397599678397],[-71.715888100185197,-33.096422299655799],[-71.715890699909593,-33.096456000314397],[-71.715882700411996,-33.0964717003422],[-71.715802199684404,-33.096489700207599],[-71.715765899662102,-33.0964543002681],[-71.715717599944199,-33.096449799924002],[-71.715673499850297,-33.096462799746803],[-71.715644000074704,-33.096469499839998],[-71.715623699945894,-33.096456600109398],[-71.715601100130002,-33.096408800123001],[-71.715595700356801,-33.096372899694103],[-71.715566199682897,-33.096336899911798],[-71.715515199629294,-33.096325700210599],[-71.715483000416199,-33.096323400365897],[-71.715464300186994,-33.096363899749903],[-71.715496399686998,-33.096406600371701],[-71.715485699853602,-33.096433500097199],[-71.715427899553305,-33.096443099829401],[-71.7153904002801,-33.0964386002372],[-71.715319400135002,-33.096451499970399],[-71.715281899963401,-33.096467300090197],[-71.715265800356903,-33.096507700069303],[-71.715214800303301,-33.096514400159101],[-71.715177300131799,-33.096532400015697],[-71.715163899962704,-33.096559399793797],[-71.715179899856196,-33.096588600062901],[-71.715212099967601,-33.096613299986601],[-71.715225500136697,-33.096628999986301],[-71.715228199574099,-33.096671699726699],[-71.715268499794306,-33.096696399627099],[-71.715281899963401,-33.096716700033497],[-71.715279199627702,-33.096775099704999],[-71.715260399685405,-33.096817800126999],[-71.715260399685405,-33.096853700374197],[-71.715281899963401,-33.096927899991599],[-71.715319400135002,-33.096963800193798],[-71.715322099572404,-33.096984099785999],[-71.715300600192705,-33.096997499892304],[-71.715257700248003,-33.097004300035401],[-71.715191899551797,-33.096995899947103],[-71.715148999607095,-33.096986900066703],[-71.715096800302504,-33.096986300275297],[-71.715030999606299,-33.096982399749898],[-71.714978800301793,-33.096997499892304],[-71.714938599794493,-33.097002000208398],[-71.714903700245699,-33.097019999965198],[-71.714842000358701,-33.097022299791703],[-71.714825899853906,-33.097040200206301],[-71.714817900356294,-33.097087400058697],[-71.714868799798595,-33.097145800236497],[-71.714879499631905,-33.097210999749898],[-71.714863400025394,-33.097242500375799],[-71.714898299574202,-33.097271699665498],[-71.714890300076604,-33.097296400149801],[-71.714843199609604,-33.097296999938997],[-71.714774899800204,-33.097253699960199],[-71.714737399628703,-33.097238000072103],[-71.7146972000197,-33.097251500230101],[-71.714643499630398,-33.097278399696997],[-71.714597900248194,-33.097296400149801],[-71.714568399574304,-33.097300899697899],[-71.714510600172304,-33.097290199818602],[-71.714467700227601,-33.097272200117096],[-71.714386000249107,-33.097264900295698],[-71.714356499575203,-33.097287400300097],[-71.714367200306896,-33.0973300997208],[-71.714399400418202,-33.097354800188597],[-71.714426199858096,-33.0973840001935],[-71.714423600133699,-33.09741099971],[-71.714420899797901,-33.097435700155202],[-71.714431599631297,-33.097469399672697],[-71.714444999800406,-33.097496399915599],[-71.714410199964604,-33.097527800349198],[-71.714343100304404,-33.097539099987202],[-71.714306800282102,-33.097535100148797],[-71.714258499665902,-33.097510399731597],[-71.714220899781395,-33.0974744997527],[-71.714186099945593,-33.097434000127798],[-71.714126999783005,-33.097436299943404],[-71.714125799633806,-33.097458200115902],[-71.714171399914306,-33.097491899624799],[-71.714200899689899,-33.097514400323703],[-71.714192900192302,-33.097554799821502],[-71.714144599576102,-33.097590799857699],[-71.714090999798003,-33.097579500226303],[-71.714054600062695,-33.0975530997965],[-71.714018600077694,-33.097507600220098],[-71.713990299553004,-33.097485700059998],[-71.7139419998351,-33.097483500335699],[-71.713903199801393,-33.097496399915599],[-71.713865699629807,-33.097505399743802],[-71.713820100247702,-33.097480700070797],[-71.713795899633894,-33.097451400007998],[-71.713763700420898,-33.097426700319801],[-71.713730099835999,-33.0974160997933],[-71.713683300304695,-33.097397500329102],[-71.7136618000266,-33.097366099848898],[-71.713630800064493,-33.097353100159701],[-71.713531600005993,-33.097335199808803],[-71.713474099742996,-33.097307599727202],[-71.713404299747097,-33.097294199668198],[-71.713353400304797,-33.097303100179403],[-71.713310399748707,-33.097325600174003],[-71.7132808999731,-33.097332400291698],[-71.7132219004219,-33.097334600019799],[-71.713178999578901,-33.097341300046502],[-71.713165600308102,-33.097377300170102],[-71.713165600308102,-33.097408699893698],[-71.713133400196696,-33.0974155000049],[-71.713093199689496,-33.097404299688598],[-71.713015400195999,-33.0974155000049],[-71.713012699860201,-33.097458200115902],[-71.713031499802497,-33.0975009002061],[-71.713106599858506,-33.0975255998734],[-71.713157599912194,-33.097541299710201],[-71.713203200192595,-33.097552600099],[-71.713224599859302,-33.097577299751798],[-71.713165600308102,-33.097583999759998],[-71.713160199636604,-33.097615500252303],[-71.713178999578901,-33.097635700356598],[-71.713211199690207,-33.097651400173703],[-71.713203200192595,-33.097673900079201],[-71.713173700417002,-33.097707600257998],[-71.713130699860997,-33.097747999667],[-71.713095900025195,-33.097783999623999],[-71.713066400249602,-33.097813200238903],[-71.712988599857795,-33.097849200169101],[-71.712954899559904,-33.097845200344899],[-71.7129146999509,-33.0978227998203],[-71.712860999561599,-33.097789099685698],[-71.712836899559093,-33.097753099730802],[-71.712769799898993,-33.097719400321999],[-71.712698900365197,-33.097700900259099],[-71.712650599748997,-33.097716600064601],[-71.712610400139994,-33.097725599870301],[-71.712562100422105,-33.097705399786697],[-71.712519199579106,-33.0976784003606],[-71.712417300083203,-33.097649199700903],[-71.712393100367706,-33.097655899703703],[-71.712348700236504,-33.097640799674302],[-71.712339600302698,-33.097612100204501],[-71.712284999801398,-33.097631599680099],[-71.712252900301294,-33.097622900134603],[-71.712223299914399,-33.0975933999392],[-71.712184000417395,-33.097637900077103],[-71.712184000417395,-33.097662599705899],[-71.712224200026299,-33.0976894997995],[-71.712258099750201,-33.097699000057197],[-71.712259099575107,-33.097721000253998],[-71.712237600195394,-33.097741200334099],[-71.7122295997995,-33.097763700216603],[-71.712242999968595,-33.097799600077401],[-71.712284999801398,-33.0978315000986],[-71.712261799910806,-33.097858099871601],[-71.712216199630404,-33.097867000325699],[-71.7121616000274,-33.097856299762697],[-71.712119600194598,-33.097846800274603],[-71.7120551999719,-33.097837799728701],[-71.712031099969494,-33.097810899680503],[-71.712019400311206,-33.097791099975403],[-71.711985499689007,-33.097772700017501],[-71.7119478998045,-33.097777200293798],[-71.711904999859797,-33.097790600279303],[-71.711853099694196,-33.097813599845203],[-71.711808500136996,-33.0978243997505],[-71.711756599971494,-33.0978023002424],[-71.711706500029806,-33.097790600279303],[-71.711658300024894,-33.097799600077401],[-71.711623399577803,-33.097826600218802],[-71.711606399859306,-33.097865200217001],[-71.711580499633101,-33.097896300250099],[-71.711541999636594,-33.097921400164601],[-71.711524099806297,-33.097943400305802],[-71.711582200143894,-33.097984300054101],[-71.7116153003672,-33.098001900004299],[-71.711598299750406,-33.098029299688903],[-71.711550999857494,-33.098031099794198],[-71.711521500081801,-33.098044599830402],[-71.7115161003087,-33.098060300326999],[-71.7114668995806,-33.098020299914303],[-71.711464200143098,-33.097991100120801],[-71.711438299916793,-33.097963699671702],[-71.7114088001412,-33.097963699671702],[-71.711384700138794,-33.097963699671702],[-71.711332799973306,-33.097946099713802],[-71.711266700137998,-33.097979400182702],[-71.711247900195801,-33.098004099715602],[-71.711262999977393,-33.098031500152103],[-71.711245199860002,-33.098055800065097],[-71.711226399917706,-33.098057999775101],[-71.711175499577095,-33.098084999837099],[-71.711164700030807,-33.098120999656103],[-71.711164700030807,-33.098161399627699],[-71.711190600256998,-33.098191099810997],[-71.711156699634898,-33.0982332998516],[-71.711116500025895,-33.098249000314397],[-71.711049400365695,-33.098249000314397],[-71.711005499697805,-33.098231499750398],[-71.710952800031706,-33.0981906001171],[-71.710952800031706,-33.098147900362001],[-71.710998400312107,-33.098118699858297],[-71.711046700029996,-33.098103000124702],[-71.711001099749595,-33.098055800065097],[-71.710931400364998,-33.098044599830402],[-71.710874100426196,-33.098076499762698],[-71.710864299806502,-33.098051299802997],[-71.710841900314904,-33.098024800177903],[-71.7108213998618,-33.097995099938402],[-71.710766800258796,-33.097984300054101],[-71.710706100196802,-33.097981599894602],[-71.710687300254506,-33.098013100244401],[-71.710723900314093,-33.098047299987897],[-71.710706100196802,-33.0980670002984],[-71.7106632002521,-33.098064799836102],[-71.710633699578096,-33.098062500036797],[-71.710574600313905,-33.098082800127798],[-71.710530800257303,-33.098072000254199],[-71.710536200030404,-33.098026999888702],[-71.710544200426398,-33.097988800319598],[-71.710495899810198,-33.097964100029898],[-71.710472699919606,-33.0979681999383],[-71.710437900083903,-33.097986100160298],[-71.710437900083903,-33.098006400268901],[-71.710472699919606,-33.098060300326999],[-71.710478099692807,-33.098103000124702],[-71.710478099692807,-33.098129900083599],[-71.710507600366697,-33.0981793998996],[-71.710513000139898,-33.098206299835098],[-71.710504900030998,-33.098228800351102],[-71.710531700369202,-33.098273799860699],[-71.710558600420399,-33.098289500316397],[-71.710507600366697,-33.098305200016704],[-71.710410099920793,-33.098247200213599],[-71.710332300427297,-33.0982293000448],[-71.710251799699705,-33.098195600065999],[-71.710152599641205,-33.098179800256801],[-71.710091799866106,-33.098199599874299],[-71.710050700145302,-33.098236000003297],[-71.710003299641002,-33.098258000065599],[-71.7099603996963,-33.098235599646401],[-71.709919200262405,-33.098202300027097],[-71.7098923999242,-33.098179800256801],[-71.709860199812894,-33.098148400056097],[-71.709720800145405,-33.098121400013497],[-71.709684200085704,-33.098120999656103],[-71.709617100425604,-33.098100700326498],[-71.709476700034898,-33.0981012000208],[-71.709329200258495,-33.098062999731397],[-71.709260400087501,-33.098064799836102],[-71.709201399638005,-33.098084999837099],[-71.709135999590302,-33.098072000254199],[-71.709123600144494,-33.098105199833498],[-71.709115500035594,-33.0981277003754],[-71.709075300426605,-33.098141199644203],[-71.709024300373002,-33.098143400104597],[-71.708989499638903,-33.098150200158997],[-71.708949200316894,-33.098165899884201],[-71.708922399978704,-33.0981906001171],[-71.708890199867398,-33.0982220996395],[-71.708831200316098,-33.098242300356901],[-71.708798100092906,-33.098258499759098],[-71.7087749002023,-33.0982782000223],[-71.708761500033205,-33.098303000312903],[-71.708749800375003,-33.098332600359299],[-71.708763199645702,-33.098361800039299],[-71.708807100313706,-33.0983883003153],[-71.708804399977893,-33.098408600330998],[-71.708785600035696,-33.0984399996862],[-71.708807100313706,-33.098469200083201],[-71.708836600089299,-33.098494000319903],[-71.708844599586897,-33.098529899882401],[-71.708875899586303,-33.098579799828599],[-71.708934900035899,-33.098604499945303],[-71.708996599922898,-33.098622500126503],[-71.709025699948199,-33.0986642002688],[-71.7089652002104,-33.098712999915698],[-71.708851699870905,-33.098674200112299],[-71.708795399757093,-33.098662899867598],[-71.708721199812999,-33.098691699835697],[-71.708679700341804,-33.098682700128897],[-71.708638500009599,-33.098710999646897],[-71.708640799696695,-33.098729899851797],[-71.708648800092604,-33.098761299844803],[-71.708677399756297,-33.0987820001288],[-71.708713200315302,-33.098797300139402],[-71.708731000432707,-33.098808999968497],[-71.708777599639703,-33.098849000022298],[-71.708777599639703,-33.098867000153398],[-71.708732000257598,-33.098891700189398],[-71.708640799696695,-33.098875899752798],[-71.708595200314605,-33.098851199712399],[-71.708537900375902,-33.098842699712101],[-71.708482500374004,-33.098855699933601],[-71.708441300041798,-33.098903400006002],[-71.708466399869096,-33.098929900118698],[-71.708514699586999,-33.098972600246498],[-71.7085593997556,-33.098986499739098],[-71.708589799643093,-33.099019699725503],[-71.708589799643093,-33.099049000018098],[-71.708630000150393,-33.099062399809704],[-71.708663999587202,-33.099087600232103],[-71.708654199865805,-33.099120900268503],[-71.708613000431896,-33.099143800150699],[-71.708581800145495,-33.099170300190799],[-71.708579099809697,-33.099203999795897],[-71.708554900094299,-33.099228699737203],[-71.708529899979993,-33.099226899656401],[-71.708490599584593,-33.099201700026498],[-71.708445000202403,-33.099179299847698],[-71.708426200260206,-33.099147799915798],[-71.708380599979705,-33.099150099686703],[-71.7083537996415,-33.099174799643102],[-71.708356499977299,-33.099208499999001],[-71.708375200206504,-33.0992331999391],[-71.708399399922001,-33.099273700239998],[-71.708436900093503,-33.099284900318203],[-71.708457399648296,-33.099296600082397],[-71.708466399869096,-33.099318599879297],[-71.708495899644802,-33.099343299788401],[-71.708532499704404,-33.099366200365097],[-71.708525400318706,-33.099383800038602],[-71.708498599980501,-33.0994196999903],[-71.708498599980501,-33.099455700015099],[-71.708506700089401,-33.099496100125798],[-71.708487900147105,-33.099536500217901],[-71.708449400150698,-33.099557200319403],[-71.708427899872703,-33.099581900161397],[-71.708403799870297,-33.0996268997309],[-71.708379699867805,-33.099651600305798],[-71.708301900374295,-33.099685299726403],[-71.708275100036104,-33.099694300083101],[-71.708226800318201,-33.099718999886598],[-71.708191899871096,-33.099725699731501],[-71.708151700262206,-33.099723500063298],[-71.708106099981705,-33.099718999886598],[-71.708052399592404,-33.099680800300298],[-71.708022899816797,-33.099624599972501],[-71.707979999871995,-33.099588700104498],[-71.707963900265497,-33.0995481999487],[-71.707942499700493,-33.099505500100499],[-71.707923699758197,-33.099483099999098],[-71.707939800263105,-33.0994404001192],[-71.707939800263105,-33.099404400088098],[-71.707958600205302,-33.099375200001901],[-71.7079532004322,-33.099325800194698],[-71.707931700154205,-33.099314500033898],[-71.707908500263599,-33.099318599879297],[-71.707836099644993,-33.099318599879297],[-71.707819099926496,-33.099292099883797],[-71.707825399811597,-33.099210699680199],[-71.707790500262803,-33.099156800327499],[-71.707720799979896,-33.099138800255801],[-71.707683200095403,-33.099147799915798],[-71.707658100268105,-33.099190999626003],[-71.707642999588103,-33.099208499999001],[-71.707610800375093,-33.099228699737203],[-71.707551799925596,-33.099226500056602],[-71.707516000264803,-33.099202199714597],[-71.707490100038598,-33.099190499937798],[-71.707441800320694,-33.099195000141599],[-71.707423000378398,-33.099219700085399],[-71.707423000378398,-33.099246699790598],[-71.7074256998159,-33.099289399764501],[-71.707454300377904,-33.0993325000697],[-71.707455199591493,-33.099363500248103],[-71.707467699648603,-33.099399899895097],[-71.707491799651095,-33.099426900297402],[-71.707491799651095,-33.099460599804097],[-71.707473100320101,-33.099478599810098],[-71.707408700097403,-33.099460599804097],[-71.707376499986097,-33.099449399748501],[-71.707349699647907,-33.099478599810098],[-71.707301399930003,-33.099478599810098],[-71.707269199818597,-33.0994404001192],[-71.707258499985301,-33.099417899913398],[-71.707220900100793,-33.099379700196202],[-71.707181599705393,-33.099390499909099],[-71.707148500380399,-33.099424599781301],[-71.707124400378007,-33.099453899939],[-71.707097600039802,-33.099471799858499],[-71.707084199870707,-33.0995009999126],[-71.707003700041497,-33.0995481999487],[-71.706998300268296,-33.099584199920898],[-71.706955400323594,-33.099586400345103],[-71.706933900045598,-33.099602199901497],[-71.706917900152007,-33.099624599972501],[-71.706885700040701,-33.099620099790698],[-71.7068803002675,-33.099588700104498],[-71.706864199762705,-33.099541500090197],[-71.706874899596002,-33.099487600187899],[-71.706920499876503,-33.099480800236996],[-71.706939299818799,-33.099433600164701],[-71.706939100392802,-33.099410700358],[-71.706988499648602,-33.099370300208101],[-71.707006400377196,-33.099329499687698],[-71.706996599757503,-33.099284900318203],[-71.706983199588393,-33.099253399671603],[-71.706955400323594,-33.099208900351499],[-71.706936600381297,-33.0991841996522],[-71.706921499701394,-33.099125399723299],[-71.706920499876503,-33.099094300125202],[-71.706920499876503,-33.099053899829798],[-71.706866900098404,-33.099038200263301],[-71.706806100323405,-33.099006299927403],[-71.706767700039904,-33.098982000277097],[-71.706752499646996,-33.098947800144799],[-71.706716699986302,-33.098925800255103],[-71.706637199981998,-33.098925399901297],[-71.706628199761099,-33.098885399882299],[-71.706642500042193,-33.098851199712399],[-71.706626400435596,-33.098830999887397],[-71.706594200324304,-33.0988535002435],[-71.706559399590105,-33.0988535002435],[-71.706537000098507,-33.098820200105799],[-71.706508400434899,-33.098797300139402],[-71.706468199927599,-33.098797300139402],[-71.7064065000406,-33.098828800196799],[-71.706351900437596,-33.098847199933701],[-71.706291200375603,-33.098840000331599],[-71.706232100213001,-33.098830999887397],[-71.706194600041499,-33.098857999712003],[-71.706194600041499,-33.098884900192402],[-71.706221400379704,-33.098911900000402],[-71.706221400379704,-33.098927600342101],[-71.706208000210594,-33.098972600246498],[-71.706229499590293,-33.098994999725399],[-71.706260699876694,-33.099009000055297],[-71.706304599646302,-33.099057900351703],[-71.706301900208899,-33.099107399645099],[-71.706283100266603,-33.0991276001591],[-71.706266999761795,-33.099147799915798],[-71.706274100045803,-33.099177499765901],[-71.706296500435698,-33.099197299911197],[-71.706346499766099,-33.099220199773498],[-71.706347499591004,-33.0992398998211],[-71.706326000211305,-33.0992578998721],[-71.706280399930904,-33.099273700239998],[-71.706212400158805,-33.099235900060002],[-71.706183900208103,-33.099226500056602],[-71.706130199818702,-33.0992219998544],[-71.706049799702498,-33.099201700026498],[-71.706005899932904,-33.099155000245297],[-71.705950499931006,-33.099132100365999],[-71.705904899650605,-33.099138800255801],[-71.705855699820802,-33.099166200338502],[-71.705832499930196,-33.099170300190799],[-71.705773500378996,-33.0991545998926],[-71.705725199762796,-33.099136599820298],[-71.705689400102102,-33.099134799737598],[-71.705642100209104,-33.099120900268503],[-71.705593799592904,-33.099089400315698],[-71.705620599931095,-33.099040000347898],[-71.705598200439496,-33.098995500167298],[-71.705593799592904,-33.098952300360999],[-71.705557999932196,-33.098928100031799],[-71.705523100383402,-33.0989191003492],[-71.705462400321395,-33.098923100124601],[-71.705435500270198,-33.098938899800103],[-71.705411400267707,-33.098950099920899],[-71.705368500323004,-33.098927600342101],[-71.705328200102798,-33.098927600342101],[-71.705306800436105,-33.098954600136999],[-71.705317500269402,-33.098997300252798],[-71.705341699984899,-33.0990332003623],[-71.705320199706804,-33.099071400230102],[-71.705312200209207,-33.099111899853099],[-71.705320199706804,-33.099138800255801],[-71.705356799766506,-33.099173000313797],[-71.705383600104696,-33.099202199714597],[-71.705399699711194,-33.099238099740496],[-71.705418499653405,-33.099253900111897],[-71.705429200385097,-33.099274099839697],[-71.705430200210003,-33.099300599840603],[-71.705405999596294,-33.099320800310203],[-71.705351399993305,-33.099287599684999],[-71.705308500048602,-33.099276300271697],[-71.705290699931197,-33.099275899919498],[-71.705287999595498,-33.099336599914203],[-71.705274600324699,-33.099363500248103],[-71.705290699931197,-33.099392700338299],[-71.705268300439599,-33.099404400088098],[-71.705218300210902,-33.099401699972297],[-71.705196799932907,-33.099408499929403],[-71.705151199652406,-33.099448900061702],[-71.705065399763001,-33.099451199824699],[-71.704987600269504,-33.099446699634001],[-71.704963500267098,-33.099457899690101],[-71.704917899986597,-33.099466900069999],[-71.704883000437803,-33.099469099744702],[-71.704826700324105,-33.099442200195703],[-71.704812300330005,-33.099413399721001],[-71.704754299705399,-33.099392700338299],[-71.704724700216801,-33.099430900049803],[-71.704652299598195,-33.099446699634001],[-71.704582600213598,-33.099408499929403],[-71.704557500386201,-33.099373000324903],[-71.704544100217106,-33.099334799835702],[-71.7045181999909,-33.099305100038798],[-71.704459200439601,-33.099284900318203],[-71.704399299878204,-33.099314500033898],[-71.704365300441296,-33.099336599914203],[-71.704346600212006,-33.099266900272603],[-71.704327800269795,-33.099235499707703],[-71.704284900325007,-33.099195000141599],[-71.704240999657102,-33.0991841996522],[-71.704201700160098,-33.0991724998729],[-71.704174899821894,-33.099143299709603],[-71.704148100382,-33.0991276001591],[-71.704105200437297,-33.099147799915798],[-71.704083700159302,-33.099174799643102],[-71.704062199881307,-33.099195000141599],[-71.704013999876395,-33.099206200229702],[-71.703960300385305,-33.099215199882899],[-71.703933500047199,-33.099237700140698],[-71.703928100273998,-33.099266900272603],[-71.703906699708995,-33.0992984001617],[-71.703866400387,-33.099325299754803],[-71.703847700157695,-33.099347799984301],[-71.703839600048795,-33.0993747996501],[-71.703869099824402,-33.099399500296002],[-71.703855699655307,-33.099426399858103],[-71.703799400439905,-33.099433199813198],[-71.703786000270796,-33.0994758996965],[-71.703788699708198,-33.099509599937001],[-71.703809200161302,-33.099546000276],[-71.703831599652901,-33.099574699866899],[-71.703857499879206,-33.099617900119803],[-71.703908400219802,-33.099604400325298],[-71.703955000325195,-33.099576999626599],[-71.703971000218701,-33.099619700192598],[-71.703988900048998,-33.099676300121303],[-71.704038099878801,-33.099711800355898],[-71.704083700159302,-33.099731999978403],[-71.704105200437297,-33.099759000278802],[-71.7041391001612,-33.099757200208799],[-71.704188299991003,-33.099756699771298],[-71.704223200438093,-33.099772500049497],[-71.704243699992901,-33.099808900279697],[-71.704268799820198,-33.0998196999398],[-71.704317100436398,-33.099833100366403],[-71.704325099933996,-33.099871299886502],[-71.704333100329904,-33.099896099727701],[-71.704329499882306,-33.099930200156201],[-71.704300999931604,-33.099963499873397],[-71.704282199989294,-33.099988200353799],[-71.704273199768494,-33.100029099903097],[-71.704275900104193,-33.100051499865302],[-71.704294700046503,-33.100073999909],[-71.704334899655393,-33.1000673000906],[-71.704361699993598,-33.100044800045197],[-71.704399299878204,-33.100033600064002],[-71.704426100216395,-33.100080799814002],[-71.704393900105003,-33.100134700105102],[-71.704372399826994,-33.100163899938998],[-71.704351000160301,-33.100195300172203],[-71.704353699597704,-33.100233500287402],[-71.704375100162693,-33.100274000127499],[-71.704401899602601,-33.100298699768103],[-71.704415400382999,-33.1003347001854],[-71.704455599992002,-33.100343599636197],[-71.704474399934199,-33.100359399809001],[-71.704517299878901,-33.100375099892098],[-71.704552099714704,-33.100381799687],[-71.704562900159402,-33.100417800070403],[-71.704560199823703,-33.100451499949699],[-71.704568200219597,-33.100483000166797],[-71.704589699599296,-33.100514400286002],[-71.704613799601702,-33.100557099644099],[-71.704587000161894,-33.100577299824899],[-71.704536099821198,-33.100595300354598],[-71.704474399934199,-33.100557099644099],[-71.704420700443194,-33.100541400346003],[-71.704375100162693,-33.100521200156997],[-71.704340300326905,-33.1004806996783],[-71.7042972997709,-33.1004806996783],[-71.7042972997709,-33.100514400286002],[-71.704286599937603,-33.100543599993799],[-71.704216899654696,-33.100534599724099],[-71.704182000105902,-33.100525600205998],[-71.704125699992105,-33.100527899940801],[-71.704109600385607,-33.100568300311203],[-71.704082800047402,-33.100588599823404],[-71.7040317999938,-33.100593099955603],[-71.703956699937706,-33.100579600310901],[-71.703921800388898,-33.100572799691903],[-71.703895000050693,-33.100615499774101],[-71.703862799939301,-33.100637999673403],[-71.703790400219006,-33.100637999673403],[-71.703747500274304,-33.100631299897998],[-71.703715300162997,-33.100610999643003],[-71.703709900389796,-33.100577299824899],[-71.703675099655698,-33.100554899996702],[-71.703637499771105,-33.100503200364599],[-71.703607999995498,-33.100489699953499],[-71.703554400217499,-33.100485199815999],[-71.703516800332906,-33.100483000166797],[-71.703481899885801,-33.100469499752599],[-71.703449800385798,-33.100476200292903],[-71.703409500165506,-33.100503200364599],[-71.703393399660698,-33.100527899940801],[-71.7033773000542,-33.100559300043997],[-71.703353200051694,-33.1005863000902],[-71.703339799882599,-33.100604299865601],[-71.703337100445196,-33.100624500035501],[-71.703350499715995,-33.100649200330103],[-71.703398800332195,-33.1006693997372],[-71.703393399660698,-33.100687400248098],[-71.703361200447603,-33.100682900120702],[-71.703329100049302,-33.100680699723902],[-71.703315600167201,-33.1006987002324],[-71.703283499768801,-33.100707599646398],[-71.703221799881803,-33.100709900128898],[-71.703208399712807,-33.100721100024003],[-71.703202999939606,-33.100736900128901],[-71.703192300106195,-33.100752600144503],[-71.703149400161493,-33.100754799786998],[-71.703127899883498,-33.100739099771801],[-71.703111800277,-33.100696399749602],[-71.703087700274594,-33.1006605003194],[-71.703056400275102,-33.100603800185397],[-71.703008099658902,-33.100590399876303],[-71.702983999656496,-33.100590399876303],[-71.702930300165406,-33.100592600275398],[-71.702875800275393,-33.100626799767703],[-71.702862400106298,-33.100656000190703],[-71.702839200215806,-33.100677999647303],[-71.702817699937796,-33.1007162003053],[-71.702788200162203,-33.100754400194099],[-71.702803299943795,-33.100781799773202],[-71.702769400219907,-33.100799299829397],[-71.702698700112094,-33.100772800280403],[-71.702672899598895,-33.1007858002164],[-71.702650500107197,-33.100831200267102],[-71.702619200107804,-33.100835300041702],[-71.702551200335705,-33.100824499753799],[-71.702495800333807,-33.100828500195099],[-71.702477100104602,-33.100833000314999],[-71.702444899993196,-33.100855500158602],[-71.702434100446894,-33.100887000230998],[-71.702439500219995,-33.100922900321201],[-71.702474399768803,-33.100958899730301],[-71.702498499771295,-33.100988100042898],[-71.702509199604606,-33.101019499981703],[-71.702506599880195,-33.1010419997775],[-71.702479699828999,-33.101107100077499],[-71.702511899940404,-33.1011295998509],[-71.702513700164204,-33.101161500168601],[-71.702497599659395,-33.101183999928097],[-71.702462700110601,-33.101190699661402],[-71.702412699881805,-33.1011767997649],[-71.702387600054493,-33.1011547996806],[-71.702344700109805,-33.101109800140897],[-71.702308100050203,-33.101091400125199],[-71.702267799829897,-33.101082399911597],[-71.702214200051799,-33.101084699631798],[-71.702179299604694,-33.1011048996913],[-71.702157899938001,-33.101134099955402],[-71.702117599717795,-33.101174600133],[-71.702090800277901,-33.1011969998033],[-71.702063099827797,-33.101251399838802],[-71.702072000335605,-33.101293599915103],[-71.702063999939696,-33.101318400107402],[-71.702015700221807,-33.101331800305502],[-71.701979899662803,-33.101309800259997],[-71.701990600394495,-33.101217700266197],[-71.701991600219401,-33.101183500251302],[-71.701991600219401,-33.101147600267502],[-71.701956699772296,-33.101093699845201],[-71.701929900332402,-33.101066699954799],[-71.701894999885297,-33.101048700274198],[-71.701859200224604,-33.101042400121699],[-71.701814500056102,-33.101044200165298],[-71.701776999884501,-33.101037499668301],[-71.701743899661196,-33.101022200047801],[-71.701688499659397,-33.101039700056198],[-71.701656300446302,-33.101062199846901],[-71.701631199720694,-33.101069400019497],[-71.701597299996806,-33.101073399697],[-71.701567800221198,-33.101093699845201],[-71.701551699716305,-33.1011161002886],[-71.701551699716305,-33.1011452997964],[-71.701559700112199,-33.101194800171903],[-71.701540000058102,-33.101240200011297],[-71.701532899774094,-33.101273399898901],[-71.701500699662702,-33.101320599735701],[-71.701503399998401,-33.101343100207004],[-71.701559700112199,-33.101388000294101],[-71.701582900002805,-33.101410900338102],[-71.7016053003927,-33.101441899783502],[-71.701647300225503,-33.101471600363404],[-71.701683099886196,-33.101507099872798],[-71.701701899828393,-33.1015317999193],[-71.701738499888094,-33.101554699925899],[-71.701785000280495,-33.101576799995499],[-71.701816300279901,-33.101592900202803],[-71.701841400107199,-33.1016105001829],[-71.701857499713796,-33.1016328997421],[-71.701851199828695,-33.101653600102303],[-71.701829700448997,-33.101685099888599],[-71.701816300279901,-33.101696299659402],[-71.701746599996994,-33.101705299810199],[-71.701723400106502,-33.1016644002883],[-71.701701899828393,-33.101646399977597],[-71.701655400334403,-33.101637900247603],[-71.701616099939002,-33.101626200042503],[-71.701582900002805,-33.101615399851802],[-71.701524900276496,-33.101592499861098],[-71.701484600056204,-33.101579000369803],[-71.701433699715594,-33.101565500124003],[-71.701382699661906,-33.101565500124003],[-71.701345200388701,-33.101608199723898],[-71.701322799998806,-33.101653600102303],[-71.701310299941596,-33.1016867998338],[-71.701302199832696,-33.101720600064297],[-71.701288799663601,-33.101760999886402],[-71.701267399996894,-33.1017992000736],[-71.701264699661095,-33.101826199738902],[-71.701271799945104,-33.101871499919604],[-71.701263800447506,-33.101918700187703],[-71.701242300169497,-33.1019434001186],[-71.70118329972,-33.101927700315699],[-71.701166900076203,-33.101875400228103],[-71.701168100225402,-33.1018419003125],[-71.701176200334302,-33.101772199647499],[-71.7011841998319,-33.1017385002746],[-71.701168100225402,-33.101671099984998],[-71.701143100110997,-33.101655799722302],[-71.701109099775806,-33.101673399689801],[-71.701106400338404,-33.101720600064297],[-71.701109099775806,-33.101765499958603],[-71.701093000169294,-33.101819399968903],[-71.7010768996645,-33.1018598998307],[-71.701068900166902,-33.101900300341299],[-71.701065299719204,-33.101923200251797],[-71.701049200112706,-33.101986100287398],[-71.701035799943597,-33.102064800144198],[-71.7010759995526,-33.1020714998103],[-71.701083999948494,-33.102103000199399],[-71.701051900448405,-33.102147899898299],[-71.701043800339505,-33.1021635996619],[-71.701019700337099,-33.102231000326299],[-71.701025000397294,-33.102276000044398],[-71.701027699834697,-33.102316400363698],[-71.700987500225693,-33.102363599640398],[-71.700939199609493,-33.102363599640398],[-71.700858699780298,-33.102329899741697],[-71.700805100002199,-33.102302900231201],[-71.700767500117706,-33.102334399784802],[-71.700708499668195,-33.102287199739898],[-71.700681700228301,-33.1022669999521],[-71.700635000409903,-33.102250500282203],[-71.700601300111998,-33.102255800254099],[-71.7005771003966,-33.1022669999521],[-71.700555699831597,-33.102316400363698],[-71.700480599775503,-33.102334399784802],[-71.700405499719395,-33.102320899654998],[-71.700346399556906,-33.102320899654998],[-71.700276700172296,-33.102318700051697],[-71.700244500061004,-33.102316400363698],[-71.700198899780503,-33.102316400363698],[-71.700129200395907,-33.102323200095299],[-71.700080899779707,-33.102311900319798],[-71.700043399608205,-33.1023051999194],[-71.700008500059397,-33.102287199739898],[-71.699995099890302,-33.1022669999521],[-71.699944099836699,-33.102237800064401],[-71.699917300396805,-33.102224299919797],[-71.699877099889505,-33.102206299723697],[-71.699842200340697,-33.102201799674098],[-71.6998234003985,-33.102222100314101],[-71.699842200340697,-33.1022647002629],[-71.699879699614002,-33.1022895001812],[-71.699919999834293,-33.102318700051697],[-71.699962899778996,-33.102327700138702],[-71.699995099890302,-33.102354600309603],[-71.699995099890302,-33.102377099763601],[-71.699995099890302,-33.102404100003902],[-71.699992399554603,-33.102426500113303],[-71.699962899778996,-33.102451199901502],[-71.699930699667604,-33.102473700083301],[-71.699889800270995,-33.102504799990697],[-71.699828800171701,-33.102523099626197],[-71.699785900226999,-33.102523099626197],[-71.699734900173297,-33.102520900027997],[-71.699694699666097,-33.1024938998236],[-71.699689299892896,-33.102453500338399],[-71.699694699666097,-33.102417500036402],[-71.6996677996149,-33.102372599722798],[-71.6996677996149,-33.102327700138702],[-71.699635700114797,-33.102302900231201],[-71.699622200232696,-33.102273700355397],[-71.699615099948701,-33.102232800345597],[-71.699600799667706,-33.102186099917297],[-71.699547100176702,-33.102125399633003],[-71.699523000174196,-33.102096199698302],[-71.699512300340899,-33.102051299972999],[-71.699481000341393,-33.102026099647802],[-71.699448800230101,-33.102008200248598],[-71.699431799613293,-33.101979399862302],[-71.699430100000797,-33.101945200143803],[-71.6994031999496,-33.101907000019999],[-71.699346899835803,-33.101922799911698],[-71.699314699724496,-33.101956499966398],[-71.699255700173197,-33.1019655000905],[-71.699234299608193,-33.102012600223198],[-71.699234299608193,-33.102050800301001],[-71.699234299608193,-33.102089000362298],[-71.699202100395198,-33.1021069998299],[-71.699150200229596,-33.102129899686503],[-71.699118900230204,-33.102165399682498],[-71.699121599667606,-33.1022014000878],[-71.699099200175993,-33.102253599896699],[-71.699093900115798,-33.102276000044398],[-71.699105500061094,-33.102302499892801],[-71.699118900230204,-33.102327199715802],[-71.699108200396793,-33.102354199971401],[-71.699078699722904,-33.102390100214798],[-71.699056300231305,-33.102401800318198],[-71.699030400005,-33.102408100373196],[-71.698998199893694,-33.102446300279198],[-71.698982100287097,-33.102452999916302],[-71.698939200342394,-33.1024260997754],[-71.698962400232901,-33.102379300117903],[-71.698986599948398,-33.102334399784802],[-71.698979499664404,-33.102282300108499],[-71.698967800006102,-33.102255800254099],[-71.698967800006102,-33.102233300016501],[-71.698954399837007,-33.1021884003612],[-71.6989311999465,-33.102187899937498],[-71.698904399608296,-33.102185700330899],[-71.698885599666099,-33.102154199971501],[-71.698863200174401,-33.102132200131898],[-71.698822899954195,-33.102100699753301],[-71.698778300396995,-33.102050800301001],[-71.698719299947399,-33.102046400328398],[-71.698687099835993,-33.102057600053101],[-71.6987165996117,-33.102093499665202],[-71.698751500058805,-33.102111499884401],[-71.698790799555795,-33.102129899686503],[-71.698810499610005,-33.102158700023502],[-71.698802400399401,-33.102183399886997],[-71.698770200287996,-33.1022080997435],[-71.698748799723006,-33.102223900333598],[-71.698729999780696,-33.1022576002728],[-71.698727300343293,-33.102277800062801],[-71.698729999780696,-33.102311499981397],[-71.698738099889695,-33.102342900199901],[-71.698772899725398,-33.102360900367998],[-71.698790799555795,-33.102388300198697],[-71.6988157996702,-33.102408100373196],[-71.698818500005899,-33.102421599737099],[-71.698818500005899,-33.1024553003531],[-71.698778300396995,-33.102500199871997],[-71.698743399949805,-33.102538399738002],[-71.6987174997236,-33.102564100337801],[-71.698696899557504,-33.102595000044602],[-71.698648599839601,-33.102646699951201],[-71.698576200119305,-33.102687200184199],[-71.698517199669695,-33.102687200184199],[-71.698484999558403,-33.102700600173598],[-71.698468899951806,-33.102711899899099],[-71.698423299671404,-33.102718600268503],[-71.698388400122596,-33.102696100149302],[-71.6983777002892,-33.102669200083],[-71.698374999953501,-33.102628699841603],[-71.698310599730803,-33.102574800327602],[-71.698259700288503,-33.102547900224103],[-71.698239199835399,-33.102563100247202],[-71.698247200231293,-33.102612599824099],[-71.698268699611006,-33.102641800339804],[-71.698313300066502,-33.102673700108603],[-71.698308000006307,-33.102720899945901],[-71.698291900399795,-33.102750099673003],[-71.698267699786101,-33.102785999754701],[-71.698227500177097,-33.102810700194397],[-71.6981712000633,-33.102797300221802],[-71.698152400121003,-33.102747799996401],[-71.698126499894798,-33.102738400368501],[-71.698080000400694,-33.102734299930098],[-71.698059499947604,-33.102731599916602],[-71.698027299836298,-33.102740599961301],[-71.698011200229701,-33.102756399703097],[-71.697959300064198,-33.102779300143098],[-71.697909299835501,-33.102774299702503],[-71.697879700346903,-33.102729400323597],[-71.697873399563505,-33.1026803997283],[-71.697857399669999,-33.102642199924098],[-71.697819799785407,-33.102592799695699],[-71.697785900061504,-33.102563100247202],[-71.697756400285897,-33.102529399672498],[-71.697750100400796,-33.102489399788702],[-71.697750999614399,-33.102437300204301],[-71.697734900007902,-33.102403600334],[-71.697708099669697,-33.102392399900801],[-71.697683899954299,-33.102412599659701],[-71.697683899954299,-33.102464299673599],[-71.697683899954299,-33.102495699837498],[-71.697659799951893,-33.102500199871997],[-71.697632999613703,-33.102471000061797],[-71.697598100064894,-33.102473299745697],[-71.697557899557594,-33.102446300279198],[-71.697539099615298,-33.102387899860702],[-71.697493500233193,-33.102329500155903],[-71.697463100345701,-33.102300699874903],[-71.697418400177099,-33.102279999667097],[-71.697393300349802,-33.102314200007797],[-71.697383499729995,-33.102327199715802],[-71.697351400230005,-33.102306999937198],[-71.697323600066895,-33.1022647002629],[-71.697269899677494,-33.102204100117604],[-71.697241399726806,-33.102178899836197],[-71.697206500177998,-33.102145199866698],[-71.697190399673204,-33.1020958001114],[-71.697182400175606,-33.102050800301001],[-71.697141199843401,-33.102015300258799],[-71.697093899950403,-33.102005899799998],[-71.697050000180795,-33.102024299624297],[-71.697034900399203,-33.1020642997198],[-71.697021399618805,-33.102089000362298],[-71.696994600178897,-33.102129500099899],[-71.697002700287797,-33.102169899734001],[-71.696997299616299,-33.102185700330899],[-71.696957100007396,-33.102185700330899],[-71.696924899896004,-33.102163200075303],[-71.696907900177607,-33.102062499697098],[-71.6968712004049,-33.102019399978197],[-71.696862299897106,-33.101990600348103],[-71.696838100181694,-33.101959200003698],[-71.696803199734603,-33.101918700187703],[-71.696758600177304,-33.101900300341299],[-71.696712999896903,-33.101913799783198],[-71.696690600405304,-33.101968200127502],[-71.696664700178999,-33.102003700188803],[-71.696624499671699,-33.1020440998808],[-71.696592299560393,-33.1020642997198],[-71.696576199953896,-33.102023900037103],[-71.696560100347298,-33.101974400128697],[-71.696527000123993,-33.101963700065802],[-71.696524299788294,-33.101916499821797],[-71.696570800180695,-33.101871100331799],[-71.696594999896107,-33.101821699669799],[-71.696592299560393,-33.101788000315899],[-71.696575299841896,-33.101759199857497],[-71.696546700178203,-33.101731799830603],[-71.696518900015107,-33.1017120002562],[-71.696511799731098,-33.101671099984998],[-71.696428700177506,-33.101617199883698],[-71.696331199731503,-33.101595199909603],[-71.696315100124906,-33.101556999633701],[-71.696277500240399,-33.101532300346697],[-71.696238199845098,-33.101529600296303],[-71.696200699673497,-33.101529600296303],[-71.696165800124703,-33.101547499793],[-71.696122900180001,-33.101570000206202],[-71.696082699672701,-33.101563299749301],[-71.6960093001275,-33.101588400121699],[-71.695945899729693,-33.101583499698798],[-71.695897600011804,-33.101583499698798],[-71.695862699564699,-33.101583499698798],[-71.695809099786601,-33.101554300336602],[-71.695776899675295,-33.101565500124003],[-71.695760800068797,-33.101587999780101],[-71.695768900177697,-33.101614900177402],[-71.695771499902094,-33.101671099984998],[-71.695696399846099,-33.1016778997665],[-71.695677699616795,-33.101673399689801],[-71.695666900070407,-33.101722799682598],[-71.695680300239502,-33.101772199647499],[-71.695709800015095,-33.101830599722597],[-71.695763500404496,-33.101893599909602],[-71.695782300346806,-33.101922799911698],[-71.695833199789107,-33.101963199640799],[-71.695844000233805,-33.101978900189899],[-71.695883200017803,-33.101995099656001],[-71.695911000180899,-33.102014899918998],[-71.695956599563004,-33.102048599938499],[-71.695962000234502,-33.102071100223398],[-71.695905600407698,-33.102086800000698],[-71.6958430004088,-33.102069300200803],[-71.695806400349198,-33.102041900270599],[-71.695771499902094,-33.102023900037103],[-71.695723299897196,-33.102023900037103],[-71.695688400348502,-33.102037400212602],[-71.695696399846099,-33.102077799889003],[-71.695747399899702,-33.102109300275799],[-71.695809099786601,-33.102145199866698],[-71.695841299898007,-33.1021767002294],[-71.695880600293407,-33.102210799773097],[-71.695986100236993,-33.102248600178697],[-71.696019999960896,-33.102271499998402],[-71.696037100290596,-33.1023250001127],[-71.696050499561395,-33.102351900284397],[-71.696079000410407,-33.102392800238803],[-71.696066600066203,-33.102428300128601],[-71.696039799727998,-33.102421599737099],[-71.695935100183306,-33.102349699929398],[-71.695889499902904,-33.1023250001127],[-71.695853700242196,-33.102287199739898],[-71.695833199789107,-33.102248600178697],[-71.695789399732504,-33.102231000326299],[-71.695746499787802,-33.102215299822198],[-71.695701799619201,-33.102178899836197],[-71.695666900070407,-33.102223900333598],[-71.695656200237096,-33.102266500281402],[-71.695656200237096,-33.102322699672399],[-71.695675000179406,-33.102365399656897],[-71.695688400348502,-33.102401399980202],[-71.695688400348502,-33.102439599889102],[-71.695720599561497,-33.102486699767702],[-71.695758099732998,-33.102513699974303],[-71.695782300346806,-33.102560899897497],[-71.695787600407002,-33.102592300026799],[-71.695818900406394,-33.102644500356099],[-71.695817100182595,-33.102675500118799],[-71.695790299844404,-33.102691199788197],[-71.695747399899702,-33.102702400183297],[-71.695715199788296,-33.102702400183297],[-71.695665999958507,-33.102675899703002],[-71.6956374002948,-33.102621599880997],[-71.695598900298407,-33.102534400127098],[-71.695578399845303,-33.102486699767702],[-71.695531900351199,-33.102446699864402],[-71.695497900015994,-33.1024148000132],[-71.695489000406496,-33.1023748000772],[-71.695479199786803,-33.102340699844603],[-71.695432599681396,-33.102298500271097],[-71.695381700239096,-33.102271499998402],[-71.695342399843696,-33.102244100131202],[-71.695311900243198,-33.102213100216296],[-71.695277100407395,-33.102199600067799],[-71.695235099676296,-33.1022125997928],[-71.695176100125096,-33.102266500281402],[-71.695146600349403,-33.1022958002442],[-71.695173399789297,-33.102354199971401],[-71.695189500294205,-33.102394600254698],[-71.6951564000709,-33.102408499958599],[-71.695108100352996,-33.102386099844601],[-71.695083899739302,-33.102379300117903],[-71.695063400184495,-33.1023788997799],[-71.695074199730797,-33.102430599813601],[-71.695098299733303,-33.102466500025798],[-71.695146600349403,-33.1025025003077],[-71.695153699735101,-33.102523099626197],[-71.695159999620202,-33.102632800285001],[-71.695159999620202,-33.102686699763403],[-71.695208300236402,-33.102738400368501],[-71.6952556001294,-33.102763599736903],[-71.695291399790094,-33.102792299782202],[-71.695272599847797,-33.102839500308299],[-71.695288700352705,-33.102884399630902],[-71.695253899618606,-33.102900200099398],[-71.695200200127502,-33.102900200099398],[-71.695168000016196,-33.102864199980402],[-71.6951573001828,-33.1028125002018],[-71.695148299962,-33.102765800081599],[-71.695105400017297,-33.102736600359599],[-71.695065200408294,-33.102714100245102],[-71.695038400070104,-33.102671399677497],[-71.694987400016501,-33.102635500301503],[-71.694953500292598,-33.102659700362402],[-71.694897099567498,-33.102657500015198],[-71.694864900354403,-33.102689000194196],[-71.6948747000759,-33.102718600268503],[-71.694907900012197,-33.102754100026701],[-71.694926600241402,-33.102796799801602],[-71.694965899738506,-33.102819700231002],[-71.694940000410497,-33.102837199881399],[-71.694906900187206,-33.102828700266699],[-71.694899799903197,-33.102846199915398],[-71.694905199676398,-33.102879900368499],[-71.694907900012197,-33.102909100042901],[-71.694907900012197,-33.102931600107503],[-71.694855999846595,-33.102952300161803],[-71.6947764001293,-33.102967600198902],[-71.694712099619593,-33.102976600219399],[-71.694682599843901,-33.102938399791398],[-71.694682599843901,-33.102902399688098],[-71.694689700127995,-33.102862399974001],[-71.694650399732595,-33.102832799948203],[-71.694639600186207,-33.102799100229497],[-71.694646699571905,-33.1027613000606],[-71.694660200352303,-33.102725399968897],[-71.694644099847494,-33.1026803997283],[-71.694583300072395,-33.102664199636102],[-71.694563600018299,-33.102653499657201],[-71.694552900184902,-33.102624199813597],[-71.694552900184902,-33.102601799754602],[-71.694516300125301,-33.102547399802397],[-71.6945028002432,-33.102513699974303],[-71.694488400249199,-33.102470400307801],[-71.694478700240794,-33.102435099851498],[-71.694437499908602,-33.102388300198697],[-71.694408999957901,-33.102367700096103],[-71.694360700239997,-33.102354199971401],[-71.694331199566093,-33.102351900284397],[-71.694250699736799,-33.102360900367998],[-71.694197099958799,-33.102358700013198],[-71.694132699736002,-33.102367700096103],[-71.694068300411601,-33.1024260997754],[-71.694054900242506,-33.102466500025798],[-71.694038799737697,-33.102540700172597],[-71.6940227001312,-33.102551899834403],[-71.694025399568602,-33.102599099736999],[-71.694054900242506,-33.102632800285001],[-71.694094199739595,-33.102669200083],[-71.694095199564501,-33.102709199884899],[-71.694072800072902,-33.102732100337199],[-71.694003000077004,-33.102727600314502],[-71.693943999627507,-33.102673700108603],[-71.693895699909604,-33.102669200083],[-71.693867199958902,-33.102675500118799],[-71.693816199905299,-33.1026731996877],[-71.693758899966497,-33.1026623996257],[-71.693722299906895,-33.102677699713098],[-71.693679399962207,-33.102680000144197],[-71.693638199630001,-33.1026623996257],[-71.693589999625104,-33.102657999683601],[-71.693547999792301,-33.102634999880401],[-71.693529199850104,-33.1026665000674],[-71.693496099626799,-33.102716399922599],[-71.693489000241101,-33.102745099983302],[-71.693373599964801,-33.102736099939101],[-71.693316399739004,-33.102707399875399],[-71.693286899963397,-33.102678200134001],[-71.693226100188397,-33.102671000093203],[-71.693179599795997,-33.102682700159299],[-71.693151000132303,-33.1026979001591],[-71.693134899627495,-33.102727199977998],[-71.693134899627495,-33.102760899724302],[-71.693159100241203,-33.102801299820698],[-71.693211799907402,-33.1028219999057],[-71.693252899628206,-33.102857500374697],[-71.693285099739597,-33.102884399630902],[-71.693263700072904,-33.102936100119699],[-71.693236800021694,-33.102949600155],[-71.693174200022796,-33.102929800102501],[-71.693152800356103,-33.102896099668499],[-71.693115199573299,-33.102873600347301],[-71.693078600411994,-33.102893399659898],[-71.693045500188703,-33.102887099639702],[-71.693008900129101,-33.102846199915398],[-71.692992799624193,-33.102837199881399],[-71.692965899573096,-33.102837199881399],[-71.692935499685504,-33.1028533999418],[-71.692917699568198,-33.102877700026703],[-71.692915000130796,-33.102913600056297],[-71.692912299794997,-33.102963100188198],[-71.692888199792606,-33.103001299852998],[-71.692872100185994,-33.1030125002085],[-71.692838900249797,-33.103003999858203],[-71.692817499684807,-33.102970300205101],[-71.692804999627597,-33.102947299731099],[-71.692763800193703,-33.102927599761998],[-71.692735300243001,-33.102920399741599],[-71.692678900416198,-33.102877700026703],[-71.692635100359595,-33.102846700335199],[-71.692547500246306,-33.1028215002382],[-71.692504600301604,-33.102799100229497],[-71.692445599852107,-33.102783299742804],[-71.692404400418198,-33.1027613000606],[-71.692369599684099,-33.102754599694599],[-71.692327599851296,-33.102760899724302],[-71.692330300187095,-33.102785600171003],[-71.692359799962702,-33.102819299894897],[-71.692397300134203,-33.102848500341999],[-71.692418800412199,-33.102891200070999],[-71.692399999571606,-33.1029158997286],[-71.692315900192995,-33.102884900050597],[-71.692273900360206,-33.102861999638201],[-71.692231000415504,-33.102859699964498],[-71.692213999798795,-33.102896099668499],[-71.692198800304197,-33.102931600107503],[-71.692171999966007,-33.102933899779302],[-71.692155900359495,-33.102967600198902],[-71.692158599796898,-33.102992299835002],[-71.692129100021305,-33.1030125002085],[-71.692099600245697,-33.103019199802397],[-71.692062000361105,-33.1030102998701],[-71.692029899962805,-33.102976600219399],[-71.691945799685897,-33.102945499726502],[-71.691921599970399,-33.102941099798599],[-71.691870699629803,-33.102923099749297],[-71.691822399911899,-33.102884900050597],[-71.691798200196502,-33.102842200318499],[-71.691779499967197,-33.102826499923601],[-71.691742899907595,-33.102814799876697],[-71.691699900249901,-33.1028125002018],[-71.691621199746194,-33.102801700156903],[-71.691564899632397,-33.102817499887699],[-71.691492499912101,-33.102844399908697],[-71.691458499576896,-33.102853000358401],[-71.691383400419099,-33.102891200070999],[-71.691300299967097,-33.102924899754399],[-71.691268099855805,-33.1029562997537],[-71.691257400022394,-33.102987799825598],[-71.691257400022394,-33.103023699810201],[-71.691292199858196,-33.103044000260297],[-71.691316399573594,-33.103070900212003],[-71.691301999579593,-33.103118600254298],[-71.691275200139799,-33.103138799846299],[-71.691186699914596,-33.103159000186203],[-71.691141999746094,-33.103158599851703],[-71.6910749997989,-33.103160800186501],[-71.691033800365005,-33.103141000181601],[-71.691005199803001,-33.103115900252497],[-71.690975700027394,-33.103068699874903],[-71.690964100082098,-33.1030332002438],[-71.690919399913597,-33.103008000200198],[-71.690892599575406,-33.103003500191697],[-71.690844299857503,-33.1030125002085],[-71.690793400415203,-33.103017000216703],[-71.6907343002527,-33.1030281998177],[-71.690653900136397,-33.103046199845501],[-71.690679800362702,-33.102974800215399],[-71.690730699805002,-33.102952300161803],[-71.690790700079503,-33.102900200099398],[-71.690797800363498,-33.102844399908697],[-71.690796000139699,-33.102817000220099],[-71.690797800363498,-33.102752300018103],[-71.690854099578999,-33.102743299974499],[-71.690873799633195,-33.102711400231001],[-71.690875599856994,-33.102664700057097],[-71.690838999797407,-33.102623800229203],[-71.690829999576493,-33.102592799695699],[-71.690793400415203,-33.102527200074498],[-71.690774599574596,-33.102504699906298],[-71.690739700025802,-33.102471000061797],[-71.690696800081099,-33.102450800316298],[-71.690624400360804,-33.102441800241898],[-71.6905948996869,-33.102443999842102],[-71.690540300083896,-33.102478200119002],[-71.690514399857705,-33.1025025003077],[-71.690503700024294,-33.102538399738002],[-71.690492899579596,-33.102587799997004],[-71.690463399804003,-33.102621599880997],[-71.690441000312404,-33.102588299665904],[-71.690457099918902,-33.102534400127098],[-71.690463399804003,-33.102482199732499],[-71.690436600364194,-33.102432800166603],[-71.690432999916496,-33.102404100003902],[-71.690419599747401,-33.102356899996501],[-71.690391000083693,-33.102334000199001],[-71.690358799972302,-33.102329500155903],[-71.690281100191797,-33.102345199887097],[-71.6902623002496,-33.1023766000935],[-71.690231799750705,-33.102395099924699],[-71.690195199691104,-33.1024148000132],[-71.690136200139904,-33.1024553003531],[-71.690124000119994,-33.102435799690099],[-71.690068200367804,-33.102424299760102],[-71.690025300423102,-33.102412999997703],[-71.689983299692003,-33.1023856001746],[-71.689960900200404,-33.102361400038198],[-71.6899806002546,-33.102311499981397],[-71.689993100311796,-33.102285000135801],[-71.689983299692003,-33.102232800345597],[-71.689960900200404,-33.102199600067799],[-71.6898814001961,-33.102219400284902],[-71.689870700362704,-33.102253100225902],[-71.689886799969202,-33.102282300108499],[-71.689900200138297,-33.102309200293298],[-71.689880500084101,-33.102363599640398],[-71.6898411996888,-33.102363200054803],[-71.689794599583394,-33.102356899996501],[-71.689759799747605,-33.102352399954597],[-71.689707100081506,-33.102363200054803],[-71.689647999918904,-33.1023564003263],[-71.689597099578293,-33.102367700096103],[-71.689575600198594,-33.102390100214798],[-71.689556899969304,-33.102428300128601],[-71.689597099578293,-33.102468799709797],[-71.689621199580799,-33.102482199732499],[-71.689664100423798,-33.102507000341902],[-71.689701700308305,-33.102545200204801],[-71.689716800089897,-33.102581600039102],[-71.689653399692105,-33.102578900020902],[-71.689621199580799,-33.102556399866003],[-71.689564900365298,-33.1025182000079],[-71.689529999918193,-33.1025025003077],[-71.689467399919295,-33.102482700154503],[-71.689429899747793,-33.102444500264298],[-71.689428100422205,-33.1025182000079],[-71.689406699857201,-33.1025497002368],[-71.689360099751795,-33.102543400191898],[-71.689347599694699,-33.102520400358699],[-71.689358400139298,-33.102459799637202],[-71.689357400314407,-33.102431000151398],[-71.689336899861303,-33.102399100294498],[-71.689307400085696,-33.1024238000903],[-71.689304699749997,-33.102461999989501],[-71.689283300083304,-33.102495699837498],[-71.689283300083304,-33.1025338997053],[-71.689307400085696,-33.102567600278299],[-71.6893610995768,-33.102592300026799],[-71.689425400086506,-33.102643999934998],[-71.689484399637706,-33.102691199788197],[-71.689531800142007,-33.102714100245102],[-71.689580999971795,-33.102749600005097],[-71.689617600031397,-33.102772499694296],[-71.689653399692105,-33.102790100190703],[-71.689641700033803,-33.102828700266699],[-71.689566599977795,-33.102808499850802],[-71.689435199807903,-33.102792800202401],[-71.689387899915005,-33.102823799912898],[-71.689385199579206,-33.102857500374697],[-71.689327899640503,-33.102826499923601],[-71.689310100421494,-33.102785600171003],[-71.689261799805294,-33.102765399745302],[-71.689220600371399,-33.102783800163103],[-71.689213500087405,-33.1028282999306],[-71.689220600371399,-33.102848899925299],[-71.689326200028006,-33.102884399630902],[-71.68938690009,-33.102907400121403],[-71.689443299916803,-33.102949999738001],[-71.689446900364501,-33.102983299816003],[-71.689452200424697,-33.103030500239498],[-71.689438800255601,-33.1030641998695],[-71.68938690009,-33.1030848998926],[-71.689385199579206,-33.103111400249503],[-71.689404000419799,-33.103142800182198],[-71.689436199632794,-33.103169800187203],[-71.689441499693004,-33.103205700097398],[-71.689409299581598,-33.103234899663498],[-71.689371800308393,-33.1032282000861],[-71.689344999970203,-33.103189999767501],[-71.689283300083304,-33.103189999767501],[-71.689269899914194,-33.103243899656697],[-71.689259100367806,-33.103266399635601],[-71.689204499866506,-33.103235400081303],[-71.689177700426697,-33.1031950001844],[-71.689141100367095,-33.103196700100398],[-71.689110699581207,-33.103248900070597],[-71.689076700144298,-33.103284400367102],[-71.689044599745998,-33.1033203002305],[-71.689036499636998,-33.103338300198402],[-71.6890204000305,-33.103358499739898],[-71.6890204000305,-33.103374200039802],[-71.689031099863897,-33.103410199949799],[-71.689068699748404,-33.103421400253303],[-71.689091899638996,-33.103433100219398],[-71.689119699802006,-33.103459599718803],[-71.689114300028905,-33.103488799952999],[-71.6890874996907,-33.103506799886397],[-71.689060599639504,-33.103520299834102],[-71.689025799803701,-33.103554000028801],[-71.689004300424003,-33.1035742002733],[-71.688984600369807,-33.1036015997257],[-71.688976599973898,-33.103621900042299],[-71.688995300203203,-33.103657799767902],[-71.689012399634606,-33.103679799978103],[-71.6890285001395,-33.103720299735002],[-71.689006999861405,-33.1037607001429],[-71.688972100312597,-33.103780900339899],[-71.688934600141096,-33.103834899949497],[-71.6889149000869,-33.103871300002098],[-71.688886300423206,-33.103904499648301],[-71.688830000309395,-33.103929199773603],[-71.688489299864898,-33.104001099794097],[-71.688199700085306,-33.104032600243997],[-71.687934099696804,-33.104032600243997],[-71.687914399642594,-33.103949900345498],[-71.687923399863493,-33.103924699812197],[-71.687915299754494,-33.103846100198901],[-71.687876900369403,-33.103821799629202],[-71.687837599974003,-33.103807900148801],[-71.687790999868696,-33.103779100352298],[-71.687766899866205,-33.103743199923798],[-71.687689999586297,-33.1036977998724],[-71.687773199751305,-33.103711299790703],[-71.6878268004277,-33.1037045001666],[-71.687833899813398,-33.103666799717701],[-71.687820499644303,-33.1036307999128],[-71.687807100373504,-33.1035925997692],[-71.687807100373504,-33.103552200036503],[-71.687783899584701,-33.103493299936702],[-71.687759799582196,-33.103477599658198],[-71.687730299806603,-33.103509100295703],[-71.687700800030996,-33.103540500086297],[-71.687670300430497,-33.103556700017002],[-71.687644400204206,-33.103587700210497],[-71.687625699974902,-33.103607899694701],[-71.687589900314194,-33.103617400065197],[-71.687561299752204,-33.103578700252498],[-71.6876140003167,-33.103556700017002],[-71.687631000035097,-33.103524799816199],[-71.687590800426094,-33.103515799851799],[-71.687547899583095,-33.103527000141803],[-71.687589900314194,-33.103484799632902],[-71.687660499810704,-33.103470900099197],[-71.687700800030996,-33.103455099733402],[-71.687710599752407,-33.103419600258398],[-71.687708800426904,-33.103376499699998],[-71.687691799810196,-33.103352199752997],[-71.687689999586297,-33.103315800237901],[-71.687665000370302,-33.103307299916899],[-71.687628299699398,-33.103306800252099],[-71.687592500038605,-33.103298299930202],[-71.687564000087903,-33.103291099940201],[-71.687496000315903,-33.1032802999541],[-71.687568400036199,-33.103257900062303],[-71.687636399808298,-33.103241700076502],[-71.687693900071295,-33.103235799662897],[-71.687715899812602,-33.103199400099598],[-71.687655199750495,-33.103151800184797],[-71.687592500038605,-33.103125299840002],[-71.687574699921299,-33.103084400226599],[-71.687546899758203,-33.1030512002705],[-71.687526400203396,-33.103046199845501],[-71.687529099640798,-33.102983299816003],[-71.687522799755698,-33.102954499749302],[-71.687512099922401,-33.102918599736398],[-71.687483500258693,-33.102884399630902],[-71.687437899978207,-33.102909100042901],[-71.687459400256301,-33.1029562997537],[-71.687454700270706,-33.102985099819897],[-71.687402100317499,-33.103008499866696],[-71.6873548004246,-33.103023699810201],[-71.687319899977496,-33.103052900189297],[-71.687282300092903,-33.103061900201098],[-71.687268899923893,-33.103104599826501],[-71.687252800317296,-33.1031495998498],[-71.6872331002631,-33.103186000186298],[-71.687228700314904,-33.103219200091303],[-71.687236699812502,-33.1032730999626],[-71.687225999979105,-33.103300099927601],[-71.687212599810096,-33.1033428001898],[-71.687234100088105,-33.103376499699998],[-71.687239400148201,-33.103410199949799],[-71.687225999979105,-33.103434900213998],[-71.687172400201106,-33.103459599718803],[-71.687137499754002,-33.103461900129297],[-71.687110700314093,-33.103468599689002],[-71.687074899755103,-33.1034218999174],[-71.687075799867003,-33.103376499699998],[-71.687069499981902,-33.103311799909903],[-71.687056099812807,-33.103282600369297],[-71.687089200036098,-33.103180999768803],[-71.687115100262403,-33.103138799846299],[-71.687128500431498,-33.1030848998926],[-71.6871258000957,-33.103044399842801],[-71.687102600205193,-33.103014799878203],[-71.6870731004296,-33.102978799806202],[-71.687069499981902,-33.102947800150403],[-71.687069499981902,-33.102900599682599],[-71.687069499981902,-33.1028533999418],[-71.687059700260505,-33.102801299820698],[-71.6870184999283,-33.102743299974499],[-71.686984600204397,-33.102720400277697],[-71.686954200316904,-33.102689399778299],[-71.686960500202005,-33.102628300257201],[-71.686970299923402,-33.102583799635802],[-71.686964900150201,-33.102525400061197],[-71.686940800147795,-33.102480399718303],[-71.686920199981699,-33.102441800241898],[-71.686895599617699,-33.1024118998209],[-71.686858599807707,-33.1024148000132],[-71.686829000319094,-33.102428300128601],[-71.686813000425602,-33.102461999989501],[-71.686804900316702,-33.102507000341902],[-71.686740500094004,-33.102515900325201],[-71.686700299586704,-33.102507000341902],[-71.686677900095106,-33.1024938998236],[-71.686651999868801,-33.1024553003531],[-71.686626900041404,-33.102424299760102],[-71.686627899866394,-33.102381100134203],[-71.686630199553505,-33.102332499683001],[-71.686611800259797,-33.102273300016797],[-71.686587599646103,-33.1022462997364],[-71.686530400318702,-33.102260300300898],[-71.686487500374,-33.102248999764797],[-71.686444600429297,-33.102228799968202],[-71.686417700378101,-33.102177099815798],[-71.686404300209006,-33.102147899898299],[-71.686353399868395,-33.102127700078498],[-71.686299700377305,-33.102109699862602],[-71.686268500090904,-33.102102499775199],[-71.686228199870598,-33.102129500099899],[-71.686190699698997,-33.102185700330899],[-71.686142399981094,-33.102199099644203],[-71.686064599589301,-33.1022125997928],[-71.686027100316096,-33.102232800345597],[-71.685986800095804,-33.1022642999243],[-71.685943900151102,-33.102309200293298],[-71.685924200097006,-33.102325399698501],[-71.685906399979601,-33.102360999699997],[-71.685890300373103,-33.102390100214798],[-71.685914400375495,-33.102477799781397],[-71.685925100208905,-33.102538399738002],[-71.685914400375495,-33.102572100309203],[-71.6858919999856,-33.102608500132298],[-71.685892999810505,-33.102637300312502],[-71.685898299870701,-33.102671000093203],[-71.685925100208905,-33.1027181999319],[-71.6859010002064,-33.102754100026701],[-71.685952000260002,-33.102783299742804],[-71.685980500210803,-33.102801700156903],[-71.685978799699896,-33.102841699898498],[-71.685934899930302,-33.102860199631799],[-71.685890300373103,-33.102859699964498],[-71.685847400428401,-33.102873200011501],[-71.685803499760397,-33.1029050996964],[-71.685782000380698,-33.102941099798599],[-71.685763300151507,-33.102967999781697],[-71.685740100260901,-33.102969799785903],[-71.685704299701897,-33.1029793002254],[-71.685680099986499,-33.1030332002438],[-71.685683700434197,-33.103059699863799],[-71.685697200316199,-33.103093400235103],[-71.685702500376394,-33.1031248001742],[-71.685683700434197,-33.103158599851703],[-71.685648899699999,-33.103178800187003],[-71.685597899646396,-33.103196700100398],[-71.685568399870803,-33.103216999757997],[-71.685547000204096,-33.103241700076502],[-71.685532600210095,-33.1032802999541],[-71.6855201001529,-33.103311300245103],[-71.685490600377307,-33.103322599892103],[-71.685447700432604,-33.103315800237901],[-71.6854127999855,-33.103259700060498],[-71.685383300209907,-33.103259700060498],[-71.685339500153205,-33.103246599654497],[-71.685313599926999,-33.103198999765297],[-71.685251900040001,-33.1031923001851],[-71.685229499650106,-33.103179199769002],[-71.685202700210198,-33.103107299828501],[-71.685168799587998,-33.103061900201098],[-71.685125799930304,-33.103059699863799],[-71.685106099876094,-33.103087100229203],[-71.685069499816507,-33.1031495998498],[-71.685021200098603,-33.103180999768803],[-71.684975599818202,-33.103203499763801],[-71.6849236996526,-33.103226400087202],[-71.684908599870994,-33.103243899656697],[-71.684887099592999,-33.1032730999626],[-71.684841500210894,-33.103282099951898],[-71.684801299703594,-33.103353999749302],[-71.684785200097096,-33.103378700029303],[-71.684763699819101,-33.103430400227303],[-71.684747699925495,-33.103461900129297],[-71.684744999589796,-33.103497799920198],[-71.684699400207606,-33.103531500123502],[-71.684675199593897,-33.103536000105102],[-71.684634099872994,-33.1035162001847],[-71.684634099872994,-33.103484799632902],[-71.684643000380902,-33.103434900213998],[-71.684634999984894,-33.103367499720399],[-71.684652800102299,-33.103311799909903],[-71.684644799706405,-33.103275799959498],[-71.684578699871096,-33.103306800252099],[-71.684554500155699,-33.103327099884297],[-71.684532099765804,-33.103363500147303],[-71.684535799926394,-33.103383200018698],[-71.684541099986603,-33.103423699912298],[-71.684538399650904,-33.103441699858998],[-71.684518699596694,-33.103469100105301],[-71.684511600210996,-33.103495600346399],[-71.684511600210996,-33.103520299834102],[-71.684519700319896,-33.103556200353601],[-71.684522300044307,-33.103578700252498],[-71.684511600210996,-33.103612399672301],[-71.684503599815102,-33.103648400237297],[-71.684511600210996,-33.103679799978103],[-71.684518699596694,-33.103709499801703],[-71.684479400099605,-33.103724799706903],[-71.684416800100706,-33.103704999829098],[-71.684385599814306,-33.103693299899199],[-71.684272899873704,-33.103684299952],[-71.6842264003796,-33.1036802996408],[-71.684205800213505,-33.103648400237297],[-71.684168300042003,-33.103648400237297],[-71.684106600155005,-33.103657400188098],[-71.6840797998168,-33.1036460998317],[-71.684047599705494,-33.103571999948798],[-71.6840208002656,-33.1035585000091],[-71.683959100378601,-33.103592200189098],[-71.683948399646994,-33.103616899649701],[-71.683918899871401,-33.103621399626803],[-71.683889300382802,-33.103619200056102],[-71.683865200380296,-33.103589899782001],[-71.683838400042106,-33.1035629999893],[-71.6837971997099,-33.103545499730799],[-71.683763299986097,-33.103545000067299],[-71.683715000268194,-33.103538299760999],[-71.683645299985301,-33.103495600346399],[-71.683613099873895,-33.103477599658198],[-71.683545100101895,-33.1034308998914],[-71.683516500438202,-33.103410199949799],[-71.683499499821394,-33.1033971996495],[-71.683446800155295,-33.103371999710298],[-71.683410999596205,-33.103363500147303],[-71.683370700274295,-33.103347699762097],[-71.683346600271804,-33.103325299887501],[-71.683301900103302,-33.103324800222801],[-71.683261699596002,-33.103313599906997],[-71.683229500383007,-33.103293400355099],[-71.683220500162193,-33.103266799969603],[-71.683256299822901,-33.103221499755598],[-71.683310000212202,-33.103212499760197],[-71.683368999763402,-33.103196700100398],[-71.683403900210607,-33.1031629997686],[-71.683389500216506,-33.103127500175702],[-71.683462899761807,-33.1031248001742],[-71.683496800384006,-33.103089299813298],[-71.683489700099997,-33.103046199845501],[-71.683476299930902,-33.1030215002245],[-71.683457499988606,-33.102990000164603],[-71.683449499592697,-33.102967600198902],[-71.683427100101099,-33.102943300138797],[-71.683394899989693,-33.102934300114804],[-71.683342200323594,-33.102951799742499],[-71.683315399985403,-33.102938399791398],[-71.683309100100303,-33.102916300064201],[-71.683242899653806,-33.1029047001132],[-71.683213399878099,-33.102936100119699],[-71.683175899706598,-33.102969799785903],[-71.683170499933397,-33.102985500155199],[-71.683194699648894,-33.103041699838897],[-71.683174899881706,-33.103057899861497],[-71.683162500435799,-33.103091099815003],[-71.6831516999912,-33.103147300183601],[-71.683135600384702,-33.103180999768803],[-71.683130300324507,-33.103210200095603],[-71.683142800381603,-33.103248900070597],[-71.683106099710699,-33.1032889003612],[-71.683090000104201,-33.103304599921003],[-71.683081999708307,-33.1033518001719],[-71.683090000104201,-33.103405699961897],[-71.683057899705801,-33.103459599718803],[-71.683017600383906,-33.1034865996265],[-71.683003300102897,-33.103525200149001],[-71.682974700439203,-33.103569700293697],[-71.6829451997652,-33.1035809999075],[-71.682896900047396,-33.103589899782001],[-71.682862100211594,-33.103621399626803],[-71.682819099655504,-33.103632599903399],[-71.682794999653098,-33.103632599903399],[-71.682764599765605,-33.103603900132498],[-71.682737699714394,-33.103597099747603],[-71.682714499823803,-33.1035967001676],[-71.682676999652301,-33.103592200189098],[-71.682647499876694,-33.1035809999075],[-71.682619699713598,-33.103558900341802],[-71.682615299765303,-33.103515799851799],[-71.682579500104694,-33.1034556001498],[-71.682591199762896,-33.103403499633203],[-71.682550000329002,-33.1033590001569],[-71.682526800438495,-33.103344999767401],[-71.682493700215204,-33.103334299871399],[-71.682438300213306,-33.1033428001898],[-71.682427499768707,-33.103383200018698],[-71.682424900044197,-33.103419199925],[-71.682424900044197,-33.103461900129297],[-71.682403399766201,-33.103502299903496],[-71.682392699932905,-33.103524799816199],[-71.682368500217393,-33.103549500048203],[-71.682319300387604,-33.103574699936502],[-71.682306800330494,-33.103601200145697],[-71.682263000273807,-33.1035925997692],[-71.682265699711294,-33.103554400361503],[-71.6822308001625,-33.103507300302603],[-71.682213000045095,-33.103488799952999],[-71.682202199600496,-33.103405699961897],[-71.682153999595599,-33.103327099884297],[-71.682134199828397,-33.103302799923704],[-71.682100300104594,-33.103300099927601],[-71.682076200102102,-33.103336099868002],[-71.682100300104594,-33.103365300143302],[-71.682124499820006,-33.103396699985304],[-71.682136900164195,-33.103435399878101],[-71.682129799880201,-33.103452900158501],[-71.682086899935399,-33.103464099703999],[-71.682068099993202,-33.103464099703999],[-71.682052000386705,-33.1034865996265],[-71.682005499994304,-33.103480299648801],[-71.681992999937094,-33.103446099761896],[-71.681987699876899,-33.103412400278302],[-71.681942099596498,-33.103389999667698],[-71.681901800274503,-33.103376499699998],[-71.681874999936298,-33.103360800153098],[-71.681837499764796,-33.1033698001334],[-71.6818186998225,-33.103401199973703],[-71.681794500107102,-33.103437199872701],[-71.681775799877798,-33.103466400114399],[-71.681783800273706,-33.103504600312803],[-71.681767699768898,-33.103536000105102],[-71.681730199597396,-33.1035427997422],[-71.681710500441497,-33.103531999787002],[-71.681670200221205,-33.103482499975499],[-71.681649699768101,-33.103461900129297],[-71.681656800052096,-33.103424100245597],[-71.681694399936703,-33.103390400001103],[-71.681718499939095,-33.103309500247903],[-71.681721200274893,-33.1032802999541],[-71.681745300277299,-33.103244400074402],[-71.681761399883797,-33.103190500185399],[-71.681762399708703,-33.103145099848497],[-71.681703300444497,-33.103129300176597],[-71.681676500106306,-33.103136099845202],[-71.681621899605005,-33.103125299840002],[-71.681580000383605,-33.103102400242797],[-71.681549499884696,-33.103087100229203],[-71.681515600160793,-33.103084400226599],[-71.681482499937601,-33.103100600241298],[-71.681456599711296,-33.103131599843202],[-71.681427099935703,-33.1031629997686],[-71.681402900220206,-33.103212499760197],[-71.6813779001059,-33.103255599646403],[-71.681365400048705,-33.103297900348899],[-71.681373400444599,-33.103333800206698],[-71.681357299939805,-33.103367499720399],[-71.681335900273098,-33.103394499656403],[-71.681327800164198,-33.103430400227303],[-71.681327800164198,-33.103464099703999],[-71.681311699659304,-33.103479900068201],[-71.681286700443295,-33.1034869999595],[-71.681236599603295,-33.103477599658198],[-71.681175000327599,-33.103477599658198],[-71.681131999771594,-33.1034394002005],[-71.681098900446599,-33.103412899942498],[-71.6810568997155,-33.103389999667698],[-71.680994299716602,-33.103363500147303],[-71.680925500444005,-33.1033428001898],[-71.680852100000394,-33.103320799895201],[-71.680820899714007,-33.1033428001898],[-71.680828900109901,-33.103374200039802],[-71.680820899714007,-33.103425900240403],[-71.680764599600195,-33.103443900186697],[-71.680744900444296,-33.103457799724701],[-71.680745799657899,-33.1034865996265],[-71.680712700332904,-33.103536499768502],[-71.680673399937604,-33.103549500048203],[-71.680638500388795,-33.103549500048203],[-71.680589299660696,-33.103527499805303],[-71.680557999661204,-33.103491100362803],[-71.680516899940301,-33.103475799664402],[-71.680477600443297,-33.103466400114399],[-71.680431000337904,-33.103478100074497],[-71.680421300329499,-33.103500100329804],[-71.680426600389694,-33.103536000105102],[-71.680421300329499,-33.103571999948798],[-71.680426600389694,-33.103603399716903],[-71.680429299827097,-33.1036529002129],[-71.680362500204296,-33.103661699997097],[-71.680324699995396,-33.103659599757897],[-71.680291599772104,-33.103648799817101],[-71.680265700444195,-33.103621399626803],[-71.680260299772698,-33.103578700252498],[-71.680262099996497,-33.103484799632902],[-71.680260299772698,-33.103448400172702],[-71.680246000389999,-33.103403899966601],[-71.680253999887597,-33.1033590001569],[-71.680232600220904,-33.103325299887501],[-71.680220100163694,-33.103275399625502],[-71.680205700169694,-33.103248900070597],[-71.680186999940503,-33.103233099664799],[-71.680151999780406,-33.103212200262],[-71.680101100338007,-33.103230900084398],[-71.680060899830806,-33.103298299930202],[-71.680032300167099,-33.1033203002305],[-71.680032300167099,-33.103353999749302],[-71.680024299771105,-33.103396699985304],[-71.679997500331297,-33.103434900213998],[-71.679978700389,-33.103466400114399],[-71.679967999657293,-33.103513600278397],[-71.679945600165695,-33.103549999711603],[-71.679916999603705,-33.103522500159798],[-71.679935800444298,-33.103455099733402],[-71.679941099606197,-33.103419199925],[-71.679948199890205,-33.1033725001273],[-71.679959900446704,-33.103340499776102],[-71.679950900225904,-33.103284799948497],[-71.679922400275203,-33.103264200056003],[-71.679908900393102,-33.103223700088797],[-71.679858000052505,-33.103241700076502],[-71.679847300219194,-33.103291099940201],[-71.679817800443502,-33.103322599892103],[-71.679798999602895,-33.103356300162602],[-71.679806999998902,-33.103389999667698],[-71.679796300165506,-33.103437199872701],[-71.679758700280999,-33.103479900068201],[-71.679731899942794,-33.103504600312803],[-71.679714900224397,-33.103543200075002],[-71.679710500276101,-33.103576499928302],[-71.679705099604604,-33.103616899649701],[-71.679721200109498,-33.103650599807303],[-71.679710500276101,-33.103684299952],[-71.679675599828997,-33.103729299678498],[-71.679436900390002,-33.103693299899199],[-71.679174000337298,-33.103623599949998],[-71.678953100117297,-33.103556700017002],[-71.678891499943404,-33.103531999787002],[-71.678878999886194,-33.103500100329804],[-71.678895100391003,-33.103448400172702],[-71.678910200172595,-33.103428600232597],[-71.678908499661802,-33.103383200018698],[-71.678883399834405,-33.103363500147303],[-71.678854800170697,-33.103362999730301],[-71.678809799964895,-33.103375699785502],[-71.678790499661005,-33.103394499656403],[-71.678747599716303,-33.103401199973703],[-71.6787386003938,-33.103412899942498],[-71.678704600058595,-33.103421400253303],[-71.678653699717998,-33.103387700007801],[-71.678674200171102,-33.103341000193197],[-71.678672499660195,-33.103306800252099],[-71.6786821996687,-33.103269099632698],[-71.6786965996627,-33.1032282000861],[-71.678695700449097,-33.103206199762802],[-71.678698300173494,-33.103168000187203],[-71.678733199722302,-33.103163500186803],[-71.678773400229602,-33.103179199769002],[-71.678814599663497,-33.103203499763801],[-71.678854800170697,-33.103180999768803],[-71.678868300052798,-33.103140599846903],[-71.678873600112993,-33.103113599833002],[-71.678853900058797,-33.1030691002099],[-71.678845899662903,-33.103030899822102],[-71.678830700168305,-33.102990000164603],[-71.678801200392698,-33.102951799742499],[-71.678781500338502,-33.10292530009],[-71.678769000281306,-33.102884399630902],[-71.678758300447996,-33.102853000358401],[-71.678699299998399,-33.1028215002382],[-71.678671499835303,-33.102799499813102],[-71.678593700341807,-33.1027904997744],[-71.678565200391105,-33.102805799839601],[-71.678551800221996,-33.102848500341999],[-71.678489099611795,-33.102889400065202],[-71.678452499552193,-33.102924899754399],[-71.678411300118299,-33.102981499812103],[-71.678389899553295,-33.102992700170198],[-71.678369399998502,-33.103039500253601],[-71.678288900169306,-33.103030500239498],[-71.678006300062407,-33.102835499958601],[-71.678012599947493,-33.102781100151098],[-71.6780448000588,-33.102695699812699],[-71.6780448000588,-33.102650799641196],[-71.678025100004703,-33.102617500189602],[-71.678074299834407,-33.102574399990402],[-71.678138700057204,-33.102529399672498],[-71.678170900168496,-33.102489000203697],[-71.678154799663702,-33.102446300279198],[-71.678146699554802,-33.102410299974302],[-71.678146699554802,-33.102383399820397],[-71.678114600054698,-33.102360900367998],[-71.678058200227895,-33.102360900367998],[-71.678003599726694,-33.102395099924699],[-71.677966999667007,-33.102410299974302],[-71.677937499891399,-33.102390100214798],[-71.677985799609303,-33.102354199971401],[-71.678039400285698,-33.102309200293298],[-71.678078699782702,-33.102285000135801],[-71.678077000170205,-33.102221599890598],[-71.678089500227401,-33.102174900209],[-71.678103799610099,-33.1021250000463],[-71.678102900396496,-33.102075999866599],[-71.678084099555903,-33.1020422998577],[-71.678102900396496,-33.102004099776103],[-71.6781431000054,-33.101959200003698],[-71.678237000003804,-33.101703000106198],[-71.678101100172597,-33.101675600061803],[-71.677996500340996,-33.101978900189899],[-71.677904399668094,-33.102082700284399],[-71.677859700397903,-33.102089000362298],[-71.677830199723999,-33.102100300166498],[-71.677807800232401,-33.102145700290599],[-71.677780999894196,-33.1021659001063],[-71.677744399834594,-33.102152000364001],[-71.677682699947596,-33.102158700023502],[-71.677655899609405,-33.102178899836197],[-71.677618299724898,-33.102196900037903],[-71.677599600393904,-33.102221599890598],[-71.677586200224795,-33.102253100225902],[-71.6776040003422,-33.1022895001812],[-71.677667499554701,-33.102298500271097],[-71.677650499836204,-33.102347400242202],[-71.677618299724898,-33.1023788997799],[-71.677571800230794,-33.102408499958599],[-71.677521800002097,-33.1024260997754],[-71.677512799781297,-33.102455699938297],[-71.677473500284194,-33.102468799709797],[-71.677433299776894,-33.102468799709797],[-71.677436000112706,-33.102520400358699],[-71.677417200170396,-33.102545200204801],[-71.677376899950104,-33.1025541001843],[-71.677360800343607,-33.102522700041298],[-71.677335800229301,-33.102498399858199],[-71.677312600338695,-33.102482199732499],[-71.677283099664805,-33.102457499952997],[-71.677253599889198,-33.102457499952997],[-71.677234799946902,-33.102439599889102],[-71.677216000004705,-33.102401399980202],[-71.677233800121996,-33.102363599640398],[-71.677224100113605,-33.102338400157301],[-71.677167700286802,-33.102358700013198],[-71.677143600284296,-33.1023788997799],[-71.677076499725899,-33.102401399980202],[-71.677063099556804,-33.102421599737099],[-71.677092600230694,-33.102450800316298],[-71.677169499612305,-33.102449000301498],[-71.6771919000022,-33.102471000061797],[-71.677206999783806,-33.1025073999268],[-71.677178499833104,-33.102538399738002],[-71.677143600284296,-33.102551899834403],[-71.677106000399803,-33.102551899834403],[-71.677057800394905,-33.102560899897497],[-71.676993400172194,-33.102560899897497],[-71.676969199558499,-33.102610300143802],[-71.676896799838104,-33.102596800056403],[-71.676870000398296,-33.102596800056403],[-71.676827099555197,-33.102603599766297],[-71.676832500226695,-33.102646300366899],[-71.676835099951106,-33.102682199738403],[-71.676805600175499,-33.102715900254502],[-71.676789499670704,-33.102736099939101],[-71.676786899946293,-33.102767600089898],[-71.676792200006403,-33.102803500164399],[-71.676706400116998,-33.102873200011501],[-71.676711799890199,-33.102917400234602],[-71.676411299952903,-33.102778799722799],[-71.6764210996744,-33.102734299930098],[-71.676464100230405,-33.102747799996401],[-71.676502499615495,-33.102774299702503],[-71.6765455001715,-33.102747399660103],[-71.676557899617407,-33.102691700209],[-71.676566899838207,-33.102657500015198],[-71.676533799615001,-33.102631000273902],[-71.676502499615495,-33.102608099795297],[-71.676451600173195,-33.102574399990402],[-71.676440900339898,-33.102630499852701],[-71.6764382000041,-33.102652999988699],[-71.676416699726104,-33.102684500169303],[-71.676408700228507,-33.1026979001591],[-71.676376500117101,-33.1027046998611],[-71.676330899836699,-33.102689000194196],[-71.676287999891997,-33.102713699908598],[-71.676285299556199,-33.102738400368501],[-71.676279899783097,-33.102769799681901],[-71.676293299952206,-33.102805799839601],[-71.676330899836699,-33.1028215002382],[-71.676363099948006,-33.102801299820698],[-71.676400600119607,-33.102810299858298],[-71.676678599953902,-33.102936599786602],[-71.676544500346594,-33.102970300205101],[-71.676493600005998,-33.1029904998313],[-71.676351400289803,-33.102970300205101],[-71.676115400288197,-33.103001700188202],[-71.675823899673503,-33.102945100143501],[-71.674446999735196,-33.102552300171602],[-71.6739125003445,-33.1023701999517],[-71.672664900314999,-33.101736299904204],[-71.670970700147095,-33.100823100050903],[-71.669795899588195,-33.1001332996386],[-71.668291100214702,-33.099099700375596],[-71.6681926996568,-33.099020699856297],[-71.667253099598796,-33.098266099765702],[-71.665142199716698,-33.096264000232097],[-71.663860099888694,-33.094706800081099],[-71.663552300241406,-33.094188700076103],[-71.663088899810504,-33.093566199968201],[-71.662969099585894,-33.093391500183998],[-71.663003900320007,-33.093332999674999],[-71.663097800318297,-33.093321800343801],[-71.663124599758206,-33.093283600235203],[-71.663170200038607,-33.093263399883398],[-71.663194399754104,-33.093216200235503],[-71.663210500258899,-33.0931623002176],[-71.663248000430499,-33.093112799834103],[-71.663277500206107,-33.093067900035301],[-71.663296300148303,-33.093016199762602],[-71.663293599812604,-33.092957799851803],[-71.663290900375202,-33.092915099812501],[-71.663293599812604,-33.092881400054203],[-71.663312399754901,-33.092829699671803],[-71.663312399754901,-33.092778000011599],[-71.663296300148303,-33.092755500358201],[-71.663258700263796,-33.092800499659297],[-71.663229199589907,-33.092823000053798],[-71.663186299645204,-33.092775800169498],[-71.663186299645204,-33.0927443002007],[-71.663202400149999,-33.092688099953598],[-71.663218499756496,-33.092643199938003],[-71.663245300094701,-33.092575800199903],[-71.663272200145897,-33.092503899864099],[-71.663272200145897,-33.092445400269803],[-71.663274799870294,-33.0923488002176],[-71.663274799870294,-33.092283600108303],[-71.663282899979293,-33.092238699886103],[-71.663296300148303,-33.092189299831297],[-71.663298999585805,-33.092142100359403],[-71.663293599812604,-33.092112900118501],[-71.663261399701298,-33.092083599771698],[-71.663213099983395,-33.092047699834303],[-71.663154100432095,-33.092000500286403],[-71.663137999927301,-33.0919848002127],[-71.663108500151694,-33.091953299960501],[-71.663100499755799,-33.091903899745297],[-71.663054900373595,-33.091870200351998],[-71.663028100035405,-33.091890400271303],[-71.663009300093194,-33.091921899793398],[-71.662961000375304,-33.091926300272902],[-71.662944899870496,-33.091908400322097],[-71.662942200432994,-33.091843199886299],[-71.662947600206195,-33.0918072998507],[-71.662942200432994,-33.091764600005298],[-71.662891300092397,-33.091717400305399],[-71.662872500150101,-33.091692599661997],[-71.662840300038795,-33.091638700215199],[-71.662818900372102,-33.091578000173101],[-71.662832299642801,-33.091521900029903],[-71.662800100429806,-33.091479200045903],[-71.662749100376203,-33.0913802997106],[-71.662754500149305,-33.091364600278801],[-71.662762499647002,-33.091301600071297],[-71.662778600151796,-33.091247699632198],[-71.662783999924997,-33.091187000072701],[-71.662789399698099,-33.091146599906303],[-71.662821500096499,-33.091076899791503],[-71.662850999872106,-33.091000499864698],[-71.662856399645307,-33.090942100120103],[-71.662888599756698,-33.090883700336803],[-71.6629260999282,-33.090847699811803],[-71.662950299643597,-33.090782500094598],[-71.663028100035405,-33.0906566997486],[-71.663095099982598,-33.090602799666797],[-71.663108500151694,-33.090557799993398],[-71.663156799869597,-33.090519600188998],[-71.663213099983395,-33.090481400368098],[-71.663226599865496,-33.090436499978097],[-71.663223900427994,-33.0903465997837],[-71.663188999980903,-33.0903038999815],[-71.663180999584995,-33.090234199951297],[-71.663215800319094,-33.090189300187703],[-71.663215800319094,-33.0901578000448],[-71.663205099587401,-33.0900926999145],[-71.663210500258899,-33.090043200060599],[-71.663256099641103,-33.089960100151998],[-71.663293599812604,-33.089944300367897],[-71.663341900428804,-33.089908400309596],[-71.6633740996418,-33.089856699684198],[-71.6633740996418,-33.0898208003428],[-71.663333800319904,-33.089775800269202],[-71.6633151000906,-33.089733100189797],[-71.663309700317399,-33.089674700355999],[-71.663341900428804,-33.089641000108301],[-71.663344599866207,-33.089604999827102],[-71.663339200093105,-33.089564599686398],[-71.663331199697097,-33.089537600017898],[-71.663223900427994,-33.089485899927098],[-71.663210500258899,-33.089485899927098],[-71.663191700316702,-33.089452200359602],[-71.663191700316702,-33.089409500122997],[-71.663231899925606,-33.0893622999114],[-71.663266800372696,-33.0892926999868],[-71.663269499810198,-33.089252200355801],[-71.663290900375202,-33.089216300014897],[-71.663349899926402,-33.089184800276101],[-71.663392799871104,-33.089142099909601],[-71.663395500206803,-33.089101600209197],[-71.663395500206803,-33.089061199837097],[-71.663336499757307,-33.089014000191199],[-71.663328500259695,-33.0889712997418],[-71.663347300202005,-33.088915100093502],[-71.663347300202005,-33.088870199656299],[-71.663358000035302,-33.088829699830498],[-71.663371400204397,-33.088789300086198],[-71.663400899980005,-33.0886970996687],[-71.6634455004356,-33.088622300029499],[-71.663501799651101,-33.088554900219499],[-71.663563500436396,-33.088435799649801],[-71.663574200269693,-33.0884087996346],[-71.663646599990003,-33.088354899679999],[-71.663697600043704,-33.088233500288197],[-71.663600999709601,-33.088186300197997],[-71.663571499933894,-33.088163900222803],[-71.663574200269693,-33.088127900089503],[-71.663609099818501,-33.088080699942601],[-71.663705700152605,-33.088019999702098],[-71.663751300433006,-33.087986300325397],[-71.663829000213497,-33.0879414001665],[-71.663882699704601,-33.087943600129499],[-71.663960500096394,-33.087894199919397],[-71.6639846000988,-33.087846999646999],[-71.663989999872001,-33.087781799962698],[-71.664030200379301,-33.0877413997368],[-71.664081200432904,-33.087691900064499],[-71.664105300435395,-33.0876357003511],[-71.664167000322294,-33.0874672003442],[-71.664212599704499,-33.087397500323398],[-71.664263599758101,-33.087325600268798],[-71.664394999927893,-33.0872515001751],[-71.664486199590499,-33.087118899891102],[-71.664563999982306,-33.0870514996815],[-71.6647383000969,-33.086928100211402],[-71.664770500208306,-33.086840199979399],[-71.664829499759506,-33.086750299871198],[-71.664869700266806,-33.086689899772097],[-71.6649045998156,-33.086608700146698],[-71.664963600265096,-33.086539100300499],[-71.665060199700903,-33.086391000333201],[-71.665229100042296,-33.086226900211201],[-71.665328399813802,-33.0860626996799],[-71.665390099700801,-33.085988499924198],[-71.665422299812107,-33.0859097999748],[-71.665481300261703,-33.0857615002461],[-71.665666300209594,-33.085581699990399],[-71.665779000150195,-33.0854717996719],[-71.665843400372907,-33.085413400018702],[-71.666041900202998,-33.085310000225498],[-71.666157199867996,-33.085168499791202],[-71.666221600090694,-33.085119000175901],[-71.666336899755706,-33.085056100113697],[-71.666449599696307,-33.084983900089703],[-71.666529999812596,-33.084927999711397],[-71.666613199977505,-33.084919000101003],[-71.666755299980807,-33.084856099895703],[-71.666841199583203,-33.084795399687302],[-71.666948400037597,-33.0847099999393],[-71.667020900369295,-33.084678299882199],[-71.667136200034307,-33.084539200194698],[-71.667160300036699,-33.084480799922098],[-71.667238100428506,-33.0844312999198],[-71.667283699810696,-33.084336699938099],[-71.667337400199997,-33.0842718002244],[-71.667401699811407,-33.084226800321801],[-71.667535800317097,-33.084177400281597],[-71.667592200143901,-33.084085000086503],[-71.667664599864196,-33.084049300104802],[-71.667736999584505,-33.084017599809599],[-71.667828200145394,-33.083945900213202],[-71.667876499863297,-33.0838761996594],[-71.667943499810505,-33.083846999684098],[-71.668069599920102,-33.0836738002399],[-71.668144699976196,-33.0835590999788],[-71.668209100198894,-33.083478500356797],[-71.668233200201399,-33.0834354999119],[-71.668308300257394,-33.083386299639599],[-71.6683378000331,-33.083282899721198],[-71.668364700084197,-33.083215500334902],[-71.668396799584301,-33.083170599998098],[-71.668407500315993,-33.0831378998273],[-71.668410199753396,-33.083085200177798],[-71.668474299938794,-33.083042499860099],[-71.668490699582605,-33.083006299675098],[-71.668504099751701,-33.082952300065898],[-71.668512199860601,-33.082909900003798],[-71.668546999696403,-33.082768099903298],[-71.668568499974398,-33.082709900173803],[-71.668595300312603,-33.082532299798999],[-71.668640899694793,-33.082485099659401],[-71.668624800088196,-33.082442399803099],[-71.668563100201297,-33.082404000022201],[-71.668539000198805,-33.0823814999722],[-71.668512199860601,-33.082332099648298],[-71.668506800087499,-33.082275900272997],[-71.668498799691505,-33.082244599768302],[-71.668471899640394,-33.082194999905198],[-71.668426300258204,-33.082136799796501],[-71.668426300258204,-33.082071400179302],[-71.668431900355699,-33.082040600140097],[-71.668423699635497,-33.081846899861901],[-71.668490699582605,-33.081723299646796],[-71.668530900089905,-33.081671600230599],[-71.668587299916695,-33.081612899987398],[-71.668657000199602,-33.081550199892099],[-71.668705299917505,-33.081550199892099],[-71.668758899695504,-33.081478100109003],[-71.668756299971093,-33.081453599913502],[-71.668793800142595,-33.081383700178399],[-71.668833999751598,-33.0813344001552],[-71.668855500029593,-33.081255799913002],[-71.668893000201095,-33.081195100230403],[-71.668901100310094,-33.081143399751099],[-71.668890399578402,-33.081100699996099],[-71.668882300367798,-33.080997299648601],[-71.668919900252305,-33.080927400303601],[-71.668954700088094,-33.080871300139698],[-71.668962800196994,-33.080828799718098],[-71.668949400027898,-33.080797299985598],[-71.668949400027898,-33.080765600023597],[-71.668952100363697,-33.080720900159903],[-71.669000300368594,-33.080657799744401],[-71.669096899804302,-33.080583800163403],[-71.669145200420502,-33.080509400082398],[-71.6691504995824,-33.080455700021297],[-71.6690996001401,-33.080430799855598],[-71.669078099862105,-33.0803880997547],[-71.669070100364493,-33.080349900048802],[-71.669075400424603,-33.080298400044597],[-71.6690915000312,-33.080251200211599],[-71.669120999806793,-33.080224199941703],[-71.669166600087195,-33.080181300273601],[-71.669169300422993,-33.080147800370902],[-71.669169300422993,-33.080116100174799],[-71.669147200070299,-33.080068900243901],[-71.669123700142507,-33.080032999917599],[-71.669096899804302,-33.079992499785497],[-71.669086199971005,-33.079965500188997],[-71.669102299577503,-33.079909400164297],[-71.669113000309196,-33.0798870996964],[-71.669115699746598,-33.079842199918602],[-71.669083499635207,-33.079826200354297],[-71.669040599690504,-33.079835199733203],[-71.669013699639393,-33.079868899975303],[-71.668986900199499,-33.079927599877003],[-71.668968100257203,-33.079974799883701],[-71.668949400027898,-33.079999299738397],[-71.668906500083196,-33.080006000333398],[-71.668890399578402,-33.0800017001201],[-71.668839400423096,-33.079943099625197],[-71.668826000254001,-33.079936299667999],[-71.668801900251594,-33.079902600204498],[-71.668801900251594,-33.079855400159097],[-71.668785799746701,-33.079812899999297],[-71.668764300367002,-33.079790199818703],[-71.668766999804404,-33.079734099682199],[-71.668788400369493,-33.0797051000579],[-71.668809899749206,-33.079641900308701],[-71.668804499976005,-33.079588199717897],[-71.668785799746701,-33.079524999884804],[-71.6687187000866,-33.079498299723603],[-71.668640899694793,-33.079457599876903],[-71.668592599976904,-33.079437400112397],[-71.668536299863106,-33.079435099825901],[-71.668474599976093,-33.079396899706097],[-71.668447799637903,-33.079379000215702],[-71.668343199806202,-33.079349999721501],[-71.668281499919303,-33.079338700004001],[-71.668241300310299,-33.079307000268997],[-71.668219800032304,-33.079295799904003],[-71.668174199751803,-33.079349700141996],[-71.668179600423301,-33.079381399861603],[-71.668136699580302,-33.079401400170298],[-71.668099099695795,-33.079410599813997],[-71.668074999693303,-33.079387900282399],[-71.668050799977905,-33.079313999743697],[-71.668037399808796,-33.079271299853303],[-71.667978400257596,-33.079217099987297],[-71.667951599919405,-33.079185699788603],[-71.667948899583607,-33.079143200057899],[-71.667983800030697,-33.079107199995399],[-71.667989100090907,-33.079075799757398],[-71.667962299752702,-33.079057599868499],[-71.667903300201502,-33.079048799879502],[-71.667881899636498,-33.0790308002071],[-71.667868399754397,-33.0789970996439],[-71.667887199696693,-33.078934000250001],[-71.667852300147899,-33.078900499872198],[-71.667830899582796,-33.078873299717898],[-71.667825499809695,-33.0788238003231],[-71.667825499809695,-33.0787744002591],[-71.667801399807203,-33.0787317001068],[-71.667755800425098,-33.078738400045701],[-71.667745099693406,-33.078772400289502],[-71.667712899582099,-33.078778900002497],[-71.667688699866602,-33.078761099745002],[-71.667686100142205,-33.078718400339],[-71.667664599864196,-33.078648700158702],[-71.667683399806407,-33.078599299996398],[-71.667661900426793,-33.078543099741502],[-71.667594899581303,-33.0785316998086],[-71.667543900425997,-33.078502699787798],[-71.667530500256902,-33.078464199680603],[-71.667530500256902,-33.078435000166699],[-71.667530500256902,-33.078390299871302],[-71.667560000032495,-33.078349600264602],[-71.667584100035,-33.078322899746702],[-71.667584100035,-33.078266499843998],[-71.667576099639007,-33.0782192996733],[-71.667535800317097,-33.078176600004298],[-71.667487600312199,-33.078143100090799],[-71.667444700367497,-33.078120599703503],[-71.667380300144799,-33.0780914000756],[-71.667342700260207,-33.078093400060801],[-71.667281000373194,-33.078086900297102],[-71.667262300144003,-33.078070899660801],[-71.667248899974894,-33.078032699701303],[-71.667248899974894,-33.077976499837099],[-71.667248899974894,-33.077952000171599],[-71.6672648998684,-33.077911599946503],[-71.667310500148901,-33.077889100252797],[-71.667329300091097,-33.077843899870501],[-71.667318600257801,-33.077816999726799],[-71.667270299641601,-33.077796700225797],[-71.667197899921305,-33.077814700150803],[-71.667146899867603,-33.077785699893603],[-71.667112100031801,-33.077794500008999],[-71.667039700311506,-33.077767399625202],[-71.6669994000912,-33.077720300052],[-71.666934999868502,-33.077702300107802],[-71.666884100426202,-33.077702599692898],[-71.666830400036801,-33.077691100291197],[-71.666800900261194,-33.077677600140802],[-71.666766100425406,-33.077657600192801],[-71.666745500259296,-33.0776103003355],[-71.666717799809206,-33.077585699702603],[-71.666657600108806,-33.0775633000383],[-71.666633100355995,-33.077550200319401],[-71.666599700095503,-33.077532399813201],[-71.666524699752401,-33.077511300096702],[-71.666471000261396,-33.077486800301699],[-71.666374499640298,-33.077446100276902],[-71.666267200371095,-33.077410399858699],[-71.666197400375296,-33.077360700167503],[-71.666098200316796,-33.077311500260699],[-71.666055300371994,-33.077306999689498],[-71.665955999702206,-33.0772708001548],[-71.665913099757503,-33.0772328000741],[-71.6658729001485,-33.077167399821597],[-71.665867500375398,-33.077131499816502],[-71.665843400372907,-33.077106700328599],[-71.665840700037194,-33.077059500288399],[-71.665795099756707,-33.077030300308202],[-71.665751800061699,-33.077020900188799],[-71.665701199758402,-33.077008099976602],[-71.665668999646996,-33.076978599638998],[-71.665634199811294,-33.076951699983603],[-71.665569799588496,-33.076942700309701],[-71.665514399586598,-33.0769349998519],[-71.665481300261703,-33.0769023997345],[-71.665465199756895,-33.0768799998962],[-71.665390099700801,-33.076852799869798],[-71.665357899589395,-33.076841499831502],[-71.665296700064104,-33.076858599682403],[-71.665263999591104,-33.076875199715097],[-71.665247899984607,-33.076904499860198],[-71.665253299757694,-33.076933699882098],[-71.6652773997602,-33.076978599638998],[-71.665263999591104,-33.077025799722698],[-71.665213100148804,-33.077017099643797],[-71.6651781997017,-33.077003399915803],[-71.665138000092696,-33.077021299889601],[-71.665116499814701,-33.077039500199902],[-71.665052099592003,-33.077050499872797],[-71.665025300152095,-33.077043799805303],[-71.664993100040704,-33.077044000031997],[-71.664942199700107,-33.0770462996283],[-71.664861699870897,-33.077041600322303],[-71.664802700319598,-33.077021600229799],[-71.664735599761201,-33.077005600152503],[-71.664601500153907,-33.076985600051799],[-71.664499599759594,-33.076958600284897],[-71.664394999927893,-33.076913699765001],[-71.664336000376693,-33.076886499749101],[-71.664287699760493,-33.076859499951802],[-71.664164299986595,-33.076828299891403],[-71.664116000268706,-33.076807799934997],[-71.664049000321498,-33.076771899783203],[-71.663971199929705,-33.076767399937097],[-71.6639175004387,-33.076760599734399],[-71.663845099819994,-33.076747399782299],[-71.663786299694806,-33.076733900239702],[-71.663727099819297,-33.076708899659501],[-71.663679000425702,-33.076697899943902],[-71.663630699809502,-33.076713599736003],[-71.663584999816095,-33.0767112000173],[-71.663544899920097,-33.076686699999499],[-71.663525899653493,-33.076659499913298],[-71.663550199980193,-33.076610300367101],[-71.663555599753394,-33.0765787998767],[-71.663512500382694,-33.076531400078103],[-71.663464400090803,-33.0765204003403],[-71.663413300324194,-33.076470700146302],[-71.663373200428197,-33.076470900374296],[-71.6633060998698,-33.076443899696699],[-71.663263199925098,-33.0764056997834],[-71.663244300269795,-33.076369499877799],[-71.663220299980395,-33.076356299866902],[-71.663174599986903,-33.076324599809901],[-71.663112900099904,-33.076297599840302],[-71.663027100210499,-33.076254899991099],[-71.662970700383696,-33.0762190003664],[-71.662876900098397,-33.076153800341601],[-71.662825900044794,-33.076090899889699],[-71.662809699826894,-33.0760408998622],[-71.662710700092703,-33.075971999982499],[-71.662672999596893,-33.075949300316303],[-71.662589200255596,-33.075932200288598],[-71.662538999702605,-33.0759179998185],[-71.662482699588793,-33.075895500367601],[-71.662418199653104,-33.075821100084802],[-71.662383500428604,-33.075756200109602],[-71.662364699587997,-33.075715700266699],[-71.662268000439298,-33.0756300997529],[-71.662152799588895,-33.075535899798297],[-71.662072200046694,-33.075423299624298],[-71.661999800326299,-33.075367100351301],[-71.661978300048304,-33.075315400210101],[-71.661970299652396,-33.075279500202001],[-71.661981100097094,-33.075228000240202],[-71.6619381004394,-33.0751962997767],[-71.661906000041,-33.075176300017397],[-71.661897800219094,-33.075119900355404],[-71.661892500158899,-33.0750795003351],[-71.661892500158899,-33.075030000311102],[-71.661876399654105,-33.074964800157801],[-71.661892599871905,-33.074895400361797],[-71.661930199756398,-33.0748526998321],[-71.661959700430401,-33.074742500061703],[-71.661940899589794,-33.074684100059102],[-71.661938200152306,-33.074612200149502],[-71.661935499816593,-33.0745581999035],[-71.661967600214993,-33.074490600373998],[-71.661946300261306,-33.074405399886402],[-71.661954299758904,-33.0743536999329],[-71.661967600214993,-33.074290500102698],[-71.661967600214993,-33.074243300057098],[-71.661967699927999,-33.074162700178903],[-71.661991899643397,-33.074095199709497],[-71.662053400104398,-33.073939899729801],[-71.662066999699505,-33.073879499866301],[-71.662069499710896,-33.073811799698298],[-71.662088299653206,-33.073757899830802],[-71.662072200046694,-33.073685899799898],[-71.662045399708504,-33.073569099858702],[-71.661999800326299,-33.073524099749797],[-71.661962200441806,-33.073474699720698],[-71.661959700430401,-33.073432200241903],[-71.662034799588099,-33.073407499828697],[-71.662080200442603,-33.073391499846899],[-71.662142099755499,-33.073398499792198],[-71.662195700431894,-33.0734187001907],[-71.662238600376597,-33.073409700155302],[-71.662281399709997,-33.073395999865603],[-71.662335000386406,-33.073337599721903],[-71.662337699823794,-33.0732993999653],[-71.6623942002619,-33.073265899700097],[-71.662420999701794,-33.073229900243398],[-71.662447800039999,-33.073146700138103],[-71.662461200209094,-33.073095000197597],[-71.662474499766901,-33.073031900334001],[-71.662471999755397,-33.0729511999807],[-71.662474499766901,-33.072903799733197],[-71.662501300105006,-33.072861099742397],[-71.662554999596097,-33.072825100120099],[-71.662603399925302,-33.072778100277503],[-71.662648899594402,-33.072735199989097],[-71.662659600326094,-33.072690200206502],[-71.662691900150506,-33.072634300295398],[-71.662710600379697,-33.072589100224199],[-71.662716099865904,-33.072535399844703],[-71.662667800148,-33.072521899655797],[-71.662638300372393,-33.072485899894801],[-71.662587300318805,-33.072459000371097],[-71.662565700327804,-33.072431799730602],[-71.662562999992005,-33.072391299862801],[-71.662571100101005,-33.072353099695299],[-71.662595200103397,-33.072299199687002],[-71.662595400427705,-33.072254399918897],[-71.662600699589603,-33.072214000088302],[-71.662643600432602,-33.072175799843897],[-71.662683899754498,-33.072150999711802],[-71.662716099865904,-33.072094799854],[-71.662740199868395,-33.072056600310603],[-71.6627751003154,-33.072002700120599],[-71.662772199655393,-33.071955300114801],[-71.6627426998798,-33.0719283003097],[-71.662705300319601,-33.071910500171597],[-71.662699799935098,-33.071865399847901],[-71.6627186995903,-33.071818400245299],[-71.662756300373204,-33.071793700131799],[-71.662796499982207,-33.071782400196398],[-71.662863599642293,-33.071782400196398],[-71.662885000207297,-33.0718229003445],[-71.662936000260899,-33.071753199970303],[-71.662941199709806,-33.071681099685001],[-71.663024499587806,-33.071631800246202],[-71.663056599986106,-33.071602399730999],[-71.663061900046301,-33.071552900009003],[-71.663091399821894,-33.071492199653299],[-71.663059400034896,-33.071418300009498],[-71.663056599986106,-33.071400100041899],[-71.663105000315298,-33.071310400200304],[-71.663115600435702,-33.071274199703602],[-71.663112900099904,-33.071242799680903],[-71.663134299766597,-33.0712089997782],[-71.663174699699894,-33.071146299794997],[-71.663214799595906,-33.071101199832299],[-71.663225699753497,-33.071022700352799],[-71.663179900047098,-33.070993299634097],[-71.663166700202297,-33.070980000201899],[-71.663188099869004,-33.070914800058397],[-71.663174599986903,-33.0708786001519],[-71.6631638004406,-33.070858399922997],[-71.663177400035707,-33.070809200143799],[-71.663174599986903,-33.070734800076501],[-71.663150599697502,-33.070721499852397],[-71.663209600146999,-33.070656300270201],[-71.663174699699894,-33.070622600262801],[-71.663147799648698,-33.070599899969103],[-71.663145199924301,-33.070539500071],[-71.663110199764205,-33.0705167997559],[-71.663112900099904,-33.070431300327002],[-71.663126300268999,-33.070393100061402],[-71.663104799991004,-33.070303199703801],[-71.663104799991004,-33.0702650001354],[-71.663126399982005,-33.0702158000243],[-71.663113999637801,-33.070144400080501],[-71.663107500326802,-33.070087400229198],[-71.663086099761799,-33.070062699629801],[-71.663078199977207,-33.069946099638301],[-71.663078199977207,-33.0698921002924],[-71.663096900206398,-33.0698044999614],[-71.663096799595095,-33.069747999745402],[-71.663096799595095,-33.069707600269602],[-71.663102299979599,-33.069665099723998],[-71.663145100211295,-33.069610899961901],[-71.663172000262506,-33.069581900011698],[-71.663198900313702,-33.0694988003426],[-71.663204200373798,-33.0694673003172],[-71.663204099762496,-33.0694175999027],[-71.663180100371406,-33.069350399923202],[-71.663158600093396,-33.069255999775699],[-71.663166499878002,-33.069210800227502],[-71.663142499588602,-33.069154900364403],[-71.663126300268999,-33.069120900167597],[-71.6631317000422,-33.069073700359901],[-71.663131799755206,-33.069020000093197],[-71.663150599697502,-33.068961600056198],[-71.663145199924301,-33.068918899657902],[-71.663112999812896,-33.068855899933197],[-71.663064700095006,-33.068844699743302],[-71.663048599590198,-33.068813200236399],[-71.663037800043895,-33.068774799775603],[-71.663024499587806,-33.068725600336897],[-71.663021700437397,-33.068696100233403],[-71.663005599932504,-33.068660099659901],[-71.662981499930098,-33.0686533997062],[-71.662978900205601,-33.068590700160399],[-71.662992199763394,-33.068536499736702],[-71.662986799990307,-33.068487099918499],[-71.662930499876495,-33.068291499823999],[-71.662957499640598,-33.068114200069303],[-71.662930599589401,-33.068078200010497],[-71.662927800438993,-33.0680104998956],[-71.662941199709806,-33.067947599644299],[-71.662952000154505,-33.067882400265098],[-71.662930599589401,-33.067776999970299],[-71.662847299711501,-33.067666600123303],[-71.662796400269102,-33.067536300271598],[-71.662772399979701,-33.067442099932201],[-71.662721399926099,-33.067430800190799],[-71.6626918004375,-33.067444100159499],[-71.662643600432602,-33.0673994003022],[-71.6626434998213,-33.067360899852801],[-71.662603300212297,-33.0672958001634],[-71.662560400267594,-33.0672889999815],[-71.662488100260305,-33.067284699899403],[-71.662434300157898,-33.067221599633001],[-71.662391400213195,-33.067201400070303],[-71.662351300317198,-33.0671970999839],[-71.662305499712502,-33.067194599880999],[-71.662235900040898,-33.0671049002692],[-71.662222400158797,-33.067066499815702],[-71.6622198004344,-33.066967800131799],[-71.662230399656394,-33.0669136002141],[-71.662262800092094,-33.066859900134901],[-71.662316399870093,-33.066814999730902],[-71.662367399923795,-33.066819500085899],[-71.6623780000441,-33.0668574000224],[-71.662367399923795,-33.066909400238501],[-71.662396899699402,-33.066931800356798],[-71.662447800039999,-33.066920599922],[-71.662493299709098,-33.066877699789003],[-71.662498800093601,-33.0668262001792],[-71.662504199866802,-33.066794699949803],[-71.662547099811505,-33.066769999931701],[-71.662568399765206,-33.0667473001498],[-71.662589900043201,-33.066684399748397],[-71.662587199707502,-33.066637200139397],[-71.662605899936693,-33.0666123999519],[-71.6625604999806,-33.066531699733602],[-71.662555100207399,-33.0664889996618],[-71.662522800383101,-33.066392100083199],[-71.662504000440805,-33.066367399952199],[-71.662496000044897,-33.066329200180803],[-71.662496099757902,-33.066293499768598],[-71.662444999991294,-33.0662213001537],[-71.662413000204197,-33.066219299898698],[-71.662388699877496,-33.066207799748902],[-71.662367399923795,-33.066178800182797],[-71.662367399923795,-33.066154099991799],[-71.662356499766105,-33.066115699876299],[-71.662362000150594,-33.066082199887298],[-71.662383300104295,-33.066034700330498],[-71.662383300104295,-33.065976299817997],[-71.662383300104295,-33.065920099780598],[-71.662383300104295,-33.065854899652102],[-71.662402100046506,-33.0658122000048],[-71.662407600430996,-33.065760699771403],[-71.662359200101804,-33.065720099718199],[-71.662337900148103,-33.0656888000983],[-71.662329800039203,-33.065639400187301],[-71.662313700432705,-33.065589900122099],[-71.6622198004344,-33.065533699837999],[-71.662203799642498,-33.065526999646401],[-71.662187700036,-33.065477500270802],[-71.662200899880801,-33.065421099661698],[-71.662203799642498,-33.0653605998465],[-71.6621633997092,-33.0653020001389],[-71.662152699875904,-33.065257000319001],[-71.662150100151507,-33.065212300103603],[-71.662174200153899,-33.065162799798301],[-71.6622036002165,-33.065142400261998],[-71.662243900436806,-33.065095199825997],[-71.662268100152204,-33.065075200029199],[-71.662332500375001,-33.065077399811301],[-71.662367399923795,-33.065097599861602],[-71.662426400373306,-33.065090899636701],[-71.662431599822199,-33.065054700345598],[-71.662434300157898,-33.064989500328799],[-71.662426200048998,-33.064915300112403],[-71.662431599822199,-33.064865899767199],[-71.662383300104295,-33.064742299784797],[-71.662372600270899,-33.064697299678699],[-71.662413000204197,-33.064603100064602],[-71.662418199653104,-33.064555699837001],[-71.662418300264406,-33.064495200179699],[-71.662404900095297,-33.064445800351599],[-71.662396899699402,-33.064414300023003],[-71.662434399870904,-33.064362600221699],[-71.662474700091195,-33.064328900062598],[-71.662490699984701,-33.064290700159198],[-71.662506699878193,-33.064234200167299],[-71.662506699878193,-33.064186999997098],[-71.662506699878193,-33.064146600226799],[-71.662525600431806,-33.064095099771599],[-71.662563200316299,-33.064072600308798],[-71.662611400321197,-33.064068099813298],[-71.662702800308097,-33.064081599793496],[-71.662732000046404,-33.064049899831097],[-71.6627670002065,-33.064034400294197],[-71.662796499982207,-33.064009700254303],[-71.662804600091107,-33.063942200277502],[-71.662758800384594,-33.063879099873098],[-71.662729299710705,-33.063849900035699],[-71.662689100101701,-33.063791400203499],[-71.662681099705793,-33.063762200337102],[-71.662656999703401,-33.063721999876002],[-71.662605899936693,-33.063699199932103],[-71.662557799644802,-33.063683700333499],[-71.662514899700099,-33.0636229998196],[-71.6624934003204,-33.063584800362698],[-71.662485399924506,-33.063533100074103],[-71.662496000044897,-33.063494700320703],[-71.662490600271695,-33.063393500184397],[-71.662480000151405,-33.063344299995798],[-71.662453100100194,-33.063303600204499],[-71.662412799879903,-33.063272200348997],[-71.662361900437602,-33.063249699922999],[-71.662332399763699,-33.063220499876799],[-71.662310900384,-33.063193499650197],[-71.662243900436806,-33.063182200116202],[-71.662214500374205,-33.063173500174102],[-71.662166199758005,-33.063187000291499],[-71.662150100151507,-33.063207200022802],[-71.662155499924594,-33.063238700030503],[-71.662133899933593,-33.063251899750803],[-71.662117800327096,-33.063224900286599],[-71.662117800327096,-33.063184500074698],[-71.662101099747701,-33.063127799867203],[-71.662080200442603,-33.063074299995002],[-71.662050699768699,-33.063036100300003],[-71.662026599766193,-33.063011399979899],[-71.661970299652396,-33.062995700001501],[-71.661951600321402,-33.062964400165498],[-71.661900699980805,-33.0629329000596],[-71.661863100096298,-33.062901500071902],[-71.661820100438604,-33.062880999881997],[-71.661739599710998,-33.062876500078403],[-71.6616994998151,-33.062876799713997],[-71.661645900037001,-33.062917200067098],[-71.661589399598896,-33.062930499964999],[-71.661557300098806,-33.062910499676299],[-71.661508899769601,-33.062880999881997],[-71.661474099933898,-33.062869799684499],[-71.661425899929,-33.062876799713997],[-71.661396400153393,-33.062899200105903],[-71.661366900377701,-33.062903699908297],[-71.6613266998705,-33.062879000304001],[-71.661278400152597,-33.062861000334898],[-71.661189899927393,-33.062881200141],[-71.661157600103095,-33.062890000241403],[-71.661085300095706,-33.062892499713698],[-71.661034200329098,-33.062926000163998],[-71.661012700051103,-33.062939500319303],[-71.660924199825999,-33.062926000163998],[-71.660857100165799,-33.062894500044301],[-71.660725900320202,-33.062858799744497],[-71.660618600152802,-33.062825099762399],[-71.660589100377194,-33.0627890997986],[-71.660578200219504,-33.062768600335403],[-71.660524600441505,-33.062732699725203],[-71.660479099873996,-33.0626947001413],[-71.660454999871604,-33.062645199925697],[-71.660428000107402,-33.062602299967303],[-71.660403900104996,-33.062559600247603],[-71.660339599595204,-33.062512600191901],[-71.660352900051294,-33.062440399733902],[-71.660366399933395,-33.062388999916102],[-71.660395899709101,-33.062341800261997],[-71.660422799760198,-33.062294499699597],[-71.660470999765096,-33.062247299994802],[-71.660449600098403,-33.062143900074602],[-71.660422600334201,-33.062015599925402],[-71.660417399987097,-33.0619731001822],[-71.660462899656196,-33.0619189001998],[-71.660532699652094,-33.061907900141001],[-71.660581000268294,-33.0619102001329],[-71.660672100217894,-33.061846999646797],[-71.660723199984503,-33.061779799909303],[-71.660771300276394,-33.061739100147399],[-71.660825100378702,-33.061714599725001],[-71.661012900375397,-33.0615033001434],[-71.661042199826696,-33.061440100117998],[-71.661144299647006,-33.061363900308201],[-71.661259499598998,-33.061219800101199],[-71.661222100038799,-33.061139100208202],[-71.661197799711999,-33.061096200268601],[-71.661181799818493,-33.0610470003015],[-71.661181700105502,-33.060988299848901],[-71.661171000272205,-33.060898399670997],[-71.661146799658397,-33.060853399858097],[-71.661146999982705,-33.0607907000254],[-71.661181799818493,-33.0607165000335],[-71.661230100434693,-33.060590600220699],[-71.661262299647703,-33.060498499740099],[-71.661315900324098,-33.060453499722797],[-71.661366900377701,-33.060397299923302],[-71.661388200331501,-33.060372299971398],[-71.661459300189506,-33.060318699797797],[-71.661471500209402,-33.060242200125501],[-71.6614929995891,-33.0601725003662],[-71.661458100040306,-33.060089299961199],[-71.661404299937999,-33.060073399949097],[-71.661393600104603,-33.060037400365601],[-71.661393699817594,-33.059985899764598],[-71.661420400442793,-33.059895799803002],[-71.661390899768904,-33.059796900093197],[-71.661380199935493,-33.059740699874403],[-71.661366900377701,-33.059691399769498],[-71.661275600103806,-33.059637300021201],[-71.661230100434693,-33.059547600235803],[-71.661229999823405,-33.059497900242398],[-71.661197799711999,-33.0594371998532],[-71.6612112995941,-33.059394700370802],[-71.661216700265598,-33.059351999847998],[-71.661197900323302,-33.059273300161301],[-71.661162900163205,-33.059234900055301],[-71.661026299646196,-33.059190099659297],[-71.661004699655194,-33.059180900160001],[-71.660991300384396,-33.059162900187602],[-71.661012900375397,-33.059113699892798],[-71.661007499703899,-33.059082199914698],[-71.660991400097402,-33.059050800058998],[-71.660980499939697,-33.0589965997831],[-71.661002099930798,-33.058956400157001],[-71.661028799657601,-33.058906699829798],[-71.661034300042104,-33.0588619000197],[-71.661012700051103,-33.058809999700401],[-71.660994100433101,-33.058771999928801],[-71.660964400333199,-33.0587919996522],[-71.660942999768196,-33.058825699672603],[-71.660910799656904,-33.0588301996832],[-71.660833000163393,-33.058816799784601],[-71.660795599704798,-33.058810199968597],[-71.660766000216199,-33.058823499734203],[-71.660744499938204,-33.058832499755603],[-71.660733800104893,-33.0587583003717],[-71.660733899817899,-33.058724799841002],[-71.660739100165003,-33.058688600190301],[-71.660757999820305,-33.058637100306001],[-71.660752500334098,-33.058589699877203],[-71.660757999820305,-33.0585585001146],[-71.660795499991806,-33.058520000315198],[-71.660881299881197,-33.058502000207604],[-71.660913499992603,-33.058486300177698],[-71.660934899659296,-33.058434599906001],[-71.660921500388497,-33.058387399637198],[-71.6609027004463,-33.0583649002212],[-71.660905600207997,-33.058329200343003],[-71.660926900161698,-33.058306499889802],[-71.660953800212894,-33.0582999000356],[-71.660977999928306,-33.058329200343003],[-71.660996799870603,-33.0583605997031],[-71.661055800320099,-33.0583650997376],[-71.661082599759993,-33.058358399753097],[-71.661074499651093,-33.0583067001592],[-71.661050299935596,-33.058275000375701],[-71.6610449998755,-33.058232500332103],[-71.661039500389293,-33.058167100262203],[-71.660988600048697,-33.0581467999924],[-71.660964400333199,-33.058140099991299],[-71.660924199825999,-33.0581175997591],[-71.660889300277205,-33.058104100370002],[-71.660835699600796,-33.058113099712003],[-71.660798300040597,-33.058106599978203],[-71.660776700049595,-33.058072700165503],[-71.660774100325099,-33.058027899930998],[-71.660771499702406,-33.057985200250997],[-71.660757900107299,-33.057955799694],[-71.660771300276394,-33.0579197999974],[-71.660830500151903,-33.057884099938597],[-71.660857299591797,-33.057875099820301],[-71.660894799763298,-33.057841300053603],[-71.660889499703103,-33.057809899755298],[-71.660846400332503,-33.0577512001556],[-71.660817000269802,-33.057706499892902],[-71.660819699707304,-33.057675000163997],[-71.660808900160902,-33.057620799793902],[-71.660798099716303,-33.057575899946897],[-71.6608035003878,-33.057526399864301],[-71.6608384996495,-33.057486200319701],[-71.660846599758401,-33.057445700349803],[-71.660846400332503,-33.057416200229902],[-71.660833000163393,-33.057359999996997],[-71.660814399647094,-33.057328799798597],[-71.660814200221097,-33.0572814001711],[-71.660803600100706,-33.057247899831196],[-71.660790100218605,-33.057229699944699],[-71.660814200221097,-33.057150999866501],[-71.660851899818596,-33.057113000131601],[-71.660900200434796,-33.057045500136297],[-71.660951000164104,-33.0570183000019],[-71.660977799603998,-33.056937399749202],[-71.660977799603998,-33.056905899745203],[-71.661015500099893,-33.056874700138799],[-71.661074499651093,-33.056858999818701],[-71.661088000431505,-33.056791499628602],[-71.661085300095706,-33.056748800101701],[-71.661047700211199,-33.056706099801303],[-71.661012700051103,-33.056667599944703],[-71.660972500442099,-33.056636199980602],[-71.660932200221893,-33.056604699868899],[-71.660924199825999,-33.056577699871603],[-71.6609027004463,-33.0565328002454],[-71.660827600390206,-33.056476600201499],[-71.660819699707304,-33.056436300040801],[-71.660822400043003,-33.056402599858501],[-71.660803600100706,-33.056362100143097],[-71.660773999713797,-33.056348400210901],[-71.660747200273903,-33.056314699994999],[-71.660750000322693,-33.056279000038302],[-71.660749899711405,-33.0562404999948],[-71.660728500044698,-33.056173299741801],[-71.660715099875603,-33.056141800217297],[-71.660739100165003,-33.056076400100103],[-71.660776700049595,-33.0560179997563],[-71.660795499991806,-33.055919000070098],[-71.660776700049595,-33.055820099656998],[-71.660795599704798,-33.0557799000863],[-71.660811599598304,-33.055750400161003],[-71.660862599652006,-33.055734899915599],[-71.660908100219402,-33.055718999869903],[-71.660945799817,-33.0556990002014],[-71.660986000324201,-33.055716899991502],[-71.661020800160003,-33.055743699977597],[-71.661069799665498,-33.0557299999492],[-71.661111999822594,-33.055728000208703],[-71.661125499704696,-33.055719200145198],[-71.661155000378599,-33.055694500030597],[-71.661141600209504,-33.055604500332002],[-71.661146799658397,-33.055572800328399],[-71.661189699603099,-33.055541399973897],[-71.661222100038799,-33.055528099712497],[-71.661273000379396,-33.055521400265],[-71.661305099879499,-33.055543599994301],[-71.661334599655106,-33.055570600308698],[-71.661372099826593,-33.055597599861898],[-71.661404500262293,-33.055640500222502],[-71.661439200385104,-33.055660499904299],[-71.661495499600605,-33.055687500182898],[-71.661552000038697,-33.055674199943503],[-71.661594899983399,-33.0556449996431],[-71.661602900379293,-33.055593299961501],[-71.661594899983399,-33.055550599853497],[-71.661635099592303,-33.055516900085202],[-71.6616913997061,-33.055503400297198],[-71.661745000382496,-33.055489700231497],[-71.661771799822404,-33.055447000073301],[-71.661769200098007,-33.055375199642398],[-71.661788000040204,-33.055325799966297],[-71.661801400209299,-33.055294300138598],[-71.661788000040204,-33.055233599862703],[-71.661763699713504,-33.0552087000884],[-71.661763900037798,-33.055163899902297],[-71.661804099646702,-33.055094199886803],[-71.661777099882599,-33.055031099915901],[-71.6617397003223,-33.055020000363797],[-71.661720799768801,-33.054997299810303],[-71.661667299703694,-33.0549413999546],[-71.661618900272799,-33.054941100291998],[-71.661549299702898,-33.054932400288401],[-71.661474099933898,-33.0549524001311],[-71.661307899928204,-33.054988599812198],[-71.661254200437099,-33.055031300192702],[-71.661197799711999,-33.055048999841901],[-71.661155000378599,-33.055024499816099],[-71.661176499758298,-33.054975099943199],[-71.6612112995941,-33.054943599989997],[-71.661246200041205,-33.054880700188299],[-71.661230100434693,-33.0548109999486],[-71.661254200437099,-33.0547548003114],[-71.661296200269902,-33.054723100001901],[-71.661302500155003,-33.0546691997368],[-71.661291800321706,-33.0546153001915],[-71.661230100434693,-33.054568100133899],[-71.661189899927393,-33.0545568002455],[-71.661173800320896,-33.054518599865901],[-71.661146199583797,-33.054486099865002],[-71.661089799756994,-33.054474900105198],[-71.661057599645602,-33.054504100040702],[-71.660999399594999,-33.054511900341701],[-71.660919000377106,-33.0544893999352],[-71.660897500099097,-33.054471399756402],[-71.660851899818596,-33.054469199709203],[-71.660830500151903,-33.054457899808099],[-71.660876100432404,-33.054424200374498],[-71.660907400431796,-33.054393999774099],[-71.660919000377106,-33.054361300201698],[-71.660951199590102,-33.054340999807202],[-71.660990599698493,-33.054319799661002],[-71.661015500099893,-33.054289300112799],[-71.661010200039698,-33.054255599861698],[-71.660924300437301,-33.054219600157801],[-71.6608868002657,-33.054185899879997],[-71.660854600154394,-33.0541657003374],[-71.660811700209607,-33.054172399888003],[-71.660778800310695,-33.0541803003577],[-71.660741900213793,-33.054179200330502],[-71.660693700208896,-33.054199399870001],[-71.660677599704002,-33.054208400364097],[-71.660633900258702,-33.054227600009597],[-71.660581000268294,-33.054224099651101],[-71.660530000214607,-33.054206100171001],[-71.660476400436593,-33.054210599664898],[-71.660433499593594,-33.054203900117201],[-71.660377200378093,-33.054212899857902],[-71.660338800094607,-33.054245600238197],[-71.660285200316594,-33.054196099789003],[-71.660183999709901,-33.054188099934301],[-71.6601250001587,-33.054170199833401],[-71.660105500428799,-33.054144400009498],[-71.660033799597798,-33.054161200088302],[-71.6599855995929,-33.054179200330502],[-71.659896999654805,-33.054172399888003],[-71.659843399876706,-33.054185899879997],[-71.659808500327898,-33.054199399870001],[-71.659738800045005,-33.054219600157801],[-71.659669099762098,-33.054201599923999],[-71.6596449000467,-33.054179200330502],[-71.659553700384095,-33.054176900136603],[-71.659475899992302,-33.054170199833401],[-71.659419599878504,-33.0541657003374],[-71.659373999598003,-33.054181399632],[-71.659333799989099,-33.054208400364097],[-71.659306999650894,-33.054221900350598],[-71.659292700268196,-33.054250099730098],[-71.659265899930006,-33.054265799762597],[-71.659231100094203,-33.054259100218999],[-71.659202399819193,-33.0542309000895],[-71.659156800437003,-33.054212899857902],[-71.659143299656705,-33.054136400150099],[-71.659108499820903,-33.054091500031902],[-71.659081700380995,-33.054055500260901],[-71.659019999595699,-33.054026300176602],[-71.658966300104694,-33.054030799679701],[-71.658928799933094,-33.054023999978703],[-71.658923400159907,-33.053990299626101],[-71.658942200102203,-33.053940899925799],[-71.658976999938005,-33.053898099629698],[-71.659009200049397,-33.053864399981798],[-71.659038699825004,-33.053830700321001],[-71.659049500269603,-33.0537946996904],[-71.659089699878606,-33.053765500272497],[-71.659129900385906,-33.053756499733097],[-71.659170199707802,-33.053704799695502],[-71.659188899937106,-33.053648600105198],[-71.659175499767997,-33.0535991000732],[-71.659180900439495,-33.053558699961101],[-71.659180900439495,-33.053511500089897],[-71.659183599876897,-33.053475500081802],[-71.659186300212696,-33.053423799879297],[-71.659180900439495,-33.053356300067101],[-71.659183599876897,-33.053320400135902],[-71.659197000046007,-33.053261900082397],[-71.659202399819193,-33.053217000271097],[-71.659202399819193,-33.053183200222001],[-71.659231899594801,-33.053138300370598],[-71.659311500210407,-33.053132800169202],[-71.659379400269501,-33.0531023002099],[-71.659422300214203,-33.053082099665701],[-71.659493900433901,-33.0530382998043],[-71.659534900441798,-33.0529900003649],[-71.659534900441798,-33.0529540001437],[-71.659564499930397,-33.052918100048402],[-71.659604700437697,-33.052904599862003],[-71.659628800440203,-33.052873099921001],[-71.659677100158007,-33.052882099797699],[-71.659668300261501,-33.052908000132298],[-71.659649500319304,-33.0529304000491],[-71.659665599925802,-33.052957399659],[-71.659735300208695,-33.052982099788501],[-71.659784400325407,-33.052969799795001],[-71.659816600436798,-33.052938299877297],[-71.659848799649893,-33.0528955999876],[-71.659851400272601,-33.052846100285201],[-71.659880999761199,-33.052834900316803],[-71.659921200268499,-33.052821400117601],[-71.659953400379905,-33.052796699943102],[-71.659956099817293,-33.052767400053099],[-71.659880999761199,-33.052708999773301],[-71.6598800996493,-33.052662900245799],[-71.659870200214897,-33.052610100272098],[-71.659829200207,-33.052593199756203],[-71.659787099762895,-33.052601100367603],[-71.659757599987302,-33.052637099980203],[-71.659714700042599,-33.052637099980203],[-71.659685200266907,-33.052625799844101],[-71.659676299759099,-33.052588700179697],[-71.659703100097303,-33.052528000297301],[-71.659701200160498,-33.052490899838801],[-71.6596530001556,-33.052459399749701],[-71.659662899590003,-33.052422400156601],[-71.659692400264007,-33.052368399847502],[-71.659784400325407,-33.052331300074599],[-71.659823800433799,-33.0522874998397],[-71.659886299821395,-33.052270600014801],[-71.659931900101896,-33.052232400149201],[-71.659947999708393,-33.052209899913102],[-71.660004299822205,-33.052191900021299],[-71.660046400266296,-33.052123299964798],[-71.660098199820496,-33.052110999851401],[-71.660116999762806,-33.052079499626402],[-71.660140300264601,-33.052044699981501],[-71.660229599990402,-33.0520344998233],[-71.660288600439898,-33.052030000218203],[-71.660331600097606,-33.052050299639603],[-71.660363800208998,-33.052014299787103],[-71.660358400435797,-33.051969299950699],[-71.660336099758894,-33.051932300151599],[-71.660361099873299,-33.051877200238899],[-71.660409299878097,-33.051832200332399],[-71.660452300434201,-33.051812000249797],[-71.660495200378904,-33.051787199650001],[-71.660532699652094,-33.051755800204198],[-71.660570300434898,-33.051769299813799],[-71.660597099874806,-33.051782800174301],[-71.660650699652905,-33.051782800174301],[-71.660688300435694,-33.051762499938199],[-71.660701699706493,-33.051728800225902],[-71.660674900266599,-33.051690600125198],[-71.660715099875603,-33.051665800244201],[-71.660757200319694,-33.051657999691201],[-71.660808999873893,-33.051665800244201],[-71.660857299591797,-33.051629899623698],[-71.660891299927002,-33.051592800292703],[-71.660913599705594,-33.051551199810497],[-71.660980700264105,-33.051560199822397],[-71.660956499650297,-33.051620900372001],[-71.661028900268903,-33.051629899623698],[-71.661066500153495,-33.051647899630503],[-71.661106699762499,-33.0516614000095],[-71.661138899873805,-33.051663600126901],[-71.661195199987603,-33.051643400005602],[-71.661224699763196,-33.0516073999867],[-71.661227400098994,-33.051555700193099],[-71.661178299982197,-33.0515298002137],[-71.661110099885803,-33.051522699892402],[-71.661097999578899,-33.051550900136398],[-71.661028900268903,-33.051526500032601],[-71.660967200382004,-33.051515199753901],[-71.660926200374107,-33.051498399923197],[-71.660908199932393,-33.051465800171002],[-71.660907400431796,-33.051444399800403],[-71.660928899811495,-33.051408399700101],[-71.660956499650297,-33.051405100267402],[-71.660994100433101,-33.051418499788298],[-71.660996799870603,-33.051452299761898],[-71.6610449998755,-33.051463499906198],[-71.661109400098198,-33.051463499906198],[-71.661157699816101,-33.0514544998844],[-71.661132699701696,-33.051421900115898],[-71.6610530999844,-33.051416299664801],[-71.661133500100604,-33.051389300335302],[-71.661154199979705,-33.051343200116797],[-71.661215899866704,-33.051322999922],[-71.661213699892599,-33.051280400144599],[-71.661178299982197,-33.051230800144502],[-71.661109400098198,-33.051229700080398],[-71.661097899865894,-33.051172400351398],[-71.661181799818493,-33.051200499811799],[-71.661241100305304,-33.0512161996351],[-71.661275699816798,-33.051236399854403],[-71.661299799819304,-33.051267899628002],[-71.661331999930596,-33.051294899747703],[-71.661399099590795,-33.051292600231399],[-71.661449999931406,-33.051279199938499],[-71.661500999984995,-33.051274700294798],[-71.661565400207806,-33.051245399898399],[-71.661594899983399,-33.051227499952198],[-71.661631599756006,-33.051194900099603],[-71.661656599870398,-33.051144300129003],[-71.661688799981704,-33.051110500037197],[-71.6616994998151,-33.051065599881802],[-71.661667299703694,-33.051040899967703],[-71.661629800430504,-33.051011600246497],[-71.661648499761398,-33.050968900175398],[-71.661715600319894,-33.050953200308001],[-71.661753099593099,-33.0509823999056],[-71.661822899588998,-33.050957699968102],[-71.661846999591404,-33.050939699820297],[-71.661903299705301,-33.050953200308001],[-71.661948899985703,-33.050944200234099],[-71.661978399761296,-33.050921699668898],[-71.661980299698101,-33.050875599958502],[-71.661974999638005,-33.0508441000446],[-71.661974999638005,-33.050812700262597],[-71.661970400263698,-33.050777799973702],[-71.661943599925493,-33.050766599742197],[-71.661906000041,-33.050755300118901],[-71.661876500265393,-33.0507328996487],[-71.661865800431997,-33.050710399782403],[-71.661852400262902,-33.050660900357499],[-71.661846200090807,-33.050612600367103],[-71.661835500257496,-33.050585600038197],[-71.661774599871094,-33.050573200319498],[-71.661710199648397,-33.050559699773501],[-71.661627100094705,-33.050571000174898],[-71.661597600319098,-33.050595700220804],[-71.661549299702898,-33.0506025001865],[-71.661511699818405,-33.050647399825102],[-71.6614929995891,-33.050669899707501],[-71.661455399704593,-33.050683400236501],[-71.661407099986704,-33.050683400236501],[-71.661358899981806,-33.050692400336999],[-71.661318599761501,-33.050678899809398],[-71.661305199592405,-33.050615899829502],[-71.661339299640602,-33.050574399782199],[-71.661415200095604,-33.050559699773501],[-71.661422400092604,-33.050511399727597],[-71.661384899921103,-33.050486699658002],[-71.661291800321706,-33.0504877997314],[-71.661226599700001,-33.050506900044702],[-71.661146999982705,-33.050510299654498],[-71.661090600155902,-33.050505799971603],[-71.661028900268903,-33.050514800090198],[-71.660988699761702,-33.050523800207998],[-71.660947699753805,-33.050500200215097],[-71.660892100325896,-33.050496799851899],[-71.660854600154394,-33.050481099900402],[-71.660817000269802,-33.050440599719899],[-71.660830500151903,-33.050386599701397],[-71.660892100325896,-33.050379899862698],[-71.660908199932393,-33.050350700065302],[-71.660881399594203,-33.050292200297697],[-71.660883300429404,-33.050243900105002],[-71.660840399586405,-33.050201199661601],[-71.660784899871501,-33.0502247997347],[-71.660752699760096,-33.050200000193797],[-71.660741900213793,-33.050166299883401],[-71.660762600092895,-33.050142699794698],[-71.660727699645705,-33.050106699915197],[-71.660693700208896,-33.0500830998105],[-71.660648099928395,-33.050092099972403],[-71.660596300374195,-33.050068499863798],[-71.660594400437404,-33.050033700177103],[-71.660556900265803,-33.0499414998025],[-71.660513199922207,-33.049875199805101],[-71.660530000214607,-33.049842600204798],[-71.660575599596797,-33.049799800175499],[-71.660626599650399,-33.049750399630199],[-71.660618600152802,-33.049653699985399],[-71.660632000321897,-33.049611000008802],[-71.660607000207506,-33.049560399881003],[-71.660585599642502,-33.049524399763499],[-71.6605829002051,-33.049466000344601],[-71.660589100377194,-33.049433399839899],[-71.660589100377194,-33.049388400190502],[-71.660581000268294,-33.049345700085297],[-71.660561399927104,-33.049319800208799],[-71.660558699591405,-33.049272600324301],[-71.660566799700305,-33.049225399661601],[-71.660590899702697,-33.049144499778002],[-71.660634699759299,-33.049098399890298],[-71.660682899764197,-33.049075900359298],[-71.660693700208896,-33.049039900043702],[-71.660714300375005,-33.048996099677503],[-71.6607124004382,-33.0489499997121],[-71.6606821002636,-33.048921900286402],[-71.660688300435694,-33.048851099753797],[-71.660706299979097,-33.048789300212299],[-71.660750000322693,-33.048797100266498],[-71.660782200433999,-33.0488195998687],[-71.660868000323404,-33.048835400261801],[-71.660935099983604,-33.048846599986],[-71.660999399594999,-33.048846599986],[-71.661066500153495,-33.048846599986],[-71.661095999929103,-33.048869100328503],[-71.661144299647006,-33.048900600195999],[-71.661203300096503,-33.048902799629403],[-71.661254200437099,-33.048918499862303],[-71.661299799819304,-33.048918499862303],[-71.661348100435504,-33.048896099677798],[-71.661356199646093,-33.048862300228997],[-71.661391000380206,-33.048817399680203],[-71.661420500155799,-33.048799399847901],[-71.661458100040306,-33.048785899782999],[-71.661484900378497,-33.048799399847901],[-71.661511699818405,-33.048830899740302],[-71.661522500263004,-33.048871299762702],[-71.661562699871993,-33.048896099677798],[-71.661605599816696,-33.048911799911899],[-71.661643199701302,-33.048931999906898],[-71.661680699872804,-33.048945499949397],[-71.661712899984195,-33.048968000266598],[-71.6617397003223,-33.048990499825102],[-71.661820200151595,-33.048970199698303],[-71.661857700323097,-33.048925299957503],[-71.661865800431997,-33.0488893003333],[-71.661846200090807,-33.048852199847602],[-71.661782600267003,-33.048844299652899],[-71.661744299696593,-33.048811699670999],[-71.661704899588202,-33.0488128999107],[-71.661690600205503,-33.048786999877599],[-71.661688799981704,-33.048758899646998],[-71.661710199648397,-33.048718400180398],[-71.661753099593099,-33.048700499720503],[-71.661790700376002,-33.048668999781498],[-71.661781799868095,-33.048611699892199],[-71.661814800378394,-33.0485453002537],[-71.661857700323097,-33.0485520996248],[-71.661883799975399,-33.048517199945898],[-71.661927500318995,-33.048504900081802],[-71.661954299758904,-33.0485677999202],[-71.661994500266204,-33.048633000052497],[-71.662029399814998,-33.048655499696601],[-71.662082999592997,-33.048653200111403],[-71.662082200092399,-33.048595900211801],[-71.662112599979906,-33.048570100260598],[-71.662082200092399,-33.048492500069997],[-71.662109100143596,-33.048447499939797],[-71.662117900040101,-33.048405900230598],[-71.662084900428198,-33.048377799878402],[-71.662053499817404,-33.0483542000634],[-71.662034000087502,-33.048330600241997],[-71.662036599811898,-33.048290199971603],[-71.662012499809506,-33.048267700234099],[-71.661970400263698,-33.048262000189297],[-71.661940899589794,-33.0483137998038],[-71.661919400210095,-33.048318300351703],[-71.661887200098704,-33.048325000347297],[-71.661873799929594,-33.0483542000634],[-71.6618461003779,-33.048387400337397],[-71.661809500318199,-33.048381200323497],[-71.661796100149104,-33.048358699856301],[-71.661776499807999,-33.048335100036098],[-71.661768399699,-33.0483059003137],[-71.661768399699,-33.0482586998857],[-71.661757699865703,-33.048209199835703],[-71.661760400201402,-33.048150800297698],[-71.661765700261597,-33.048114800356899],[-71.661726300153305,-33.048084400311701],[-71.6617066998121,-33.048049599840901],[-71.661702200150799,-33.048025999937899],[-71.661651200097197,-33.048017000317898],[-71.6616002997566,-33.048010200152497],[-71.661540499806407,-33.0479976999247],[-71.661543100429199,-33.047932700368001],[-71.661556499699898,-33.047912399997301],[-71.661608300152494,-33.047879799670397],[-71.661661899930493,-33.047868599823303],[-71.661685300145393,-33.047838299839697],[-71.661658499807203,-33.047793300128198],[-71.661618999985805,-33.047738199884598],[-71.661572600204707,-33.047725799764798],[-71.661538599869601,-33.047735999669101],[-71.661517099591606,-33.047756199933801],[-71.6614661004363,-33.047758400148702],[-71.661401799926495,-33.047771900371103],[-71.661372300150902,-33.047794400235198],[-71.661302500155003,-33.047778699801903],[-71.661302500155003,-33.047733700059901],[-71.661323200034104,-33.047701099666902],[-71.661302500155003,-33.047641500289203],[-71.661274900316201,-33.047579699898797],[-71.661243499705506,-33.047522400053801],[-71.661253400038206,-33.047476300069803],[-71.661246200041205,-33.047423399851198],[-71.661171099985197,-33.047360499948297],[-71.661167600148801,-33.047276200123001],[-71.661156900315504,-33.047231200124301],[-71.661114799871399,-33.047182899758702],[-71.661089799756994,-33.0471638002304],[-71.661020899872995,-33.047160399738402],[-71.660994100433101,-33.047155899884203],[-71.660931600147293,-33.047132299741698],[-71.660910099869199,-33.047105299851701],[-71.660902899872298,-33.047065999888297],[-71.660928899811495,-33.047010899942499],[-71.660980700264105,-33.0470030003356],[-71.661028900268903,-33.046991799624003],[-71.661037000377902,-33.046946800232902],[-71.661018200435606,-33.0469288000183],[-71.660972600155105,-33.046897300198502],[-71.660956499650297,-33.046859100260903],[-71.660953800212894,-33.046825400178101],[-71.660929700210403,-33.0468006998276],[-71.660900200434796,-33.046787200209302],[-71.660835800212098,-33.046746699836],[-71.660805500037597,-33.046702899835203],[-71.660781400035106,-33.0466803996922],[-71.660736600153598,-33.046661300055],[-71.660701699706493,-33.046663500297299],[-71.660653399988604,-33.046670299813599],[-71.660637300382106,-33.046690500322697],[-71.660591700101605,-33.046690500322697],[-71.660554199930104,-33.046663500297299],[-71.660562200325998,-33.046620799623803],[-71.660556900265803,-33.046584799810603],[-71.660531900151497,-33.046554500138299],[-71.660513199922207,-33.0465275000712],[-71.660511299985401,-33.046492699738103],[-71.660516600045597,-33.046465699652103],[-71.660475600037699,-33.046430799899397],[-71.660444200325202,-33.046411700208097],[-71.660361099873299,-33.046411700208097],[-71.660314700092201,-33.046421800116299],[-71.660293199814205,-33.046442100077599],[-71.660264500437506,-33.046454400229898],[-71.660256500041598,-33.046427500280302],[-71.660234999763603,-33.046377999953997],[-71.660197499592002,-33.046333000249298],[-71.660165300379006,-33.046312799658203],[-71.660110799590697,-33.046295900192703],[-71.660054500375196,-33.046284700144099],[-71.660007000157904,-33.046263300020399],[-71.6599587004401,-33.0462431001664],[-71.659890900093998,-33.046228500335999],[-71.659813200313494,-33.046240299776201],[-71.659784400325407,-33.046267799920201],[-71.659749499878401,-33.046274600220102],[-71.659711999706801,-33.046263300020399],[-71.659679799595494,-33.046267799920201],[-71.659631499877605,-33.046306000114299],[-71.659585899597104,-33.046310500011799],[-71.659526099646996,-33.046282399744001],[-71.659488499762503,-33.046248700193502],[-71.659446400216694,-33.046209399847797],[-71.659433000047599,-33.046184599929099],[-71.659363299764706,-33.046157699897002],[-71.659324900379502,-33.046120599766603],[-71.6592721001021,-33.046074499801897],[-71.659210400215102,-33.046038499765302],[-71.659154100101304,-33.046025000030198],[-71.659060200102999,-33.046022799771997],[-71.658998500216001,-33.046006999627203],[-71.658974400213594,-33.045977799885797],[-71.658957500208103,-33.0459518997719],[-71.659014599822498,-33.045935099632899],[-71.659070899936296,-33.045950799641901],[-71.659119199654199,-33.0459598002261],[-71.659170199707802,-33.045957599966201],[-71.659231899594801,-33.045988999973403],[-71.659323100155703,-33.045988999973403],[-71.659324900379502,-33.045949700264899],[-71.659363299764706,-33.045932799976597],[-71.659400799936193,-33.045905799718902],[-71.659371300160601,-33.045840599826597],[-71.659373200097406,-33.045792300204297],[-71.659333799989099,-33.045741700141399],[-71.659266700328899,-33.045737200214802],[-71.659229200157398,-33.045752999655001],[-71.659202399819193,-33.045768699696403],[-71.659167500270399,-33.045784399735098],[-71.659127299763099,-33.045770899960999],[-71.659076299709497,-33.045757500333799],[-71.659033399764795,-33.045764199771199],[-71.658995799880302,-33.045743999802603],[-71.658934099993303,-33.0457327002879],[-71.658826000325206,-33.045711400179101],[-71.658794700325799,-33.045667500267399],[-71.658762500214493,-33.045582100192902],[-71.658759799878695,-33.045532600144497],[-71.658783100380504,-33.045488800292901],[-71.658832199599004,-33.045458400094297],[-71.6588912000486,-33.045449400211901],[-71.658952100434902,-33.045468500111902],[-71.659017300158297,-33.045442699997501],[-71.659060200102999,-33.045420200285598],[-71.659057499767201,-33.045370700146201],[-71.659001199653403,-33.045352799758803],[-71.658986999983696,-33.045324699938497],[-71.659008399650403,-33.0452774000223],[-71.659038699825004,-33.0452695996564],[-71.659104999984507,-33.045279699695598],[-71.6591828003763,-33.045279699695598],[-71.659225700321002,-33.045261699893203],[-71.659266700328899,-33.045251599851902],[-71.659295399705599,-33.045219000046103],[-71.659322200043803,-33.045167300267003],[-71.659319600319407,-33.045057100224398],[-71.659357099592597,-33.0449985999524],[-71.659398200211797,-33.044981799631501],[-71.659440299757605,-33.044962699625898],[-71.659418800377907,-33.0449176999511],[-71.659373899884997,-33.044900099921399],[-71.659424999651606,-33.044871600109801],[-71.659384700329696,-33.044842399992],[-71.659349899595597,-33.044786200016603],[-71.659328400215898,-33.044754700183503],[-71.659288199708598,-33.044703000131904],[-71.659242600326493,-33.044667000287703],[-71.6592336998186,-33.044629900282402],[-71.659209599816194,-33.0445983996404],[-71.6591828003763,-33.044580399698802],[-71.659119199654199,-33.044552299632002],[-71.659119199654199,-33.0445253998544],[-71.659116500216797,-33.044489399937603],[-71.659164799934601,-33.044469199676698],[-71.659205000441901,-33.044451199708703],[-71.659237199654996,-33.044428699743499],[-71.659258699933005,-33.044410699767198],[-71.659392800438596,-33.044527600149998],[-71.659296200104507,-33.044545600102403],[-71.659261400268704,-33.044541100114699],[-71.659221100048498,-33.044536600126698],[-71.659237199654996,-33.044570300332303],[-71.659285500271196,-33.044595099952602],[-71.659320399820004,-33.044610800200402],[-71.659347200158194,-33.044642300084902],[-71.659368700436204,-33.0446850002117],[-71.659387399767098,-33.044700699690502],[-71.659427699987404,-33.044723200339199],[-71.659459800385804,-33.044738999961297],[-71.659497400270297,-33.044734499983399],[-71.659510000040498,-33.044706399965797],[-71.659521500272703,-33.044671500269096],[-71.659493900433901,-33.044627699989299],[-71.659481299765503,-33.044601800231398],[-71.659481299765503,-33.044565800345801],[-71.659449099654097,-33.044534399831299],[-71.659424999651606,-33.044260099670801],[-71.659237199654996,-33.044260099670801],[-71.659199700381805,-33.044226299948797],[-71.6591729000436,-33.0442082999311],[-71.659135300158994,-33.044219599641501],[-71.659123499889503,-33.044250199815899],[-71.659150600264994,-33.044290400132397],[-71.659194299710293,-33.044309500283802],[-71.659191600272806,-33.044352199818803],[-71.659129799774604,-33.044353599667403],[-71.659103100047702,-33.044318500282799],[-71.659079000045196,-33.044291500283201],[-71.659062900438698,-33.0442487999657],[-71.659054800329798,-33.044212799935899],[-71.659003899989202,-33.044217299940399],[-71.658969000440393,-33.044237599656803],[-71.658918000386805,-33.044235299956199],[-71.658880500215204,-33.044215099637],[-71.658858200436597,-33.044191500212598],[-71.658818800328206,-33.044192600364497],[-71.658788500153705,-33.044211699784199],[-71.658757100441306,-33.044188100358802],[-71.658733000438801,-33.044163400021702],[-71.658690099595802,-33.044167900028697],[-71.658665899880404,-33.044194900066202],[-71.658667799817195,-33.044225199797197],[-71.658668600216103,-33.0442510996659],[-71.658625700271401,-33.044257799970801],[-71.658598899933196,-33.044237599656803],[-71.658534499710498,-33.044154400006903],[-71.658480800219394,-33.044037499881803],[-71.658480800219394,-33.043976800129201],[-71.658534499710498,-33.043945300006598],[-71.658577399655201,-33.043916100334798],[-71.658596199597497,-33.0438732996843],[-71.658639100440496,-33.043841899675797],[-71.658676599713701,-33.043823900332598],[-71.658671299653506,-33.043785699815103],[-71.658641000377301,-33.043732799638697],[-71.658619500099306,-33.043708099926903],[-71.658631000331596,-33.043668699802303],[-71.658647099938094,-33.043637299720899],[-71.658643699814803,-33.043595699998797],[-71.658627600208206,-33.043552899945503],[-71.658635599705804,-33.043499000373203],[-71.658662400043994,-33.043465299757699],[-71.658678499650605,-33.0434046003638],[-71.658659699708295,-33.043285400271202],[-71.658681199986304,-33.0432337001102],[-71.6586946001554,-33.043204400050598],[-71.658689200382199,-33.043152699841897],[-71.658665100379807,-33.043109999725402],[-71.6586543996481,-33.043071799651301],[-71.658648999874899,-33.042984100338899],[-71.658675800213103,-33.042950400279402],[-71.658708000324495,-33.042905400329502],[-71.658708000324495,-33.042858200019403],[-71.658691899819601,-33.042813200022401],[-71.658708000324495,-33.042779499897499],[-71.658737500100102,-33.0427457997597],[-71.658821499765693,-33.042728900362803],[-71.658864399710396,-33.042737899770202],[-71.658915399763998,-33.042737899770202],[-71.658963599768896,-33.042706399957602],[-71.658961000044499,-33.042670500202902],[-71.658899300157501,-33.042625500109999],[-71.658872400106304,-33.042587299825797],[-71.658868999983,-33.042538899773],[-71.658893099985406,-33.042455700024497],[-71.658918000386805,-33.0424366002241],[-71.658942200102203,-33.042398399857902],[-71.658990499820106,-33.042378199870498],[-71.659017300158297,-33.042353399626101],[-71.659064800375504,-33.042325300354797],[-71.659103100047702,-33.042304000175001],[-71.659156000038095,-33.042316300152201],[-71.659205000441901,-33.0423287002805],[-71.659239899990695,-33.042315199976798],[-71.659277499875301,-33.042306199773101],[-71.659306999650894,-33.042335399978697],[-71.659343700321799,-33.042338799904002],[-71.659376699933802,-33.042308500277102],[-71.659411600380906,-33.042294999970302],[-71.659438399820701,-33.042285999764601],[-71.659430299711801,-33.042236500122797],[-71.659403500271907,-33.042209500238002],[-71.659427699987404,-33.0421600999533],[-71.659478600328001,-33.042094900300299],[-71.659526099646996,-33.042089199856001],[-71.659572500326405,-33.0421218000671],[-71.659609200098998,-33.042143199690997],[-71.659652199756707,-33.042154400266199],[-71.659673600321696,-33.042167899841502],[-71.659722700438493,-33.0421600999533],[-71.659754899651503,-33.042135299647398],[-71.659797799596205,-33.042115100352703],[-71.6598211000981,-33.042080199629197],[-71.659786300262297,-33.042028500266802],[-71.659813900101099,-33.041991399903097],[-71.659834599980201,-33.042001599718503],[-71.659848000149296,-33.042028500266802],[-71.659901599927295,-33.042039800256802],[-71.659953400379905,-33.042027400087797],[-71.659961399877503,-33.041973400181803],[-71.659950700044106,-33.041876799681603],[-71.659950700044106,-33.041786800167998],[-71.659929199766097,-33.041746399908],[-71.659952599980997,-33.041691299646502],[-71.659949899645198,-33.041650799942097],[-71.659921200268499,-33.041598000143303],[-71.659878400036803,-33.041549699700603],[-71.659870200214897,-33.041521500019201],[-71.659870200214897,-33.041474299720598],[-71.659867499879098,-33.041442800209097],[-71.659778999653994,-33.041478799864997],[-71.659744199818206,-33.041485499627797],[-71.659722700438493,-33.041471999947802],[-71.659693199764604,-33.041433799916298],[-71.6596530001556,-33.041404600165002],[-71.659634200213304,-33.041355100027999],[-71.659650299819901,-33.041325900250499],[-71.659706599933699,-33.041298900086602],[-71.659751399815207,-33.041297799898402],[-71.659808500327898,-33.041253900046101],[-71.659789800098594,-33.041215699920002],[-71.659760300323001,-33.041181999936903],[-71.659776300216507,-33.041148299941],[-71.659778999653994,-33.041092099867697],[-71.659757599987302,-33.0410740999626],[-71.659717299766996,-33.041033599974398],[-71.659730799649097,-33.040995399752802],[-71.6597468004409,-33.040954899728398],[-71.6597468004409,-33.040914399685498],[-71.659703899597901,-33.040873999778299],[-71.659682499931193,-33.040847000229],[-71.659647600382399,-33.040833499698103],[-71.659585899597104,-33.040833499698103],[-71.659548400323899,-33.040815499740198],[-71.659473300267805,-33.040806500136398],[-71.659424999651606,-33.040786299783903],[-71.659416900441101,-33.040743600026303],[-71.659387399767098,-33.040698599702097],[-71.659403500271907,-33.040658100294301],[-71.659375900433204,-33.040623299901398],[-71.659349899595597,-33.040597399718997],[-71.659352599931296,-33.040570400084903],[-71.659324900379502,-33.040497299817901],[-71.659255999597207,-33.0404826997882],[-71.659205000441901,-33.040464699758601],[-71.659170199707802,-33.040431000241298],[-71.659137999596496,-33.0404063003567],[-71.659084300105405,-33.040352300210003],[-71.659104999984507,-33.040315199893399],[-71.659119199654199,-33.040291600177],[-71.6592264998216,-33.040289399775602],[-71.6592748004378,-33.040305100037799],[-71.659306999650894,-33.040336599956099],[-71.659351800430699,-33.040360199660299],[-71.659408900045094,-33.040392799758301],[-71.659454500325594,-33.040419800199999],[-71.6595456999882,-33.040403999803097],[-71.659612699935295,-33.0403838001113],[-71.659658300215796,-33.040379299911002],[-71.659709300269398,-33.040311799889899],[-71.659701200160498,-33.0402669002534],[-71.659650299819901,-33.0402016999521],[-71.659630700376994,-33.0401466002305],[-71.659575199763793,-33.040114000041399],[-71.659499300207102,-33.040047700176302],[-71.659497400270297,-33.040001600045301],[-71.659489399874403,-33.039922899630398],[-71.659580499824003,-33.039988100137997],[-71.659575199763793,-33.039949800060498],[-71.659633399814396,-33.039989200342497],[-71.659660200152601,-33.040038699740997],[-71.659690500327102,-33.040095999936398],[-71.659714700042599,-33.040093700127798],[-71.659720000102794,-33.0400397999449],[-71.659693199764604,-33.039983599917399],[-71.659679799595494,-33.039938599957999],[-71.659673600321696,-33.039899299809001],[-71.659706599933699,-33.039875599825699],[-71.659662899590003,-33.039811600350298],[-71.659617300207898,-33.039782299905397],[-71.659553700384095,-33.039749700334603],[-71.659524199710205,-33.039754199814098],[-71.659478600328001,-33.039774499806001],[-71.659430299711801,-33.039760999863802],[-71.659424999651606,-33.039698000357497],[-71.659397399812903,-33.039678899959199],[-71.659363299764706,-33.039635100208997],[-71.659312299711104,-33.039594600312199],[-71.659287400208001,-33.039559700096198],[-71.659242600326493,-33.0395226001989],[-71.659178200103796,-33.039518099954499],[-71.659129099986998,-33.0394923003564],[-71.659167500270399,-33.039450700182798],[-71.659242600326493,-33.039479899828699],[-71.6592748004378,-33.039459699925096],[-71.6592721001021,-33.039425899867197],[-71.659244500263299,-33.039393300164498],[-71.659201600318596,-33.039373100240901],[-71.659185499813702,-33.039346100231498],[-71.659140699932195,-33.039277499958501],[-71.659079000045196,-33.0392392997285],[-71.659041400160703,-33.039187600204897],[-71.659011099986202,-33.039172999958097],[-71.658974400213594,-33.039171899743501],[-71.658950199599801,-33.039144899672401],[-71.658936800329002,-33.039084200313603],[-71.658880500215204,-33.0390481996792],[-71.658823399702499,-33.039015599836702],[-71.658783100380504,-33.038970600135897],[-71.658765199651896,-33.0389110001219],[-71.658644500213697,-33.038845800323202],[-71.658557800212293,-33.038750299625598],[-71.658550600215307,-33.038710900295598],[-71.658509499596093,-33.038673800040797],[-71.658491599765796,-33.038641200059701],[-71.658459399654404,-33.038596300324798],[-71.658368199991799,-33.0385153003106],[-71.658303799769101,-33.038501800175503],[-71.658252000214901,-33.038480499824303],[-71.658212600106594,-33.038486100344898],[-71.658225199876696,-33.038538899749703],[-71.658225199876696,-33.038565900006503],[-71.658234100384504,-33.038609700288298],[-71.658252000214901,-33.038644600127597],[-71.658201099874304,-33.038624400032397],[-71.658120600044995,-33.038514200087697],[-71.658050899762102,-33.038453500294402],[-71.658032900218799,-33.038414100078597],[-71.658002600044298,-33.038361299846002],[-71.657986500437701,-33.038334300279502],[-71.6579409001573,-33.038307299951803],[-71.657893399939994,-33.038292700312198],[-71.657879999770898,-33.038326399894402],[-71.657807600050603,-33.038310700032604],[-71.657777299876102,-33.038271299752999],[-71.657732499994495,-33.0382320003663],[-71.657688799650899,-33.038203899780399],[-71.657627900162794,-33.038171299625503],[-71.657617200329497,-33.038227500056003],[-71.657622500389706,-33.038270200280003],[-71.657585000218106,-33.038276999691298],[-71.657544799710905,-33.038315200338602],[-71.657520599995394,-33.038247700242202],[-71.657500999654204,-33.038201599922303],[-71.657488399884002,-33.038157800190703],[-71.657458900108395,-33.0381196002282],[-71.657404499931502,-33.038107200260399],[-71.657402599994597,-33.038144300000802],[-71.657391900161301,-33.038184799811198],[-71.657399899658898,-33.0382320003663],[-71.657442799603601,-33.038267999828101],[-71.657461600444194,-33.038319699891403],[-71.657493799657203,-33.0383421999109],[-71.657509900162097,-33.0383736997779],[-71.657442000103003,-33.038341000281498],[-71.657407999767798,-33.038288200004999],[-71.657370399883305,-33.038234200066],[-71.657327499938603,-33.038202800306699],[-71.657299900099801,-33.038172399852598],[-71.657275700384304,-33.038147700087897],[-71.657220199771103,-33.038124099790899],[-71.657158499884204,-33.038063399728799],[-71.657110200166301,-33.038029599888198],[-71.6570880001007,-33.037994799963101],[-71.657047699880394,-33.037938600137203],[-71.657018999605398,-33.0379126999186],[-71.656959199655205,-33.037855399809203],[-71.656922499882597,-33.037842999804198],[-71.656842000053402,-33.037829500319198],[-71.656776800330107,-33.037810400268803],[-71.656707900446094,-33.037795799793798],[-71.656627399718502,-33.037791300214302],[-71.656563100107107,-33.037791300214302],[-71.656509399717706,-33.037784500012499],[-71.656471900444501,-33.037762100008599],[-71.656455799939707,-33.037721600003898],[-71.656461099999902,-33.037660899664502],[-71.656498699884395,-33.0375327001451],[-71.656516700326094,-33.037477600260303],[-71.656541599829097,-33.037422500341002],[-71.656560399771394,-33.0373843000596],[-71.656589900445297,-33.037361799795498],[-71.656635499827402,-33.037339300278703],[-71.656741999595994,-33.037360700311297],[-71.656817900050896,-33.03738879966],[-71.656890299771206,-33.0373933000131],[-71.656951200157593,-33.037385400296699],[-71.657037000046998,-33.037371899988401],[-71.657067300221598,-33.037375300105303],[-71.657118300275201,-33.037348300236701],[-71.657166599993104,-33.037314600280403],[-71.657190699995496,-33.037294399880203],[-71.657212200273506,-33.0372651001043],[-71.657267699988395,-33.037266299748303],[-71.657313300268896,-33.037257299781899],[-71.6573534998778,-33.037234800238402],[-71.657389199825502,-33.037202199724902],[-71.657402599994597,-33.037170700192],[-71.657432099770205,-33.037114499840399],[-71.657471499878596,-33.037057099806098],[-71.657477700050705,-33.0370244999799],[-71.657442799603601,-33.036990799899598],[-71.657413299827994,-33.036977300284001],[-71.657401799595704,-33.036949200050998],[-71.6573937003851,-33.036911000317502],[-71.657305999660593,-33.036862600158202],[-71.657275700384304,-33.036834499888698],[-71.657275700384304,-33.036785100355097],[-71.657225600442601,-33.036772700199599],[-71.657198700391405,-33.036743499656303],[-71.657185300222395,-33.036709700062403],[-71.657201399828907,-33.0366759998617],[-71.657286499930706,-33.036650200184397],[-71.657324799602804,-33.036624300340101],[-71.657316800105207,-33.036579300170899],[-71.657297199764002,-33.036553499712198],[-71.657209499937807,-33.036518599797603],[-71.657184499823401,-33.036481500125703],[-71.657171900053299,-33.036437700291998],[-71.657110200166301,-33.036426400336502],[-71.6570726999947,-33.036419700189001],[-71.657027099714298,-33.0363882003764],[-71.6569653998273,-33.036376999821101],[-71.656927799942807,-33.0363858997178],[-71.656897499768206,-33.036344300336602],[-71.656911700336295,-33.036300499681602],[-71.656919800445195,-33.0362487999396],[-71.656876100101599,-33.036234199958898],[-71.656823200111106,-33.036235300210301],[-71.656768799934099,-33.036218400317502],[-71.656721299716807,-33.036208299992303],[-71.656718600279405,-33.036165600275098],[-71.656756200163997,-33.036129599954201],[-71.656780300166403,-33.036100399950797],[-71.656772299770495,-33.0360710997778],[-71.656748100054998,-33.036053199759898],[-71.656795600272304,-33.036025099985302],[-71.656819700274795,-33.036016099892002],[-71.656852699886699,-33.035983499680597],[-71.656833999657493,-33.035927199917701],[-71.656812500277795,-33.035859799658098],[-71.6567741997073,-33.035836200254401],[-71.656761500224107,-33.035803599976397],[-71.656731200049606,-33.0357642000818],[-71.656697199714401,-33.035738400137397],[-71.656670299663205,-33.035700099718497],[-71.656654299769698,-33.0356798997013],[-71.65663280039,-33.035731599777201],[-71.656613200048795,-33.035687800323799],[-71.656594400106599,-33.035642799676303],[-71.656565699831503,-33.0356169002889],[-71.656549699937997,-33.035585500349796],[-71.656554999998207,-33.035549499791898],[-71.656579199713605,-33.035547199864503],[-71.656616699885205,-33.035556200005601],[-71.656613200048795,-33.0355169001609],[-71.656597100442298,-33.035492100244099],[-71.656576500276202,-33.035470799918301],[-71.656559600270796,-33.035451700109697],[-71.656546999602298,-33.035407800356403],[-71.656530099596793,-33.035382000307699],[-71.656517499826705,-33.035369599954599],[-71.656471900444501,-33.035365100251198],[-71.656442399770597,-33.035383099816599],[-71.656410199659206,-33.035365100251198],[-71.656395999989499,-33.035337000257101],[-71.656374499711504,-33.035314500223201],[-71.656343099999106,-33.035281899752199],[-71.656329699829996,-33.035259399704202],[-71.656316299660901,-33.035227900229799],[-71.656351200108006,-33.035198699927697],[-71.656369900337296,-33.035155999721098],[-71.656382500107398,-33.035121100006101],[-71.656434299661697,-33.035108799777298],[-71.656469200108802,-33.035092999934101],[-71.656496000447007,-33.035047999736001],[-71.656455799939707,-33.034955899650299],[-71.656450400166506,-33.034915399861802],[-71.656428999601502,-33.0348637000601],[-71.656469200108802,-33.034854699848303],[-71.656513999990295,-33.034878300267998],[-71.656538900391695,-33.034904099711099],[-71.656565699831503,-33.034942399722901],[-71.656606000051795,-33.0349535997074],[-71.656646199660798,-33.034924400067403],[-71.656701700273999,-33.0349277001175],[-71.656752700327601,-33.034945699772301],[-71.6567909999997,-33.0349625999092],[-71.656812500277795,-33.034994100231501],[-71.656844700389101,-33.035030100263199],[-71.656881400161694,-33.035051399942503],[-71.656916299710502,-33.035060400134299],[-71.656951200157593,-33.035055899661899],[-71.6569806999332,-33.035040199970403],[-71.657037000046998,-33.035046900222802],[-71.657047699880394,-33.035062700074299],[-71.657090700436399,-33.035076199983301],[-71.657161200219903,-33.035061499647199],[-71.657187999659797,-33.035045799956599],[-71.657248900046199,-33.035017699860703],[-71.657273000048605,-33.034981699823803],[-71.657244299773595,-33.034935600054297],[-71.657228200167097,-33.034904099711099],[-71.657247000109294,-33.034865899844],[-71.657276499884901,-33.034910900135202],[-71.657319399829603,-33.034913099917901],[-71.657332100211093,-33.034864800328599],[-71.657373100219004,-33.034892899720298],[-71.657409799991598,-33.034911999649999],[-71.657442799603601,-33.034888399992496],[-71.657426699997103,-33.034832199691202],[-71.657389199825502,-33.034798400117197],[-71.657373100219004,-33.034753499930098],[-71.657356999714196,-33.034722000274897],[-71.657286499930706,-33.034779300162803],[-71.657305999660593,-33.034737700023101],[-71.657305999660593,-33.034695000346296],[-71.657286499930706,-33.0346692000888],[-71.657236300275997,-33.034663499917002],[-71.657198700391405,-33.0346792998373],[-71.657182699599602,-33.0346838003288],[-71.657163899657306,-33.034636499970503],[-71.657104900106106,-33.034629799686897],[-71.657078000054895,-33.034629799686897],[-71.656986900105295,-33.034672500148403],[-71.656924399819403,-33.034644399933399],[-71.656874200164694,-33.034634300180898],[-71.656815199715197,-33.034638799921602],[-71.656756200163997,-33.034645500204597],[-71.656717799880497,-33.034666900138397],[-71.656675700334702,-33.034695000346296],[-71.656659599829894,-33.034715199836199],[-71.656653500269101,-33.034745599977001],[-71.656613200048795,-33.034763599668899],[-71.656579199713605,-33.034764699938698],[-71.656538900391695,-33.034737700023101],[-71.656522799886801,-33.034692799805001],[-71.656514800389203,-33.034605099681997],[-71.656496000447007,-33.034573599973697],[-71.656508600217094,-33.0344914997535],[-71.656497900383798,-33.0344644997543],[-71.656484500214702,-33.0344352999522],[-71.656479899942099,-33.0343914998545],[-71.6564924997123,-33.034365600099299],[-71.656544300164796,-33.034296999713703],[-71.656578400212993,-33.034237400303603],[-71.65663280039,-33.034234000065602],[-71.656729399825807,-33.0342519998621],[-71.6567588996014,-33.034236300027302],[-71.656836600280201,-33.034225099951499],[-71.656935900051707,-33.034209299949801],[-71.657004799935706,-33.034178999786199],[-71.657039700382796,-33.034129500107703],[-71.657102199770407,-33.034105900240597],[-71.657169199717501,-33.034072099634898],[-71.657214799998002,-33.034058699734302],[-71.657240899650205,-33.034019299812499],[-71.657213999599094,-33.033990099862898],[-71.657187999659797,-33.033975500261],[-71.657166599993104,-33.033946200134501],[-71.657165799594196,-33.033888899704699],[-71.657174600388998,-33.033820299701098],[-71.657158499884204,-33.033770799821198],[-71.657118300275201,-33.0337393999773],[-71.6570726999947,-33.033716900288503],[-71.657031600273896,-33.033699999912699],[-71.657018999605398,-33.033658400016499],[-71.657032399774494,-33.0336156998166],[-71.657058500324993,-33.033580800244501],[-71.657101400269795,-33.033538100007],[-71.657137100217497,-33.033503199651101],[-71.657190699995496,-33.033512200000999],[-71.657209499937807,-33.033536999721903],[-71.657265800051604,-33.033518999779403],[-71.657322100165402,-33.033474000283597],[-71.657378499992205,-33.033480800064901],[-71.657383800052401,-33.033534699742098],[-71.657410600390506,-33.033570700370099],[-71.657461600444194,-33.033557200230398],[-71.657496499993002,-33.033534699742098],[-71.657493000156606,-33.033477399797803],[-71.657453600048299,-33.033478500083604],[-71.657440100166198,-33.033433499813903],[-71.657452799649306,-33.033405399956898],[-71.657439299767205,-33.0333695001775],[-71.657399100158301,-33.033346999641203],[-71.657359700049895,-33.033316599770899],[-71.657321299766494,-33.033292999686097],[-71.657281899658102,-33.033278399968701],[-71.657265800051604,-33.033264899784299],[-71.657281100157505,-33.033230000073303],[-71.657327499938603,-33.033215400345497],[-71.657356200213599,-33.033187299665798],[-71.657366900046895,-33.033151299634198],[-71.657370399883305,-33.033116500041601],[-71.657377599880306,-33.033050100018897],[-71.657404499931502,-33.033018699918102],[-71.657450899712501,-33.033015299633199],[-71.657496499993002,-33.032986100103898],[-71.657531299828804,-33.032979300284403],[-71.657539399937704,-33.033010799809503],[-71.657560799604397,-33.033048999727697],[-71.657590300278301,-33.033069299758402],[-71.657579600445004,-33.0331006998411],[-71.657606399884799,-33.033150200097403],[-71.657630599600296,-33.033177199746298],[-71.657641300331903,-33.033201900151397],[-71.657689600049807,-33.033188399955201],[-71.657729799658796,-33.033181700314501],[-71.657756599997001,-33.033163700299397],[-71.657727100221294,-33.033136699893298],[-71.657703000218902,-33.033136699893298],[-71.657672700044401,-33.033106400113901],[-71.657737899767696,-33.033109700232103],[-71.657794199881494,-33.033091700202299],[-71.657823699657101,-33.033073800332097],[-71.657866599601803,-33.033062499945302],[-71.6579409001573,-33.033070400049297],[-71.657968499996102,-33.033094000193699],[-71.658006099880595,-33.033112000223099],[-71.657981999878203,-33.033150200097403],[-71.657930999824501,-33.033150200097403],[-71.657882700106697,-33.0331480002707],[-71.657850499995305,-33.033156999903802],[-71.657828299929704,-33.033167099825597],[-71.657804100214193,-33.033187299665798],[-71.657791500444105,-33.033219900158699],[-71.657812999823804,-33.033258099986298],[-71.657853200331004,-33.033253600175001],[-71.657892600439396,-33.033232300061201],[-71.657936399597702,-33.033224399971701],[-71.657978500041807,-33.033230000073303],[-71.658030199883001,-33.033242399974299],[-71.658067799767593,-33.033195199758602],[-71.658073099827703,-33.033154699913901],[-71.658094600105798,-33.033125499677801],[-71.658108000274893,-33.033091700202299],[-71.6580999998789,-33.033053500302501],[-71.658089200332597,-33.033030999685501],[-71.658089200332597,-33.032981600278802],[-71.658101800102799,-33.032951200282497],[-71.658108000274893,-33.032898399788401],[-71.658108000274893,-33.0328646002258],[-71.658108000274893,-33.032821899641199],[-71.658086599709804,-33.032803900305701],[-71.658053600097901,-33.032787099918401],[-71.658054399598498,-33.032745500344397],[-71.658078499600904,-33.032709500132299],[-71.658081199936703,-33.032687000180601],[-71.6580410003277,-33.032695999860699],[-71.657997200271097,-33.032728599782203],[-71.657960499600193,-33.032729700077397],[-71.657930999824501,-33.032716199808903],[-71.657890800215597,-33.032720699647598],[-71.657861300440004,-33.032743200343802],[-71.657820199820804,-33.0327645999865],[-71.657783500048097,-33.032776899789297],[-71.657754000272504,-33.032767900117499],[-71.657729799658796,-33.032738699753097],[-71.657705699656304,-33.032711699970001],[-71.657630599600296,-33.032711699970001],[-71.657600300324006,-33.032737600211199],[-71.657579600445004,-33.032767900117499],[-71.657578800045997,-33.032796000177797],[-71.657579600445004,-33.032828700225998],[-71.657555500442498,-33.032857899807297],[-71.657536699601906,-33.032889400129001],[-71.657525999768595,-33.032923100271702],[-71.657496499993002,-33.032923100271702],[-71.657456199772696,-33.0328938999588],[-71.657434800106003,-33.032882600302003],[-71.657391900161301,-33.032880399715502],[-71.657365000110104,-33.032878099718403],[-71.6573381997719,-33.032839899726099],[-71.657335500334497,-33.032806200304698],[-71.657354300276694,-33.032756699855099],[-71.657373100219004,-33.032718499810102],[-71.657348899605296,-33.0326981996987],[-71.657308699996307,-33.032689200018801],[-71.657292600389795,-33.032669000064402],[-71.657281899658102,-33.032628499977903],[-71.6572792002207,-33.032594799722403],[-71.657273800447499,-33.032543100065404],[-71.657257799655696,-33.032504799763799],[-71.6572389997134,-33.0324823999239],[-71.657212200273506,-33.032444100348997],[-71.657196099768697,-33.032419399731502],[-71.657163899657306,-33.032383400139302],[-71.657145099715095,-33.0323451999326],[-71.657104900106106,-33.032318200028698],[-71.6570798999917,-33.032310299857301],[-71.657018999605398,-33.0322844996547],[-71.656978799996395,-33.032250699856498],[-71.6568983001672,-33.0322349996651],[-71.656930500278506,-33.032149600124498],[-71.6569725998243,-33.032137200069599],[-71.657031600273896,-33.032110200102103],[-71.657102199770407,-33.032100100059097],[-71.657150500386606,-33.032075299933801],[-71.657236300275997,-33.032059599711097],[-71.657273800447499,-33.032059599711097],[-71.657332899711704,-33.032050599965999],[-71.657383800052401,-33.032037100346599],[-71.657399899658898,-33.031994400114101],[-71.657455400272099,-33.031993299809798],[-71.657476899651797,-33.031997799685399],[-71.657512599599499,-33.031965200246603],[-71.657536699601906,-33.031929199715698],[-71.657481299599993,-33.031925000330602],[-71.657482300323295,-33.031887599736599],[-71.657509900162097,-33.0318616999987],[-71.657501800053097,-33.031828000203099],[-71.657520599995394,-33.0317874997301],[-71.657576900109206,-33.031769500183302],[-71.657589499879407,-33.031732400018001],[-71.657585000218106,-33.031699799727903],[-71.657560799604397,-33.031670599762798],[-71.657542100273403,-33.031648100298902],[-71.657531299828804,-33.031616600286704],[-71.657507199826298,-33.031600899982202],[-71.657483099823907,-33.031600899982202],[-71.657464299881596,-33.031612099638402],[-71.657450100211904,-33.031631200279399],[-71.657405300330396,-33.031634599864603],[-71.6573865003881,-33.031618900316602],[-71.657369600382694,-33.031599799673003],[-71.657347199992799,-33.031599300354003],[-71.657308699996307,-33.031609899773301],[-71.657276499884901,-33.031612099638402],[-71.657249700445107,-33.031594100055798],[-71.657236300275997,-33.031542399811698],[-71.657228200167097,-33.0315063998612],[-71.657214799998002,-33.031481699733902],[-71.657190699995496,-33.031459200221803],[-71.657147800050794,-33.031463700124696],[-71.657130900045402,-33.031435599639501],[-71.657131700444296,-33.031411999804],[-71.657131700444296,-33.031394000180498],[-71.657115599939502,-33.031369300021801],[-71.657072900319093,-33.031359099728597],[-71.657039700382796,-33.031320899830902],[-71.6570056003346,-33.031324300181303],[-71.656984199769596,-33.031342299819002],[-71.656933199715994,-33.0313399997818],[-71.6569064002761,-33.031330999963203],[-71.656881400161694,-33.031323199868602],[-71.656828599884307,-33.031326500053503],[-71.656801800444399,-33.031326500053503],[-71.656766899997294,-33.031349000352598],[-71.656729399825807,-33.031351299636498],[-71.656701700273999,-33.031334400313099],[-71.6566917999412,-33.031299600003003],[-71.656637399764307,-33.031266900140501],[-71.656608700387594,-33.031259100040202],[-71.656573799940404,-33.031236599718099],[-71.656544300164796,-33.031225299848799],[-71.656496000447007,-33.031227599888901],[-71.656378000446196,-33.031225299848799],[-71.656327000392594,-33.031214100143401],[-71.656292199658395,-33.031205100311901],[-71.656289500221007,-33.0311691002237],[-71.656335099603197,-33.0311669003475],[-71.656461099999902,-33.031160099634398],[-71.656520099551102,-33.031133200286199],[-71.656573799940404,-33.0311151998527],[-71.656606000051795,-33.0310701998824],[-71.6565997998797,-33.031033100175797],[-71.656581800336397,-33.031000499626998],[-71.656551500161797,-33.030958899962698],[-71.656511299654596,-33.030922899773799],[-71.6564852997153,-33.030894799869301],[-71.656462999936707,-33.030848700221],[-71.656420099992005,-33.0308306997293],[-71.656412099596096,-33.030785700366899],[-71.6564335001611,-33.030754200046403],[-71.656439700333195,-33.0307103996251],[-71.656425499765106,-33.030682299652803],[-71.656422800327704,-33.030655299992702],[-71.656361899941302,-33.030636199893301],[-71.656324300056795,-33.030651900369598],[-71.656316299660901,-33.030692399858303],[-71.656296700217993,-33.030724999767898],[-71.656264500106701,-33.030724999767898],[-71.656233100394203,-33.0307013997421],[-71.656173300444095,-33.030704800116403],[-71.656120500166594,-33.030721600147601],[-71.656098999888599,-33.030683399973498],[-71.656109800333297,-33.030651900369598],[-71.656091000391001,-33.030631699948202],[-71.656050799883701,-33.030638399782802],[-71.656026600168303,-33.030624899947],[-71.656009700162798,-33.030594600057],[-71.656015900334907,-33.030548500251598],[-71.656002500165897,-33.030516999846299],[-71.656002500165897,-33.030487800242398],[-71.656021300108094,-33.030458499709297],[-71.656072200448705,-33.030451799861098],[-71.656128499664206,-33.030424800130298],[-71.656163400111296,-33.030397799638102],[-71.656206300056098,-33.030373099953302],[-71.656264500106701,-33.030362999711201],[-71.6563108998877,-33.030377599911603],[-71.656348499772193,-33.030355100117603],[-71.656340399663307,-33.030321399745901],[-71.656300200054403,-33.030292099910703],[-71.656284100447806,-33.030267400196202],[-71.656294800281202,-33.030213399860202],[-71.656345800334805,-33.030159499657799],[-71.656344999935897,-33.030095399736197],[-71.656318199597706,-33.0300615998515],[-71.656310100387103,-33.030016700263197],[-71.6563108998877,-33.029981800018902],[-71.656337000438299,-33.029931199911999],[-71.656338700050796,-33.029889099661098],[-71.6563108998877,-33.029860399931103],[-71.656252099762497,-33.029817800317197],[-71.656208199992903,-33.029802999689899],[-71.656216300101804,-33.029773799849401],[-71.656241199604807,-33.029743400252798],[-71.656261799770903,-33.029717600051796],[-71.656254599773902,-33.0296804997758],[-71.656232299995295,-33.029654600142202],[-71.656219700225094,-33.029639999822002],[-71.656238899917696,-33.029593099684902],[-71.6562116998292,-33.029570299941703],[-71.656176800280406,-33.029624299918602],[-71.656158000338195,-33.029630999829799],[-71.656120500166594,-33.029597299934302],[-71.656069500113006,-33.029594999851597],[-71.656040000337399,-33.029597299934302],[-71.655999799830099,-33.029597299934302],[-71.655970300054506,-33.029594999851597],[-71.655946200052,-33.029581499856],[-71.655977500051506,-33.029530900272398],[-71.655930100445502,-33.029500600006301],[-71.655895199998398,-33.029505100009203],[-71.655862999887106,-33.029487099996203],[-71.655868399660207,-33.0294444000344],[-71.655915800164493,-33.029418500331502],[-71.655989099996802,-33.029410599900103],[-71.656074899886207,-33.029417399994998],[-71.656130399601096,-33.029402799635498],[-71.656168799884497,-33.029367899901303],[-71.656189400050593,-33.029344300265201],[-71.656225099998295,-33.0293228997919],[-71.656227800333994,-33.029284699764702],[-71.656206300056098,-33.029241999704801],[-71.656176800280406,-33.029185800321201],[-71.656208199992903,-33.0291441998002],[-71.656209000391797,-33.029122800031502],[-71.656165300048201,-33.029108200376299],[-71.656123199604096,-33.029100299917097],[-71.656074999599198,-33.0290624002972],[-71.656017800271798,-33.029054200083202],[-71.655973000390205,-33.0290306003631],[-71.655913200440096,-33.029087900186298],[-71.655883699766207,-33.029128399640697],[-71.655855000389394,-33.029152000087699],[-71.6558460998816,-33.029182399888299],[-71.655841499609096,-33.029215000356501],[-71.655848800217399,-33.029261100106297],[-71.655865700222805,-33.029280199750502],[-71.655870199884106,-33.029317300195103],[-71.655843400444198,-33.0293510001976],[-71.655814700169202,-33.029365699980097],[-71.655790600166696,-33.029379200008798],[-71.655768300388104,-33.029400500300902],[-71.6557315997172,-33.029401599884402],[-71.655680599663597,-33.029399399964099],[-71.655635000281407,-33.029370199989899],[-71.655543799720505,-33.029340899838402],[-71.655517000280597,-33.029327399803897],[-71.655463399604301,-33.0292824998415],[-71.655433899828694,-33.029244199629098],[-71.655423100282306,-33.029210500338799],[-71.655409700113196,-33.029176800282599],[-71.655404300340095,-33.029140800118803],[-71.655372199941695,-33.029084599917503],[-71.655363300332198,-33.0290475001282],[-71.6553659997696,-33.029000199757],[-71.655372199941695,-33.028965400031304],[-71.655349900163102,-33.028941800287399],[-71.655325800160597,-33.028896799960499],[-71.655307799718997,-33.028866400061297],[-71.655305100281495,-33.028839500013],[-71.655277500442807,-33.028809100094101],[-71.655242599995603,-33.0288046000557],[-71.655187100280799,-33.028825999901699],[-71.655170999775905,-33.028857399990102],[-71.655221999829493,-33.028902400337202],[-71.655205900222995,-33.028933899813303],[-71.655200499551498,-33.0289675999624],[-71.655230000225501,-33.029012600253203],[-71.655227299889702,-33.0290552996711],[-71.655181699609301,-33.029077799797001],[-71.655130800167001,-33.0290687997473],[-71.655089700446098,-33.029052000154202],[-71.655047600002007,-33.029050799645198],[-71.655007400393004,-33.0290552996711],[-71.654980600054799,-33.0290552996711],[-71.654948399943507,-33.029048599716198],[-71.654908099723201,-33.029019399625703],[-71.654876000223197,-33.029026100335997],[-71.654859100217706,-33.0290497000572],[-71.654816900060595,-33.029041800346],[-71.654798199831305,-33.029012600253203],[-71.654795500393902,-33.028992400209198],[-71.654792800058203,-33.028938399845103],[-71.654727600334894,-33.028921500059099],[-71.654688200226502,-33.028960900000897],[-71.654698099660905,-33.029009199813601],[-71.654722300274699,-33.029054200083202],[-71.654708900105604,-33.029081200233897],[-71.654679299718595,-33.029099200329803],[-71.6546453002818,-33.029115999913799],[-71.654572100162497,-33.029141899705699],[-71.654521899609506,-33.029122800031502],[-71.654497000106502,-33.029114900326697],[-71.654484299724999,-33.029093599965599],[-71.654499599830899,-33.0290475001282],[-71.654518399773195,-33.029020499967203],[-71.654559500392395,-33.028987900180098],[-71.654567499889893,-33.028931699881298],[-71.654551400283395,-33.028879900166501],[-71.654526499882095,-33.028872099854901],[-71.654468299831393,-33.028891200336602],[-71.6544388000558,-33.028893400269602],[-71.654406599944494,-33.028891200336602],[-71.654403899608695,-33.028855200056199],[-71.654416500277193,-33.028818100170298],[-71.654481700000503,-33.028756199962501],[-71.654489700396496,-33.0287090003564],[-71.654476300227401,-33.028639299739801],[-71.654452200224895,-33.028614600315201],[-71.654403899608695,-33.028569599821203],[-71.654403899608695,-33.028535900272999],[-71.654413799941494,-33.0285145003566],[-71.654446799553398,-33.028488599627202],[-71.654489700396496,-33.028493099681803],[-71.654521899609506,-33.028497599736099],[-71.654555999657703,-33.028451500340097],[-71.654562100116806,-33.028409900225697],[-71.654531799942305,-33.028350299846402],[-71.654516499836305,-33.0283266999378],[-71.6544977996071,-33.028277300153398],[-71.654511199776195,-33.028232300240397],[-71.654511199776195,-33.028198599809997],[-71.654478200164206,-33.028136699920303],[-71.654456699886197,-33.028112000354803],[-71.6544306999469,-33.028088399629297],[-71.654420000113603,-33.028052399774097],[-71.654420000113603,-33.028002899666802],[-71.654436099720101,-33.027969199901897],[-71.654465600394005,-33.0279422001637],[-71.654478899951798,-33.027895500214797],[-71.654470199768298,-33.027861099977002],[-71.654473599891602,-33.0278297997029],[-71.654473599891602,-33.027773500002503],[-71.654478200164206,-33.0277431998854],[-71.654495100169598,-33.027690299867103],[-71.6545299000054,-33.027665600176597],[-71.654519200172103,-33.027602600306501],[-71.654481700000503,-33.027580099803998],[-71.654413799941494,-33.0275654998932],[-71.654398499835594,-33.027517200042404],[-71.654369000060001,-33.0274969002391],[-71.6543717003957,-33.027449699958602],[-71.654413799941494,-33.027435100026203],[-71.654446799553398,-33.027456500204799],[-71.654489700396496,-33.027456500204799],[-71.654510400275598,-33.0274193997301],[-71.654503099667295,-33.027384499963503],[-71.654500400229793,-33.027312499663402],[-71.654505800002994,-33.027263100063699],[-71.654492399833899,-33.027220300360703],[-71.654468299831393,-33.027191099664499],[-71.654429900446303,-33.027140500214799],[-71.654377100168901,-33.027143899973296],[-71.654350200117705,-33.027191099664499],[-71.654347600393194,-33.027227099871403],[-71.654311900445506,-33.0272371997197],[-71.654296600339606,-33.027215800241102],[-71.654296600339606,-33.027182100175303],[-71.654304599837204,-33.027128100208301],[-71.654326100115199,-33.027089899982997],[-71.654318099719305,-33.027042700237601],[-71.654258999556802,-33.027020200345397],[-71.654221500283597,-33.026993200316397],[-71.654183499750403,-33.026979000236501],[-71.654124899949494,-33.026966200279197],[-71.654100000446405,-33.0269582996279],[-71.654091900337505,-33.026913399964897],[-71.654111499780399,-33.026883000134802],[-71.654025699890994,-33.026867299740303],[-71.653953300170599,-33.026905500062099],[-71.653894299721102,-33.026905500062099],[-71.6538835001747,-33.026937000251998],[-71.653918399723494,-33.026957200013896],[-71.653888899947901,-33.026982000073197],[-71.653846000003199,-33.026979699922201],[-71.653789699889401,-33.026979699922201],[-71.653754800340593,-33.0269865002047],[-71.653708399661298,-33.027012299699003],[-71.653738699835799,-33.027071900229799],[-71.653736000398396,-33.027089899982997],[-71.653655499670805,-33.027069700251403],[-71.653638599665399,-33.0270528001071],[-71.653601899892706,-33.0270291998511],[-71.653505299558702,-33.027031399830499],[-71.653475799783095,-33.0270246997217],[-71.653459700176498,-33.027017900195403],[-71.653424900340696,-33.027017900195403],[-71.653357000281702,-33.0269718000254],[-71.653292600058904,-33.026947100133498],[-71.653239799781502,-33.026934700099801],[-71.653193400000404,-33.026922400234703],[-71.653148600118897,-33.0269122001799],[-71.653113699671806,-33.026943700367397],[-71.653124500116505,-33.026995499713898],[-71.653151299556299,-33.0270291998511],[-71.653105700174194,-33.027047200365999],[-71.653049400060397,-33.027051699741101],[-71.652979600064498,-33.027069700251403],[-71.652896499612496,-33.027060699996703],[-71.652826699616597,-33.026993200316397],[-71.652695300345101,-33.026925699831303],[-71.652652400400399,-33.026900999926497],[-71.652639000231304,-33.0268875002713],[-71.652588000177701,-33.026858300218002],[-71.6525423998972,-33.026835800278697],[-71.652488800119102,-33.026772799815397],[-71.6524431998387,-33.026745799710703],[-71.652378799616002,-33.026709900230898],[-71.652343900067194,-33.026678399959899],[-71.652303699559894,-33.026664900270703],[-71.652247400344393,-33.026664900270703],[-71.652190100405704,-33.026650599967198],[-71.652150800010304,-33.026644600270998],[-71.652086500398894,-33.0266513998262],[-71.652046200178603,-33.026689600241603],[-71.652045399779695,-33.026737999963402],[-71.652089100123305,-33.0267750999718],[-71.652089100123305,-33.026824499844999],[-71.652056999725005,-33.026838000262998],[-71.651965800062399,-33.0268335001239],[-71.651949699557605,-33.026811100348702],[-71.6519041001754,-33.026763800283497],[-71.651874600399793,-33.026709900230898],[-71.651861099619396,-33.026680599948101],[-71.651807499841297,-33.0266558999746],[-71.651742300118002,-33.026638999750901],[-71.651724400287705,-33.026628899834002],[-71.651665300125103,-33.0266108999868],[-71.651611700347104,-33.026613200147402],[-71.651587600344598,-33.0266513998262],[-71.651546499725399,-33.026672700024399],[-71.651507099617106,-33.026685100095001],[-71.651496399783795,-33.026725599900303],[-71.651487500174198,-33.026758199771002],[-71.651480300177198,-33.026797599926603],[-71.651439199557998,-33.0268301997707],[-71.651397100012204,-33.026817799720497],[-71.6513569004033,-33.026804300052703],[-71.651332800400795,-33.026777299957601],[-71.651302399615005,-33.026728999674802],[-71.651332800400795,-33.026700899939399],[-71.651345400170996,-33.026638999750901],[-71.651358800340105,-33.026612000358298],[-71.6513569004033,-33.026563699984898],[-71.651335400125205,-33.026532199661702],[-71.651292500180503,-33.026527700260203],[-71.651273700238306,-33.0265052002365],[-71.6512193000613,-33.026481599833801],[-71.651144200005206,-33.026486099990798],[-71.651087899891394,-33.0264995997074],[-71.651021599731905,-33.026518699950103],[-71.650967199554898,-33.026495100304302],[-71.650959899844906,-33.026476000056498],[-71.650941199615602,-33.0264535000195],[-71.650823099901899,-33.026448999860797],[-71.650774899897002,-33.026464700329797],[-71.650710499674304,-33.0264805002138],[-71.650646100349903,-33.026476000056498],[-71.650568299958096,-33.026518699950103],[-71.650498599675203,-33.026529999669798],[-71.650431500015003,-33.026534399653599],[-71.650377900237004,-33.026568200137802],[-71.650340300352397,-33.026597400287201],[-71.6502894000118,-33.026606399836098],[-71.650259900236193,-33.026606399836098],[-71.650254499564696,-33.026561399823002],[-71.650254499564696,-33.0265255002682],[-71.650214299955707,-33.026507499646598],[-71.650176700071199,-33.026529999669798],[-71.650123100293101,-33.026556899669799],[-71.6500847000097,-33.026596299915497],[-71.650015800125701,-33.026649099666599],[-71.649956799676204,-33.026698599781099],[-71.649916999817506,-33.0267046996441],[-71.649916500354195,-33.026689600241603],[-71.649903100185099,-33.026646899677601],[-71.649920900302504,-33.026607400037001],[-71.649948699567304,-33.026572700290401],[-71.649948699567304,-33.0265255002682],[-71.649886999680305,-33.026509699639099],[-71.649825400404595,-33.026534399653599],[-71.649742200239601,-33.026563699984898],[-71.649661700410405,-33.026572700290401],[-71.649532999678001,-33.0266221996947],[-71.6494819996243,-33.0266199002875],[-71.6494686003536,-33.026592900135903],[-71.649463300293405,-33.026556899669799],[-71.649414999677205,-33.0265255002682],[-71.649361300186101,-33.026509699639099],[-71.649326500350298,-33.026455700013301],[-71.649337200183695,-33.026421999656897],[-71.649358599850402,-33.0264175002497],[-71.649388200237297,-33.026377000302801],[-71.649390799961694,-33.026318599848203],[-71.649467799954607,-33.026281499647702],[-71.649529000378294,-33.026237099742403],[-71.649575899622704,-33.026201599986997],[-71.649594699564901,-33.0261541000054],[-71.649575100122107,-33.026108299897501],[-71.649565199789294,-33.026091400322002],[-71.649511500298303,-33.026100399922498],[-71.649487400295797,-33.026113899698203],[-71.649449800411304,-33.026080199964198],[-71.649436400242195,-33.0260689001868],[-71.649404200130803,-33.026062200004901],[-71.649401600406406,-33.026030700255603],[-71.649401600406406,-33.0260036999235],[-71.649447199788497,-33.025972200153298],[-71.649476699564104,-33.025945299974801],[-71.649476699564104,-33.025886799815801],[-71.649474000126702,-33.025859800192798],[-71.649532999678001,-33.025803600158802],[-71.649546399846997,-33.025711400030801],[-71.6495384003494,-33.025679900156099],[-71.6495384003494,-33.025641700056298],[-71.649506200238093,-33.025610200156699],[-71.649500799566596,-33.025567499822898],[-71.649463300293405,-33.025560700184101],[-71.649414999677205,-33.025580900261502],[-71.649393500297506,-33.025601199752899],[-71.649372099732503,-33.025596700303801],[-71.649358599850402,-33.0255472003237],[-71.649356000125906,-33.025511200183701],[-71.649313100181203,-33.025475300201101],[-71.649275500296696,-33.025464000346197],[-71.649253199619807,-33.025408899693197],[-71.649226400179899,-33.025377399710401],[-71.649189700407305,-33.025371799862903],[-71.649146799564207,-33.025380800290101],[-71.649066299734997,-33.025367299648998],[-71.649028699850504,-33.025356099952397],[-71.648972399736707,-33.0253380998452],[-71.648956300130195,-33.025313300076398],[-71.648961699903296,-33.025279600036399],[-71.648977000009296,-33.0252268002181],[-71.648961699903296,-33.025185099915603],[-71.648926800354502,-33.025155900051402],[-71.648896500180001,-33.025141299739097],[-71.648822199624604,-33.025149199800097],[-71.648773899906701,-33.025126700177601],[-71.648775799843506,-33.025080599771599],[-71.648808800353805,-33.025054700292699],[-71.648854399735896,-33.025052500263897],[-71.648878499738302,-33.025039000325599],[-71.648899199617404,-33.025001900339703],[-71.648911999711899,-33.0249629000716],[-71.648940199625301,-33.024942299915402],[-71.648958200067,-33.024896200166097],[-71.648942099562106,-33.024840000270899],[-71.648918799958594,-33.024811799760499],[-71.648851700298493,-33.024834300216497],[-71.648808800353805,-33.024841099911399],[-71.648773899906701,-33.024818600210303],[-71.648732899898803,-33.024801699634303],[-71.648708700183306,-33.024758999661998],[-71.648706899959507,-33.024726399805097],[-71.648714900355401,-33.024694900331497],[-71.648739100070898,-33.024676900089297],[-71.648765100010195,-33.024633099660399],[-71.648765900409103,-33.024609400089901],[-71.648800700244905,-33.0245779999943],[-71.648851700298493,-33.024542000211703],[-71.648900000016397,-33.024519499681098],[-71.648918799958594,-33.024467799805699],[-71.648956300130195,-33.024431799978103],[-71.649001900410596,-33.0243958001358],[-71.648999200074897,-33.024344100187903],[-71.648929499792004,-33.024332800187999],[-71.648902700352096,-33.0243372997016],[-71.648889300183001,-33.024294600257498],[-71.648886599847302,-33.024254100088399],[-71.648857100071695,-33.024220399643298],[-71.648798099622098,-33.024184399714599],[-71.648798099622098,-33.024146199719802],[-71.648747099568496,-33.024081000293798],[-71.648714900355401,-33.024058499645498],[-71.648684499569598,-33.024025900282702],[-71.648658000167003,-33.023980800284797],[-71.648633600127297,-33.023926900036699],[-71.648575400076695,-33.023930299919101],[-71.648524499735998,-33.023934800206398],[-71.648476200018195,-33.023934800206398],[-71.648432499674499,-33.023917900214201],[-71.648406499735202,-33.023892099814198],[-71.648387699793005,-33.023858299810101],[-71.648339400075102,-33.023847700211697],[-71.648299199567802,-33.0238538002721],[-71.648267000354807,-33.023876300219499],[-71.648210700240995,-33.0238785996983],[-71.648181199567006,-33.023867299638702],[-71.648170400020703,-33.023842599630001],[-71.648095299964595,-33.023851600213298],[-71.648024800181105,-33.023830199912702],[-71.648000599567396,-33.023807699953501],[-71.647985400072798,-33.023759400303],[-71.647979599650995,-33.023719100236001],[-71.647982699737,-33.023667200296302],[-71.647982699737,-33.023613199682202],[-71.647982900061294,-33.023565100273501],[-71.648001600290598,-33.023517100259603],[-71.648052400019907,-33.0234985002377],[-71.648111399571206,-33.0234873003036],[-71.648154300414205,-33.023435499648599],[-71.648151699791399,-33.023406299957998],[-71.6480971999015,-33.023387199794101],[-71.648057799793094,-33.0233793003285],[-71.6480310003532,-33.0233702996969],[-71.647987200296598,-33.023351200278398],[-71.647942400415104,-33.023334300174199],[-71.647947800188206,-33.023284899851198],[-71.647977299963898,-33.023257900184497],[-71.648014899848405,-33.023264599826398],[-71.648057000292496,-33.023274700128702],[-71.648121299903906,-33.023265700239698],[-71.648188399564006,-33.023252200027798],[-71.648253600185697,-33.023228600260502],[-71.648277700188103,-33.023167899729103],[-71.648261599683295,-33.023134200375097],[-71.648258900245906,-33.0231048996569],[-71.648280399625506,-33.023073499778597],[-71.648309900299495,-33.023037500134699],[-71.648309900299495,-33.023003699802899],[-71.648328700241706,-33.022974499969401],[-71.648373500123299,-33.022966599713499],[-71.648417199568598,-33.023001499723001],[-71.648459300012703,-33.022984600305001],[-71.648516399627098,-33.022963299968701],[-71.648558500071204,-33.022955399711897],[-71.648622000182002,-33.0229299003081],[-71.648647100009399,-33.0228946997455],[-71.648658600241603,-33.022868799624199],[-71.648682700244095,-33.022844100089003],[-71.648709600295305,-33.022826100221998],[-71.648754299565496,-33.022759699978103],[-71.6487766002424,-33.022731599730399],[-71.648806100018007,-33.022733899992303],[-71.648854399735896,-33.0227451000221],[-71.648902700352096,-33.022706900156699],[-71.648878499738302,-33.022679900312902],[-71.648854399735896,-33.022643899755103],[-71.648848999962794,-33.022601200243898],[-71.648862400131804,-33.022560700049901],[-71.648877400200405,-33.0225118001703],[-71.648937500187898,-33.022479700359298],[-71.648975100072406,-33.022439300285001],[-71.648975100072406,-33.022410000088897],[-71.648908000412305,-33.022389800038098],[-71.6488508998996,-33.022377400116397],[-71.648827600296002,-33.022349299746999],[-71.648842900401903,-33.022314400232503],[-71.648902700352096,-33.0223042998201],[-71.648931399728795,-33.0222852001706],[-71.648969700299205,-33.022268299862098],[-71.649007300183797,-33.022272800234198],[-71.649066299734997,-33.022223400069599],[-71.649114600351197,-33.022164899700101],[-71.649090399737403,-33.022108700323102],[-71.649076200067796,-33.022089599878001],[-71.649082400239806,-33.022038999759303],[-71.649066299734997,-33.022025500112797],[-71.649015299681395,-33.022036700232597],[-71.648985000405204,-33.022064799948502],[-71.648942899961099,-33.022090700306002],[-71.648889300183001,-33.022104199942497],[-71.648832900356197,-33.0221288996851],[-71.648797300121501,-33.022152499746802],[-71.648755199677396,-33.022180600178999],[-71.648716800292306,-33.022202000126903],[-71.648679999908296,-33.022196400077704],[-71.648689999954101,-33.0221660001271],[-71.648768599846505,-33.0221288996851],[-71.648795400184696,-33.022108700323102],[-71.6488355997936,-33.0220727002852],[-71.648854399735896,-33.022050199877398],[-71.6488590000085,-33.022010799859203],[-71.648848199563801,-33.021981599696801],[-71.648796000259296,-33.021974200231803],[-71.648816000350806,-33.0219388998648],[-71.648875900013905,-33.021913000216003],[-71.648913400185407,-33.021899499796902],[-71.648951000069999,-33.021879299629099],[-71.648999200074897,-33.0218724997058],[-71.6490555999017,-33.021843300250701],[-71.649087700300001,-33.021780299985103],[-71.649087700300001,-33.021708399802598],[-71.649079699904107,-33.021681399652998],[-71.649071700406495,-33.0216430999035],[-71.649105699843403,-33.021644299760197],[-71.649140600290494,-33.021664499981902],[-71.649197699904903,-33.021647600307602],[-71.649200400240602,-33.021604900313903],[-71.649162800356095,-33.0215733997249],[-71.649111900015498,-33.021559900006999],[-71.649064399798206,-33.021540300067002],[-71.649026100126093,-33.021530699695198],[-71.648975100072406,-33.021519500264297],[-71.648939400124704,-33.021493599739003],[-71.648940199625301,-33.021461000180899],[-71.648889300183001,-33.021427199997802],[-71.648889300183001,-33.021397999641998],[-71.648873199678206,-33.021368800029798],[-71.648819500187102,-33.021380000233002],[-71.648779299679802,-33.021409300018199],[-71.648741699795295,-33.021449699811299],[-71.648711399620794,-33.021466600276803],[-71.6486746998482,-33.021499199832903],[-71.6486774001839,-33.021523999921499],[-71.648653199570106,-33.021553200235601],[-71.648623699794499,-33.021559900006999],[-71.648618399734303,-33.021541899877803],[-71.648612199562294,-33.021516100288899],[-71.648556699847404,-33.021528400155098],[-71.648516399627098,-33.021537400221597],[-71.648481599791296,-33.021550899942902],[-71.6484546997401,-33.0215464002871],[-71.648441299571004,-33.021521699628103],[-71.648462000348403,-33.021484599668099],[-71.648481599791296,-33.021452000106599],[-71.648502199957406,-33.021414900117399],[-71.648529000295596,-33.021381099916603],[-71.648556699847404,-33.021357499648403],[-71.648575400076695,-33.021316999636198],[-71.648596900354704,-33.021278799905303],[-71.6485854001224,-33.021232699746498],[-71.648575400076695,-33.021197899966801],[-71.648570100016499,-33.021173099786502],[-71.648561999907599,-33.021148399776102],[-71.648537100404496,-33.021138299983399],[-71.648508400129501,-33.021116899777297],[-71.648492299624706,-33.021105600116798],[-71.648462799849,-33.021123600335102],[-71.648462799849,-33.021186600316803],[-71.648457400075898,-33.021211300316502],[-71.648422600240096,-33.021227099635702],[-71.648411799795397,-33.021272100112498],[-71.648385000355603,-33.021278799905303],[-71.648347500184002,-33.021312499968502],[-71.648320600132806,-33.021348500316797],[-71.648288400021499,-33.021350799861601],[-71.648250899849899,-33.021350799861601],[-71.648215199902197,-33.021340700091997],[-71.648183800189798,-33.021352999982803],[-71.648092599628896,-33.021420500216202],[-71.648079200358097,-33.021461000180899],[-71.648044399623998,-33.021485700103703],[-71.648014899848405,-33.021494700174401],[-71.647977299963898,-33.021512700313302],[-71.647955900297205,-33.021530699695198],[-71.647934400019096,-33.021580199671199],[-71.647918300412599,-33.021618400024799],[-71.647918300412599,-33.021663400301797],[-71.647918300412599,-33.021710599914897],[-71.647910300016704,-33.021751099746197],[-71.647912899741101,-33.021775800340997],[-71.647937100354895,-33.021816300142397],[-71.647978800150398,-33.0218459003109],[-71.647971900190697,-33.021879299629099],[-71.647942400415104,-33.021899499796902],[-71.647894200410207,-33.021926499879697],[-71.647813699682601,-33.021942299823898],[-71.647784199906994,-33.021942299823898],[-71.647744000298005,-33.021940000294698],[-71.647679600075307,-33.021931000269298],[-71.647644699628202,-33.021915299745899],[-71.647607200354997,-33.021899499796902],[-71.647585700077002,-33.0218882996597],[-71.647547400404804,-33.021851199853998],[-71.647521299854304,-33.021823100070002],[-71.647505200247707,-33.021809599637201],[-71.647480299846407,-33.021759000110997],[-71.647483799682703,-33.021694900105402],[-71.647502599625,-33.021652099958203],[-71.647501800124402,-33.021615000053202],[-71.647470400411905,-33.021600399907598],[-71.647397999793299,-33.0216430999035],[-71.647333599570601,-33.021676900003797],[-71.647306800130707,-33.021717399850701],[-71.647290699625898,-33.021721900251002],[-71.647237000134794,-33.021676900003797],[-71.647230899675705,-33.021639800109199],[-71.647285299852697,-33.021586900193903],[-71.6473281997974,-33.021550899942902],[-71.6473765004136,-33.021510500196101],[-71.647389899684399,-33.021476700031997],[-71.647381099787907,-33.0214576002031],[-71.647359600408194,-33.021448600128601],[-71.647365799682007,-33.021395800275201],[-71.647406000189207,-33.021366499732302],[-71.647426700068294,-33.021320400372602],[-71.647426700068294,-33.021279900343401],[-71.647413999686805,-33.021238299856897],[-71.647397999793299,-33.021121400208202],[-71.647381900186801,-33.0210831996392],[-71.647360399908806,-33.021033700137302],[-71.647363100244505,-33.020970700046298],[-71.647363100244505,-33.020930199856402],[-71.647320200299802,-33.020858299733902],[-71.647290699625898,-33.020824500072898],[-71.647295999686094,-33.020770600154499],[-71.6472764002432,-33.020724400305802],[-71.647250400303903,-33.020709800012703],[-71.647223599965699,-33.020694100024997],[-71.6471619000788,-33.020676099718997],[-71.6471216995715,-33.020680600172497],[-71.647119000134097,-33.020628900305297],[-71.647127100242997,-33.020595099803202],[-71.647107499901793,-33.020567000371997],[-71.647051899575601,-33.020505199819702],[-71.647029700408297,-33.020481600070198],[-71.646968800021895,-33.020466900312499],[-71.646925900077207,-33.020491699938198],[-71.646923199741494,-33.0205164001326],[-71.646944700019503,-33.020554700371598],[-71.646958100188598,-33.020588399958399],[-71.646935800410006,-33.020641200295401],[-71.646935800410006,-33.020668200010398],[-71.646877600359304,-33.020676099718997],[-71.6468552996824,-33.020650199699197],[-71.646834700414601,-33.020617599829102],[-71.646829299743104,-33.0205928996631],[-71.646844599849103,-33.020546799898902],[-71.646853500356897,-33.0205164001326],[-71.646834700414601,-33.020482699765097],[-71.646832000078902,-33.020433199926003],[-71.646839200075902,-33.020393900116098],[-71.646849999622205,-33.020373600178701],[-71.646850800021198,-33.020352199786899],[-71.646837399852103,-33.020313999637899],[-71.646840100187802,-33.02028930014],[-71.646869599963395,-33.020255500260902],[-71.646849999622205,-33.020227399968299],[-71.646820400133606,-33.020211800072701],[-71.646774199778605,-33.020199899981499],[-71.646732800020402,-33.020206099718997],[-71.646702499845901,-33.0202342000185],[-71.646687199739901,-33.020264499704098],[-71.646664899961294,-33.020276899922898],[-71.646633500248896,-33.020286999814402],[-71.646613899907706,-33.020299400030098],[-71.646546899960498,-33.020312899940997],[-71.646538799851598,-33.020351100090501],[-71.646520900021301,-33.020383700059099],[-71.646504800414704,-33.020397199957102],[-71.646472600303397,-33.020417499889],[-71.646461899571705,-33.020449000137901],[-71.646461100071093,-33.020477100359798],[-71.646472600303397,-33.020500700110503],[-71.646461899571705,-33.020534399718002],[-71.646451100025402,-33.020577100230199],[-71.646400199684706,-33.020586099640603],[-71.646359900362796,-33.020554700371598],[-71.646317000418094,-33.0205524000528],[-71.646287499744105,-33.020554700371598],[-71.646251799796403,-33.020544500333202],[-71.646214299624901,-33.020567000371997],[-71.646166800305906,-33.020574900089699],[-71.6461424002662,-33.020605299835701],[-71.646142499979206,-33.020620999839302],[-71.646174900414906,-33.0206446003046],[-71.646184799849294,-33.0206750000266],[-71.646184799849294,-33.020720000032],[-71.646182100411906,-33.0207558996917],[-71.646192800245203,-33.020791900267298],[-71.6462016998547,-33.020815499933697],[-71.646158799909998,-33.020822299938501],[-71.646129300134405,-33.020826799631301],[-71.646105100419007,-33.020844799906499],[-71.646086400189702,-33.020876300002598],[-71.646086400189702,-33.0209100002197],[-71.646086400189702,-33.020936999852402],[-71.646056799802807,-33.020970700046298],[-71.646058699739598,-33.020989799980597],[-71.646056799802807,-33.021031399831102],[-71.646018500130594,-33.021077500095103],[-71.646013899858104,-33.021123600335102],[-71.645981699746699,-33.021137100119802],[-71.645944199575197,-33.021159600007401],[-71.6459280999687,-33.021166399985702],[-71.645901299630495,-33.021168600111501],[-71.645887099960802,-33.021142799659998],[-71.645887900359696,-33.021105600116798],[-71.645893300132897,-33.021061400218102],[-71.645897799794099,-33.021023600331397],[-71.645901299630495,-33.020997699660398],[-71.645913900299007,-33.020971799735001],[-71.645925399632901,-33.020905499778003],[-71.645925399632901,-33.020873999692299],[-71.6459208999716,-33.0208360001239],[-71.645906599690605,-33.020815499933697],[-71.645877099914998,-33.020815499933697],[-71.645850299576793,-33.020824500072898],[-71.645814599629105,-33.020845900349997],[-71.645783299629699,-33.020869500001901],[-71.645756200152505,-33.020893199824798],[-71.645744499595907,-33.020933499677298],[-71.645748400080905,-33.020959499791097],[-71.645772500083297,-33.0210291997019],[-71.645777899856498,-33.021062899860603],[-71.645766399624307,-33.021090999886901],[-71.645737700247494,-33.0210967001833],[-71.645715399570605,-33.021106799980799],[-71.645697400027302,-33.021157399881403],[-71.645707400072993,-33.021205700204398],[-71.645700100363001,-33.021247299952996],[-71.645699299964093,-33.021277700220402],[-71.645718099906404,-33.021311400283999],[-71.645744900244594,-33.021331700005497],[-71.645748400080905,-33.021357499648403],[-71.645723499679505,-33.021381099916603],[-71.645700100363001,-33.021409300018199],[-71.645685899794998,-33.0214464000098],[-71.6456626001915,-33.021461000180899],[-71.645626900243798,-33.021518299652698],[-71.645622299971194,-33.021544200170702],[-71.645610799738904,-33.021590300166601],[-71.645616999910999,-33.021629700372699],[-71.645627399707095,-33.021659699802903],[-71.645659899855701,-33.021674599714402],[-71.645665199915896,-33.021703900154797],[-71.645635700140303,-33.021726100122201],[-71.645603599741904,-33.021728600009602],[-71.6455553000241,-33.021712900203397],[-71.645519600076398,-33.021702700299002],[-71.645480199968006,-33.021692599816497],[-71.645426499578605,-33.021692599816497],[-71.6453878001562,-33.0217121997226],[-71.645328900317907,-33.0217088999308],[-71.645278200301604,-33.021698199897699],[-71.645217699665594,-33.021726100122201],[-71.645158300364002,-33.021760099789901],[-71.645064400365698,-33.021775800340997],[-71.645026900194097,-33.021791600312199],[-71.645010799689302,-33.0218207997844],[-71.645030099993207,-33.021863899624798],[-71.644998400243495,-33.021932200122102],[-71.644897199636802,-33.022105600144599],[-71.644821600117396,-33.022218800272398],[-71.644585600115903,-33.0221040997667],[-71.6443227000631,-33.021949999819597],[-71.644148399948605,-33.02180390014],[-71.644063899921406,-33.021681300229901],[-71.644053800162595,-33.021651499653402],[-71.644071099918406,-33.021524200274499],[-71.644073599929797,-33.021349800354301],[-71.643967400198605,-33.021132599689601],[-71.643731400197098,-33.020858299733902],[-71.643591100417694,-33.020931399722798],[-71.643519500197897,-33.020833500211197],[-71.643516799862198,-33.020774999672497],[-71.643524800258106,-33.020730099872701],[-71.643527499695494,-33.020680600172497],[-71.643551700309303,-33.020640099849302],[-71.643562400142599,-33.020613100125701],[-71.643543600200402,-33.020599600260802],[-71.643516799862198,-33.020599600260802],[-71.643492699859806,-33.020554700371598],[-71.643481900313404,-33.020509700281799],[-71.643457800310998,-33.020478200054697],[-71.643444400141902,-33.020446699816397],[-71.643409499694798,-33.020334300342299],[-71.643417599803698,-33.020259999982599],[-71.643419400027497,-33.020238699741299],[-71.643430999972793,-33.020197100270003],[-71.643484599750806,-33.020188100066697],[-71.643524800258106,-33.020197100270003],[-71.643551700309303,-33.0201678000819],[-71.643548199574596,-33.020137500363099],[-71.643516000361601,-33.020121700095402],[-71.643473899917495,-33.020143099789799],[-71.643449700201998,-33.020125100124602],[-71.643447099579305,-33.020098100243203],[-71.643449700201998,-33.020055400252197],[-71.643479199977605,-33.020017099796398],[-71.643524800258106,-33.020017099796398],[-71.643570399640296,-33.020039599969799],[-71.643621399693899,-33.020019400129001],[-71.643637299874399,-33.019993200134699],[-71.643624100029598,-33.019951900329197],[-71.643612599797393,-33.019903600072503],[-71.643610699860503,-33.019875499667698],[-71.6435677999158,-33.019864199848101],[-71.643540100364007,-33.019833900024899],[-71.643503399693103,-33.019830499984501],[-71.643490000422304,-33.019805700172697],[-71.643497999919902,-33.019769800125999],[-71.643535599804494,-33.019749500044902],[-71.643573099975995,-33.019733799886197],[-71.643640199636195,-33.019733799886197],[-71.643675000370294,-33.0197090000472],[-71.643688500252296,-33.019675300124199],[-71.643692999913597,-33.019626900290604],[-71.643679599744502,-33.019591000171097],[-71.643652800304594,-33.019570700048803],[-71.643624100029598,-33.019549399640901],[-71.643589199582493,-33.019547100049202],[-71.643554300033699,-33.0195583999094],[-71.643514100424795,-33.019565099832398],[-71.643468500144294,-33.019567400176904],[-71.643433599697204,-33.019592099877002],[-71.643417599803698,-33.019607800061003],[-71.643396100423999,-33.0196257998318],[-71.643363900312593,-33.019607800061003],[-71.643355100416102,-33.019561699781597],[-71.643342499747604,-33.019517899823903],[-71.643304100362499,-33.019467299735602],[-71.643317499633298,-33.019428999777503],[-71.643307600198796,-33.019400899974599],[-71.643267399691595,-33.019387399924099],[-71.643221800309405,-33.019387399924099],[-71.643192199922495,-33.019369400104601],[-71.643143999917598,-33.019364900337401],[-71.643102900196695,-33.019384100045301],[-71.643090300426607,-33.019398699804697],[-71.643044700146106,-33.019398699804697],[-71.643007199974505,-33.019389700273202],[-71.642985699696595,-33.019371699700898],[-71.642956199920903,-33.019353699878202],[-71.642942000251196,-33.019325600051303],[-71.642929399582798,-33.019295199863997],[-71.642916000311999,-33.019286200321901],[-71.642896399970795,-33.019258099720297],[-71.642902600142904,-33.019232200037102],[-71.642909800139904,-33.019201899996702],[-71.642926700145296,-33.019162500211898],[-71.642929399582798,-33.019124300300597],[-71.642910599640501,-33.019070299916699],[-71.642897200369703,-33.019047800249098],[-71.642848899753503,-33.0190500998538],[-71.642811399582001,-33.019068099738497],[-71.642764999800903,-33.019091699866301],[-71.642722099856201,-33.0191096997426],[-71.642679100198507,-33.019093900043899],[-71.642615600087694,-33.019061300351602],[-71.642564600034106,-33.019043299712301],[-71.642531600422103,-33.019035500036701],[-71.642484100204797,-33.018980399884697],[-71.642443899697597,-33.018939900287002],[-71.6424331998642,-33.018890400334897],[-71.642438499924396,-33.018852200305702],[-71.642422500030904,-33.018820700239502],[-71.642382199810598,-33.018786899797398],[-71.642349200198595,-33.018725100256901],[-71.642349999699206,-33.018676699901597],[-71.642333900092694,-33.018631799786299],[-71.642301799694295,-33.018598000024902],[-71.642279499915702,-33.018551899970802],[-71.642260699973406,-33.018603699729297],[-71.642260699973406,-33.018630599888603],[-71.642263400309204,-33.0186665998256],[-71.642237400369893,-33.018703700218197],[-71.642212400255602,-33.018734099856303],[-71.642182899581599,-33.018752099805504],[-71.642164200250704,-33.018774600301803],[-71.642156899642401,-33.018798199754997],[-71.642150700368603,-33.018846499864097],[-71.642151599582206,-33.018879199815302],[-71.642129299803599,-33.018929800241096],[-71.642102500363706,-33.018958999908001],[-71.642028199808294,-33.018953399652801],[-71.641998700032602,-33.018933100136898],[-71.641968399858101,-33.018902799993697],[-71.641915499867693,-33.018903899708299],[-71.641824300205101,-33.0188813999982],[-71.641783300197204,-33.018862300360297],[-71.641716199638694,-33.018844299680403],[-71.6416894001988,-33.0188397998864],[-71.641625800374996,-33.018840900355002],[-71.641560700364707,-33.018819599770801],[-71.641542699923093,-33.018804899735898],[-71.641475600262893,-33.018775700017898],[-71.641424699922297,-33.018775700017898],[-71.641284400142894,-33.018720599703698],[-71.641158300033197,-33.0186845997886],[-71.641129599758202,-33.018665500108099],[-71.6410920995867,-33.018620499807398],[-71.641075999980103,-33.018586800221499],[-71.641045699805602,-33.018556399779499],[-71.641014300093104,-33.018546299689703],[-71.640960700315105,-33.018539599689198],[-71.640906999925704,-33.018537300071202],[-71.640863299582094,-33.0185227001691],[-71.640757099850902,-33.018492699671498],[-71.640696999863394,-33.018448499969203],[-71.640656200179905,-33.018409899781602],[-71.6406137996985,-33.018376499902303],[-71.6405448998145,-33.018348399763902],[-71.640501200369201,-33.018336000027098],[-71.640458300424498,-33.018317999992902],[-71.640416199980393,-33.018330399732299],[-71.640400100373796,-33.0182876996383],[-71.640375899760102,-33.018269700347503],[-71.640421500040503,-33.018238200073299],[-71.640429600149503,-33.018213399813597],[-71.640424200376302,-33.018186500280301],[-71.640375100259504,-33.018147100041801],[-71.640332999815399,-33.018130199693303],[-71.640297299867697,-33.018120100307897],[-71.640257899759305,-33.018136999905202],[-71.640268599592602,-33.018170699662903],[-71.640241800152793,-33.018186500280301],[-71.640222199811603,-33.018151599871103],[-71.6402123003772,-33.018100999751901],[-71.640188200374695,-33.018062800133897],[-71.640149800091294,-33.018036900099503],[-71.640106900146606,-33.018016699799901],[-71.640072800098395,-33.018015499893799],[-71.640054099869104,-33.018024500318802],[-71.640026400317296,-33.018063899858902],[-71.640000400378099,-33.018100999751901],[-71.639978999812996,-33.018103199954197],[-71.639927999759394,-33.018087500255596],[-71.639895799648002,-33.018087500255596],[-71.639855600039098,-33.018098700122401],[-71.639863600435007,-33.018114499999399],[-71.639884300314094,-33.018140400010999],[-71.639858300374797,-33.018177499871797],[-71.639831400323601,-33.018202199961301],[-71.639815299818807,-33.018206699787797],[-71.639780499983004,-33.018206699787797],[-71.639748299871698,-33.018199999761499],[-71.639734100202006,-33.018171800139903],[-71.639626800034506,-33.0181223999368],[-71.639582000152998,-33.018085300052903],[-71.639555199814794,-33.018076299633996],[-71.639504900447093,-33.018047400216197],[-71.639485200392897,-33.018017700098198],[-71.639452700244306,-33.017968900138897],[-71.639418399871801,-33.017977300238798],[-71.639393399757395,-33.0180189000043],[-71.639372000090702,-33.018043600138199],[-71.639343299815707,-33.018051500082002],[-71.639312999641206,-33.018102100229598],[-71.639278899592995,-33.018118999830399],[-71.639249399817402,-33.018096499919999],[-71.639243300256595,-33.018072299949701],[-71.639261999587603,-33.018025700224797],[-71.639280800428196,-33.017989700026099],[-71.639273700144102,-33.017943000076897],[-71.639235999648307,-33.017923299905497],[-71.639157300042896,-33.017903199760397],[-71.639101099642104,-33.017888500326002],[-71.639024099649205,-33.017882799822097],[-71.639010700378407,-33.017905299787103],[-71.6389999996467,-33.017966100356503],[-71.638997300209297,-33.0179885001196],[-71.639008000042693,-33.018006500221098],[-71.638973099595503,-33.018022300114602],[-71.638954400264595,-33.0180559999162],[-71.638954400264595,-33.017984000281999],[-71.638919499817504,-33.017995300342498],[-71.638900699875194,-33.018013299689301],[-71.638876599872802,-33.017984000281999],[-71.638822900381697,-33.017992999957002],[-71.638817600321602,-33.018013299689301],[-71.638817600321602,-33.018044800043903],[-71.638761199596402,-33.018051500082002],[-71.638710300154102,-33.0180358003742],[-71.638604899923493,-33.018005399742101],[-71.638573500211095,-33.018026799950299],[-71.638572699812201,-33.018063899858902],[-71.638562800377699,-33.018096499919999],[-71.638490300046101,-33.018094200290399],[-71.638455500210299,-33.0181280002449],[-71.638479600212705,-33.018157200177299],[-71.638484999985906,-33.0181819996995],[-71.638524400094298,-33.018198799857899],[-71.638559299643106,-33.018223600121701],[-71.638519000321097,-33.018255099647902],[-71.638474200439603,-33.018258400322203],[-71.638438600204907,-33.018252800022402],[-71.638399100383495,-33.018265199771001],[-71.638396499760802,-33.018289899835899],[-71.638348200042898,-33.018289899835899],[-71.638318700267305,-33.018253899745098],[-71.638313299595794,-33.018229199670103],[-71.638313299595794,-33.018195499934698],[-71.638291899929101,-33.018163999633899],[-71.638264999877904,-33.018154999976304],[-71.638206000326704,-33.018130199693303],[-71.638173800215299,-33.0181256998628],[-71.638130900270596,-33.018136999905202],[-71.638104099932406,-33.0181932003076],[-71.638066500047898,-33.018229199670103],[-71.638031700212096,-33.018249399920997],[-71.6380129002698,-33.018271899792303],[-71.638010199934101,-33.0183078998759],[-71.6380210003787,-33.018350599960101],[-71.638058499652004,-33.018420399853802],[-71.638106800268105,-33.018438299687098],[-71.638133599707999,-33.018445099875301],[-71.638122100374105,-33.018488999792702],[-71.638111299929406,-33.018517600032503],[-71.638149700212907,-33.018548600060797],[-71.638178399589606,-33.0185631999585],[-71.638200700266495,-33.018580000044302],[-71.638238200437996,-33.018573300046299],[-71.638258900317098,-33.018599199923102],[-71.638235500102297,-33.018656499748502],[-71.638232000265901,-33.0186958997594],[-71.638254300044593,-33.0187239997869],[-71.638261500041594,-33.018763300341199],[-71.638267700213603,-33.018813900080303],[-71.638210599700898,-33.018895999840801],[-71.638140799704999,-33.0189274998801],[-71.638082599654396,-33.0189308999554],[-71.638058499652004,-33.018910599681099],[-71.637970000325097,-33.018876900206102],[-71.637939700150596,-33.018902799993697],[-71.637926299981501,-33.0189478001504],[-71.637899399930305,-33.0189563997627],[-71.637845800152206,-33.018974700204701],[-71.637792999874804,-33.018982600065101],[-71.637751900153901,-33.0189634996959],[-71.637700399738705,-33.018947300006602],[-71.637618600047205,-33.018957900194202],[-71.637570300329301,-33.018964600162903],[-71.637527400384599,-33.0189286003475],[-71.637487199877299,-33.018888200152197],[-71.637377999773094,-33.018881500177699],[-71.637349899572698,-33.018905299961197],[-71.637336200264599,-33.018929800241096],[-71.637302100216402,-33.018962399982101],[-71.637239599930496,-33.018988200318397],[-71.637205599595305,-33.019020800037801],[-71.637184599678903,-33.019056600210099],[-71.637188699589899,-33.019078199768501],[-71.6372108996555,-33.019119799767701],[-71.637205599595305,-33.019137799638202],[-71.637178700442504,-33.019173800121401],[-71.637153800041105,-33.019197400221003],[-71.637114399932798,-33.019187300204699],[-71.637060599830406,-33.019165599740703],[-71.637007099765299,-33.019180500073702],[-71.636977599989706,-33.019205300061401],[-71.636966800443403,-33.019229999862901],[-71.636972200216505,-33.019263699956198],[-71.636968700380194,-33.019303099695598],[-71.6369606999843,-33.019350299819202],[-71.636953400274294,-33.019373899871503],[-71.636933299571496,-33.019412999778297],[-71.636940000105199,-33.019439199944898],[-71.636920399763994,-33.019480799773902],[-71.636921200162902,-33.019497599684797],[-71.636940000105199,-33.019529100262297],[-71.636977599989706,-33.019544899882902],[-71.636968700380194,-33.019593200336203],[-71.6369525998754,-33.0196291998802],[-71.636953400274294,-33.0196640997044],[-71.636961500383194,-33.0197090000472],[-71.6369606999843,-33.0197461000012],[-71.636942700440898,-33.019785500278303],[-71.636980300325405,-33.019839500224201],[-71.637007099765299,-33.019857499947797],[-71.637004400327896,-33.019902400192002],[-71.636931999709205,-33.019983399991098],[-71.636829999602,-33.020030599750498],[-71.636532299713494,-33.020057599652503],[-71.636435799990707,-33.020028400349503],[-71.636384799937105,-33.019994699795397],[-71.636395499770401,-33.0199699000298],[-71.636421499709698,-33.0199396002429],[-71.636414299712698,-33.019915900163703],[-71.636395499770401,-33.019893500137101],[-71.636386699873896,-33.019865300303898],[-71.636372800241503,-33.0198272001223],[-71.636355300161497,-33.019803500012898],[-71.6363732997048,-33.019755100249597],[-71.636394700269804,-33.019728199680202],[-71.636386699873896,-33.019683199921801],[-71.636376800439507,-33.019659599952298],[-71.636368700330607,-33.019614600158903],[-71.636339199656604,-33.019589800286397],[-71.636264099600595,-33.019560600075302],[-71.636218500218405,-33.019574100099298],[-71.636196999940395,-33.019587600121199],[-71.636162200104593,-33.019598799797599],[-71.636150399835103,-33.019651300191398],[-71.636127299657502,-33.019677599712601],[-71.636100500217694,-33.019706799885],[-71.636060299710394,-33.019699999794199],[-71.6360326001586,-33.019683199921801],[-71.6360407002675,-33.019635899797898],[-71.636078999939599,-33.0195965996326],[-71.636073999916803,-33.019562599883699],[-71.636049500164006,-33.019544899882902],[-71.636020000388399,-33.0195200999908],[-71.6360004997602,-33.019482099838903],[-71.635969100047802,-33.019468400196303],[-71.635939600272195,-33.019497599684797],[-71.635931500163295,-33.019526900095599],[-71.635920699718596,-33.019577900111301],[-71.635904699825105,-33.019601100141102],[-71.635915399658401,-33.019643800352199],[-71.635944900332305,-33.019677599712601],[-71.635977100443696,-33.019699999794199],[-71.635977100443696,-33.019726999797399],[-71.635942199996606,-33.019749500044902],[-71.635893999991694,-33.019747299883697],[-71.635864500216101,-33.019699999794199],[-71.635832300104695,-33.019668600209499],[-71.635802800329103,-33.019655100199998],[-71.635778599715394,-33.019652799857802],[-71.635743799879606,-33.0196325999284],[-71.635729499598597,-33.019606700355197],[-71.635695500161702,-33.019574100099298],[-71.635665199987201,-33.019557200024302],[-71.635617699769895,-33.019553900151898],[-71.635575999974407,-33.019565099832398],[-71.635539900276399,-33.019547100049202],[-71.635504200328697,-33.019562499705003],[-71.635472000217305,-33.019588699827203],[-71.635432600108999,-33.0195965996326],[-71.635384300391095,-33.019587600121199],[-71.635351299880796,-33.019602199847],[-71.635338600397603,-33.019641399831102],[-71.635302199763998,-33.019668200248297],[-71.635275899787402,-33.019619300270698],[-71.635250499922805,-33.0195721002911],[-71.635223400445597,-33.019556100317899],[-71.635193700345695,-33.0195523997305],[-71.635150999827005,-33.0195583999094],[-71.635116100278196,-33.019542600291103],[-71.635086599604193,-33.019531399854401],[-71.635032999826194,-33.019533600020999],[-71.635022200279806,-33.019549399640901],[-71.635038299886403,-33.019583100365203],[-71.635046399995304,-33.019610099651103],[-71.635018800156502,-33.019640400304397],[-71.635022200279806,-33.019684299626597],[-71.635021399880898,-33.019703399839599],[-71.635013400383301,-33.019721400344203],[-71.635008800110796,-33.019747299883697],[-71.634995399941602,-33.019787799863799],[-71.634960600105899,-33.019787799863799],[-71.634944499601005,-33.019763000040001],[-71.634939099827903,-33.019729300137698],[-71.634949000160603,-33.019689899835498],[-71.634955200332698,-33.019648300105104],[-71.634932899655794,-33.019586499661997],[-71.634930200218307,-33.019557200024302],[-71.634925699658794,-33.019522400336498],[-71.634904200279095,-33.019502100198402],[-71.634858599998594,-33.019477399719797],[-71.634837200331901,-33.019466099849303],[-71.634799600447394,-33.019448200224701],[-71.634770099773505,-33.019439199944898],[-71.634713799659707,-33.019443699708297],[-71.634678900110899,-33.019459399918702],[-71.634611900163705,-33.0194706003645],[-71.634606500390504,-33.019493099924198],[-71.634611900163705,-33.019531399854401],[-71.634593100221494,-33.019547100049202],[-71.6345180001654,-33.0195583999094],[-71.634485800053994,-33.019571799754999],[-71.634453599942702,-33.019583100365203],[-71.634426799604498,-33.019594300042101],[-71.634402699602006,-33.019623599667497],[-71.634376299912503,-33.019657300363498],[-71.634330899956296,-33.0196934000599],[-71.634225600337004,-33.019738299634497],[-71.634204199772,-33.019769800125999],[-71.634171999660694,-33.019801199674603],[-71.634150599993902,-33.019836900104899],[-71.6341452002208,-33.019873200084398],[-71.634150500280995,-33.019902400192002],[-71.634171999660694,-33.019933899871702],[-71.634190799602905,-33.019976700099797],[-71.634222900001305,-33.019994699795397],[-71.634255100112696,-33.020005900173203],[-71.634257800448395,-33.0200238998628],[-71.634255100112696,-33.020059899984098],[-71.634249800052501,-33.020077899662702],[-71.634225600337004,-33.020091400360698],[-71.634185399829704,-33.020084600299498],[-71.634163899551794,-33.020055400252197],[-71.634140399623902,-33.020031600025902],[-71.634091499831399,-33.020010399907598],[-71.633976200166401,-33.020008199752901],[-71.633918200440107,-33.020016100273899],[-71.633898699811894,-33.020046799993899],[-71.633868099599994,-33.0200633000157],[-71.633869899823907,-33.020092100101103],[-71.633897600273997,-33.0201082001552],[-71.633878800331701,-33.0201442002421],[-71.633852800392404,-33.020158799875603],[-71.6338235997558,-33.020164900191297],[-71.633838599824401,-33.020200400118298],[-71.633826000054299,-33.020224100120998],[-71.633791099607194,-33.020228599844302],[-71.633769300190195,-33.020208299868798],[-71.633750099599297,-33.020171200109402],[-71.633733999992799,-33.020153199696701],[-71.633705299717704,-33.0201565997247],[-71.633670400168995,-33.020170099657399],[-71.6336266998253,-33.020186900190197],[-71.633595300112901,-33.020206099718997],[-71.633559600165199,-33.020245400365901],[-71.633516700220497,-33.020274699774902],[-71.633487200444804,-33.020292599984899],[-71.633463100442398,-33.0203263998498],[-71.633437099604805,-33.020363500297101],[-71.633406699717298,-33.020393900116098],[-71.633388799886902,-33.020415200320002],[-71.633374600217195,-33.020441099655699],[-71.633359300111294,-33.0204623998481],[-71.633342400105903,-33.020479299749603],[-71.633302900284505,-33.020484899907899],[-71.633275300445703,-33.020524299854799],[-71.633225199605704,-33.020577100230199],[-71.633214400059401,-33.020599600260802],[-71.633214400059401,-33.020626599988503],[-71.633225199605704,-33.020658100162599],[-71.633225199605704,-33.020691799709901],[-71.633198299554493,-33.020727800311697],[-71.633190300056896,-33.020759299696401],[-71.633190300056896,-33.020788500263798],[-71.633179600223599,-33.020806499793601],[-71.633152700172403,-33.020808800105598],[-71.633174199552101,-33.020871800312399],[-71.633227699617095,-33.020893900312103],[-71.633262699777205,-33.0209100002197],[-71.633275300445703,-33.020944800113],[-71.6332457997718,-33.020976300173402],[-71.633184900283695,-33.020984199854396],[-71.633162700218094,-33.0209741000428],[-71.633133999943098,-33.020984199854396],[-71.633106300391304,-33.021016800342103],[-71.633106300391304,-33.021052800058001],[-71.633107099891902,-33.021076399654497],[-71.633083099602501,-33.021096300228599],[-71.633053500113903,-33.021101099685097],[-71.633024400088601,-33.021128600144003],[-71.633063400446602,-33.021147300089602],[-71.633120599774003,-33.021130400316203],[-71.6331687997789,-33.021146100226098],[-71.633186800220599,-33.021158500321],[-71.633179600223599,-33.021193400293001],[-71.633184099884801,-33.021214700303702],[-71.633240399998598,-33.021241699843102],[-71.633270799886205,-33.021281100205002],[-71.633270799886205,-33.021316999636198],[-71.633275300445703,-33.021347399879602],[-71.633312600292996,-33.021363499704499],[-71.633334299997003,-33.021327200338497],[-71.633379900277404,-33.021313699829697],[-71.633410199553595,-33.021346300195603],[-71.633420199599399,-33.021363199927599],[-71.633399499720298,-33.021402500058599],[-71.633378000340599,-33.021433999955399],[-71.633366500108295,-33.021459899744997],[-71.633369999944705,-33.021485700103703],[-71.633374600217195,-33.021587999874903],[-71.633184900283695,-33.021733099656103],[-71.633080299553797,-33.021805099994602],[-71.633029400111397,-33.0218207997844],[-71.632924800279795,-33.0218207997844],[-71.632725500050796,-33.021932099946099],[-71.632497500445197,-33.022069300330998],[-71.632443199981196,-33.022148599669997],[-71.632479500003498,-33.022198600177802],[-71.6325894996084,-33.022286299842897],[-71.632616299946605,-33.022349299746999],[-71.632608300448993,-33.022389800038098],[-71.632597500004294,-33.022434799921299],[-71.632565299892903,-33.022452799868098],[-71.632530299732807,-33.022469499790397],[-71.632541199890497,-33.0224999998117],[-71.632549200286405,-33.022529199802499],[-71.632536000441604,-33.022559799978502],[-71.632554600059606,-33.022589900020598],[-71.632533200392899,-33.022634899801602],[-71.632545800163101,-33.022672000030703],[-71.632462399673798,-33.022815499746301],[-71.632769200394407,-33.0229183003553],[-71.632728999887206,-33.023012699718798],[-71.632594000167899,-33.0230160996365],[-71.632489400336297,-33.0229351003643],[-71.632435799659902,-33.022910400094403],[-71.632404399947404,-33.022916000098299],[-71.632372499873398,-33.022939899720697],[-71.632350800169405,-33.022956500129098],[-71.632321300393798,-33.022981299807697],[-71.632290300431606,-33.023005099990797],[-71.632286399946693,-33.023037500134699],[-71.632304700425607,-33.023057400266097],[-71.632320499994904,-33.023094800088302],[-71.632307000112803,-33.023121799804997],[-71.632281099886498,-33.023141199797202],[-71.632246200337704,-33.023170199979504],[-71.632230799620501,-33.023202200117701],[-71.632235399893005,-33.023228600260502],[-71.632246200337704,-33.023264800175397],[-71.632282900110297,-33.023290499831297],[-71.632339200224095,-33.023306200109801],[-71.632384799606299,-33.023310699675797],[-71.632427699551002,-33.023299499717801],[-71.632478699604604,-33.023321999806697],[-71.632508200278494,-33.023348900032602],[-71.632534999718402,-33.023373200235298],[-71.632530500057101,-33.023413000341897],[-71.632511700114904,-33.023439999961198],[-71.6324920997737,-33.023486099718802],[-71.6324920997737,-33.023513100068897],[-71.632506300341703,-33.023547999861997],[-71.632344599997296,-33.023857200157401],[-71.632321300393798,-33.023876300219499],[-71.632281000173506,-33.023835799858098],[-71.632240799666206,-33.0238245999669],[-71.632199799658395,-33.023843700036103],[-71.632179099779293,-33.023869599870899],[-71.632170200169696,-33.0238976997557],[-71.632186299776293,-33.023931400324102],[-71.632218100137294,-33.023943900200898],[-71.632231900056695,-33.023965100126503],[-71.632231900056695,-33.0239808997053],[-71.632213199827405,-33.024025900282702],[-71.631932300231398,-33.024269900368601],[-71.631893999660903,-33.024293499857102],[-71.631859899612706,-33.0242743998854],[-71.631830399837099,-33.024251900039602],[-71.631798199725793,-33.024245100299296],[-71.631763399889905,-33.024251900039602],[-71.631707200387496,-33.024281299796698],[-71.6316794002244,-33.024302499641202],[-71.631701700003006,-33.024335099654898],[-71.631717000108907,-33.024358699879102],[-71.631724999606504,-33.024378900231902],[-71.631701700003006,-33.024436300239799],[-71.631685600396494,-33.024452000314199],[-71.631669499891601,-33.024483499874499],[-71.631677500287495,-33.024517200219002],[-71.631693599894007,-33.024542000211703],[-71.631695499830897,-33.024590300186603],[-71.631698200166596,-33.024619599657903],[-71.631698999667194,-33.0246453998449],[-71.631700899604098,-33.024835500029802],[-71.631664100118499,-33.024917500035301],[-71.631597100171305,-33.024912999798097],[-71.631564099661006,-33.0249367000402],[-71.631564099661006,-33.024981599957002],[-71.631580999666497,-33.025032199892898],[-71.631588199663497,-33.025062600361402],[-71.631578300228995,-33.025077199933499],[-71.6315721000569,-33.025096299731302],[-71.631650699949304,-33.0252143999423],[-71.631636500279697,-33.025249199642801],[-71.631647999613605,-33.025284100254801],[-71.631664100118499,-33.025317800293102],[-71.631673999552902,-33.025348199909999],[-71.631685600396494,-33.025380800290101],[-71.631682099661802,-33.025399900022002],[-71.631666799555902,-33.025576400058199],[-71.631637299780294,-33.025790100335598],[-71.631539899945594,-33.0259913999285],[-71.631433400177102,-33.025960999780402],[-71.631411999611998,-33.026001499918401],[-71.631518500278901,-33.0260295998768],[-71.631349500224502,-33.026459099798302],[-71.631272500231603,-33.0264355001365],[-71.631235000060101,-33.026448999860797],[-71.631226099552194,-33.026465900120897],[-71.631269799895804,-33.026500700080398],[-71.631311900339995,-33.026519800322802],[-71.631277099605796,-33.026616499755598],[-71.631090000295103,-33.026724400112698],[-71.630937199560194,-33.026778400326997],[-71.630780299812699,-33.026813200163097],[-71.630588499618099,-33.0268335001239],[-71.630410099592495,-33.026856000063802],[-71.630218300296207,-33.026897600158598],[-71.630070799621507,-33.026952699880901],[-71.629920600407701,-33.0270201001751],[-71.629724800015097,-33.0270763001866],[-71.629043600348595,-33.027128100208301],[-71.628686900010507,-33.027227099871403],[-71.628587600239001,-33.0272698001544],[-71.628515199620395,-33.027299000071302],[-71.628450800295994,-33.027328300148497],[-71.628259600175994,-33.027437299995597],[-71.628130799730499,-33.027507100226103],[-71.627984100353103,-33.027478899815897],[-71.627965300410807,-33.027449699958602],[-71.627919799843397,-33.027445199850703],[-71.6277882999605,-33.027445199850703],[-71.627756099849094,-33.027438499773403],[-71.627724000349104,-33.027402499652801],[-71.627646199957297,-33.027404700376003],[-71.627605899737006,-33.027413699842498],[-71.627544199850007,-33.027393500185198],[-71.627461100296301,-33.027373299770098],[-71.627410100242699,-33.027368799658298],[-71.627364499962297,-33.027339500347701],[-71.6273162999574,-33.0273328002624],[-71.6272492002972,-33.0273328002624],[-71.627211600412707,-33.027310299691003],[-71.627170600404796,-33.027288900230097],[-71.627128499960705,-33.027278799634601],[-71.627088300351801,-33.027278799634601],[-71.627014500157898,-33.027318200310702],[-71.626974400261901,-33.0274201001655],[-71.625751299985197,-33.027214100363302],[-71.625723100071795,-33.027350500205699],[-71.6236160997762,-33.029383599850298],[-71.621804300256102,-33.031081400359199],[-71.6213555998565,-33.031427800307299],[-71.620724299807407,-33.031857800351503],[-71.620622599737501,-33.031919199816699],[-71.620712600149204,-33.032004400004602],[-71.6211216004031,-33.031748500205303],[-71.621550800174504,-33.031428700288203],[-71.621904100389202,-33.031153399839503],[-71.622190500369797,-33.030896999752301],[-71.623246099880404,-33.029895200056501],[-71.624233599905907,-33.028955299627903],[-71.625857300290406,-33.027391499801197],[-71.625940799594304,-33.027375499740899],[-71.627925600265101,-33.027703800152402],[-71.626278600277104,-33.034259100069498],[-71.626632199630905,-33.034243599806899],[-71.627041899672406,-33.0340990003453],[-71.627454500374,-33.0348124001206],[-71.627796300356394,-33.035583100262897],[-71.628183399683707,-33.036331799959299],[-71.6280110004043,-33.036535400226398],[-71.628003999833297,-33.036540200348398],[-71.627993699750206,-33.036551900173798],[-71.627435700431704,-33.037123800297699],[-71.627275200236497,-33.037288699878303],[-71.626811199730994,-33.037830599797601],[-71.626145999958098,-33.035676500272103],[-71.625995799845896,-33.035714699787803],[-71.625303799734795,-33.036537700128001],[-71.625735600128905,-33.038709800075097],[-71.625405700129093,-33.039386600242501],[-71.624187999625406,-33.040348900208002],[-71.622758400020999,-33.041513599919902],[-71.6223747996318,-33.041823899864902],[-71.621889299746599,-33.042120699889203],[-71.621342199687405,-33.042392800339101],[-71.620859400138002,-33.042550199697402],[-71.620223000352993,-33.042673199801101],[-71.620109199976199,-33.0426952002056],[-71.618835099645807,-33.042881799801101],[-71.618695600265397,-33.042866099998101],[-71.618620500209303,-33.042870600071403],[-71.618580299702003,-33.042870600071403],[-71.618523999588206,-33.042868300335101],[-71.618443499758996,-33.042868300335101],[-71.618376499811802,-33.042877299728303],[-71.618312099589104,-33.042884100290003],[-71.618242299593206,-33.042888500210204],[-71.618194099588294,-33.042895300018003],[-71.618150300430003,-33.042901800121697],[-71.618075200373895,-33.042902300129597],[-71.617976000315394,-33.042902999688899],[-71.617898199923602,-33.042903599849097],[-71.617782900258604,-33.042904400313603],[-71.617667499982204,-33.042905200025103],[-71.617587099866,-33.0428986999217],[-71.617547600044603,-33.042888500210204],[-71.617523500042196,-33.042886299873601],[-71.617349199927602,-33.042888500210204],[-71.617263300325206,-33.042886299873601],[-71.6171908997065,-33.042886299873601],[-71.617080900101698,-33.042886299873601],[-71.616930699989595,-33.042888500210204],[-71.616869099815602,-33.042890799945901],[-71.616818099762,-33.042893000282398],[-71.6167107995945,-33.042895300018003],[-71.6166518000433,-33.042888500210204],[-71.616590100156301,-33.042879600217297],[-71.616541800438497,-33.042877299728303],[-71.616431899648305,-33.042886299873601],[-71.616346000045894,-33.042886299873601],[-71.616158299762205,-33.042895300018003],[-71.616093900437804,-33.042895300018003],[-71.616048300157303,-33.042899800089799],[-71.615986600270404,-33.042910999815803],[-71.615953599760104,-33.042917300367002],[-71.615902700317804,-33.042917600070503],[-71.6158088003194,-33.042923399860399],[-71.615610299591097,-33.042919700254103],[-71.615573500105498,-33.042899800089799],[-71.615519900327399,-33.042901999673099],[-71.615428699766497,-33.042908800232802],[-71.615385000321197,-33.042921200277704],[-71.615264299984702,-33.042922100141197],[-71.615214100329993,-33.042908800232802],[-71.615120300044694,-33.042895300018003],[-71.615018299937404,-33.042895300018003],[-71.614996900270697,-33.042899800089799],[-71.614824400380002,-33.042941400140599],[-71.614682199765397,-33.042932400001],[-71.614524000155697,-33.042932400001],[-71.614419400323996,-33.0429459002101],[-71.614363100210198,-33.042941400140599],[-71.614143199815203,-33.042943800027103],[-71.614041199707898,-33.042939099653204],[-71.613968799987603,-33.042939099653204],[-71.613893699931495,-33.042939099653204],[-71.613732700273005,-33.042939099653204],[-71.613685299768804,-33.042926799763002],[-71.613599400166393,-33.042922299692599],[-71.613445799930901,-33.042934900039903],[-71.613405600321897,-33.042935199743297],[-71.613298999942103,-33.042931299833199],[-71.613108600220997,-33.042926799763002],[-71.613032699765995,-33.042905400329502],[-71.612899399659298,-33.042872799655299],[-71.612695500056105,-33.042834600231302],[-71.612582100327899,-33.042793000130096],[-71.612504299936106,-33.042777300311201],[-71.612437999776603,-33.042771599910999],[-71.612308500441799,-33.042741299680003],[-71.612271700057903,-33.042724400282196],[-71.612167100226202,-33.042704200369499],[-71.612094699607596,-33.042690700123302],[-71.612038400392095,-33.042686200040798],[-71.611954300115201,-33.042692200150803],[-71.611890100216797,-33.042682800128901],[-71.611812299825004,-33.0426692998794],[-71.611771999604699,-33.042667100290402],[-71.611707699993303,-33.042653600038498],[-71.611574399886607,-33.042605200022201],[-71.611483200224001,-33.042575999905999],[-71.6113705002834,-33.042555799959302],[-71.6113221996672,-33.042535499855397],[-71.611174699890796,-33.042506299716202],[-71.611106900443005,-33.042493999765497],[-71.610973600336393,-33.042465799633398],[-71.610868599856104,-33.042463399733897],[-71.610813000428195,-33.042451599787803],[-71.610694400352799,-33.042426700164299],[-71.610635099865902,-33.042414199897102],[-71.610552400062602,-33.042384900317899],[-71.610453200004102,-33.042357899725602],[-71.610386200056894,-33.042339900079099],[-71.610286600248102,-33.042340699795801],[-71.610213100091599,-33.042322300287402],[-71.610117900231003,-33.042298500050002],[-71.610067599965006,-33.042285999764601],[-71.609929400446703,-33.042266899927398],[-71.609889100226496,-33.042248900262301],[-71.609828599590401,-33.042226200181702],[-71.609775699599894,-33.042213000321198],[-71.6097308997184,-33.042208400061199],[-71.609674599604602,-33.042199399846702],[-71.609594099775407,-33.042183699921999],[-71.609481399834806,-33.042158900375902],[-71.609376800003105,-33.042118500286499],[-71.609350199989194,-33.042106600141103],[-71.609261500338107,-33.042091500365601],[-71.609180999610501,-33.042075700268498],[-71.609140800001498,-33.042073499911702],[-71.609097900056796,-33.042066800193602],[-71.609057700447806,-33.0420689997976],[-71.609000999685406,-33.042065200002298],[-71.608958399778004,-33.042062300079202],[-71.608912800395899,-33.042041999861503],[-71.608813600337399,-33.041988100117599],[-71.608708999607401,-33.041952099916898],[-71.608518500173304,-33.041864400242702],[-71.608435399721301,-33.041828399991502],[-71.608397700123803,-33.0417858001395],[-71.608352999955201,-33.0417530996504],[-71.6083226997807,-33.041722699668497],[-71.608302099614605,-33.041701400096102],[-71.608245699787801,-33.041674400047299],[-71.608682699630805,-33.039786699980603],[-71.608372300259106,-33.039726500336997],[-71.607949100335503,-33.041549199684901],[-71.607685199559498,-33.041485499627797],[-71.607623499672599,-33.041474299720598],[-71.607514899642894,-33.041454000120403],[-71.607443700071798,-33.041449600128502],[-71.607389299894805,-33.0414224998487],[-71.607295600220795,-33.041387199741202],[-71.607258600410901,-33.0413675002915],[-71.607196199838,-33.041343900104103],[-71.607151399956507,-33.0413225002861],[-71.607103100238604,-33.041302300051903],[-71.607028000182495,-33.041284300189801],[-71.606977000128893,-33.041255000234699],[-71.606842899623302,-33.041206700357002],[-71.606742399702497,-33.041147100349797],[-71.606612499719205,-33.041108099696601],[-71.606585700279297,-33.041094599958797],[-71.6065669003371,-33.041088400184499],[-71.606545199734796,-33.041081899947002],[-71.606529400165499,-33.041077200226802],[-71.606502599827294,-33.041036799641297],[-71.606470399716002,-33.040998500019803],[-71.606415400362707,-33.040986199858601],[-71.606397799671299,-33.040863799832401],[-71.606369599757997,-33.040819999918298],[-71.6063454000425,-33.040770500205802],[-71.606306500295801,-33.04070760007],[-71.606265500287904,-33.040647999725103],[-71.606158200120404,-33.040470400308003],[-71.6061027004056,-33.0404063003567],[-71.606059699849496,-33.040345600361],[-71.606036799996303,-33.040249400202697],[-71.606072400231,-33.040202800153999],[-71.606075800354404,-33.040147699679999],[-71.606069699895301,-33.040099399948197],[-71.6060543997894,-33.040057800061298],[-71.606024900013793,-33.0400217998247],[-71.605920300182106,-33.039943100180899],[-71.605820200011706,-33.039811600350298],[-71.605755900400297,-33.039757599839],[-71.605718299617394,-33.039710400101299],[-71.605675399672705,-33.039633899844098],[-71.605560100007693,-33.039467500052503],[-71.605500999845106,-33.039386600242501],[-71.605452799840194,-33.039323599715402],[-71.605424099565198,-33.0392753002848],[-71.605359700240797,-33.039203299910497],[-71.605303400126999,-33.039140400161799],[-71.605167800333206,-33.038931200151403],[-71.605107599734396,-33.038870600049101],[-71.605062000352305,-33.038830099800897],[-71.605026300404603,-33.038779500256801],[-71.604986900296197,-33.038719900113499],[-71.604951999849106,-33.0386816996417],[-71.604935900242594,-33.0386524997311],[-71.604881500065602,-33.038568099697898],[-71.604863499624003,-33.038524300148502],[-71.604765400001696,-33.0384305996742],[-71.604667799842701,-33.038363099666199],[-71.604517500017593,-33.038245499789703],[-71.604442399961499,-33.038196000136701],[-71.604320900124407,-33.038147700087897],[-71.604224299790303,-33.038098199626802],[-71.604171500411098,-33.038043100095699],[-71.604134199665594,-33.037993699733697],[-71.603916699568998,-33.037824999988302],[-71.603830799966602,-33.0377666003427],[-71.603731599908102,-33.0377057998762],[-71.603668699871903,-33.037671399702703],[-71.603619899792406,-33.037637699869897],[-71.603582099583505,-33.037611499841198],[-71.603503600302503,-33.037530499674702],[-71.603460700357701,-33.037492200034897],[-71.603444599852907,-33.0374539997838],[-71.603467900354701,-33.037448399950598],[-71.603508199676696,-33.037459600369701],[-71.603533100078096,-33.0374832000916],[-71.603575199623904,-33.037493399675903],[-71.603626199677507,-33.037468600315499],[-71.603664500247902,-33.037433800168699],[-71.603688699963399,-33.0373775999849],[-71.603659200187806,-33.0373326002006],[-71.603651100078807,-33.037298900238099],[-71.603659200187806,-33.037253899660499],[-71.603637699909797,-33.0372157000591],[-71.603597500300793,-33.037199899840601],[-71.603535800413795,-33.037161700215798],[-71.603498199631005,-33.037139199894902],[-71.603469699680304,-33.037114399681599],[-71.603458000022002,-33.037085200004697],[-71.603409700304098,-33.037062799822998],[-71.603363299624704,-33.037050399706501],[-71.603310500245598,-33.037011000369397],[-71.603272900361105,-33.036990799899598],[-71.603243399687102,-33.036986300278997],[-71.603218500184099,-33.037016699636197],[-71.603222000020494,-33.037042499959298],[-71.603239899850806,-33.037086399651201],[-71.603238099627006,-33.037130199915502],[-71.603210400075199,-33.0371695999523],[-71.603176399739993,-33.037172899918303],[-71.603162999570898,-33.037157199850903],[-71.603157599797697,-33.037114499840399],[-71.603122199887295,-33.037073900132299],[-71.603095899910699,-33.0370244999799],[-71.603061000362004,-33.036990799899598],[-71.603028899963604,-33.036988600168797],[-71.603004299599604,-33.037004599989999],[-71.602999299576695,-33.037038000341397],[-71.603018100417302,-33.037062799822998],[-71.603026199627905,-33.0370987003569],[-71.602999299576695,-33.037119000207603],[-71.602964499740906,-33.037101000243702],[-71.602932299629501,-33.037053799835803],[-71.602918099959794,-33.0370256996272],[-71.602824199961503,-33.036991900141601],[-71.602774000306795,-33.037004300266297],[-71.602731100362107,-33.037015499988797],[-71.602598899793307,-33.0370032000245],[-71.602570200416594,-33.0370133002586],[-71.602516500027207,-33.037044799847699],[-71.602484399628906,-33.037051499947701],[-71.602430700137802,-33.037058300205999],[-71.602390499630502,-33.037042499959298],[-71.602366299915104,-33.037033499970001],[-71.602331500079302,-33.037017799877802],[-71.602302199729706,-33.036990900058598],[-71.602254400373397,-33.036980100215601],[-71.602191699763196,-33.036954400033203],[-71.602128099939407,-33.036982199787701],[-71.602099399664397,-33.036949499774799],[-71.602057900193202,-33.036911699924403],[-71.602016099786397,-33.036882400021199],[-71.601795900252398,-33.0367474999995],[-71.600796399632998,-33.036233900232602],[-71.600039100085496,-33.0357870998889],[-71.599283200113305,-33.035346700039],[-71.598434499680593,-33.034870099842003],[-71.597290699982196,-33.034015900319197],[-71.597304799938897,-33.033971200057998],[-71.597305199689202,-33.033931199875802],[-71.597277400424403,-33.033908200177002],[-71.597224999897307,-33.033913099851397],[-71.597183999889396,-33.033898199749402],[-71.597138800257596,-33.033847599632097],[-71.597109799945201,-33.033804099729799],[-71.597095199626906,-33.033766199873497],[-71.597068899650296,-33.033749899729699],[-71.5970289003657,-33.033764500121997],[-71.596998200440893,-33.033797000238799],[-71.596995500105095,-33.033853799915903],[-71.5969971000046,-33.0338984000743],[-71.5969980001165,-33.033938999739497],[-71.596948500249496,-33.033957099758602],[-71.596910900364904,-33.033939899694801],[-71.596897100445503,-33.033888399645598],[-71.596876299955099,-33.03383640026],[-71.596842100193896,-33.033804099729799],[-71.596798099813,-33.033807299659301],[-71.596749400344805,-33.033844200132201],[-71.596700799691305,-33.0338658999949],[-71.596636800117196,-33.033868099803698],[-71.596582600264497,-33.033861000317899],[-71.596561799774193,-33.033868599862899],[-71.596523299777701,-33.033882800338901],[-71.596466899950897,-33.033883299644998],[-71.5964249998311,-33.033865399935699],[-71.596382099886398,-33.033837599950701],[-71.596380899737198,-33.0337887003028],[-71.596348699625807,-33.033744700311502],[-71.5963026995951,-33.033717499758097],[-71.596246400379599,-33.033708100284798],[-71.596163399640602,-33.033695699696203],[-71.596057199909396,-33.033686999853103],[-71.595919499854404,-33.033650899862899],[-71.595871100423494,-33.033723400316298],[-71.595393099674297,-33.033568700126402],[-71.595413900164701,-33.033495899810099],[-71.594590499883694,-33.033286199890298],[-71.594420199967104,-33.033209700079702],[-71.594181499629798,-33.033069200348102],[-71.593852900390502,-33.0328555998097],[-71.5934787996853,-33.032632899657202],[-71.592871299601399,-33.032285499791101],[-71.592544000224294,-33.032104499764799],[-71.592179199777306,-33.031882999690701],[-71.591901599693202,-33.031684000026502],[-71.591617299973805,-33.031516499972199],[-71.591371900001107,-33.031393900015303],[-71.591070100201605,-33.031247800173702],[-71.590821900180202,-33.031125500339698],[-71.590807999649499,-33.031117300317703],[-71.590782200034596,-33.031102399742998],[-71.590473399664106,-33.030948700375099],[-71.590105100279004,-33.030778300134799],[-71.590075199854795,-33.030764399656498],[-71.590042200242806,-33.030748699953399],[-71.589672699810293,-33.030582100370303],[-71.589333399839305,-33.030447199740202],[-71.588990099670298,-33.030260600166798],[-71.588569000007794,-33.030031200354102],[-71.588029900344594,-33.029708499900202],[-71.587432100269098,-33.0293599000508],[-71.587259900415603,-33.029057099681403],[-71.587154599898,-33.028796200234403],[-71.587067299822095,-33.028529200278598],[-71.586354500118901,-33.028803899631299],[-71.585693400256901,-33.029009999651201],[-71.585459399905105,-33.029141200037103],[-71.585313800065606,-33.0293105000924],[-71.584481500175102,-33.030749300196398],[-71.584341200395698,-33.030777699892099],[-71.584010599709899,-33.030649799893503],[-71.583476500069494,-33.031258999874801],[-71.583241199855493,-33.031558500033697],[-71.582881200005403,-33.031817900127798],[-71.582574299571803,-33.032212300016603],[-71.582443399763505,-33.032313099937198],[-71.582127500007303,-33.032684600014697],[-71.581953299605701,-33.032809400270402],[-71.582660999573093,-33.034304499812301],[-71.582251599568906,-33.034375000255501],[-71.582084099701007,-33.034448799957403],[-71.581988299765896,-33.034590600343698],[-71.5817891001482,-33.034926300119103],[-71.581625799904302,-33.035170999771402],[-71.581447099841498,-33.035262199690401],[-71.581459100435296,-33.035631300051001],[-71.581523199722398,-33.035900399925701],[-71.581638299961497,-33.036035600218298],[-71.581703099934501,-33.0361016003638],[-71.581795900394894,-33.036335099956702],[-71.581707499882796,-33.0364386002217],[-71.581753700237797,-33.036960499939397],[-71.581796799608497,-33.037267799868197],[-71.581872199701905,-33.037527299880502],[-71.581958599665896,-33.037630499776597],[-71.582138000414702,-33.0376385997873],[-71.582115200274501,-33.037790599861303],[-71.582027500448206,-33.037868199690998],[-71.581123600338003,-33.0386206000885],[-71.579645199755802,-33.039887099650002],[-71.579001699686799,-33.040378900043699],[-71.578375999735201,-33.040753199811398],[-71.577659499871302,-33.041158200144501],[-71.577300700170497,-33.041490899649801],[-71.576106499594701,-33.042906300193202],[-71.575863899670793,-33.043237999861098],[-71.575580599776202,-33.043331600341403],[-71.574078599553204,-33.043511400334999],[-71.574112899925694,-33.043669699809499],[-71.574318899790001,-33.043979099836498],[-71.574584500178503,-33.044231299953097],[-71.574914499891406,-33.044544600105198],[-71.575120000292401,-33.044656900178197],[-71.574327500260495,-33.045396500281697],[-71.574181600383696,-33.045756199903501],[-71.574061400408794,-33.046461299910597],[-71.573838300214703,-33.046943300337901],[-71.573237499766094,-33.047554800219103],[-71.572447799783006,-33.048360600371197],[-71.571409299703902,-33.048907400292599],[-71.570405099997203,-33.049173599830297],[-71.567449599593303,-33.050071800099602],[-71.566611299854998,-33.0508427002991],[-71.564869000293498,-33.0508427002991],[-71.563933400433498,-33.050856999688001],[-71.562800499994395,-33.051195199774902],[-71.5609979998341,-33.051468500252497],[-71.560431499757996,-33.051036900273601],[-71.559041099937701,-33.050526099744403],[-71.558229499926298,-33.050215200228998],[-71.557731700308196,-33.0506252003672],[-71.557482799600905,-33.051020899989403],[-71.557276799736499,-33.051546100079499],[-71.557216699749105,-33.051941800081103],[-71.557268200164302,-33.052330200024301],[-71.558092199621598,-33.055322899726903],[-71.558701599642404,-33.057437900308798],[-71.558778799959597,-33.058027799796001],[-71.558796000002303,-33.058445000344697],[-71.5586070995694,-33.058862199669001],[-71.557251000121596,-33.060811699855499],[-71.556391400429604,-33.061988399820997],[-71.555963600233397,-33.062574000121899],[-71.555706099953795,-33.063106299943598],[-71.555568699936202,-33.063653000008102],[-71.555534399563697,-33.064077399682702],[-71.555585899978894,-33.064480199853797],[-71.555851999830693,-33.065113200090998],[-71.556470000321994,-33.0663072997841],[-71.556693099617704,-33.066925799640103],[-71.556748900268303,-33.067341399687301],[-71.556770399647903,-33.067501299713001],[-71.556667399715806,-33.068155800252697],[-71.556349800347107,-33.068695300003398],[-71.555877699732704,-33.069263499908402],[-71.554899299640994,-33.070162600307803],[-71.552753500210002,-33.0722269003642],[-71.5501528002073,-33.074808900264998],[-71.548101499951002,-33.076757999789599],[-71.547526400302701,-33.077412499972297],[-71.547165900091002,-33.0780238002502],[-71.547063099584804,-33.078473300063202],[-71.546853899921501,-33.079295900014799],[-71.546639299586602,-33.080266800012502],[-71.546397899811893,-33.081696199720703],[-71.546113600092497,-33.083139000245197],[-71.546011699698198,-33.083637899879697],[-71.545786400428298,-33.084195200195701],[-71.545526599563303,-33.084596999799899],[-71.545166100249901,-33.0849782001645],[-71.544393600309604,-33.085668599692298],[-71.543767000246007,-33.0861790999314],[-71.543423700077099,-33.0865458997472],[-71.5430890003786,-33.086934199665897],[-71.542771400111604,-33.0874160002965],[-71.542402300327694,-33.087962599739797],[-71.542153399620304,-33.0883365000049],[-71.541981700128503,-33.088652899821099],[-71.541853000294395,-33.088954899933803],[-71.541758599934397,-33.089177900181298],[-71.541672800045006,-33.089522999842401],[-71.541647000430004,-33.089825100075998],[-71.541621299629796,-33.090213399813898],[-71.541715699989695,-33.090752700320898],[-71.541827199781096,-33.091651599900104],[-71.541973200269297,-33.092758999936699],[-71.542067599730899,-33.093219200073598],[-71.542222100078305,-33.093614699904101],[-71.542410899899906,-33.094003000214798],[-71.5426597997089,-33.094283400088599],[-71.542917299988503,-33.094542300053597],[-71.544642500118599,-33.095642399845403],[-71.543110900406901,-33.097671700359598],[-71.541866299852103,-33.098858099800601],[-71.5411367995695,-33.1000086000872],[-71.540879300188195,-33.101087100190398],[-71.540879300188195,-33.102453200085101],[-71.540750499742799,-33.103315999652303],[-71.539720600134203,-33.104142800183503],[-71.538862300304402,-33.1042507003475],[-71.537317300423695,-33.103531700289899],[-71.536630700085695,-33.102525099808197],[-71.535472000031604,-33.101985900117498],[-71.532382099983195,-33.1029925000026],[-71.530150499764403,-33.103423900078901],[-71.526717199833996,-33.102848699757402],[-71.524313999836394,-33.101842099730298],[-71.5237990001756,-33.1001163999723],[-71.522597400176906,-33.098678400076302],[-71.519335799738201,-33.097599799676303],[-71.517147100362493,-33.097420099637198],[-71.514529300030205,-33.098534600297803],[-71.512469299590293,-33.098678400076302],[-71.510424799580605,-33.098107400294801],[-71.509894400100904,-33.097959300246998],[-71.508006100051205,-33.096952699910702],[-71.507296200109707,-33.096093599967801],[-71.506461199883404,-33.095083200326997],[-71.504916200002697,-33.094939299841997],[-71.503542899613805,-33.096233600262202],[-71.500968000124402,-33.098822200371998],[-71.499251399566504,-33.100691600115901],[-71.496333199908193,-33.102273500186101],[-71.493758199807502,-33.102704900029401]]]]}}
]
}
