{"type": "FeatureCollection", "features": [{"type": "Feature", "geometry": {"type": "Polygon", "coordinates": [[[-71.4463183151802, -33.1614720926372], [-71.4452049216575, -33.1625607960387], [-71.4450126336777, -33.1631242192713], [-71.4436143987514, -33.1629418130166], [-71.4414100210791, -33.1629326078312], [-71.4402945084307, -33.1624473072197], [-71.4391954726811, -33.1625562945701], [-71.4385956918205, -33.1626729822495], [-71.4379485365066, -33.1625807270293], [-71.4364960747782, -33.1626922431841], [-71.4354042812465, -33.1630633911594], [-71.4340954709119, -33.163106484229], [-71.4334821506432, -33.1627337203925], [-71.4304576030317, -33.1623905755391], [-71.4299191914779, -33.1624710448611], [-71.4289061586371, -33.162683197396], [-71.428262333378, -33.1634652759806], [-71.4275049422024, -33.1638997877226], [-71.4262100809074, -33.164449707261], [-71.4250372728118, -33.1652792446093], [-71.4246138249532, -33.1657596973741], [-71.4240859757906, -33.1662246945649], [-71.4235373369173, -33.1666900945979], [-71.4229012290849, -33.1669997926845], [-71.4222409646561, -33.1671875354268], [-71.4217407144339, -33.1671448053039], [-71.4212748220765, -33.1668390668134], [-71.4201370132426, -33.1670535782078], [-71.4186289332217, -33.1674151871838], [-71.417608612349, -33.1673650556475], [-71.4171831926883, -33.1677755674782], [-71.4169601850207, -33.1687417968723], [-71.4162935039259, -33.1694543023031], [-71.4152058507293, -33.1699825996791], [-71.4138890705415, -33.1704978410958], [-71.4139686828352, -33.1711259022874], [-71.4136234072709, -33.1718059279537], [-71.4128537109725, -33.1725553951208], [-71.412196253779, -33.1728479650042], [-71.4114228941509, -33.1727055529096], [-71.4112145667517, -33.1726921019474], [-71.4108074835026, -33.1730147906288], [-71.4106435966588, -33.1731054114978], [-71.4092875034992, -33.1721872649205], [-71.4088080142415, -33.1721440793171], [-71.4082265131985, -33.1721728228522], [-71.4074830324351, -33.1723620989496], [-71.4069189694884, -33.1722680778992], [-71.4064834392892, -33.1723114777375], [-71.4061943605325, -33.1723870249401], [-71.4054996106783, -33.1728376826181], [-71.4047943478403, -33.1729037823616], [-71.4041693584561, -33.172863389709], [-71.403982292383, -33.1728670048973], [-71.4036559344403, -33.1731006677039], [-71.4032261256111, -33.1733538155557], [-71.4027279657686, -33.1741504444586], [-71.4022178718076, -33.1745100744898], [-71.4017440949369, -33.174676621757], [-71.4012433290817, -33.1746163294918], [-71.4007609679101, -33.1744682344234], [-71.4003873019896, -33.174492932742], [-71.4000547312984, -33.1744993464238], [-71.399216633681, -33.174270661158], [-71.3990092540044, -33.1742921489245], [-71.3984093294133, -33.174408647295], [-71.3979029374095, -33.1745233417101], [-71.3963235410366, -33.1738017335916], [-71.3954586349962, -33.1741157014078], [-71.3945975297277, -33.1745695028991], [-71.3934897012682, -33.1743634582256], [-71.3924632458004, -33.1748554035271], [-71.3914997263014, -33.1761331440212], [-71.3916410708214, -33.1767425483401], [-71.3913232154329, -33.1772908189063], [-71.3912664976025, -33.177499592757], [-71.3913766050052, -33.17772483581], [-71.3910644449355, -33.1784828679595], [-71.3903199203297, -33.1786370861709], [-71.3899618994682, -33.179238593623], [-71.3897569820738, -33.1801169867642], [-71.3898548481341, -33.1806572711808], [-71.3898638708128, -33.1809893909542], [-71.38960313031, -33.1813441819072], [-71.3892544914533, -33.1815257687107], [-71.3889261635052, -33.1816894757438], [-71.3885897659908, -33.181556021112], [-71.3879944308925, -33.1810777518146], [-71.3876547167981, -33.1808219331733], [-71.3873046514167, -33.1809510748558], [-71.3868898525377, -33.1809940110191], [-71.3863668488877, -33.1808816189433], [-71.386096612294, -33.1808868013919], [-71.3854125245439, -33.1809698739028], [-71.3852334921044, -33.1812706227696], [-71.3850752493755, -33.181570971379], [-71.3847379706139, -33.1821720684907], [-71.3845405146262, -33.1825606147392], [-71.3842112254807, -33.1826893486245], [-71.3837184752929, -33.1829261489204], [-71.3833499764819, -33.1831430779003], [-71.383357552873, -33.1834227600674], [-71.383280555575, -33.1836515936162], [-71.3829593117412, -33.1840774879834], [-71.3825771181137, -33.1845570152254], [-71.3823535948131, -33.1847514888965], [-71.3822624328798, -33.1852254430782], [-71.3824840463621, -33.185728385638], [-71.3837210480679, -33.1868589760362], [-71.3841066175642, -33.1872713279008], [-71.3843272985953, -33.1877393060558], [-71.3848428237705, -33.1883415471526], [-71.3853110876803, -33.1887348202638], [-71.3856097245117, -33.1890089207111], [-71.38568015243, -33.1893048862849], [-71.3857056825504, -33.189479286221], [-71.3857538996232, -33.1897232114482], [-71.3868922690058, -33.1910480393313], [-71.3875800955441, -33.1914829991926], [-71.3878074537526, -33.1921956895855], [-71.3881137029077, -33.1927494639176], [-71.3890200248759, -33.1931867795412], [-71.3907900473455, -33.1932577103766], [-71.3922923071816, -33.1941907308734], [-71.3924790813022, -33.1949391706643], [-71.3932783034274, -33.1960256098875], [-71.3931314827773, -33.196745487962], [-71.3934879297905, -33.1976130848161], [-71.3942313297055, -33.1981759173811], [-71.3946908000071, -33.1990065494072], [-71.3948431641607, -33.200017981619], [-71.3951721847099, -33.2006412542759], [-71.3957900944714, -33.2011780746986], [-71.3966062264834, -33.2013547330507], [-71.3972438102479, -33.2018496289029], [-71.3978361827024, -33.2022120398721], [-71.3986848481008, -33.2020557637756], [-71.3996644663081, -33.2021243136852], [-71.4003921942146, -33.2021102726765], [-71.4010334089695, -33.2019754721134], [-71.4017833585013, -33.2020134610629], [-71.4027104046032, -33.2016807550277], [-71.4045116605968, -33.2013661238048], [-71.4052465543644, -33.2016142515529], [-71.4058997158142, -33.2019164215887], [-71.4060827969607, -33.2025249956194], [-71.4062239375632, -33.2031212631427], [-71.4065327334421, -33.2037623825869], [-71.4071539058847, -33.2044149448181], [-71.4075709891795, -33.2052113656932], [-71.4076960193957, -33.2059784613709], [-71.407297393785, -33.2066157822415], [-71.4071521119491, -33.2073881096284], [-71.4068182503788, -33.208111618502], [-71.4069002575811, -33.2088270815049], [-71.4073175672514, -33.2088714718819], [-71.4077590227382, -33.2090378162788], [-71.4083653918432, -33.2091484976608], [-71.4086820893033, -33.209317254913], [-71.409208163395, -33.209534422923], [-71.4096945678836, -33.2098223116447], [-71.4103246147829, -33.2100374596255], [-71.4112926447229, -33.2104384307783], [-71.4119788471072, -33.2104251239021], [-71.4126109825895, -33.2099581500997], [-71.4131429846637, -33.2096330270419], [-71.4135043104272, -33.2091538144764], [-71.4136727310682, -33.2084684769931], [-71.4143406698045, -33.2077909321111], [-71.4154626853573, -33.2069821442795], [-71.4159143681636, -33.2067635035262], [-71.4172558205807, -33.2063701715752], [-71.4182103021297, -33.2051448814362], [-71.418930347644, -33.2048510566896], [-71.4196377754218, -33.2048547848067], [-71.4206188749509, -33.204975606531], [-71.4215721590456, -33.2052193841182], [-71.4225083068779, -33.2052186437594], [-71.4237891849971, -33.2056484011081], [-71.4246283947288, -33.2055271112947], [-71.4253131041131, -33.2054612939745], [-71.4260490453163, -33.2057442533818], [-71.4267676202885, -33.2053979457154], [-71.4275292209696, -33.2051032611968], [-71.4286131003436, -33.2048022799755], [-71.4293147250047, -33.2045962011777], [-71.4304350939456, -33.2044868677425], [-71.4313651844379, -33.2046435792077], [-71.4322906845392, -33.205010239631], [-71.4329720090715, -33.2055740453591], [-71.434406230508, -33.2062805156258], [-71.4350902230367, -33.2065644352125], [-71.4358668183964, -33.2068115613507], [-71.4363972987246, -33.2071859250302], [-71.4372962365412, -33.2073432006363], [-71.4382287327218, -33.2068352373677], [-71.4409524956302, -33.206029789953], [-71.4413758276062, -33.2059165483427], [-71.441783422895, -33.2056112382741], [-71.4430821667085, -33.2051834906114], [-71.4436323812268, -33.2047704391255], [-71.4442340844822, -33.2043388840515], [-71.4447451342507, -33.2040140422824], [-71.4459862071214, -33.2030102682171], [-71.4468961744531, -33.2028174827125], [-71.4478832926946, -33.2027805719842], [-71.4491216840941, -33.2031759239652], [-71.4495665882133, -33.2034644717492], [-71.4504698909439, -33.2037789653966], [-71.4516603850708, -33.2039478810747], [-71.4528653348873, -33.2038891468195], [-71.4539426035591, -33.2037279887685], [-71.4551093812642, -33.2037924070761], [-71.4559337265729, -33.20351380167], [-71.4575004297509, -33.2037451871827], [-71.4585512574107, -33.2041266602353], [-71.4593516132097, -33.2044781013688], [-71.4602635182075, -33.2043551345267], [-71.4609897638939, -33.2042882993546], [-71.4622406948765, -33.2043859630679], [-71.4626078668758, -33.2048683781516], [-71.4630904876605, -33.2050162196401], [-71.4635703883465, -33.2043246547361], [-71.4642085614058, -33.2040846599321], [-71.4650454355178, -33.2042538937164], [-71.4655326700498, -33.203824508351], [-71.465851604315, -33.2033285014496], [-71.4664051291251, -33.2030377080327], [-71.466706890297, -33.2019299364654], [-71.4667070816382, -33.2011954074107], [-71.4672596102166, -33.2008696512211], [-71.4677639855026, -33.2010520213779], [-71.4683669203482, -33.201040057811], [-71.4686388529611, -33.2003526017243], [-71.4693270810464, -33.1996743716343], [-71.4708858790499, -33.1996259272859], [-71.4717194653279, -33.19967931995], [-71.4723988701604, -33.2009075136181], [-71.4725902688081, -33.2017956309704], [-71.4730401558822, -33.2022588810048], [-71.4735633751279, -33.2023708968827], [-71.4743637686561, -33.2027222390812], [-71.4748903152616, -33.2036911272811], [-71.4758580406728, -33.2040741053589], [-71.4765055328548, -33.2041661477779], [-71.4770876941595, -33.204154553693], [-71.4777183860491, -33.2040195706217], [-71.4788585520623, -33.203139910108], [-71.4794273958429, -33.2026563790628], [-71.4800976405545, -33.2028179021354], [-71.4804807594467, -33.2031250574787], [-71.4811470282149, -33.2035140068699], [-71.4819905229105, -33.2039169035536], [-71.4824795837174, -33.2042918922002], [-71.4832132090639, -33.2044871112737], [-71.4841874427693, -33.204362724595], [-71.4847100682286, -33.2044528447671], [-71.4851382142761, -33.2056160246538], [-71.4848678860543, -33.206355948603], [-71.4852208179598, -33.2070659286261], [-71.4855633770186, -33.2074088541928], [-71.4866207857362, -33.2080173058617], [-71.4876158441865, -33.2078924754877], [-71.4885138684165, -33.2080144189302], [-71.4892252568664, -33.2081575801029], [-71.49015744223, -33.2080164986333], [-71.4908886340403, -33.2081242763403], [-71.4915495245949, -33.2079536407698], [-71.4927599020323, -33.2073522651142], [-71.493868249718, -33.2060883596691], [-71.4951478558228, -33.2049958939212], [-71.4957374066691, -33.2045118747901], [-71.4961749607726, -33.2038035524765], [-71.4973797839266, -33.2030098713447], [-71.4979792072578, -33.2025081547541], [-71.4985113225197, -33.2022001614013], [-71.4988370175058, -33.2019487791164], [-71.499741863542, -33.2015808280411], [-71.5002942573731, -33.2012549304688], [-71.4999484167685, -33.2000661047841], [-71.5007461979959, -33.1992259213791], [-71.5013505018741, -33.1985317181546], [-71.5016687165888, -33.198018150986], [-71.502280964269, -33.1976036006335], [-71.5024418076206, -33.1974079911127], [-71.5038930889627, -33.1972388771466], [-71.5046462409885, -33.1959295650589], [-71.5045155361146, -33.1949921895739], [-71.5055948062329, -33.1934489548257], [-71.5061506154588, -33.1932453849115], [-71.5073247602475, -33.1921133899897], [-71.5079151564085, -33.1916642778127], [-71.5083954352852, -33.1910009621643], [-71.508651716551, -33.1905061147545], [-71.5088978378708, -33.1896551449896], [-71.5099087830269, -33.1886379081601], [-71.5107032090468, -33.1880513159146], [-71.511492621569, -33.1880178947439], [-71.5121458270363, -33.1875849813244], [-71.5123144390185, -33.1869345024278], [-71.512950342035, -33.1866243545413], [-71.5135807455655, -33.1861219418798], [-71.5138147010014, -33.1855750730485], [-71.5146574527903, -33.1852257603399], [-71.5155562675377, -33.1853824739486], [-71.516050141518, -33.1851976029833], [-71.5167726636875, -33.1850081027532], [-71.5172853196437, -33.184752892524], [-71.5185643256739, -33.183660212463], [-71.5190962540863, -33.183352139288], [-71.5200218619853, -33.1822665969269], [-71.5211610641061, -33.1821036104751], [-71.5219671915809, -33.1819298762643], [-71.5225609474409, -33.181603047719], [-71.5232017884966, -33.1814676329159], [-71.5239200005495, -33.1811295303081], [-71.5249321772958, -33.1801646178779], [-71.5251948581596, -33.1798969594338], [-71.5255997333498, -33.1787869718924], [-71.5255513536818, -33.1778260892447], [-71.5253397141941, -33.1769734512044], [-71.5258838318466, -33.1763678003774], [-71.5261379679354, -33.1758030103695], [-71.5269480417092, -33.1757690724919], [-71.5276369264629, -33.175860011568], [-71.5287176913778, -33.1758380527538], [-71.5295971501258, -33.1760475255579], [-71.5303556031101, -33.1756648459749], [-71.5308809037523, -33.1751295120589], [-71.5315396158922, -33.1741717360087], [-71.5322965354523, -33.173736612], [-71.5330645159685, -33.1736860058679], [-71.5340475217227, -33.1731588255916], [-71.5362520548035, -33.1731663755047], [-71.5367216293554, -33.1728638746916], [-71.5374810300623, -33.172516110629], [-71.5384588408591, -33.1725311443969], [-71.5390940377999, -33.1722033927836], [-71.5400085874379, -33.1714677046049], [-71.540222063082, -33.1709386958329], [-71.540391862637, -33.1696170445912], [-71.5409895028123, -33.1694299582325], [-71.541061752514, -33.1683310872917], [-71.5404034859384, -33.1671378301216], [-71.540326928815, -33.1659261364407], [-71.5398799280279, -33.1655680029607], [-71.5394299053082, -33.1651050017954], [-71.5404496997682, -33.1651366525271], [-71.54107414657, -33.1651588802223], [-71.5423686413523, -33.1653423022955], [-71.5429548468724, -33.1651204639576], [-71.5429637168375, -33.1639879101375], [-71.5431325713649, -33.16335487827], [-71.5437849297208, -33.162904336528], [-71.5454432781258, -33.1634475440152], [-71.5463051739117, -33.1634124244861], [-71.5466600147371, -33.1627406071894], [-71.5472794327699, -33.1618710007949], [-71.5474374401402, -33.1608643719447], [-71.5483421145982, -33.1612305944662], [-71.549068287521, -33.1597401437006], [-71.5497019097151, -33.1590035831076], [-71.5498696943489, -33.1583355877186], [-71.5509791271996, -33.1578756467657], [-71.5507557853587, -33.156625434428], [-71.5501167229672, -33.1560963932529], [-71.5552205587461, -33.1535739544385], [-71.5560354582696, -33.1529975964683], [-71.5570043901182, -33.1519983483075], [-71.5570169710238, -33.1495672130173], [-71.5570777537308, -33.148796478025], [-71.5582893223343, -33.1468478682279], [-71.557916642764, -33.14618441269], [-71.5570749294276, -33.1458344495946], [-71.556441998038, -33.1455151718964], [-71.5558521462561, -33.1452474700881], [-71.5550445248831, -33.1446388411954], [-71.5550227272627, -33.1438872881068], [-71.5556774194417, -33.1435240823003], [-71.5574610756423, -33.1426655002273], [-71.5588252096221, -33.142036307004], [-71.5594621412097, -33.1417783774043], [-71.559424612292, -33.1412020329521], [-71.5611074092458, -33.1411674235215], [-71.5621522406511, -33.1402824398272], [-71.5614919546627, -33.1397364005231], [-71.5610605189846, -33.1391965807701], [-71.5600496618634, -33.1394622091777], [-71.5592957121336, -33.1399848720329], [-71.5582873774817, -33.1403378754929], [-71.5566040855562, -33.1403549659994], [-71.5557218959298, -33.1400408028292], [-71.5549734861104, -33.1400386748765], [-71.5539894562768, -33.1397965415111], [-71.5532172339159, -33.1396899622407], [-71.5523548260903, -33.1393403914652], [-71.5512096977835, -33.1385593960697], [-71.5504707714786, -33.1378072335236], [-71.5498916473778, -33.1371895151394], [-71.5493895654908, -33.1363603545161], [-71.5481695446388, -33.1351436530113], [-71.5471075419369, -33.1350779415435], [-71.546435771886, -33.1341298208761], [-71.5458830286102, -33.1337039133], [-71.5451848759377, -33.1332809773033], [-71.5445333233705, -33.1330319670077], [-71.5434663970025, -33.1320744149636], [-71.5442651681734, -33.1309432083083], [-71.5444349731183, -33.130345130177], [-71.5441259912881, -33.129721862361], [-71.5435722796284, -33.1292609845058], [-71.5435165544364, -33.1273296485859], [-71.5433246590204, -33.1264416575649], [-71.5426697377709, -33.1253532604891], [-71.542078048036, -33.1250155712041], [-71.5414093205789, -33.1248893143009], [-71.5408079470052, -33.1249365623888], [-71.5402700196434, -33.1243004643558], [-71.5397461976282, -33.1241537521153], [-71.5390856663998, -33.1235901041746], [-71.5379088069023, -33.1235004184543], [-71.5360906266487, -33.1231527137022], [-71.5350852214029, -33.1221588510368], [-71.5346344557765, -33.1216608591866], [-71.5340109980199, -33.1209390305538], [-71.5329396285844, -33.1205411024421], [-71.5319200434319, -33.1197748531944], [-71.5315299176804, -33.1199401802376], [-71.5309230509088, -33.1197951189271], [-71.5304322824044, -33.1193503897476], [-71.5296482274346, -33.1188241732065], [-71.5287581020909, -33.1189471833108], [-71.5269307922591, -33.1190017627072], [-71.5263807412342, -33.118663150661], [-71.5255330262534, -33.1180901071128], [-71.5249226776117, -33.1178226654975], [-71.5240560836369, -33.1173155745175], [-71.5232533131664, -33.1168596499937], [-71.522699288893, -33.1163811941357], [-71.5214723573015, -33.1163535744545], [-71.5193413261738, -33.1159594861255], [-71.5180708613254, -33.1158627599331], [-71.5175180551675, -33.1161537537892], [-71.5170195728299, -33.116163828387], [-71.5166872500737, -33.1161705442833], [-71.5160774386245, -33.1159205366856], [-71.515702661488, -33.1151673517765], [-71.5149780444472, -33.1145349089229], [-71.5140176519837, -33.1143794110025], [-71.5133950593047, -33.1144094653577], [-71.5125285632462, -33.1139022892125], [-71.5114538844173, -33.1133818163672], [-71.5096261631571, -33.1134186586503], [-71.5079353783838, -33.1131554096079], [-71.5077275827873, -33.1124250688188], [-71.5071370985914, -33.1121221606466], [-71.5064314386981, -33.11215385156], [-71.5047010570854, -33.1112267834062], [-71.5039484063196, -33.1110670298448], [-71.5028599823685, -33.1107915984743], [-71.5012389194377, -33.1104197372902], [-71.5007112714977, -33.1101330231794], [-71.5002202110409, -33.1096706858448], [-71.4995644902908, -33.1092641173959], [-71.4988163203216, -33.1092616410625], [-71.4984241886321, -33.1093569493727], [-71.4979494766152, -33.1094714052893], [-71.4977002498194, -33.109476402339], [-71.4972275149944, -33.109660767765], [-71.4968160946791, -33.1098089263488], [-71.4965708240638, -33.1099537520805], [-71.4959101733594, -33.1093723754596], [-71.4954606788491, -33.1089091845958], [-71.494807949489, -33.108607464478], [-71.4940419803007, -33.1087102461877], [-71.4932834383832, -33.1083406794869], [-71.4922766685965, -33.1080110529377], [-71.4915631331731, -33.1077629965974], [-71.4909737188708, -33.1074949644547], [-71.4906270697824, -33.1077292506113], [-71.4902393739738, -33.1079818451766], [-71.4901058582714, -33.1080369806869], [-71.4893883828371, -33.1076490809862], [-71.4887035144511, -33.107680254309], [-71.4886243836543, -33.1078217463515], [-71.4885724304882, -33.1081900495883], [-71.488486337748, -33.1088213657869], [-71.4883478579554, -33.109068975189], [-71.4880268934976, -33.1094776288396], [-71.4876317874862, -33.1094680327885], [-71.4869647174208, -33.1093939092218], [-71.48680250863, -33.1095370591705], [-71.4865201160339, -33.1098400048489], [-71.4862990469307, -33.1101067499223], [-71.4860053238839, -33.1100076801763], [-71.485691815443, -33.1099439822654], [-71.4855488952779, -33.1100342785213], [-71.4853950533956, -33.1104745695398], [-71.485123486397, -33.1111620510218], [-71.4848015158262, -33.1115357389902], [-71.484226858149, -33.1117920449058], [-71.4836085926547, -33.1127137934577], [-71.4832069756541, -33.1132114876664], [-71.4825793416298, -33.1138011312741], [-71.4817830794535, -33.1143066873057], [-71.4815248677082, -33.114731564875], [-71.4804606021501, -33.1156840437602], [-71.4796998234275, -33.1167135452938], [-71.4789673039072, -33.117270282299], [-71.4786032508585, -33.1176273045482], [-71.4780527470827, -33.118005524445], [-71.4777065112194, -33.1182572580851], [-71.4778800495626, -33.118516138585], [-71.4780916899486, -33.118651837187], [-71.4786999527022, -33.1188495981879], [-71.4790367176275, -33.1190002948278], [-71.4792725712037, -33.1192579309737], [-71.4796113043377, -33.1194785423076], [-71.4801484115377, -33.1193629136945], [-71.480292828296, -33.1193250597098], [-71.4804971024967, -33.1191985704184], [-71.4808531668276, -33.1192964094547], [-71.4811686704267, -33.119430035579], [-71.4814683250493, -33.1197388622466], [-71.4818752807376, -33.120167973418], [-71.4819439919754, -33.1203939580845], [-71.4820557208372, -33.1206715524721], [-71.4823113777738, -33.1208938109254], [-71.48303041448, -33.1213341851949], [-71.4834423091057, -33.1219380794146], [-71.4846168653229, -33.122316893908], [-71.4863106657405, -33.1234198584658], [-71.4863284092641, -33.1240490993757], [-71.4870177782097, -33.1249097706956], [-71.4876081034037, -33.125206218987], [-71.4879102661226, -33.1256024249725], [-71.4881743384768, -33.1261218105325], [-71.4885190391193, -33.1265521408503], [-71.4886955841237, -33.1269158765515], [-71.4888998134087, -33.1275239023833], [-71.4890456728613, -33.1282730016915], [-71.4880866431421, -33.1281697471104], [-71.4877275191494, -33.1287015844291], [-71.4872150859753, -33.1289566644273], [-71.4869529198462, -33.1292417199922], [-71.4867100459361, -33.1294739260096], [-71.4866961750498, -33.1297190458211], [-71.486765893299, -33.1299799846192], [-71.4867678659994, -33.1300498998722], [-71.4866882213663, -33.1301739105781], [-71.4864804823635, -33.130178059386], [-71.486250984368, -33.1301476643795], [-71.4860422581168, -33.1301168548574], [-71.4858325491087, -33.1300510862148], [-71.4856238246541, -33.1300202751543], [-71.4854353814637, -33.1299715711334], [-71.4849377947464, -33.1300164806621], [-71.4844911146578, -33.1303926574322], [-71.4841913279829, -33.1308183681813], [-71.483935054802, -33.1313131673797], [-71.4834349078861, -33.1320052061918], [-71.4827127270764, -33.1321944952615], [-71.4821721020738, -33.132187784352], [-71.4817116175743, -33.1320745420957], [-71.4811645965669, -33.1318406007163], [-71.4806388431738, -33.1316237223342], [-71.4801803313747, -33.1315803896231], [-71.4797846369668, -33.1315532930329], [-71.4795126037425, -33.1314887569256], [-71.4791965656458, -33.1313376491636], [-71.4788394691507, -33.1312048498477], [-71.4784447610929, -33.1312127057845], [-71.4780529968144, -33.1313254361064], [-71.4777076960973, -33.131612129183], [-71.4775730844503, -33.13199956047], [-71.4777159102922, -33.1326438038187], [-71.4776406736922, -33.1329251222521], [-71.4776248121393, -33.1331003249252], [-71.4776920483433, -33.1332738753065], [-71.4778646353707, -33.1334977951723], [-71.4780772980395, -33.1336684508731], [-71.4785624907008, -33.1339211250529], [-71.479031336719, -33.1343315226148], [-71.4791816787649, -33.1345034163862], [-71.4794571642148, -33.1354292082785], [-71.4795743180026, -33.1358990729646], [-71.4795702630074, -33.1364937718819], [-71.4796285358215, -33.1370872308758], [-71.4795834215297, -33.1377002351116], [-71.4796343164804, -33.1380315089028], [-71.4796911169558, -33.1385725288194], [-71.4797924199704, -33.1392175957241], [-71.4797003435521, -33.1396391611974], [-71.479625109647, -33.139920479024], [-71.4796552301585, -33.1402521664134], [-71.4797046527705, -33.140531001558], [-71.4796927312284, -33.1408460362608], [-71.4795779085688, -33.1411980997895], [-71.4793122399083, -33.141360788459], [-71.4789184678951, -33.1414036086196], [-71.4785845667989, -33.1413577895125], [-71.4782174693598, -33.1416099406046], [-71.4778132400583, -33.142020228501], [-71.4774544942563, -33.1425695195203], [-71.4773472794289, -33.1431925058117], [-71.4774984829592, -33.1441338900346], [-71.4773677870685, -33.1446611545663], [-71.4772568855551, -33.1451530461446], [-71.4772429859227, -33.145398166547], [-71.4769514718332, -33.1461210065258], [-71.4770023658856, -33.1464522808706], [-71.4771339133792, -33.1466945049302], [-71.4771205069219, -33.1469571036125], [-71.4770022293417, -33.1471868108152], [-71.4768167011844, -33.1472429679252], [-71.4764629832531, -33.1472325170675], [-71.476253237414, -33.1471667341734], [-71.4760390718638, -33.1469436404268], [-71.4757843303104, -33.1467563311966], [-71.4756383936026, -33.1467417442902], [-71.475471677964, -33.146727571808], [-71.4750778790013, -33.1467703780677], [-71.4750006607178, -33.146981780348], [-71.4749021739216, -33.1471761132517], [-71.4747467501061, -33.1475639564442], [-71.4740416058458, -33.1483649683773], [-71.4729387504597, -33.1494405822791], [-71.472221308263, -33.1498046074594], [-71.471911588916, -33.1498807140691], [-71.4717473220848, -33.1499539310157], [-71.4713327271233, -33.1499971410869], [-71.4711269015322, -33.150071181493], [-71.4709452855379, -33.1502671644404], [-71.4707636677471, -33.1504631461978], [-71.4704969750072, -33.1505908592391], [-71.470293106845, -33.150734817474], [-71.4699848517519, -33.1508633544211], [-71.4698225423497, -33.1510064864046], [-71.4695859359854, -33.1514658872761], [-71.4694072538889, -33.1517667433897], [-71.4692300423344, -33.1521200356334], [-71.468946970612, -33.152405470227], [-71.4685446098063, -33.1528856475711], [-71.4682407546615, -33.1531714940694], [-71.4678755382945, -33.1534935356143], [-71.4676102999271, -33.1536736804768], [-71.467027977824, -33.1536677353187], [-71.4666539426959, -33.1536751485284], [-71.4663041144697, -33.1538045016802], [-71.4658117631338, -33.1540416109007], [-71.465443108016, -33.1542412904301], [-71.4649937778974, -33.1545300099238], [-71.4647705797869, -33.1547268086784], [-71.464361827468, -33.1549797441072], [-71.4639308247779, -33.1551806533796], [-71.4637032222276, -33.1552201366633], [-71.4632648838948, -33.1551588570952], [-71.4623388843303, -33.1551312699195], [-71.461440941847, -33.154991631989], [-71.4607392992196, -33.1551803924138], [-71.4603266275511, -33.1552934830201], [-71.4599444986023, -33.1557557463326], [-71.4597449935575, -33.1560569998582], [-71.459211050224, -33.156294904678], [-71.4586514402261, -33.1563584260733], [-71.4578781713279, -33.1562162992943], [-71.4573542693626, -33.1560692440681], [-71.457333978217, -33.1560871339529], [-71.457290709963, -33.1560267770106], [-71.4565981286419, -33.155795603882], [-71.4561602789926, -33.1557517777235], [-71.4558886706715, -33.1557046718173], [-71.4553144432874, -33.1552437995508], [-71.4549827619283, -33.1545332987184], [-71.4539383985453, -33.1543615163812], [-71.4532628798247, -33.1547420974391], [-71.4531774814822, -33.1554083573688], [-71.4518971773864, -33.1572174494556], [-71.451771664775, -33.1579369665497], [-71.4506603328858, -33.1590956307712], [-71.4501292605679, -33.1594383741523], [-71.449293631521, -33.1592974217674], [-71.4487818747784, -33.1595873143198], [-71.4479989840251, -33.1598475581762], [-71.4476892053893, -33.1599236079424], [-71.4465684627492, -33.1599981084786], [-71.4464849526654, -33.1607342862146], [-71.4463183151802, -33.1614720926372]]]}, "properties": {"nom_min": "VALPO", "region": "Valparaíso", "categoria": "Reserva Nacional", "sup_ha": 9017}}, {"type": "Feature", "geometry": {"type": "Polygon", "coordinates": [[[-71.635468850724, -33.4327873736528], [-71.6357097618152, -33.4328804305736], [-71.6356199437615, -33.4330286122502], [-71.637217827463, -33.4339433864695], [-71.6376889435239, -33.435826359593], [-71.6376717928885, -33.435846912669], [-71.6376492523613, -33.4359014802112], [-71.6376133574792, -33.4360476056997], [-71.6375743930538, -33.4360923812541], [-71.6375033578744, -33.4362764398824], [-71.6374522634976, -33.4364533128036], [-71.6373501259481, -33.4366978118884], [-71.6371047726878, -33.4373474187451], [-71.6373017301105, -33.4373978443674], [-71.637515753727, -33.4374526388228], [-71.6377496130432, -33.4368464713131], [-71.6378671513099, -33.4365729413131], [-71.6378989157384, -33.4364235235317], [-71.6379630168221, -33.4362767982118], [-71.6380208997674, -33.4361910539632], [-71.6380467532813, -33.4361127521034], [-71.6380484295376, -33.4360349644296], [-71.6380648785888, -33.4360091196497], [-71.6381365928946, -33.4360318541507], [-71.6385043434089, -33.4360760142545], [-71.6389052210961, -33.4360049156367], [-71.6390830408099, -33.4359272777956], [-71.6394182300902, -33.4358899281565], [-71.6395910803239, -33.4358542157304], [-71.6400014882379, -33.4362065858377], [-71.6405048565124, -33.4362765853131], [-71.6407433053214, -33.4362868629229], [-71.6407434391704, -33.43628686892], [-71.6408367831115, -33.436290893005], [-71.6412784874317, -33.4362814804841], [-71.6419462986072, -33.4361603500351], [-71.6422399264325, -33.4360279215105], [-71.6426462874361, -33.4362594484644], [-71.6431715710103, -33.4364834169147], [-71.643176496473, -33.4364843562156], [-71.643675976839, -33.4365795538943], [-71.6441610176851, -33.4365977116902], [-71.6444098213743, -33.4365665716151], [-71.6442857757117, -33.4368722926049], [-71.6442336653404, -33.4370308694266], [-71.64414161138, -33.4376385746418], [-71.6441598471802, -33.4377363310432], [-71.6442329772309, -33.4381283435562], [-71.6444619856446, -33.4386721875012], [-71.644622455297, -33.4389181855718], [-71.6448285360098, -33.4391662541405], [-71.6440659220291, -33.439065461893], [-71.6437346332338, -33.4390725293031], [-71.642704556657, -33.4389340385453], [-71.6426762471492, -33.4391195903834], [-71.6426494000986, -33.43929555497], [-71.642909296185, -33.4393253035263], [-71.6436689888444, -33.4394302483453], [-71.6440856571175, -33.4394356110987], [-71.6445639498192, -33.439510921993], [-71.644776962831, -33.4395277561046], [-71.6447760366679, -33.439777197721], [-71.6448084406968, -33.4400045498315], [-71.6448656795501, -33.4402099925159], [-71.6448680564924, -33.4403239637991], [-71.6446371319722, -33.4405465604727], [-71.6445469276429, -33.4406301235623], [-71.6442637283597, -33.4408214527201], [-71.6436293677504, -33.4412055564993], [-71.6433337789028, -33.4412688722546], [-71.6431932877823, -33.4412942642088], [-71.6432586483041, -33.4416478280701], [-71.6434630815065, -33.4416081803794], [-71.6436575973082, -33.441575524917], [-71.6438682378693, -33.4415140211642], [-71.6445359295689, -33.4411078242459], [-71.6449587647765, -33.4407912624103], [-71.6449885924372, -33.4408986259256], [-71.6450756427815, -33.4412459584721], [-71.6453868021279, -33.4416954042256], [-71.6456152374164, -33.4419399500056], [-71.6454762330077, -33.4421210765654], [-71.6452487948491, -33.4422647411646], [-71.6450091728403, -33.4424161008202], [-71.6446189949866, -33.4427237343857], [-71.6443889211709, -33.4429851939118], [-71.6441874209679, -33.4430678828855], [-71.6440090263322, -33.4430716892764], [-71.6435899631505, -33.4429879868669], [-71.6434884562183, -33.4430044057832], [-71.643363169084, -33.4430793350395], [-71.6431795462534, -33.4431891536079], [-71.6431226757094, -33.4432758826391], [-71.6430812139674, -33.4435903268397], [-71.6428751063053, -33.4438013866186], [-71.6425596413337, -33.4440504104269], [-71.642416371724, -33.4441458561589], [-71.6425665475816, -33.4442927803011], [-71.6426978156991, -33.4444212047351], [-71.6428316332354, -33.4443296645856], [-71.6432634345279, -33.4439926420702], [-71.6434932981377, -33.4437240645802], [-71.6435297212292, -33.4435237491042], [-71.6435351892744, -33.443423862916], [-71.6436186265946, -33.4433721987384], [-71.643892195938, -33.4434233734392], [-71.6440882289942, -33.4434405703387], [-71.6443169445571, -33.4434143102476], [-71.6446779047063, -33.4432640804559], [-71.6449158235093, -33.44298107494], [-71.6452478345501, -33.4427174393484], [-71.6455312629037, -33.4425384263763], [-71.6463437243995, -33.4429227804114], [-71.6468205896782, -33.4430463997861], [-71.6469707601459, -33.4429998190711], [-71.6473119007649, -33.4426986726687], [-71.6477209710874, -33.4423375549643], [-71.6499890590763, -33.4413190347372], [-71.6501214869189, -33.4414095083859], [-71.6503996538399, -33.4415995495158], [-71.6501754936338, -33.4418164250025], [-71.6491342204553, -33.4428565034974], [-71.6485956184587, -33.4433944560753], [-71.6483513288037, -33.443638452871], [-71.6484418367636, -33.4436988157573], [-71.6484826975326, -33.4437260667058], [-71.6488332983099, -33.4437500247461], [-71.6488523623568, -33.4435641882259], [-71.6498814903126, -33.4425286929593], [-71.6498822224396, -33.4425279576122], [-71.6504188903634, -33.441987957767], [-71.6508371306883, -33.4420513134294], [-71.6508641753682, -33.4419858184257], [-71.6508954385368, -33.4418999463909], [-71.6509743258901, -33.4417887117033], [-71.6510061567938, -33.4415525377549], [-71.6514985961646, -33.4415645043329], [-71.6514853532007, -33.4417173021864], [-71.6519650957832, -33.4417738284788], [-71.6522575522054, -33.4418082866439], [-71.6522772100388, -33.4416703534554], [-71.6527795811833, -33.4417146058883], [-71.6527509060612, -33.4418502325021], [-71.6530257977246, -33.4418413910263], [-71.6530312082776, -33.4418412163706], [-71.6531923867008, -33.4418360321695], [-71.6544454161479, -33.4421375346246], [-71.6542386230712, -33.4423680693088], [-71.6541005879446, -33.4424772786116], [-71.6536957289242, -33.4427883585617], [-71.6532437083513, -33.4430373125683], [-71.6528103125492, -33.4432337440778], [-71.6525550715326, -33.443207406717], [-71.6525425526108, -33.4432941612157], [-71.6523570397248, -33.4433078920709], [-71.6521430529393, -33.4433663819816], [-71.6516376661504, -33.443504520857], [-71.6517979049358, -33.4439111000817], [-71.6527250920732, -33.4437610023266], [-71.6527267135322, -33.4437607392245], [-71.6535624988861, -33.4434552861206], [-71.65405726669, -33.4431831471941], [-71.6540655123261, -33.4431768244556], [-71.6540675937226, -33.4431752285918], [-71.6546669667481, -33.4427156560793], [-71.6548305445715, -33.4425297251438], [-71.6549425734705, -33.442405301472], [-71.6550389141915, -33.4422982988755], [-71.6553288041269, -33.4424235869783], [-71.6555046268859, -33.4424951353375], [-71.6555206204912, -33.4427204534406], [-71.6552862814747, -33.4430878638124], [-71.6556090686141, -33.4432272504379], [-71.6558138431764, -33.4428426631311], [-71.656051780844, -33.4423975941832], [-71.6562235279466, -33.4420763318571], [-71.6570702457974, -33.4422552888138], [-71.6571745752362, -33.4422773388003], [-71.6575100834184, -33.4423127479967], [-71.6576635578897, -33.4423587406518], [-71.6580284032525, -33.4424680721495], [-71.6580509653392, -33.442481235696], [-71.6583188645164, -33.4426375355112], [-71.6585805554368, -33.4427962209804], [-71.6587311526043, -33.4424381252799], [-71.6589617285782, -33.4425182481809], [-71.6597070365149, -33.442777230191], [-71.6594751786451, -33.4434288326419], [-71.6592843396478, -33.4435416648315], [-71.6593713459747, -33.4436604867648], [-71.6594537466391, -33.4437730203209], [-71.6595178585026, -33.4437397667598], [-71.659613793185, -33.4436981763663], [-71.6597798853929, -33.4435683386524], [-71.6599149785369, -33.4433780657169], [-71.660041037324, -33.4432756030447], [-71.6606255971305, -33.4431504451008], [-71.6606265268869, -33.4431503971274], [-71.66097517832, -33.4431325202977], [-71.6612888331863, -33.4431164372193], [-71.6612980588843, -33.4430848160017], [-71.6614058540234, -33.4427153382541], [-71.6614272375204, -33.4426420427861], [-71.6614272680632, -33.4426420480332], [-71.6619196580266, -33.4427938477878], [-71.6624317058234, -33.442951706178], [-71.6624331871453, -33.4429521619261], [-71.6629988221437, -33.4430587761808], [-71.6632550405273, -33.4431070681652], [-71.6630281566293, -33.443653937688], [-71.662878329318, -33.4437910701713], [-71.6628269995827, -33.4438380514856], [-71.662789986298, -33.4438719286577], [-71.6624384809172, -33.4440100989598], [-71.6625068238457, -33.4442232355385], [-71.6625815367279, -33.4444562360214], [-71.6625820065468, -33.4444560958513], [-71.6629114897284, -33.4443523556798], [-71.6632735044997, -33.4441104889374], [-71.6634620500981, -33.4439364710239], [-71.6637531833018, -33.4431366497564], [-71.663754784998, -33.4431365867914], [-71.6640313430363, -33.4431256428631], [-71.6641779462941, -33.4431395911243], [-71.6642768121793, -33.4431488649778], [-71.6643488507769, -33.4431701156809], [-71.6644315164442, -33.443205387339], [-71.6644900524648, -33.4432297780327], [-71.6645891815564, -33.4432475956254], [-71.6647453644483, -33.4432413875778], [-71.6649633954492, -33.4432566483403], [-71.6652571229876, -33.4433016285584], [-71.6654215829565, -33.4433436898798], [-71.6655659224598, -33.4433947341701], [-71.6656529431597, -33.4434612602835], [-71.6656822129665, -33.4435290276516], [-71.6656783825502, -33.443626006848], [-71.6656452904118, -33.4439886565709], [-71.6656516513823, -33.4440854163773], [-71.6656869300201, -33.444127406109], [-71.6657314433391, -33.4441378484449], [-71.665778480924, -33.4441197364519], [-71.6658179403211, -33.4440761388761], [-71.665857051172, -33.444021149966], [-71.6660482459021, -33.4437149467007], [-71.6660843950075, -33.4436742700326], [-71.6661413616712, -33.4436473961065], [-71.6661743747579, -33.4436153365781], [-71.6662437983597, -33.4435511447766], [-71.6663513752082, -33.4435117812973], [-71.6665516366345, -33.4435017721438], [-71.6667595633851, -33.4435200971467], [-71.6668897903552, -33.4435543432365], [-71.6669865694541, -33.4436064090805], [-71.6670458034656, -33.4436535816377], [-71.6671753387329, -33.4437761902887], [-71.6673059007746, -33.4438592390554], [-71.6673263697867, -33.4438659177937], [-71.6673786005322, -33.443882724825], [-71.6673915398656, -33.4438868887287], [-71.6673963359709, -33.4438882791951], [-71.6674863669253, -33.4438942473317], [-71.6677182867788, -33.4438556995488], [-71.6678675885757, -33.4438467855683], [-71.6680378857974, -33.4438573681091], [-71.6680648631037, -33.4438629869445], [-71.6682363200504, -33.4438986945751], [-71.6684491282462, -33.4439653597233], [-71.6686453885762, -33.4440466303142], [-71.6687145534632, -33.4440850393407], [-71.6688602045068, -33.4441787999898], [-71.6690167449282, -33.4442951234697], [-71.669096103897, -33.4443333135106], [-71.6691610871263, -33.4443461634523], [-71.6692302538099, -33.4443845708471], [-71.6693373141272, -33.4444392634455], [-71.669393414815, -33.4444950533835], [-71.6695043962785, -33.4445667589434], [-71.6696354110711, -33.4446266347121], [-71.6697074523636, -33.4446478820549], [-71.6698031867217, -33.4446657690664], [-71.6698918630167, -33.4446752578835], [-71.6699429969193, -33.4446798557506], [-71.6700027160211, -33.4446704021638], [-71.6699542905391, -33.4444314731348], [-71.6701683527831, -33.4442335294472], [-71.6702612960756, -33.4439258300258], [-71.6702918432868, -33.4438245913121], [-71.6705053584568, -33.4438706888561], [-71.6707170446569, -33.4439112125184], [-71.6711610603423, -33.4440079446768], [-71.6714333100605, -33.4440672564005], [-71.6719857541973, -33.4441511159291], [-71.6719672614789, -33.4442611145378], [-71.6725108913461, -33.4443473537752], [-71.672510913804, -33.444347326041], [-71.6725280949821, -33.4442426697594], [-71.672925498884, -33.4442557873126], [-71.6729701649166, -33.4442622793763], [-71.6731728122682, -33.4442288453553], [-71.6733860552487, -33.4441936618136], [-71.6739801102478, -33.4440870159722], [-71.673981940116, -33.4442048859481], [-71.6744915876144, -33.4440794467548], [-71.6753017054056, -33.4438569108666], [-71.6758185088835, -33.4437100984231], [-71.6760002317772, -33.4437600466138], [-71.6765320002895, -33.44390620759], [-71.6765788034141, -33.4439907201555], [-71.6766475739407, -33.4441260718646], [-71.6767413894973, -33.4442724166193], [-71.6767414308198, -33.4442724818323], [-71.6768404485204, -33.4444269382187], [-71.6769117406179, -33.4445337275599], [-71.6769585985398, -33.4445904416588], [-71.6769788474646, -33.4446149503953], [-71.6770137020976, -33.4446791728916], [-71.6770293121223, -33.4447079354158], [-71.6771438374396, -33.4448936120763], [-71.6772478174337, -33.4450681137894], [-71.677326257426, -33.4451861510846], [-71.6773729743124, -33.4452678148033], [-71.6774226538425, -33.4453351595044], [-71.6774460235146, -33.4453567117466], [-71.6781772027486, -33.4459574537011], [-71.6781786732907, -33.4459581372996], [-71.6784257791641, -33.446072959276], [-71.6784949629157, -33.4461047877816], [-71.6784950814933, -33.4461048432489], [-71.6786935786284, -33.4461961641535], [-71.6787222555472, -33.4462093578661], [-71.6788003056707, -33.4462452654122], [-71.6788136788903, -33.4462514177777], [-71.6789557492491, -33.4463179199631], [-71.6789553351257, -33.4461788793525], [-71.6789936303063, -33.4460177490126], [-71.6790483763347, -33.4458734385111], [-71.6791592913228, -33.4457050136174], [-71.6792515509974, -33.4455961516777], [-71.6794026045091, -33.4454745672546], [-71.6795746597338, -33.4453697047036], [-71.6797117255782, -33.4453113975384], [-71.6798332182287, -33.4452648787545], [-71.6799844019961, -33.4452215328588], [-71.6801088743585, -33.4451978488166], [-71.680281353588, -33.4451807602031], [-71.6804032846165, -33.4451694897217], [-71.6800201639276, -33.4450285681039], [-71.6799399515592, -33.4449990636138], [-71.6792840232983, -33.4447317297786], [-71.6792305950985, -33.4447099540091], [-71.6791402416489, -33.4446728862415], [-71.6790985050225, -33.4446511187025], [-71.6789743048496, -33.4445863407529], [-71.6786306273882, -33.4444070917739], [-71.678490966311, -33.4442806844231], [-71.6783275879136, -33.4441328090492], [-71.6782690330285, -33.4440798102991], [-71.6781442237979, -33.4439668423864], [-71.6780631014361, -33.4438934167997], [-71.6774595746007, -33.4434347558351], [-71.6767294374125, -33.4428801866797], [-71.6763623669228, -33.4427121435112], [-71.6749535615206, -33.4427702305456], [-71.6749455638196, -33.442770560364], [-71.6748839555608, -33.4427840814176], [-71.6748832512816, -33.4427842365822], [-71.6740844396866, -33.4430119458607], [-71.6739019406484, -33.4430810598336], [-71.6730642337982, -33.4433982991814], [-71.6721634517403, -33.4431037332644], [-71.671774776768, -33.4427311508056], [-71.671616109136, -33.4423542903311], [-71.6714911453951, -33.4424501374606], [-71.6713067077926, -33.442591602971], [-71.6714309088637, -33.44297056875], [-71.6714024475406, -33.4430748930011], [-71.6702074744137, -33.4429285956988], [-71.669682947221, -33.4427984727397], [-71.6686122838614, -33.4425076249989], [-71.6673563860936, -33.4421494156683], [-71.6666762437442, -33.4418328306478], [-71.666014821387, -33.4415888010385], [-71.6649963276876, -33.441362647941], [-71.6649957159349, -33.4413626681802], [-71.6639040337942, -33.4413996301696], [-71.6636265891187, -33.4414055699926], [-71.6635741984731, -33.4412563329412], [-71.6634857278923, -33.4411441626756], [-71.6634056457797, -33.4410426268717], [-71.6632485978101, -33.4409024084243], [-71.6630839599748, -33.4408166867372], [-71.6630073345793, -33.440732953667], [-71.6628103160712, -33.440556216153], [-71.6625239735828, -33.4408209572318], [-71.6627724700483, -33.4410756370963], [-71.6630363905872, -33.4412290819666], [-71.6630611804958, -33.4412828822816], [-71.663147885887, -33.4413739878802], [-71.6630143549133, -33.4413651276158], [-71.662628067663, -33.4412310226825], [-71.6621855395877, -33.4410512922724], [-71.6603405410297, -33.4403520201372], [-71.6587467374762, -33.4397479200769], [-71.6585915220698, -33.4400510729354], [-71.6572668205378, -33.4397229047259], [-71.656914816592, -33.4396447724675], [-71.6563113463504, -33.4396292277154], [-71.6559031105628, -33.4396100600734], [-71.6557738223322, -33.4395481831181], [-71.6556524572424, -33.4394988074575], [-71.6555244356363, -33.4394467234065], [-71.6551738510286, -33.4393687910471], [-71.6549586317546, -33.4392737178666], [-71.6547093043474, -33.439175793034], [-71.6548208562411, -33.4389341270005], [-71.6551718046664, -33.4385032066482], [-71.655284074314, -33.4383334098734], [-71.6552371660865, -33.4379503998311], [-71.6553109249578, -33.4376731154095], [-71.6553870832293, -33.4374745528472], [-71.6554042581192, -33.4372674065125], [-71.6553152036335, -33.4370428441246], [-71.6551566267314, -33.4368493101938], [-71.6547684691887, -33.4366602991594], [-71.6546665481332, -33.4368048221417], [-71.6545496189242, -33.4369706255911], [-71.6548836439879, -33.437140708395], [-71.65497179926, -33.4373357514392], [-71.6548423538242, -33.4377126936835], [-71.6548125001123, -33.4382745859845], [-71.654672462641, -33.4384571010048], [-71.6544284397857, -33.4387751413652], [-71.6542959275015, -33.4390748636172], [-71.6540165703127, -33.4390162043976], [-71.6536590192701, -33.4389882585714], [-71.6532904126612, -33.4389915411569], [-71.6521838903521, -33.4387940340805], [-71.6483678712797, -33.4381128135249], [-71.6480636496222, -33.4369489055956], [-71.6482983183205, -33.4362588022718], [-71.6488203086709, -33.4347237234486], [-71.6480492541198, -33.4326655396298], [-71.6477806120358, -33.4327417237728], [-71.6474816068951, -33.4325528874621], [-71.6472670164417, -33.4324409750788], [-71.6471754008592, -33.4323975073259], [-71.6471542374494, -33.4323874661535], [-71.6468294156258, -33.4323058660284], [-71.6464721179081, -33.4322529185287], [-71.6460051772167, -33.4322458033334], [-71.6456703912799, -33.4323006280305], [-71.6455685717341, -33.4323173016105], [-71.6451878199026, -33.4324201295719], [-71.6447622367485, -33.432680842735], [-71.6444951325802, -33.4330360294988], [-71.6444164850771, -33.4331914827091], [-71.6443242424705, -33.4336314756625], [-71.6443298964669, -33.4338177480224], [-71.6433777325714, -33.4340137423611], [-71.6432779513029, -33.4337518734703], [-71.6430894721799, -33.4335412008116], [-71.6428056234147, -33.4333754987618], [-71.6427320469013, -33.4333146339117], [-71.643372460359, -33.4325981311175], [-71.6433694923253, -33.4325970440886], [-71.642373305591, -33.4322322116671], [-71.6409559239727, -33.4334093747715], [-71.6409558799553, -33.4334094115052], [-71.6409562832988, -33.4334095786812], [-71.6412793983234, -33.4335928536009], [-71.6412188940941, -33.4337374536597], [-71.6411277725849, -33.4340679564658], [-71.6411253534218, -33.4340777755437], [-71.6411238155061, -33.4340868681979], [-71.6410948996354, -33.4343043861805], [-71.6410416681666, -33.4345626025689], [-71.6410053627544, -33.4346308491718], [-71.6409660381045, -33.4346490223687], [-71.6409365212609, -33.434650128863], [-71.6408506513029, -33.4346533441436], [-71.6406154247508, -33.4346212453082], [-71.6404989635641, -33.4346053533142], [-71.6404931829053, -33.4346046441379], [-71.6404873591273, -33.4346039387099], [-71.6399732191542, -33.4345487878673], [-71.6399692719568, -33.4345484017933], [-71.6399593204201, -33.4345477480913], [-71.6399347613786, -33.4345466993193], [-71.6399327859832, -33.4345466243535], [-71.6399208267119, -33.434546550887], [-71.6399088890001, -33.4345471333715], [-71.6399084730801, -33.4345471656068], [-71.6398867293587, -33.4345488688304], [-71.6398752785337, -33.4345500720319], [-71.6398744431005, -33.4345501844806], [-71.6394425995872, -33.4346089584184], [-71.6394316895481, -33.4346107298597], [-71.639420115654, -33.4346132539573], [-71.639419714107, -33.4346133536618], [-71.6393800795384, -33.4346232513921], [-71.6393691290751, -33.4346263054972], [-71.6393580474577, -33.4346300740259], [-71.6393492466629, -33.4346335914192], [-71.6393339330822, -33.434640136679], [-71.639331969365, -33.4346409882898], [-71.6393253784258, -33.4346440371468], [-71.6391720054641, -33.4347184758511], [-71.6389579755594, -33.4347410352706], [-71.638891820927, -33.4347336009256], [-71.6388867894631, -33.434733095657], [-71.638874862531, -33.4347323662411], [-71.6388694304185, -33.4347322515436], [-71.6388651355731, -33.4347322140607], [-71.6387358958515, -33.4347310948233], [-71.6386499297738, -33.4347218732957], [-71.6386367146576, -33.4347152695689], [-71.6386068914885, -33.4347003446496], [-71.6386024376413, -33.4346962057934], [-71.6385786224048, -33.4346662989717], [-71.6385782388242, -33.4346657787096], [-71.6385776019187, -33.4346631886437], [-71.6385458779144, -33.4345186560973], [-71.6385421085835, -33.4345014799192], [-71.6385414806611, -33.4344987616567], [-71.6385269998187, -33.4344388863949], [-71.6385246624024, -33.4343616849541], [-71.6385239671063, -33.434351674745], [-71.6385238206809, -33.4343503793325], [-71.6385115766436, -33.4342473669926], [-71.6385123860257, -33.4342382526151], [-71.6385368741003, -33.4341812101443], [-71.6385513791972, -33.4341497978244], [-71.6385602491623, -33.4341305937379], [-71.6385603884012, -33.4341302916242], [-71.6385643158356, -33.4341208203953], [-71.6385674949734, -33.4341111550029], [-71.6385688837688, -33.4341059186133], [-71.6385822911245, -33.4340508619117], [-71.6385947956732, -33.4340038872921], [-71.6386067217069, -33.4339677670227], [-71.6386142298261, -33.4339450229849], [-71.6386515036221, -33.4338243990464], [-71.6386539227852, -33.4338145799398], [-71.6386555702954, -33.433804649132], [-71.6386561973195, -33.4337985063792], [-71.638663239213, -33.433708186722], [-71.6386634817581, -33.4337043289431], [-71.6386635688947, -33.4336943036648], [-71.6386630667365, -33.4336870558969], [-71.6388420731248, -33.4334778194438], [-71.6388370668138, -33.4334448722993], [-71.6388251722211, -33.4333665724596], [-71.6387933107746, -33.4332321148137], [-71.6387584354803, -33.4331815990592], [-71.6386321539109, -33.4330491524947], [-71.6384553232422, -33.4328991416522], [-71.6382599738039, -33.432791698519], [-71.6372898058735, -33.4325583555951], [-71.6372811003, -33.4325565473779], [-71.6372810724523, -33.4325565593727], [-71.6372615538578, -33.4328534948297], [-71.6372316992476, -33.4328463212092], [-71.6371284145495, -33.4328214995331], [-71.6365118450745, -33.4326733249996], [-71.6362496061818, -33.4325949584923], [-71.6359577049184, -33.4325077269971], [-71.6359264965471, -33.4324959023581], [-71.6358441381036, -33.432464700837], [-71.6354266469736, -33.4321877707268], [-71.6352847580745, -33.4320685057641], [-71.6351918561044, -33.4319904160924], [-71.6350512670675, -33.4318583507973], [-71.6350420377763, -33.431849424339], [-71.6350167654724, -33.4318249802175], [-71.6349847207696, -33.4317949494584], [-71.6349228708639, -33.4317566706837], [-71.6349189039036, -33.4317542154738], [-71.6348799709192, -33.4317301191782], [-71.634879913427, -33.4317300831935], [-71.6348726415648, -33.4317256885538], [-71.6348524492339, -33.4317134859682], [-71.6347360688955, -33.4316431552004], [-71.6346996979063, -33.4316266554174], [-71.6344941391148, -33.4315650029222], [-71.6344952835685, -33.4316028469649], [-71.6344960067123, -33.4316267626221], [-71.6344968098061, -33.4316533373994], [-71.6345252801124, -33.4317272748823], [-71.6345412710228, -33.4317688042925], [-71.6346525174893, -33.4319259682955], [-71.6346563982113, -33.4320411559449], [-71.6346568734201, -33.4320552836622], [-71.6346580690777, -33.4320907824937], [-71.6346636009033, -33.43220131592], [-71.634960477935, -33.4324327383829], [-71.6350188037497, -33.4324782932165], [-71.6350194137058, -33.4324787692609], [-71.6350944697445, -33.4325400672601], [-71.6351258514906, -33.432609763076], [-71.6351616403715, -33.4326365519593], [-71.6351917456116, -33.4326590871807], [-71.635468850724, -33.4327873736528]]]}, "properties": {"nom_min": "VALPO", "region": "Valparaíso", "categoria": "Santuario de la Naturaleza", "sup_ha": 137}}, {"type": "Feature", "geometry": {"type": "Polygon", "coordinates": [[[-71.6592448515046, -33.2832597433539], [-71.659244499365, -33.2832601849199], [-71.6563371926778, -33.279901426597], [-71.655632950326, -33.2801878197349], [-71.6551409439432, -33.2803614452204], [-71.6547171655045, -33.2819903497599], [-71.6536032743151, -33.2829411363786], [-71.652810155344, -33.283963574199], [-71.6528498842358, -33.2847051894413], [-71.6523731330432, -33.2854236280084], [-71.6521040256318, -33.2863319583548], [-71.65195621414, -33.2867161026561], [-71.6517507047558, -33.2868803728178], [-71.6509966166855, -33.2859338418837], [-71.6510636399889, -33.2856434110104], [-71.6510077881344, -33.2854423430321], [-71.6508681567016, -33.2851519120252], [-71.6507500893272, -33.285010951028], [-71.6504716070975, -33.2847218500198], [-71.6502574047163, -33.2845671181343], [-71.6501737643768, -33.2845066980702], [-71.6496840909188, -33.2841912549128], [-71.649565415385, -33.2841083877866], [-71.6491204447905, -33.2842385004563], [-71.6484496494116, -33.2841587618531], [-71.6483762139338, -33.2841404836099], [-71.6471125861629, -33.2839608940351], [-71.6466922877977, -33.2840909430935], [-71.6465562945418, -33.2841325062144], [-71.6462288343662, -33.2841707035364], [-71.6459008801172, -33.2842092132387], [-71.6456014078526, -33.2843969208538], [-71.6453791197356, -33.2845241479369], [-71.6449707599805, -33.284514355526], [-71.6444259290657, -33.2847178474562], [-71.6438702249427, -33.2849902526589], [-71.64208086983, -33.2856374658018], [-71.6412813710238, -33.2859610716997], [-71.640092626815, -33.2865252228254], [-71.6395651513515, -33.2865926529624], [-71.6391116925759, -33.2866284972836], [-71.6385232421659, -33.2866710797143], [-71.6381684893753, -33.2867081622917], [-71.6372766105202, -33.2870508611217], [-71.6365941352461, -33.2873294714664], [-71.6358858729333, -33.2877981856835], [-71.6347991809342, -33.2879696761771], [-71.6336263369059, -33.2878383450653], [-71.6335551391315, -33.2878450515601], [-71.6335398255508, -33.2878464940835], [-71.6331595210803, -33.2878423932922], [-71.6316740489602, -33.2878476077025], [-71.6314970682728, -33.2889051773821], [-71.6318096334827, -33.2889220429093], [-71.6324372306761, -33.2889559068656], [-71.6325497904796, -33.2889619810053], [-71.6326670754214, -33.2889677630393], [-71.6326692960567, -33.2889655208116], [-71.6329000642701, -33.288922908713], [-71.6332427778392, -33.2887928323129], [-71.6335543611904, -33.2887657520617], [-71.6336365399709, -33.2888902439538], [-71.6336577563813, -33.2888920566606], [-71.6337480694067, -33.288902934402], [-71.633875550227, -33.2889182883399], [-71.6343503394991, -33.2890087959457], [-71.6343469285959, -33.2890300407772], [-71.6343292614292, -33.2891401155341], [-71.6343023694629, -33.2891394261969], [-71.6340648522068, -33.2891315844225], [-71.6338580797914, -33.2892174909735], [-71.6333772304844, -33.2895146876549], [-71.6327343861856, -33.2897852389148], [-71.6324706381232, -33.290017332524], [-71.6318528092102, -33.2904213084188], [-71.6313511162937, -33.2907857979916], [-71.6312308920643, -33.2908736837805], [-71.6314314535278, -33.2914957705054], [-71.6317494436637, -33.291355250768], [-71.6321823597654, -33.2911023466585], [-71.632384465433, -33.29094841678], [-71.6326706983269, -33.2907895922782], [-71.6327189091116, -33.2907648179036], [-71.6329779131709, -33.2904478970672], [-71.6333396674308, -33.2902089954169], [-71.633584410735, -33.2900757543721], [-71.6341252450451, -33.2897259638419], [-71.6345780570337, -33.2894524485592], [-71.6346649789189, -33.2894278134741], [-71.6353612990282, -33.2892408142763], [-71.6359437307258, -33.2889742704552], [-71.6364146922765, -33.2887599392268], [-71.636907290649, -33.2886639737049], [-71.6369894191239, -33.2886480783116], [-71.6376779732976, -33.2884253405047], [-71.6388634754865, -33.2883442931207], [-71.6388834665948, -33.2883351672035], [-71.6393333267194, -33.2880995255242], [-71.6400295390309, -33.288056680968], [-71.6409506814047, -33.2878638839595], [-71.6416897379654, -33.2876925096513], [-71.6423943019141, -33.2873989404997], [-71.6430380076972, -33.2872459810458], [-71.643090261799, -33.2872434924694], [-71.6438702240444, -33.286912856604], [-71.6439437655235, -33.2869021468232], [-71.6453718263138, -33.2861671457348], [-71.6455492489723, -33.2858869028905], [-71.6455950370006, -33.285427908389], [-71.6456819049869, -33.2852006266498], [-71.6459281745288, -33.2849590582857], [-71.6464635812179, -33.2843002874418], [-71.6466468788584, -33.2842753895703], [-71.646758416379, -33.284244386435], [-71.6470012561531, -33.2841784346153], [-71.6480948301457, -33.2842158959819], [-71.6485428873516, -33.2843241114428], [-71.6485895153047, -33.2843436182071], [-71.6492917184808, -33.2846373793667], [-71.6494547761796, -33.2847713766611], [-71.6496976662594, -33.2853586615682], [-71.64985913933, -33.2858326114143], [-71.6501686700309, -33.2863953929128], [-71.6503258159168, -33.2868688835661], [-71.6504272437972, -33.2871744881374], [-71.6505488460423, -33.2872653166963], [-71.6505930036284, -33.2872982982044], [-71.6511243571189, -33.287665684373], [-71.6512929673045, -33.2876340058586], [-71.6518490307536, -33.2876125932309], [-71.6521913849966, -33.2876625357457], [-71.6528747855355, -33.2879048370362], [-71.6534365029809, -33.2882426494379], [-71.6537257425361, -33.2884312960363], [-71.6540183615534, -33.2885670829478], [-71.6551725538614, -33.2889347303492], [-71.6562313109502, -33.2893796516261], [-71.6559774623223, -33.2897852989873], [-71.6558333069737, -33.2899808603366], [-71.6556936494897, -33.290246252953], [-71.655646168137, -33.2903665436922], [-71.6555416886796, -33.2908554212108], [-71.6555326471363, -33.2909319503706], [-71.6554404692083, -33.2910770520022], [-71.6553611847997, -33.2911789386768], [-71.6550889755056, -33.2914757892744], [-71.6549021609608, -33.2916849364448], [-71.6546831606777, -33.2919567950291], [-71.6542729207487, -33.2926669029348], [-71.6541905650001, -33.2929153370291], [-71.6541059814296, -33.2931571138878], [-71.6539941223121, -33.2934028269159], [-71.6538609991735, -33.293696703249], [-71.6537280188671, -33.2939953481198], [-71.653599849039, -33.2942652637677], [-71.6534732674323, -33.2945876257736], [-71.6532908285812, -33.295224773793], [-71.6534699239028, -33.295262740251], [-71.6536647675896, -33.295277623032], [-71.6537585121794, -33.2952238945364], [-71.6538702590075, -33.2952020542794], [-71.6539481285695, -33.2952198721812], [-71.6539784026929, -33.2953883236315], [-71.6539793046015, -33.2953933393643], [-71.6540910370565, -33.2954453678137], [-71.6542499364539, -33.2954501342585], [-71.6543311890713, -33.2954321286892], [-71.6543722313, -33.2954230327968], [-71.6544165712441, -33.2953894356526], [-71.6544781714181, -33.2953908397574], [-71.6546088376644, -33.295426139096], [-71.6547587835533, -33.2954852203295], [-71.6547766043319, -33.2954906753083], [-71.6547852281586, -33.2954940699343], [-71.6548274902995, -33.2954940699343], [-71.6548616801792, -33.295504303368], [-71.654885399296, -33.2955075838631], [-71.6548978463525, -33.2955038017953], [-71.6549099709139, -33.2954940729377], [-71.6571815461628, -33.2954941014702], [-71.6572191370641, -33.2953908908158], [-71.6579648321748, -33.2936554367729], [-71.6588449395064, -33.2917545214022], [-71.6595569415056, -33.2903994571979], [-71.6601872156787, -33.2891945416185], [-71.6606338598345, -33.2883184885418], [-71.6610424333887, -33.2876057155073], [-71.6615364412179, -33.2868730594962], [-71.6621605170155, -33.2861737171892], [-71.6626654708165, -33.2858018581444], [-71.6630860799988, -33.2854859615927], [-71.6632939160196, -33.2852468315875], [-71.6634047986684, -33.2846487450054], [-71.6633864065612, -33.2840683145502], [-71.6635302996018, -33.2834509472323], [-71.6637703950227, -33.2828770181838], [-71.6643084939627, -33.2822966983543], [-71.6649962791786, -33.2817359165582], [-71.6655635302462, -33.2812232186823], [-71.6661578646213, -33.2807099387859], [-71.6666649833621, -33.2804487887814], [-71.6673235221272, -33.2802640173009], [-71.6667989086963, -33.279789092467], [-71.6663363715464, -33.2794479001576], [-71.6662556695962, -33.279449632704], [-71.6653807419505, -33.2785927938445], [-71.6647613661385, -33.2781788544187], [-71.6647562394531, -33.2781754283279], [-71.6647293690464, -33.2781774996033], [-71.6646819676438, -33.2781822737504], [-71.6646431541353, -33.2781866558719], [-71.6646238780859, -33.2781893992977], [-71.6646060573073, -33.2781915989948], [-71.6645508854775, -33.2782004698796], [-71.6645013829155, -33.278211161202], [-71.6644166726825, -33.2782317312548], [-71.6644118110002, -33.278232924603], [-71.6643584896999, -33.2782477704853], [-71.6643378536012, -33.2782544056205], [-71.6643317962612, -33.2782564295807], [-71.6643139332618, -33.2782625923328], [-71.6642925821041, -33.2782689293177], [-71.6642713540156, -33.2782757619657], [-71.6641861191665, -33.2782974938084], [-71.6641388561045, -33.2783108143881], [-71.6640894586453, -33.2783275700629], [-71.6640839914985, -33.2783295940215], [-71.6640584335303, -33.2783395155481], [-71.6640455238414, -33.2783442281039], [-71.6639949648606, -33.2783647928682], [-71.6639584887685, -33.2783818496854], [-71.6639327861715, -33.2783945664447], [-71.6639181328526, -33.2784008816409], [-71.6638692833658, -33.2784241777942], [-71.6638223517821, -33.2784501092142], [-71.6637811622297, -33.278476116478], [-71.6637301433114, -33.2785103900293], [-71.6637265222025, -33.2785128360476], [-71.6636840220081, -33.2785436902672], [-71.6636736743144, -33.2785518476632], [-71.6635602943491, -33.2786427265008], [-71.6635306346734, -33.2786676920672], [-71.6635020421962, -33.2786942572605], [-71.6634640668159, -33.278726077204], [-71.6634480291931, -33.2787398783593], [-71.6634106871251, -33.2787751288597], [-71.6634007849957, -33.2787853026721], [-71.6633620810817, -33.2788258176694], [-71.6633178121045, -33.2788577299381], [-71.6632174253715, -33.278924601247], [-71.6632110500279, -33.2789288902073], [-71.6631685498335, -33.2789597442798], [-71.6631450903298, -33.2789786371744], [-71.6631041603906, -33.2790128744806], [-71.6630876125247, -33.27902710366], [-71.6630502695583, -33.2790623540443], [-71.663042122737, -33.2790706976396], [-71.6630232140986, -33.2790903580306], [-71.6629951543224, -33.2791172708074], [-71.6629837349385, -33.279129038198], [-71.6629500894379, -33.2791571788445], [-71.6629376486695, -33.2791684122702], [-71.6629019388403, -33.2791949547812], [-71.6628885449594, -33.2792051232876], [-71.6628485384882, -33.2792382460251], [-71.6628111955219, -33.2792734963242], [-71.6628081089106, -33.2792766264792], [-71.6627144065416, -33.2793722223195], [-71.6626829744898, -33.2794063167821], [-71.6626600638568, -33.2794341126322], [-71.6625883252965, -33.2795256656956], [-71.6625757039668, -33.2795397303235], [-71.6625491309023, -33.279565283662], [-71.6625146122392, -33.2796025081925], [-71.6624830661014, -33.2796415508629], [-71.6624542095195, -33.2796828900536], [-71.6624250600869, -33.2797281321353], [-71.6623932094202, -33.2797530658496], [-71.6623660497559, -33.2797707269446], [-71.662351778221, -33.2797802134828], [-71.6623092762299, -33.2798110672545], [-71.6622692688604, -33.279844189762], [-71.6622619781336, -33.2798507151311], [-71.6622037906594, -33.2799034437601], [-71.6621737375215, -33.2799321684281], [-71.6621392188584, -33.2799693935531], [-71.6621246356081, -33.279986761718], [-71.6620892464775, -33.2800302560876], [-71.66207228359, -33.2800519304183], [-71.662043845623, -33.2800926213104], [-71.6620413680695, -33.2800964753901], [-71.6620098165418, -33.2801194924738], [-71.6619405339755, -33.2801725739053], [-71.6619148646162, -33.2801852573602], [-71.6618679312359, -33.2802111882571], [-71.6618451382822, -33.2802251754228], [-71.6618254813471, -33.2802376598581], [-71.6618199980306, -33.2802404813222], [-71.6617734239764, -33.2802662274596], [-71.6617286106202, -33.2802946809015], [-71.6617198682158, -33.280300698569], [-71.6617144019673, -33.2803045128372], [-71.6616806423806, -33.2803293472565], [-71.6616406341128, -33.2803624703184], [-71.6616054291368, -33.2803955708381], [-71.6615951577999, -33.2804058503508], [-71.6615856563191, -33.2804110884859], [-71.661569985209, -33.2804189505696], [-71.6615230527269, -33.2804448813971], [-71.6614782393707, -33.2804733340298], [-71.6614356062256, -33.2805042881886], [-71.661311229983, -33.2806008101515], [-71.6612713492759, -33.2806338302254], [-71.6612623265972, -33.2806419296003], [-71.6611821079406, -33.2807150559943], [-71.6611537867547, -33.2807422055813], [-71.6611192671933, -33.2807794318628], [-71.6610934891379, -33.2808109116017], [-71.6610742777672, -33.2808357563907], [-71.6610685087864, -33.2808433187937], [-71.6610400708195, -33.2808840093169], [-71.661026062491, -33.2809065853659], [-71.6609975769133, -33.2809373170803], [-71.6609807900956, -33.2809560473347], [-71.6609546967315, -33.2809879347931], [-71.6608701086694, -33.2810974887499], [-71.6608669888204, -33.2811015605699], [-71.6608014414491, -33.2811877153392], [-71.660799107626, -33.2811907988647], [-71.6607706696591, -33.281231489226], [-71.6607525757926, -33.2812610342779], [-71.6607242034027, -33.2813101160502], [-71.6606672600951, -33.2813853033212], [-71.6606519986168, -33.2814063029366], [-71.6605788191588, -33.2815109832745], [-71.6605455177129, -33.2815554922059], [-71.6604763779787, -33.2816281807662], [-71.6604529175767, -33.2816540181134], [-71.6604403420611, -33.2816689287487], [-71.6604029721453, -33.2817144491641], [-71.6603840006248, -33.281738580269], [-71.6603555617595, -33.2817792711258], [-71.6603376565393, -33.2818084923221], [-71.6603055273948, -33.2818639983746], [-71.6602982231933, -33.2818769429228], [-71.6602763492161, -33.2819204040587], [-71.6602579077016, -33.2819649728592], [-71.660250406769, -33.281986375608], [-71.6602176766516, -33.2820853914143], [-71.6601913254711, -33.2821467466131], [-71.6601851387737, -33.282153651802], [-71.6601131720413, -33.2822217161326], [-71.6600181015382, -33.2823066825115], [-71.6599840176597, -33.2823390320744], [-71.6599733798101, -33.282349976718], [-71.6599158795471, -33.282410329937], [-71.6598495227937, -33.2824612411756], [-71.6598462107052, -33.2824637952227], [-71.6598254901649, -33.2824804074162], [-71.6597833969073, -33.2825152989448], [-71.6597641073832, -33.2825318089967], [-71.6597267617219, -33.2825670579657], [-71.6596938205004, -33.2826024661258], [-71.6596508100629, -33.2826517934613], [-71.6596184725094, -33.2826917434385], [-71.6595900336441, -33.282732433851], [-71.6595803525003, -33.282747822668], [-71.6595118361969, -33.2828600073029], [-71.6595059558251, -33.2828698186735], [-71.6594401120097, -33.2829817951343], [-71.6593746984873, -33.2830868610802], [-71.6593302794915, -33.2831553414678], [-71.6592655199426, -33.2832337517837], [-71.6592448515046, -33.2832597433539]]]}, "properties": {"nom_min": "VALPO", "region": "Valparaíso", "categoria": "Santuario de la Naturaleza", "sup_ha": 144}}, {"type": "Feature", "geometry": {"type": "Polygon", "coordinates": [[[-71.6471904179958, -33.0215465569541], [-71.6471235590841, -33.0213690064088], [-71.64685301347, -33.0219971887344], [-71.6467855167545, -33.0221531407211], [-71.6467046045986, -33.0222591514898], [-71.6465692186038, -33.0223906925793], [-71.6464070816781, -33.0225395690808], [-71.6462848919349, -33.0226579777623], [-71.6461777390912, -33.0228218634966], [-71.64612371441, -33.0229240532572], [-71.6461246630309, -33.0230232301237], [-71.6461258820447, -33.023131413561], [-71.6462620944896, -33.0231711407172], [-71.6463992887931, -33.0231703717075], [-71.6465886922825, -33.0231123592823], [-71.6466971539716, -33.0230566553576], [-71.6467925433767, -33.0230096477765], [-71.6469552722921, -33.0229509445662], [-71.6471196873453, -33.0229193134023], [-71.6472287113797, -33.0229177377188], [-71.6473240190381, -33.0229968901749], [-71.6473261417571, -33.0232583920188], [-71.6472863257288, -33.023410507281], [-71.6471652013875, -33.023605563853], [-71.6470849180522, -33.0237296576713], [-71.6470035154161, -33.0238310999712], [-71.6469365010959, -33.0239239641168], [-71.646868707038, -33.0240347931418], [-71.6467748798032, -33.0241810382544], [-71.6467344241744, -33.0242971219144], [-71.6466947366052, -33.0244447298508], [-71.6466682336093, -33.0245612560339], [-71.6466694786743, -33.0247054825049], [-71.6466980900161, -33.0248324353467], [-71.6467806406991, -33.0249834309308], [-71.6468778581758, -33.0251528022397], [-71.6469330776164, -33.0252489066577], [-71.6470153327536, -33.0253547773788], [-71.6470850177652, -33.0254918647328], [-71.6471261983344, -33.0255876034927], [-71.6472234436589, -33.0257930181173], [-71.6472919437926, -33.0259256234335], [-71.6473345472932, -33.0261070119809], [-71.6473631721097, -33.0262519868296], [-71.6473637901507, -33.0263782053673], [-71.6473643228516, -33.0265044244773], [-71.6473665551651, -33.0266757375297], [-71.6473677148902, -33.026820040376], [-71.6473419251567, -33.0269544999341], [-71.6473147960351, -33.0270529439605], [-71.6473025690657, -33.0272509328002], [-71.6473049531945, -33.0276295752946], [-71.6473198849912, -33.02776523791], [-71.6473485574184, -33.027856144986], [-71.6474181166658, -33.0279976652646], [-71.6475134315107, -33.0280768914866], [-71.6476087176095, -33.0281199980591], [-71.6477740929617, -33.0281875420654], [-71.6479915077184, -33.0282564921495], [-71.6482105690869, -33.0282984463163], [-71.6486473227916, -33.02836879491], [-71.6489053728401, -33.0283892383637], [-71.6491379215143, -33.0283954525883], [-71.649289886816, -33.0283899342726], [-71.6495063942742, -33.0283963397967], [-71.649628089944, -33.0284312015051], [-71.6498324171453, -33.0284231684312], [-71.6499691982237, -33.0284493629074], [-71.6501733080327, -33.0284458381767], [-71.6502965083806, -33.0284401172674], [-71.6504869350512, -33.028445227374], [-71.6506640235364, -33.0284500317024], [-71.6508279004988, -33.0284498727883], [-71.6509508457252, -33.0284532423704], [-71.6511960301022, -33.0284597736655], [-71.6513326701451, -33.0284724529024], [-71.651336789819, -33.0284724393457], [-71.6514824202013, -33.0284720017671], [-71.6516875172588, -33.0284955609668], [-71.6519322300203, -33.0285156172736], [-71.6521232864098, -33.0285388104323], [-71.6522457582241, -33.0285556312113], [-71.6524630364368, -33.028669631181], [-71.652630651289, -33.0288994706082], [-71.6526318774894, -33.0290076528584], [-71.6526331315375, -33.0291518788319], [-71.6525932813732, -33.0293581369506], [-71.6525674745717, -33.0294566279994], [-71.6525130384621, -33.0295858635368], [-71.6524323284271, -33.0296693458154], [-71.6523375157405, -33.029788508599], [-71.652256730247, -33.0298899394069], [-71.652175832464, -33.0300139776831], [-71.6521361987937, -33.0301075899541], [-71.6520959587606, -33.0302687272148], [-71.6521252968394, -33.0304137592338], [-71.6522216034244, -33.0305199935376], [-71.6524948394928, -33.0307571877046], [-71.6526319268967, -33.0308285028572], [-71.6528909579055, -33.0308580020928], [-71.6530549830899, -33.0308714273333], [-71.6533000327196, -33.0308644405751], [-71.6535459267657, -33.0308710266698], [-71.6538307088804, -33.030838153429], [-71.6539950754246, -33.0308425599759], [-71.6541725115578, -33.0308382663981], [-71.6543358207849, -33.030833682113], [-71.6544726216263, -33.0308778944334], [-71.6545682598647, -33.0310201833197], [-71.6546380904033, -33.0311527574244], [-71.6546943968053, -33.0314337115625], [-71.654695655345, -33.0315779380844], [-71.6546970836663, -33.0318213569429], [-71.6546853471771, -33.0319562584819], [-71.654645155653, -33.0320633268857], [-71.6546324184406, -33.0321531932405], [-71.6546193353768, -33.0322519304466], [-71.6546202076409, -33.0323511081138], [-71.6546756570502, -33.0324427726101], [-71.6549257417371, -33.0326297847867], [-71.655181049229, -33.032713204686], [-71.6553052736564, -33.0327706836144], [-71.6554010152011, -33.0328227852988], [-71.6555517623872, -33.032957549745], [-71.6556209506304, -33.0330540161816], [-71.6556631633639, -33.0332129557607], [-71.6556637634385, -33.0333030551591], [-71.6556643078176, -33.0334292733888], [-71.6556392771605, -33.0336674944884], [-71.6556134146635, -33.0338020324653], [-71.6555732357158, -33.0339271233415], [-71.6554119836307, -33.0341932115086], [-71.6553586668219, -33.0342954641477], [-71.6553171430962, -33.0343844659303], [-71.6552237380696, -33.0345036743015], [-71.6551693612489, -33.0345968638352], [-71.6550612238516, -33.034733670218], [-71.6550082915218, -33.0348223966789], [-71.6549535859176, -33.0349426279098], [-71.6548362632466, -33.0349954264258], [-71.6548305400799, -33.0351465958827], [-71.654825260681, -33.0352862330271], [-71.6548201941827, -33.0354212874101], [-71.6548153828061, -33.0355473248769], [-71.654810661261, -33.0356734337067], [-71.6549603583165, -33.0358081471018], [-71.655003385822, -33.0359444673711], [-71.655085243904, -33.0360773752135], [-71.6551545237753, -33.0361739135426], [-71.6552237461545, -33.0363065002266], [-71.655321322059, -33.0365569555884], [-71.6553218682346, -33.0366831751816], [-71.6552008454029, -33.0367881254627], [-71.6550235547968, -33.036823883024], [-71.6549006859272, -33.0368205890696], [-71.6547672636496, -33.036819146929], [-71.6546138960777, -33.0367813455165], [-71.6544630725348, -33.0366646773445], [-71.6543128787109, -33.0365163842403], [-71.6541748381944, -33.0363639165646], [-71.6540922201378, -33.0362670704335], [-71.6539958901966, -33.0361428165409], [-71.6539409995395, -33.0360376975537], [-71.6538720780959, -33.0359501606823], [-71.6537480378232, -33.0358521995317], [-71.653502212049, -33.0357284684483], [-71.6535076243986, -33.0355843955718], [-71.6532134315329, -33.0354502443911], [-71.653063340117, -33.0353696059793], [-71.652871672873, -33.0352563158032], [-71.6526800020358, -33.0351429524316], [-71.652474704654, -33.0350518179081], [-71.6523239296201, -33.0349892126667], [-71.6522009089352, -33.0349543806638], [-71.6520782853057, -33.0349240468672], [-71.6518735035569, -33.0348734488452], [-71.6517225389784, -33.0348513252393], [-71.6516007768332, -33.0348525851636], [-71.6515280456345, -33.0348543526725], [-71.6514233326152, -33.0348568747803], [-71.6512881550295, -33.0348757774076], [-71.6511790097225, -33.0349674724136], [-71.6511126341045, -33.0350963700153], [-71.6511121840485, -33.0351955015549], [-71.6511127814282, -33.0352856757412], [-71.6511407882038, -33.0354126404534], [-71.6512380892238, -33.0355459595304], [-71.651306944192, -33.0356694702159], [-71.6514172402409, -33.0358121904133], [-71.6515551451117, -33.0359690962107], [-71.651561716288, -33.0359776723228], [-71.6516921489724, -33.0361485474933], [-71.6518294968877, -33.0363189817804], [-71.651981731684, -33.03650335372], [-71.6520503054795, -33.0365998358547], [-71.6521573783732, -33.0367460955115], [-71.6522705723872, -33.0369122413855], [-71.6524949356125, -33.0371331911228], [-71.6525738157793, -33.0373305714255], [-71.6526845987151, -33.0374777117147], [-71.6528082536106, -33.0376388332387], [-71.6528636176799, -33.0377304259641], [-71.6529055276811, -33.0378442423653], [-71.6529064259964, -33.0379794645261], [-71.6528670160066, -33.0381361525934], [-71.6527304873548, -33.0382271009321], [-71.6525807193323, -33.0382771902164], [-71.6524729915668, -33.0382788175867], [-71.6522806865189, -33.038147444799], [-71.6521160208358, -33.0380078023994], [-71.6519106938096, -33.0378310591687], [-71.6518000069936, -33.0377514267756], [-71.6517183627107, -33.0376636430942], [-71.651609680036, -33.0375777630852], [-71.6515943188447, -33.0375656062826], [-71.651375610514, -33.0374425500976], [-71.6512392839831, -33.0374028293746], [-71.6511161995178, -33.0374040440781], [-71.6510070991266, -33.037441669758], [-71.650940334538, -33.037525519623], [-71.6507781940191, -33.0376924231203], [-71.6506703449811, -33.0378743507425], [-71.6506035345785, -33.0380122673268], [-71.6505499949875, -33.0381189556046], [-71.6504421459494, -33.0383008800869], [-71.6503210844902, -33.0384779160691], [-71.6502396468198, -33.0385433157013], [-71.6501439124616, -33.0386173664461], [-71.6499546886353, -33.0387204377982], [-71.6497904604316, -33.0387475637603], [-71.6496684755043, -33.0387533337023], [-71.6494723813626, -33.0386534275015], [-71.6492984235061, -33.0385811216292], [-71.6491349759385, -33.0384820722173], [-71.648985039931, -33.0384329642896], [-71.6488755523659, -33.0384255406018], [-71.6486848472176, -33.0384294444767], [-71.6485618292277, -33.0384621928893], [-71.6484402961529, -33.0385445454503], [-71.6483181612068, -33.0386449329803], [-71.6481972111387, -33.0387994382518], [-71.6480741706908, -33.0389222990056], [-71.6479405346142, -33.0391305471741], [-71.6478194650701, -33.0393075822422], [-71.6476566903406, -33.0395239835571], [-71.6474687259523, -33.0397893733104], [-71.6472663696547, -33.0400633402378], [-71.6471045165967, -33.0402753644963], [-71.646969760321, -33.0404610346891], [-71.646783882719, -33.0406498574829], [-71.6466797185702, -33.0408262373635], [-71.6466581823596, -33.0408627380439], [-71.6465242444491, -33.041025937792], [-71.6464021858598, -33.0411758830031], [-71.64629251953, -33.0413678150611], [-71.6461749129913, -33.0413646982403], [-71.6460642405483, -33.0415318324233], [-71.6459428449157, -33.0416277721371], [-71.6457936051026, -33.0417544370386], [-71.6456991014364, -33.0418465541142], [-71.6455915560289, -33.0419833386972], [-71.6455384575108, -33.0421666844506], [-71.6455256268736, -33.0423827082521], [-71.6455408137918, -33.0425092801986], [-71.6455961212672, -33.0425874361236], [-71.6456514934213, -33.0426970541551], [-71.645773861031, -33.0427859729008], [-71.6461295759172, -33.0428947563346], [-71.6462792460233, -33.0429347885924], [-71.6463886545367, -33.0429422902146], [-71.6465244717228, -33.0429414023997], [-71.646633443655, -33.0428902652988], [-71.6467566556811, -33.0428169636402], [-71.6468367431836, -33.0426974532588], [-71.6470393411279, -33.0425045805545], [-71.647242699047, -33.0422756478702], [-71.6473908995093, -33.0421083803059], [-71.6475401276443, -33.041963690587], [-71.6476882652246, -33.0418324678767], [-71.6478245073138, -33.0416964007012], [-71.6480683981168, -33.0415091502307], [-71.6482713625738, -33.0413433774962], [-71.6485152524785, -33.0411561255222], [-71.6487455984836, -33.0409910253414], [-71.6489218173997, -33.0408605331385], [-71.6490546818235, -33.0407757971048], [-71.6491116466906, -33.0407394274178], [-71.6492874505849, -33.0406360526923], [-71.649477636507, -33.0405239508149], [-71.6497071362991, -33.0403453503497], [-71.6498993362441, -33.0403414857182], [-71.6501269899983, -33.0403706240722], [-71.650279901226, -33.0402525923676], [-71.6504837388454, -33.0402039402673], [-71.6507019944252, -33.0401827562969], [-71.650838637163, -33.0401774149324], [-71.6510828675292, -33.0401569320428], [-71.651232852944, -33.0401519687066], [-71.6514782888493, -33.0401540621787], [-71.6516873133412, -33.0401673436769], [-71.6517238639935, -33.0401696675812], [-71.6518332662186, -33.040177090369], [-71.6520652857852, -33.0401968269841], [-71.6522148004828, -33.040205389883], [-71.6524331072665, -33.0401977163328], [-71.6525425112883, -33.0402051391183], [-71.6527473514276, -33.0402016683242], [-71.6528691225559, -33.0402004062172], [-71.6530606209166, -33.040196552875], [-71.653210246107, -33.0401825108035], [-71.6534821347024, -33.0401222150402], [-71.6537546386439, -33.0400619787265], [-71.6539447868367, -33.0400219602241], [-71.6540946150463, -33.0399854584423], [-71.6543534610022, -33.0399698296627], [-71.6546529566229, -33.0399733501672], [-71.6548712652033, -33.0399657473834], [-71.6551158827434, -33.0399903043122], [-71.6553214927388, -33.0400183516149], [-71.655580724072, -33.0400974021119], [-71.6557862783719, -33.0401615678031], [-71.6559445237957, -33.0402330929747], [-71.6561278501823, -33.0403104346172], [-71.6562505537619, -33.040372302611], [-71.6563737568048, -33.0404567604062], [-71.6564697786238, -33.0405178669693], [-71.6565664472299, -33.0406151519702], [-71.6565670850337, -33.0406159509494], [-71.6566764845639, -33.0407487869828], [-71.656828379797, -33.040924148554], [-71.6569250052839, -33.0410754275715], [-71.6570205869285, -33.0412357390238], [-71.6570629200362, -33.0413721457776], [-71.6571056960134, -33.0415670436147], [-71.6571476985412, -33.0417304167618], [-71.6571486067379, -33.0418656389819], [-71.6570550957101, -33.0420749622981], [-71.6569748959182, -33.0422486223944], [-71.6568938508116, -33.0423591482471], [-71.6567310536242, -33.0424719330443], [-71.6566091648166, -33.042545289961], [-71.6564183374974, -33.0426212974696], [-71.6562008697401, -33.0426424763355], [-71.6559935152164, -33.0427288077406], [-71.6558556786175, -33.0425836499052], [-71.6554632172463, -33.0424604621725], [-71.6553398246589, -33.0424165568753], [-71.6551758057627, -33.0423310459656], [-71.6550530716404, -33.0422331340799], [-71.6549425186733, -33.042167018043], [-71.6548198132971, -33.0421051490507], [-71.6545736012474, -33.0419399919121], [-71.654436768965, -33.0418515384398], [-71.6540532961365, -33.0417150074247], [-71.6539438912164, -33.0417075855195], [-71.6537537627865, -33.0416754399879], [-71.6536161444782, -33.0416717215034], [-71.6534400010207, -33.0416759881971], [-71.6531938222086, -33.0416784197455], [-71.6530575199323, -33.0416747464431], [-71.6528125098284, -33.041713273187], [-71.6525678015585, -33.0417472116786], [-71.6524452677605, -33.041784535043], [-71.6522135437397, -33.0418098505224], [-71.6520507025349, -33.0418190013835], [-71.6517371869074, -33.041830840572], [-71.6503746869632, -33.0418821183521], [-71.6502246260899, -33.0419051769649], [-71.6501155760043, -33.041906682277], [-71.6498570812897, -33.0419313079437], [-71.6497473457896, -33.0419509244337], [-71.6495307754493, -33.0419991794745], [-71.6493803956741, -33.0420672264092], [-71.6492301578327, -33.0420843044014], [-71.6491637956894, -33.042187644294], [-71.649055253152, -33.0422793241596], [-71.6490012239792, -33.0423815154549], [-71.6489748108149, -33.0424980397581], [-71.6489756767908, -33.0425972186932], [-71.648976629005, -33.0426963952576], [-71.649073183525, -33.042883726037], [-71.6491429341136, -33.0429667431494], [-71.6492382678231, -33.0430459649488], [-71.6493339285194, -33.0430980733582], [-71.6494713087741, -33.043128834316], [-71.6495796707502, -33.0431452931184], [-71.6496890783653, -33.0431527179145], [-71.6498391572049, -33.0431477547471], [-71.6500573436143, -33.043144595067], [-71.6503160368566, -33.0431469994661], [-71.6504251615024, -33.0431273945378], [-71.6505476252318, -33.0431081728934], [-71.6507104152326, -33.0430855076733], [-71.6508194653182, -33.0430839278321], [-71.6509286016421, -33.0430823464849], [-71.6511328731478, -33.0430743087224], [-71.6512696775824, -33.0431005003492], [-71.6513787582108, -33.0431350392178], [-71.6514747782332, -33.0431961491942], [-71.6515574160528, -33.0433110940886], [-71.6515998812129, -33.0434609420354], [-71.6516284476389, -33.0436239404321], [-71.6516434045884, -33.043777624466], [-71.6516580147882, -33.0439402532992], [-71.6516867689621, -33.0440626957374], [-71.6517688606061, -33.0442091177031], [-71.6518092237084, -33.0442332239004], [-71.6518794180647, -33.0442752367252], [-71.6519878528043, -33.0442735944054], [-71.6521923704484, -33.0441889542755], [-71.652314264646, -33.0441156017398], [-71.6524087045318, -33.0440596000964], [-71.6525034103189, -33.0440125291702], [-71.6526537900941, -33.0439444784672], [-71.6528843454067, -33.0439326290205], [-71.6530344242463, -33.0439276628849], [-71.6531854184691, -33.043967732324], [-71.6534580158354, -33.0440651912262], [-71.6535952532579, -33.0441319955986], [-71.6537053202365, -33.0441935431368], [-71.6538696149154, -33.0442881350718], [-71.6539786344583, -33.0443586418331], [-71.6541024178129, -33.044447595799], [-71.6542914305352, -33.0445067236946], [-71.6542803084936, -33.0446416856295], [-71.6543639964438, -33.0447475932919], [-71.6544619747935, -33.0448883567772], [-71.6544524005492, -33.045142055029], [-71.6544432107839, -33.0453851826503], [-71.6544382718464, -33.0455157283903], [-71.6542743284088, -33.0455789737322], [-71.65415307471, -33.0456327425156], [-71.6540443677809, -33.0456809240043], [-71.6539083592536, -33.0457223759066], [-71.653775851461, -33.0457342808345], [-71.6535397580346, -33.0457575507848], [-71.6532951548676, -33.0457690347812], [-71.653022975218, -33.0458202530407], [-71.652804237243, -33.0458549700566], [-71.6525868404526, -33.0458875146581], [-71.6523958945558, -33.0459160999828], [-71.6522871130665, -33.0459266871377], [-71.6520981820909, -33.0459230991013], [-71.6519895461286, -33.0459209779054], [-71.6518624956014, -33.0460096562022], [-71.6518247861224, -33.0460360148745], [-71.6516616772196, -33.046103743938], [-71.6514443208534, -33.0462781761942], [-71.6513508942673, -33.0463973082321], [-71.6512970788935, -33.0465446261431], [-71.6512977050193, -33.0466708434737], [-71.6514766997296, -33.0468198574149], [-71.6516547098863, -33.0469418576101], [-71.6518323454455, -33.0470367590837], [-71.6518939159751, -33.0470573119073], [-71.652037787456, -33.0471053638557], [-71.6522694935105, -33.0471521379577], [-71.6525153920482, -33.0472128641355], [-71.6528430830908, -33.0472666808655], [-71.6531572922176, -33.0473066742398], [-71.6534708886934, -33.0473466811498], [-71.6538120122444, -33.0474008735378], [-71.6540984787003, -33.047431114186], [-71.6543987342958, -33.047470738523], [-71.6546307152348, -33.0475265128552], [-71.6549042145096, -33.0475834708428], [-71.6551363400773, -33.0476527596509], [-71.6554781247884, -33.0477610732366], [-71.6556562068103, -33.04785603256], [-71.6557654967461, -33.0479265311943], [-71.6559159151489, -33.0480522909915], [-71.6560242277176, -33.0482274723669], [-71.6562607891662, -33.0484852330961], [-71.6562884330225, -33.0485850972738], [-71.6563166553937, -33.0486895273761], [-71.6563184502277, -33.0489419489316], [-71.6562920720977, -33.0491440811263], [-71.656238835239, -33.0492958934347], [-71.656186412254, -33.0494251608616], [-71.6561182004795, -33.0495134757116], [-71.6559831181153, -33.0496179882922], [-71.6557511767022, -33.0496659168629], [-71.6555878324408, -33.0496705046858], [-71.655247960243, -33.0496524094012], [-71.6549735671445, -33.0495863870309], [-71.6547420362615, -33.0494990639123], [-71.6546192787829, -33.0494912639203], [-71.6544273177899, -33.0494365570355], [-71.6542771437289, -33.0493919662496], [-71.6541408136047, -33.0493702732232], [-71.6539769851514, -33.0493703628265], [-71.6538678407427, -33.0493719478256], [-71.6535744761238, -33.0501933342242], [-71.65369875445, -33.0502868565344], [-71.653808070437, -33.0503843912695], [-71.6539041030358, -33.0504455730178], [-71.6540409083687, -33.0505619466018], [-71.6541238111914, -33.0506677989557], [-71.6541663446234, -33.0507816746888], [-71.6541936453232, -33.0508905574254], [-71.6541129182202, -33.0509740405994], [-71.6539906862561, -33.0510743627627], [-71.6537589110314, -33.0511718469307], [-71.6536103808873, -33.0512083937716], [-71.6534736321483, -33.0512137435025], [-71.653323485935, -33.0512051929683], [-71.6531607543247, -33.0512098409473], [-71.6530100484611, -33.0512148202253], [-71.6528745178375, -33.0512607669087], [-71.6527390716556, -33.0513562706072], [-71.6526715138547, -33.0514987116448], [-71.6526321550688, -33.0516192800247], [-71.6526327560417, -33.0517094524575], [-71.6526195831464, -33.0518082648754], [-71.6525940961452, -33.051987848033], [-71.6525815835116, -33.0521407871151], [-71.6525680099676, -33.0522350286776], [-71.6525555413515, -33.0523338999882], [-71.6525567837215, -33.0524601037508], [-71.6527527817435, -33.0530963158679], [-71.6528757754789, -33.0531177045429], [-71.6530258821663, -33.0531803194884], [-71.6531343420587, -33.0531966988598], [-71.6533123800632, -33.0532285856941], [-71.6535035774883, -33.0532516963006], [-71.6536131575799, -33.0532907262115], [-71.6537635490332, -33.0533803691256], [-71.6538739456934, -33.053505061004], [-71.6539151630936, -33.0536188171162], [-71.6539437959949, -33.0537457666979], [-71.6541007936588, -33.0542277709241], [-71.6543918127766, -33.0542569551302], [-71.654835908412, -33.0543015637815], [-71.6551751347212, -33.0539997029586], [-71.6553506915788, -33.0537970525995], [-71.6555060740719, -33.0535796902224], [-71.6556757586425, -33.0535173564051], [-71.655824962523, -33.0534447472555], [-71.6559321207566, -33.0534293889087], [-71.6560631175829, -33.0534105715796], [-71.6561585204627, -33.0533455338539], [-71.6562883279196, -33.0533805852178], [-71.6564921646407, -33.0534040127697], [-71.6566157728238, -33.0534253840525], [-71.6567498544648, -33.0534858258129], [-71.6569849292016, -33.0535885055584], [-71.6571054804178, -33.0537619494492], [-71.657276562767, -33.0537665754582], [-71.6573973349687, -33.0540232560849], [-71.6574939802186, -33.0541746052131], [-71.6575908392675, -33.0543710084297], [-71.6576328507784, -33.0545343811663], [-71.6576760507604, -33.0547022342455], [-71.6576908927255, -33.0549099873282], [-71.6576934133982, -33.0551804889692], [-71.6576669184872, -33.055296942881], [-71.6576121733572, -33.0553811311254], [-71.6574780009863, -33.0554811937816], [-71.6573421954783, -33.0555677015832], [-71.6572197479185, -33.0556229746157], [-71.657029221535, -33.0556719434577], [-71.6568794984283, -33.0557040161184], [-71.6566625400158, -33.0557928434285], [-71.6565390881396, -33.0557534456988], [-71.6563482751934, -33.055775387873], [-71.6561581476619, -33.0557792917318], [-71.6558986261729, -33.0557768440086], [-71.6557218583862, -33.0557991498343], [-71.6557220596089, -33.0559343120549], [-71.6557243143802, -33.0561056988888], [-71.6557245317725, -33.0562588837959], [-71.655753455728, -33.0564129335284], [-71.6557959361595, -33.0565627817691], [-71.6557965712684, -33.056688996787], [-71.6558248655049, -33.0568249655085], [-71.6558264168954, -33.0569962926349], [-71.6557599029369, -33.0571792607987], [-71.6557053716058, -33.0572589396232], [-71.6555693783499, -33.0573364364698], [-71.6553791915295, -33.0573763846141], [-71.6552024030816, -33.0573806678636], [-71.655079619552, -33.0573548471464], [-71.6548473646268, -33.0572674669826], [-71.654710106543, -33.0572006650456], [-71.6545183854001, -33.0570873811139], [-71.6543400051375, -33.0569744042211], [-71.6541482875879, -33.0568611199983], [-71.6540115011196, -33.0567807895504], [-71.6538062235008, -33.0566716355225], [-71.6536697981552, -33.0566003819479], [-71.6535326110383, -33.0565651165344], [-71.6534233309839, -33.0565712098122], [-71.6531780073681, -33.0566006590176], [-71.6530155982529, -33.0566864722926], [-71.6529064161149, -33.056760145636], [-71.6527716778055, -33.0568737326564], [-71.6525957328756, -33.0570492797097], [-71.6525147668208, -33.0571191776966], [-71.6524337046461, -33.0572297022034], [-71.6523401406177, -33.0574029778004], [-71.6522453027782, -33.0575221422204], [-71.6522102226681, -33.0576011822769], [-71.6521918970363, -33.0576423439726], [-71.652124520695, -33.0577442290814], [-71.6520702849097, -33.0578689546829], [-71.6519348270497, -33.0579644602483], [-71.65133798368, -33.0583781533748], [-71.6510272716946, -33.058593570484], [-71.6504686758947, -33.0587678725949], [-71.650666233392, -33.0594853022649], [-71.6506948483271, -33.0597023662257], [-71.6506549999594, -33.0598185114984], [-71.6505453704604, -33.0598336210334], [-71.6503961234608, -33.0598701070601], [-71.6502607778902, -33.0598935178275], [-71.6501650075995, -33.0599495485511], [-71.6500845257365, -33.0600240126967], [-71.6499886916654, -33.0601160888288], [-71.6498948949733, -33.0602262165718], [-71.6498279264672, -33.0603506209434], [-71.6498009338895, -33.0604625786293], [-71.6498021879377, -33.0606068043], [-71.649831319404, -33.060756346512], [-71.6499139572236, -33.0608531950774], [-71.6499683618922, -33.0609357977345], [-71.6500506565554, -33.0610416654725], [-71.6501606247192, -33.0611753071327], [-71.6503304557152, -33.0612751757392], [-71.6503817683826, -33.0614652405524], [-71.6504512386967, -33.0616113392117], [-71.6505069971264, -33.0617976141424], [-71.6505079538322, -33.0618967909159], [-71.6504539004049, -33.0619809608029], [-71.6503738048176, -33.0621004736228], [-71.6502795886123, -33.0622377191157], [-71.6502117199942, -33.0623350350816], [-71.6502126174112, -33.06247025653], [-71.6502682204324, -33.0626249978069], [-71.6503110548, -33.0627838493948], [-71.6503797777159, -33.0629840315444], [-71.6503825912394, -33.0632094728781], [-71.6503834697917, -33.0632884867481], [-71.6503838183381, -33.0633176543992], [-71.6503149615732, -33.0633878839322], [-71.6501801226524, -33.0635014706819], [-71.650098753254, -33.0635668697999], [-71.6499637715011, -33.0636669419728], [-71.6498826976484, -33.0637773912552], [-71.6498434870845, -33.0639295675524], [-71.6498161378757, -33.0640325219501], [-71.6498176650117, -33.0641858270692], [-71.6498451822055, -33.0642901995199], [-71.6498881315575, -33.064426596159], [-71.6499426952279, -33.0645407333992], [-71.6499853714921, -33.0646680504254], [-71.6500399360608, -33.064782189611], [-71.6501087488082, -33.0648741621441], [-71.6502185795297, -33.0649942891131], [-71.6503010817038, -33.0650776979337], [-71.6503976146642, -33.0651433759347], [-71.6505216935645, -33.0652413368771], [-71.6506303825274, -33.0653028425585], [-71.6509057646709, -33.065558160803], [-71.6502102728083, -33.0655304077102], [-71.6501011966716, -33.0655319886543], [-71.6499920459746, -33.0655515938642], [-71.6498831791454, -33.0655982264217], [-71.6497746419978, -33.0657260252343], [-71.6497356335549, -33.0658556682892], [-71.6497222001481, -33.0659634979989], [-71.6497237713016, -33.0660626610443], [-71.6497105930164, -33.0661614731614], [-71.6497112200404, -33.0662876902256], [-71.6496446899122, -33.0664707309206], [-71.6495918375324, -33.0665774765665], [-71.6495100441292, -33.066669919242], [-71.6493747147283, -33.0667789351509], [-71.6492386253526, -33.066874451375], [-71.6491445358097, -33.0669575520167], [-71.648995014824, -33.0670526871213], [-71.6489345384424, -33.067083665556], [-71.6505195043702, -33.0718440488503], [-71.650559558452, -33.071705369994], [-71.6505580573672, -33.071479974513], [-71.6505571572553, -33.0713447533579], [-71.6505278937366, -33.0711997202347], [-71.6504867455067, -33.0710679388679], [-71.6504574191059, -33.0709589516087], [-71.6504162115872, -33.0708632169937], [-71.6503888345306, -33.0707723573148], [-71.6503596132327, -33.0705732565693], [-71.6504407203231, -33.0704988517858], [-71.6505769103101, -33.0704709150652], [-71.6506857223421, -33.0704603286032], [-71.650875583074, -33.070411383044], [-71.6510537737921, -33.0703711043191], [-71.6513381256138, -33.0703021254729], [-71.6519116675834, -33.0702814260121], [-71.6524329563495, -33.0707731838735], [-71.6524628424007, -33.07102641007], [-71.6524916387955, -33.0711848956971], [-71.6526016824178, -33.0712825631044], [-71.6526213213865, -33.071296770345], [-71.6527110972194, -33.0713620725837], [-71.6528472611552, -33.071406297682], [-71.6529839541987, -33.0714009514364], [-71.6531202322205, -33.0713730842581], [-71.6532425908471, -33.0713402705482], [-71.6533921423756, -33.0713308065873], [-71.6535695892886, -33.0713446080712], [-71.6537205709351, -33.0714207209505], [-71.6537894088353, -33.0715307863703], [-71.6538315802463, -33.071617561443], [-71.6538589617945, -33.0717084187436], [-71.6538597927361, -33.0718616653244], [-71.6538199434701, -33.0719778126178], [-71.6538211777553, -33.0720859923935], [-71.653795476955, -33.072270086954], [-71.6537961102673, -33.0723787978274], [-71.6537982051385, -33.0726937751076], [-71.6537994394237, -33.0728020292799], [-71.6538278648143, -33.0729334888761], [-71.6538291853377, -33.0730416682296], [-71.6538708294377, -33.0731780166772], [-71.6538991110978, -33.0732959628446], [-71.6539012643595, -33.0735573868851], [-71.6539021123691, -33.0737287273597], [-71.6539172220322, -33.0738958520506], [-71.6539188309149, -33.0740311317639], [-71.6538787076627, -33.0741877609504], [-71.6537982779021, -33.0743343895058], [-71.6537312887347, -33.0744407010589], [-71.6535687331941, -33.074598606938], [-71.6534192346662, -33.0747297928591], [-71.653338486902, -33.0748132775128], [-71.6532032221798, -33.0749042745359], [-71.653121754865, -33.0749696779764], [-71.6530125655405, -33.075061375647], [-71.6528376195372, -33.0752099425772], [-71.6527420756219, -33.0753178210438], [-71.652689379549, -33.0753772195201], [-71.6525670873978, -33.0755497051391], [-71.652513559485, -33.0756925112509], [-71.6525153794718, -33.0758728435878], [-71.6526126858817, -33.0760602287333], [-71.6526680930701, -33.0761699149902], [-71.6527711837321, -33.0762870073048], [-71.6527777270606, -33.0762945497442], [-71.6528874508827, -33.0764191813106], [-71.6529980182228, -33.076557313025], [-71.6530810207584, -33.0766452137487], [-71.6531624871749, -33.076737505086], [-71.6531677935233, -33.0768557189709], [-71.6533843701518, -33.0770093931707], [-71.6534807333306, -33.0771156224544], [-71.6535623317994, -33.0772034789619], [-71.6537541284008, -33.0773528785569], [-71.6538638234768, -33.0774414672324], [-71.6539461962934, -33.0775112842894], [-71.6540980367292, -33.0776009680236], [-71.654206830795, -33.0776624665713], [-71.6544264643904, -33.077763042848], [-71.6546446525964, -33.0778680036327], [-71.6553269832419, -33.077944980265], [-71.655547875377, -33.0782798885012], [-71.6555901527892, -33.0784342451884], [-71.6555914239053, -33.0785785437755], [-71.6555649200112, -33.0786949983429], [-71.6554847022529, -33.0788866062368], [-71.6553231483339, -33.0790896233606], [-71.6545526201956, -33.0799432637154], [-71.6552905224211, -33.0801433646775], [-71.6554130490326, -33.0801421558325], [-71.6555222320689, -33.0801405683765], [-71.655672283959, -33.0801355967564], [-71.6557814112997, -33.0801700548577], [-71.6559330603944, -33.0802823426051], [-71.6560023770967, -33.0803788053726], [-71.6560980593525, -33.0805030691026], [-71.6561537450187, -33.0806217581505], [-71.6562083131806, -33.0807178720455], [-71.6562647471434, -33.0808906866599], [-71.6563339776074, -33.0809871510184], [-71.6564025963187, -33.0810836288196], [-71.6564862357598, -33.0811895355451], [-71.6565809855644, -33.0812506680317], [-71.6567455686026, -33.0813407408602], [-71.6568963247719, -33.0813357535013], [-71.6570051718382, -33.0812676225079], [-71.6572372453037, -33.0812738254744], [-71.6574124230723, -33.0812785840173], [-71.6575895349137, -33.0811785649923], [-71.6577118737773, -33.081109775267], [-71.6578611917438, -33.0810191369257], [-71.6580374888133, -33.0809066529118], [-71.6581999958448, -33.0807848601135], [-71.6583896939816, -33.0806367090572], [-71.658606392781, -33.0804441814092], [-71.6586875025663, -33.080369771425], [-71.6588089341315, -33.0802738189811], [-71.6588908892315, -33.0802129801232], [-71.6590125938845, -33.0801261073969], [-71.6592440061899, -33.079988070106], [-71.6593800075306, -33.0799827304036], [-71.6595712642445, -33.080005829469], [-71.6596940810119, -33.0800316442933], [-71.6598715063653, -33.0800995015065], [-71.6600220083114, -33.0801531633971], [-71.6601593966509, -33.0802199554392], [-71.6602968541607, -33.0803182842284], [-71.6603651153426, -33.0804057559167], [-71.6604484861875, -33.0805025813514], [-71.6605030741123, -33.080616715051], [-71.660572471663, -33.0807447856033], [-71.6606289873724, -33.0809491352311], [-71.6606576589014, -33.0810941041094], [-71.6607265695651, -33.0812176803697], [-71.6607964872403, -33.0813862902014], [-71.6608388284329, -33.0815947826669], [-71.6609080436256, -33.0817633338185], [-71.6609364267953, -33.0818812767548], [-71.6609506731774, -33.0819988552312], [-71.6609791677382, -33.0820942661153], [-71.6610345884013, -33.0822039478589], [-71.6611032116042, -33.0823004228201], [-71.6611834643967, -33.0824800386022], [-71.6613244837267, -33.0824838215995], [-71.661447266358, -33.0826161443577], [-71.661543342076, -33.082677318003], [-71.6616528314377, -33.0827207726867], [-71.6618160337653, -33.08282881807], [-71.6618589202353, -33.0829155752246], [-71.6618999687522, -33.083051932454], [-71.6619014662438, -33.0832412826046], [-71.6619046346018, -33.0835297915129], [-71.6618528907431, -33.0838709542772], [-71.6618270408225, -33.0840234397941], [-71.6617736719114, -33.0841797629158], [-71.6617196319589, -33.0842819597657], [-71.6616526481814, -33.0843883481116], [-71.6615715599557, -33.0844808556196], [-71.6614633435066, -33.084581625062], [-71.6613409489475, -33.0846864648101], [-71.6611652789021, -33.0848169635565], [-71.6610561416799, -33.0848726223998], [-71.6607844318492, -33.0849780639323], [-71.6606488554116, -33.0850240208388], [-71.6604716303824, -33.0850913270142], [-71.6602954716535, -33.0851677666979], [-71.6601051887134, -33.0852617922574], [-71.6598737323906, -33.0853637891474], [-71.6596982024824, -33.0854582374922], [-71.6594549791276, -33.0856094542849], [-71.6594539352853, -33.0856359922746], [-71.6594502351246, -33.0857345280108], [-71.6592388732164, -33.0857289229692], [-71.6590474422293, -33.0859771205254], [-71.6589519540096, -33.0860782066262], [-71.6588704983729, -33.0861616345973], [-71.6587501546675, -33.0863522553036], [-71.6586706393918, -33.0865438502793], [-71.6586839128984, -33.0866524388947], [-71.6587677302061, -33.0867726685953], [-71.6589165388278, -33.0867668348145], [-71.6590541607293, -33.0867595393893], [-71.6591626134352, -33.0867538275368], [-71.6593128503783, -33.0867458923589], [-71.6595170931379, -33.0867423458768], [-71.6596399188884, -33.0867681609817], [-71.6597631075583, -33.0868030530205], [-71.6598730011619, -33.0868510802608], [-71.6599693832054, -33.0869573029268], [-71.6600793989799, -33.0871811173339], [-71.6600805847561, -33.0873253443698], [-71.6600278617338, -33.0875177711531], [-71.6599738927481, -33.0876515043133], [-71.6599068478852, -33.0877443764298], [-71.6597982442623, -33.0879082313702], [-71.6597174021749, -33.0879916485735], [-71.6596232847843, -33.0880567337013], [-71.6595274201704, -33.0881307962373], [-71.6593540821516, -33.0882749073148], [-71.6591344844888, -33.0883456257084], [-71.659039662819, -33.0884106541267], [-71.6589179635559, -33.0885155495205], [-71.658822745729, -33.088625714725], [-71.6587555742036, -33.0887726563916], [-71.6587573852072, -33.0890250758873], [-71.6588270181165, -33.0891666596788], [-71.6588963294288, -33.0892450978094], [-71.6590616490855, -33.0894028107811], [-71.6591850892837, -33.0895187956779], [-71.6593023239198, -33.0896413417997], [-71.6594595632305, -33.089819092642], [-71.6595160879231, -33.0899332586555], [-71.6596127259865, -33.0901206492191], [-71.6596266624498, -33.0902832917783], [-71.659628874102, -33.0904906470202], [-71.6596905012254, -33.0907537554867], [-71.6595772937367, -33.0908813664821], [-71.6594840018978, -33.0910817511278], [-71.6593630203886, -33.0912542149807], [-71.6592337231749, -33.0914535932914], [-71.6590232425139, -33.0915155510277], [-71.658588559426, -33.0916120586721], [-71.6575928479005, -33.0915898733102], [-71.6575815785352, -33.0918509186065], [-71.6575818444365, -33.0919501089177], [-71.6575566475911, -33.0922964658315], [-71.6573939743713, -33.0925124358495], [-71.6581001184565, -33.0946350700664], [-71.6581354033826, -33.0945654780788], [-71.6583634757518, -33.0941434418435], [-71.6591285600995, -33.093811502772], [-71.6594921118882, -33.0937680671155], [-71.6596142818685, -33.0937398292236], [-71.6597373708254, -33.09370706525], [-71.6598318367624, -33.093632959998], [-71.6599267356873, -33.0935499071326], [-71.6600052789858, -33.0933988093582], [-71.6601160008362, -33.0933953361458], [-71.6603163152631, -33.0933890655485], [-71.6603561645291, -33.0932729894254], [-71.6604566141442, -33.0933071834871], [-71.6606194751119, -33.0932664802473], [-71.66076987465, -33.0932344619174], [-71.6608927632826, -33.0932242289037], [-71.6610016031624, -33.0932136316335], [-71.661164737218, -33.0931820061384], [-71.6612876267489, -33.0931717731186], [-71.6614638348851, -33.0931313731115], [-71.6617509032123, -33.0930804796577], [-71.6619136932131, -33.0930577987063], [-71.6621870173164, -33.0930516620468], [-71.6623739926596, -33.0930860736945], [-71.662389966502, -33.0931240661729], [-71.6630989034495, -33.0932469594833], [-71.6627895991241, -33.0911237792228], [-71.663537021695, -33.0896815371915], [-71.6642387352893, -33.0879727438019], [-71.6653017378162, -33.0869991884851], [-71.6658367492466, -33.086007159004], [-71.6667284071161, -33.0856017079211], [-71.6675429464152, -33.085138592742], [-71.6682159112254, -33.0837276849996], [-71.6686030294173, -33.0815799267624], [-71.6685267390935, -33.0803037592981], [-71.6681262027662, -33.0795101285765], [-71.6674129314475, -33.0783368220746], [-71.6652639699467, -33.0770158531192], [-71.6635229756372, -33.0767262434223], [-71.662519284377, -33.075915716753], [-71.6619736530634, -33.0753032433483], [-71.6615739153383, -33.0745391906227], [-71.6617738120486, -33.0736732519129], [-71.6621726101359, -33.07191162783], [-71.6630059493772, -33.0708240849675], [-71.6633214251285, -33.0700447508142], [-71.663290096383, -33.0690054492078], [-71.6626092183134, -33.0676530412208], [-71.6623592306446, -33.0668560976453], [-71.6621174203397, -33.0650783912942], [-71.6617958459259, -33.0631537762368], [-71.6616686247187, -33.0626809718334], [-71.6609815231209, -33.0623688790471], [-71.6606248326643, -33.0617822030467], [-71.6606051622545, -33.0611288740004], [-71.6609180382814, -33.060260522108], [-71.6611815024762, -33.0590068563541], [-71.6608681449522, -33.0548535031498], [-71.6606271557076, -33.0543535066638], [-71.6598290079675, -33.0541030138116], [-71.6593767879687, -33.0528349997047], [-71.6595336185459, -33.051791604396], [-71.6607017455206, -33.0505780192534], [-71.6605630285727, -33.0497193074212], [-71.660770042635, -33.0490909048161], [-71.6615100720711, -33.0486591162347], [-71.6618289829801, -33.0479985568165], [-71.6615799627968, -33.0472312046422], [-71.659902180239, -33.0465242599421], [-71.6591345653372, -33.0460354938004], [-71.6591086660092, -33.0451742256506], [-71.6589197871359, -33.043900591229], [-71.6588195890491, -33.0430705993333], [-71.6594305350704, -33.042106744723], [-71.6594951984995, -33.0405007879204], [-71.6594307273099, -33.0396107969597], [-71.6584249259071, -33.0387110396117], [-71.6571621272813, -33.0380247471328], [-71.656932137009, -33.0366331399657], [-71.6569242408176, -33.0351177321851], [-71.6576077617308, -33.0340631867018], [-71.6578444219941, -33.033166702185], [-71.6577728415373, -33.0320390983657], [-71.6575339390791, -33.0303503832563], [-71.6572752125991, -33.0292565345677], [-71.6568427950624, -33.0286417610207], [-71.6563868775978, -33.028502789673], [-71.6558691497535, -33.0288110379349], [-71.6551982878993, -33.0290333214673], [-71.6547388975478, -33.028775720724], [-71.6544873297424, -33.0279192531287], [-71.6541704750771, -33.0273911608808], [-71.6534119663973, -33.0271993068302], [-71.6519637339373, -33.0266059788178], [-71.6510181726591, -33.0264479266012], [-71.649624542497, -33.0264180854589], [-71.6489351007878, -33.0260167410345], [-71.6484489927431, -33.0248682391843], [-71.6481215190928, -33.0239836736884], [-71.648093973153, -33.0230630477118], [-71.6484111332455, -33.0223431717141], [-71.6484624108785, -33.0215398632072], [-71.6484608217588, -33.0214867892411], [-71.6483993868748, -33.021493486758], [-71.648375288669, -33.021479300103], [-71.6481033120386, -33.021526067474], [-71.647938952681, -33.021629789251], [-71.6477064183798, -33.0217992920357], [-71.6474948435708, -33.021892788], [-71.6474840314481, -33.0218831198782], [-71.6474608854565, -33.0218918841557], [-71.6472853456668, -33.0217068903794], [-71.6471904179958, -33.0215465569541]]]}, "properties": {"nom_min": "VALPO", "region": "Valparaíso", "categoria": "Santuario de la Naturaleza", "sup_ha": 296}}, {"type": "Feature", "geometry": {"type": "Polygon", "coordinates": [[[-71.6592448515046, -33.2832597433539], [-71.6592487196502, -33.2832642130831], [-71.6592495461002, -33.2832630273132], [-71.6592698848566, -33.283237237002], [-71.6593346462021, -33.2831588251874], [-71.6593790651979, -33.2830903455534], [-71.6594444787203, -33.2829852803627], [-71.6595103225357, -33.2828733039064], [-71.6595162020092, -33.2828634917852], [-71.6595847192109, -33.2827513079058], [-71.6595943994564, -33.2827359190894], [-71.6596228392199, -33.2826952279275], [-71.6596543880527, -33.282656186623], [-71.6596559681893, -33.2826543692809], [-71.659698187211, -33.2826059513694], [-71.6597311275342, -33.2825705432107], [-71.6597684749921, -33.2825352942431], [-71.6597877627196, -33.2825187841918], [-71.6598298568755, -33.2824838919137], [-71.6598505765175, -33.2824672804718], [-71.6598538895043, -33.2824647271758], [-71.6599202462577, -33.2824138151882], [-71.6599777465207, -33.2823534627226], [-71.6599883843703, -33.2823425165775], [-71.6600224682488, -33.2823101670159], [-71.6601175396503, -33.2822252006404], [-71.660189504586, -33.2821571370635], [-71.6601956921817, -33.2821502318749], [-71.6602220442605, -33.2820888766786], [-71.6602547734796, -33.2819898608762], [-71.6602622744122, -33.2819684581283], [-71.6602807159267, -33.2819238900805], [-71.6603025890055, -33.2818804281954], [-71.6603098941054, -33.2818674836476], [-71.6603420214532, -33.2818119768464], [-71.6603599284701, -33.2817827564023], [-71.6603883673354, -33.2817420647961], [-71.6604073388559, -33.2817179336922], [-71.6604447078734, -33.2816724140296], [-71.6604572833891, -33.2816575033948], [-71.660480743791, -33.2816316667997], [-71.6605498835251, -33.2815589767403], [-71.6605831849711, -33.2815144678107], [-71.6606563653274, -33.2814097882279], [-71.6606709342046, -33.2813897055583], [-71.6606723185085, -33.2813878709173], [-71.660728569215, -33.2813136020963], [-71.6607569416049, -33.281264518824], [-71.6607750354713, -33.2812349737733], [-71.6608034734383, -33.2811942826627], [-71.660805809058, -33.2811912006393], [-71.6608713546327, -33.2811050451224], [-71.66087447538, -33.2811009733026], [-71.6609590625438, -33.2809914201012], [-71.6609851568062, -33.280959531893], [-71.6610019427256, -33.2809408016394], [-71.6610304283032, -33.2809100706772], [-71.6610444375301, -33.2808874953801], [-71.661072875497, -33.2808468026055], [-71.6610786435795, -33.2808392424558], [-71.6610978567468, -33.2808143954148], [-71.6611236339039, -33.2807829156772], [-71.6611581516686, -33.2807456908992], [-71.6611864746512, -33.2807185405623], [-71.6612666933078, -33.2806454149221], [-71.6612757150882, -33.2806373147966], [-71.6613154664378, -33.28060439836], [-71.6613157242543, -33.28060419259], [-71.6614398426805, -33.2805078741481], [-71.6614401031919, -33.2805076721328], [-71.6614826042847, -33.2804768193584], [-71.6615274185392, -33.2804483659758], [-71.6615743519196, -33.2804224359003], [-71.6615900212331, -33.2804145730661], [-71.6615995236122, -33.2804093349311], [-71.6616097958474, -33.2803990561698], [-71.6616449990268, -33.2803659564024], [-71.6616850099895, -33.2803328325909], [-71.6617187695762, -33.2803079974216], [-71.6617242349264, -33.2803041846555], [-71.6617329773308, -33.2802981654863], [-71.661777790687, -33.2802697135475], [-71.6618243638429, -33.2802439666601], [-71.6618298471594, -33.2802411451961], [-71.6618495040945, -33.2802286607614], [-71.6618722979465, -33.2802146728452], [-71.6619192304285, -33.2801887427003], [-71.6619449006861, -33.280176058495], [-71.662014182354, -33.2801229778165], [-71.6620457347801, -33.2800999607338], [-71.6620482114353, -33.2800961066541], [-71.6620766494023, -33.2800554150127], [-71.6620936122898, -33.2800337414339], [-71.6621290005221, -33.279990247817], [-71.662143585569, -33.2799728773998], [-71.6621781051304, -33.2799356530273], [-71.6622081564716, -33.2799069283605], [-71.6622663448442, -33.2798542004845], [-71.662273635571, -33.2798476743647], [-71.6623136429405, -33.2798145526095], [-71.6623561440332, -33.2797836980881], [-71.6623704164665, -33.2797742123013], [-71.6623975761308, -33.279756551207], [-71.6624294267975, -33.2797316174936], [-71.6624581576152, -33.27968702277], [-71.6624589957434, -33.2796857265555], [-71.6624874337103, -33.2796450362247], [-71.6625189798482, -33.2796059935558], [-71.6625534967146, -33.2795687682759], [-71.6625800697791, -33.2795432149384], [-71.6625926911088, -33.279529151062], [-71.6626644305674, -33.2794375980023], [-71.6626873403021, -33.2794098014022], [-71.6627187723539, -33.279375706941], [-71.6628124756212, -33.2792801118555], [-71.6628155613342, -33.2792769817007], [-71.6628529051988, -33.279241730652], [-71.66289291167, -33.2792086071648], [-71.6629063055509, -33.2791984394098], [-71.6629420144818, -33.2791718968999], [-71.6629544552501, -33.2791606634746], [-71.6629881007508, -33.2791325235802], [-71.662999521033, -33.2791207561902], [-71.6630275799109, -33.2790938441654], [-71.6630464885493, -33.2790741837752], [-71.6630546353706, -33.2790658394293], [-71.6630919801336, -33.2790305890463], [-71.6631085262028, -33.2790163591165], [-71.6631494570404, -33.2789821225627], [-71.6631729165441, -33.2789632281669], [-71.6632154158402, -33.2789323748466], [-71.6632217920821, -33.2789280851354], [-71.6633221770184, -33.2788612145802], [-71.6633664468939, -33.2788293038148], [-71.663405150808, -33.278788788068], [-71.6634150529373, -33.2787786135051], [-71.6634523959037, -33.2787433645081], [-71.6634684326282, -33.2787295626024], [-71.6635064089068, -33.2786977426601], [-71.6635349995873, -33.2786711767169], [-71.6635646601614, -33.2786462111515], [-71.663678041025, -33.2785553323175], [-71.6636883887187, -33.2785471756728], [-71.6637308880148, -33.2785163207034], [-71.663734510022, -33.2785138746853], [-71.663785528042, -33.2784796018863], [-71.6638267184927, -33.2784535931216], [-71.6638736491781, -33.2784276639556], [-71.6639224986649, -33.2784043655503], [-71.6639371537805, -33.2783980511053], [-71.6639628554791, -33.2783853350975], [-71.6639993315712, -33.2783682767789], [-71.664049890552, -33.2783477127664], [-71.6640627993426, -33.2783430002108], [-71.6640870296008, -33.2783335728459], [-71.6640896850208, -33.2783325860254], [-71.6640938253559, -33.2783310547262], [-71.6641432228151, -33.2783142998031], [-71.6641904840805, -33.2783009792239], [-71.6642757198279, -33.2782792473821], [-71.6642969470181, -33.2782724147343], [-71.6643183008707, -33.2782660762476], [-71.6643361629718, -33.2782599142468], [-71.6643422212101, -33.2782578910377], [-71.6643628555121, -33.2782512551517], [-71.6644161777108, -33.2782364100211], [-71.6644210393931, -33.2782352151708], [-71.6645057478294, -33.27821464587], [-71.6645552512898, -33.2782039552989], [-71.6646104240179, -33.2781950844145], [-71.6646282438982, -33.2781928839664], [-71.6646475217442, -33.2781901405408], [-71.6646863343544, -33.2781857584194], [-71.664733735757, -33.2781809842726], [-71.6647613661385, -33.2781788544187], [-71.6648536743221, -33.2781717401357], [-71.6648541252764, -33.2781717048384], [-71.6649225077308, -33.2781687684034], [-71.6650422648362, -33.2781676426449], [-71.6650861349615, -33.2781681706023], [-71.6651059562882, -33.2781690282516], [-71.6651439235837, -33.2781668781203], [-71.6652313054063, -33.278163560174], [-71.6652481452246, -33.2781630607547], [-71.6653043177777, -33.2781633994586], [-71.6653390484432, -33.2781651568136], [-71.6653441041616, -33.2781654992725], [-71.665365400522, -33.2781671657558], [-71.6654185430576, -33.2781733022289], [-71.665454874521, -33.2781784729075], [-71.6654573700408, -33.2781788318885], [-71.6655123855638, -33.2781883696681], [-71.665566541399, -33.2782009084671], [-71.6656196030862, -33.2782163957139], [-71.6656327059129, -33.2782207320224], [-71.66575678122, -33.2782627883452], [-71.6657954231502, -33.2782768223855], [-71.6658456246016, -33.2782979947289], [-71.6658897597298, -33.2783196079073], [-71.6658966345367, -33.2783217985891], [-71.6659185462431, -33.2783291697036], [-71.6659287439182, -33.2783327377284], [-71.6659585769688, -33.2783437354447], [-71.6660087784201, -33.2783649092739], [-71.6660335791085, -33.2783766887819], [-71.6660607145183, -33.278390081446], [-71.6660843581765, -33.2784021861355], [-71.6661308406026, -33.2784286815662], [-71.6661724334986, -33.278455774788], [-71.6662060987622, -33.2784791249989], [-71.6662088242507, -33.2784810235363], [-71.6662507926425, -33.2785123876985], [-71.666278440092, -33.2785354780471], [-71.666283070009, -33.2785395274565], [-71.6662948594987, -33.2785500377457], [-71.6663315934073, -33.2785857359204], [-71.6663654679784, -33.278623375422], [-71.6663735851553, -33.2786332045419], [-71.6663768190903, -33.2786371923645], [-71.6663995770097, -33.2786667818526], [-71.6664273151891, -33.2787078128432], [-71.6664452410706, -33.278738682014], [-71.6664737356314, -33.2787404228354], [-71.6665293754835, -33.2787469182469], [-71.6665578215352, -33.2787514550464], [-71.6665736983596, -33.2787518635911], [-71.6665973671707, -33.2787529322661], [-71.666605431347, -33.2787533896259], [-71.6666377886635, -33.2787557447662], [-71.6666934294139, -33.2787622401765], [-71.6667122724753, -33.2787651510575], [-71.6667200420042, -33.2787664270086], [-71.6667562108725, -33.2787730538434], [-71.6667795176625, -33.2787780562622], [-71.6667878441469, -33.2787764423607], [-71.6668306704297, -33.2787692800623], [-71.6668766237481, -33.2787626149262], [-71.6668889701934, -33.2787609018923], [-71.666944716945, -33.2787550786279], [-71.6669968147399, -33.27875286768], [-71.6670225056587, -33.2782430444062], [-71.6663007263959, -33.2776921033441], [-71.6661489021297, -33.2774035608803], [-71.6655446314892, -33.2773564528276], [-71.6645424404155, -33.2769917449474], [-71.6641207119324, -33.2765630884494], [-71.6639575994363, -33.2765751686086], [-71.6629161421033, -33.276262783491], [-71.6625380825227, -33.2762623043384], [-71.6617647175047, -33.2760299893974], [-71.6609681319349, -33.2753690460247], [-71.6606085255469, -33.2746300807277], [-71.6606277629687, -33.2739173303433], [-71.6605220716839, -33.2734647266455], [-71.6607382261043, -33.2725074528429], [-71.6600311073469, -33.2724367710194], [-71.6586738445807, -33.2714788497957], [-71.6585105461334, -33.2711476299695], [-71.6577581774386, -33.2709320021832], [-71.656889415829, -33.270246826609], [-71.6565718622744, -33.2702192877056], [-71.6564487454697, -33.2705394680419], [-71.6553619708256, -33.2707515134417], [-71.6548577734061, -33.2706335532812], [-71.6546926747349, -33.2702422901186], [-71.6544725470661, -33.2700581797646], [-71.654199730511, -33.2701584153271], [-71.6521889999695, -33.2715745405468], [-71.6510238868426, -33.2718997923307], [-71.6510353008366, -33.2722771745412], [-71.6515028847218, -33.2732112614813], [-71.651535056087, -33.2742747937686], [-71.6524243226413, -33.2756375803144], [-71.6532487200523, -33.2768815887789], [-71.6553163229344, -33.2790259238405], [-71.6559843946213, -33.279492255436], [-71.6592448515046, -33.2832597433539]]]}, "properties": {"nom_min": "VALPO", "region": "Valparaíso", "categoria": "Santuario de la Naturaleza", "sup_ha": 96}}, {"type": "Feature", "geometry": {"type": "Polygon", "coordinates": [[[-71.69353915498, -33.3648535073732], [-71.6933848854997, -33.3649429015321], [-71.6932770337667, -33.3649705770825], [-71.6931320744259, -33.3649737236678], [-71.6930837854878, -33.3649747717793], [-71.6929823845568, -33.365017558275], [-71.6928873652577, -33.3650702871682], [-71.6928587090001, -33.3651215020099], [-71.6928615189303, -33.3652126559957], [-71.6927655294506, -33.3655308887963], [-71.6934930561346, -33.3658419915456], [-71.6935603318646, -33.3657343604316], [-71.6936664678154, -33.365651032881], [-71.6938158468674, -33.3655971226906], [-71.6939282063465, -33.3655186829138], [-71.6939738425595, -33.3654315738724], [-71.6939938183965, -33.3652944286856], [-71.6940936607504, -33.3652011200479], [-71.6941774097861, -33.3651739682502], [-71.694304162971, -33.3651712148069], [-71.694521556168, -33.3651664941894], [-71.6947186016256, -33.365091310143], [-71.6949979857638, -33.3649433231776], [-71.6951281543434, -33.3648544504497], [-71.6952450880439, -33.3647303401365], [-71.6952716673966, -33.3646132888605], [-71.6952691664868, -33.3645322470365], [-71.6952061730258, -33.3644475708617], [-71.6951305681166, -33.3643478795692], [-71.6949716166169, -33.3642854508168], [-71.6947236321912, -33.364275696625], [-71.6946564418012, -33.3642518231965], [-71.6946311596158, -33.3642169201122], [-71.6945921960887, -33.3641265521124], [-71.6944935008834, -33.3640628882623], [-71.694404350278, -33.364110394381], [-71.6942919925955, -33.3641888339268], [-71.6941499321181, -33.3642830604735], [-71.6939328955522, -33.364297891705], [-71.6938366275948, -33.3643101015101], [-71.6938395947302, -33.3644062733591], [-71.6938224288234, -33.3646345722865], [-71.693759140715, -33.3647372807994], [-71.69353915498, -33.3648535073732]]]}, "properties": {"nom_min": "VALPO", "region": "Valparaíso", "categoria": "Santuario de la Naturaleza", "sup_ha": 2}}, {"type": "Feature", "geometry": {"type": "Polygon", "coordinates": [[[-71.5542059520569, -32.9406840445805], [-71.5541664432524, -32.9407190148257], [-71.5541401154281, -32.9407355816974], [-71.5541115597818, -32.9407097961801], [-71.5540940022096, -32.940693239858], [-71.5540764617053, -32.940680340686], [-71.5540347484351, -32.9406858840885], [-71.5540194195831, -32.9406950612722], [-71.553977717991, -32.9407116477498], [-71.5539338074416, -32.940724548425], [-71.5538636112886, -32.9407540167206], [-71.5538394555907, -32.9407761156741], [-71.5538350807952, -32.9407945235486], [-71.553824090806, -32.9408129570517], [-71.5538065242507, -32.9408387251994], [-71.5538065458102, -32.940895822955], [-71.5537977674733, -32.9409271359736], [-71.5537384912409, -32.9409418663194], [-71.5537099894936, -32.9409179256426], [-71.5536748554845, -32.9408902795657], [-71.5536661121819, -32.9408847708552], [-71.5536441322035, -32.940877390977], [-71.5536287907751, -32.9408663660151], [-71.5536616987589, -32.9408516213328], [-71.5537143876452, -32.9407632353616], [-71.5536814554069, -32.94074666171], [-71.5536419627721, -32.9407319200232], [-71.5536090520933, -32.9407374317588], [-71.553576102787, -32.9407963849172], [-71.5535848999886, -32.940847948355], [-71.553549792929, -32.9408258418804], [-71.5535234579181, -32.9408147829869], [-71.5534861427995, -32.9408240038832], [-71.5534400511406, -32.9408387221838], [-71.5534246935425, -32.9408682130582], [-71.5534203142555, -32.9409124003482], [-71.5534378718277, -32.9409533315462], [-71.5535432756516, -32.9409769186371], [-71.5536065170476, -32.9409827899649], [-71.5536205568172, -32.9410201748138], [-71.5536440145242, -32.9410712903084], [-71.5536767841674, -32.9410928908592], [-71.5536978909834, -32.9410988111824], [-71.5537119334479, -32.9411027344423], [-71.5537821960761, -32.9411243432783], [-71.5537822230256, -32.9411892338354], [-71.5537845442723, -32.9412501618893], [-71.5537845281026, -32.941267853468], [-71.5537939181923, -32.9413110944246], [-71.5538220390539, -32.9413583098732], [-71.5538594925131, -32.9413995725767], [-71.5538641700408, -32.9414388849469], [-71.5538712307989, -32.9415076939918], [-71.5538712173242, -32.9415528994666], [-71.5538712119343, -32.9415588092045], [-71.5538641916003, -32.9416177866937], [-71.5538618586755, -32.9416295782666], [-71.5538149854823, -32.9416689108895], [-71.5538103124462, -32.9416708898462], [-71.5537868942651, -32.9417003600881], [-71.5537845613403, -32.9417593525606], [-71.5537845307976, -32.9417613104064], [-71.55381966301, -32.941802584984], [-71.5538688619415, -32.941790794942], [-71.5539086797665, -32.9417711448685], [-71.5539321311853, -32.9417671937444], [-71.5539578777996, -32.9417455782805], [-71.55402114884, -32.9417357528623], [-71.554037523331, -32.941727883028], [-71.5540679861006, -32.9417042885985], [-71.5540703136355, -32.9416984052564], [-71.5540961132505, -32.9416649703152], [-71.5541007871849, -32.9416629913583], [-71.5541359292788, -32.9416315444081], [-71.5541710650845, -32.9416394315904], [-71.5541616893679, -32.9416728258313], [-71.5541570010604, -32.9417062720778], [-71.5542155649288, -32.9417337708914], [-71.5542225906526, -32.94176328333], [-71.5542272861466, -32.941798642908], [-71.5541897850767, -32.9418242283278], [-71.5541476433101, -32.9418301139232], [-71.5541429693757, -32.9418320928764], [-71.5541054593227, -32.9418497745381], [-71.5540843767613, -32.9418812297035], [-71.554075036079, -32.9418930174718], [-71.5540656343112, -32.941922498194], [-71.5540843893377, -32.9419441264307], [-71.5541242044677, -32.9419441241691], [-71.55416166691, -32.9419460910575], [-71.5542670949884, -32.9419461129202], [-71.5543186349295, -32.9419441354773], [-71.5543350480481, -32.94194217462], [-71.5543608000523, -32.9419755891014], [-71.5543608171203, -32.9420188380046], [-71.5543608189169, -32.9420326137499], [-71.5544334396228, -32.9420797677486], [-71.5544631954183, -32.9420818183152], [-71.5544985090904, -32.9421674452606], [-71.5545534716128, -32.9421641409868], [-71.5546241079402, -32.9419566484755], [-71.5545789999365, -32.9419492619017], [-71.554561455839, -32.941917968846], [-71.5546009619486, -32.941838752713], [-71.5546250942904, -32.9418295432308], [-71.5546646021966, -32.9418295477541], [-71.5546711724746, -32.9418295613241], [-71.5547128839481, -32.9418148205718], [-71.5547326100535, -32.9418092832712], [-71.5547743089506, -32.9418093164422], [-71.5547830944741, -32.9418056284265], [-71.5547918638279, -32.9417724679409], [-71.5547699143923, -32.9417540444383], [-71.5547348378754, -32.9417466736792], [-71.554708495678, -32.9417430030003], [-71.554666788696, -32.9417411597449], [-71.5546470248614, -32.9417393112123], [-71.5546097106411, -32.9417135199565], [-71.5546821391076, -32.9416398718614], [-71.554686530971, -32.9416159238346], [-71.5546031520413, -32.941540402243], [-71.5546163276315, -32.9415035694613], [-71.5545877782735, -32.9414612385441], [-71.5545526748071, -32.9414575241277], [-71.5545131516296, -32.9414630599425], [-71.554482435535, -32.9414869929328], [-71.5544780742144, -32.9414907013169], [-71.554462695955, -32.9415072665363], [-71.5543990440289, -32.9415404045047], [-71.5543705395866, -32.9415422439948], [-71.5543442063724, -32.9415404180747], [-71.5543288227231, -32.9415385544601], [-71.5542937021888, -32.9415312206236], [-71.5542827687935, -32.9415256833053], [-71.5542498266737, -32.9415072627669], [-71.5542344825503, -32.9414870049951], [-71.554236669948, -32.9414686048037], [-71.5542959039596, -32.9414630720047], [-71.5543200713357, -32.9414612106502], [-71.554326642512, -32.9414612242202], [-71.5543375983652, -32.9414538722839], [-71.5543617675379, -32.9414170356967], [-71.5543748991107, -32.9413451921698], [-71.55441442139, -32.9413304603834], [-71.5544297870729, -32.9413286321973], [-71.5544692725212, -32.9413157105012], [-71.5544912147703, -32.9413065077496], [-71.554508767851, -32.9412954753023], [-71.5545109920796, -32.9412936207292], [-71.5545329136675, -32.94127152869], [-71.5545416803264, -32.9412641480901], [-71.5545373100225, -32.941230997956], [-71.5544934039647, -32.9412273167011], [-71.5544583220579, -32.9412365285077], [-71.5544253781415, -32.941243888001], [-71.5543727171029, -32.9412678263279], [-71.5543090795499, -32.9412420560436], [-71.5542761518031, -32.9412439113717], [-71.5542739617104, -32.9412439196645], [-71.5542388375828, -32.9411831446464], [-71.5542673914324, -32.9411647225288], [-71.5542893094271, -32.9411333982859], [-71.554359571157, -32.9410818425536], [-71.5544012287317, -32.9410652584071], [-71.5544143953388, -32.9410615907155], [-71.5544451285013, -32.9410413132404], [-71.5544517239321, -32.9410376327315], [-71.5544648860477, -32.9410155368589], [-71.5544648788611, -32.9409879111677], [-71.5544429384086, -32.9409621377862], [-71.5544056457479, -32.9409584316416], [-71.5543880998538, -32.9409621151694], [-71.5543288155366, -32.9409749984685], [-71.5543178524969, -32.9409547616838], [-71.5543178758531, -32.9409418715967], [-71.5542542167405, -32.9409381873142], [-71.5542125160467, -32.9409289581369], [-71.5542037350148, -32.9409160635226], [-71.5542454455901, -32.9408921273622], [-71.5542695958981, -32.9408866111129], [-71.5542849597845, -32.9408847829176], [-71.5543178686666, -32.9408350627756], [-71.5543639234946, -32.9408129585595], [-71.5543683279344, -32.9408092486392], [-71.5543727162046, -32.940766907589], [-71.5543639207996, -32.9407245408861], [-71.554363936071, -32.9407190005016], [-71.5543485991341, -32.9406821975336], [-71.5543507874302, -32.9406729924543], [-71.5543727305776, -32.9406379754494], [-71.5543595316311, -32.9406085146541], [-71.5543266353254, -32.9405992892119], [-71.5542630085522, -32.9406195743274], [-71.5542476293945, -32.9406361397099], [-71.5542212862988, -32.9406674430199], [-71.5542081322681, -32.9406821899946], [-71.5542059520569, -32.9406840445805]]]}, "properties": {"nom_min": "VALPO", "region": "Valparaíso", "categoria": "Santuario de la Naturaleza", "sup_ha": 1}}, {"type": "Feature", "geometry": {"type": "MultiPolygon", "coordinates": [[[[-71.5432707879511, -33.0536475572941], [-71.5430297367227, -33.0538316407313], [-71.54297387858, -33.054030806456], [-71.5429798604615, -33.0541968549752], [-71.543002843858, -33.0542572209134], [-71.5430587478148, -33.0543083973427], [-71.543217555584, -33.0543351465586], [-71.543352398098, -33.0544433284451], [-71.5433524735565, -33.0545936242633], [-71.5432023345298, -33.0548400258478], [-71.5431693591724, -33.0550232017814], [-71.5431412481922, -33.055227749685], [-71.5429440823604, -33.0554643751317], [-71.5426856065104, -33.0556378364088], [-71.5425389179127, -33.0557088204661], [-71.5424893946894, -33.0557599290423], [-71.5424950819235, -33.0558099119829], [-71.5426022832762, -33.0558435099958], [-71.5427474007205, -33.0558656004714], [-71.542953688944, -33.0560025951778], [-71.5430540514225, -33.0561849879245], [-71.5430453233912, -33.0563247272411], [-71.5429287454235, -33.0565561298336], [-71.5428901843416, -33.0566928998523], [-71.5429176215853, -33.0567603308508], [-71.5429979255818, -33.0568403036874], [-71.543274725267, -33.0570607961142], [-71.5437371842635, -33.0573304825316], [-71.5438581594845, -33.0573995837269], [-71.543951800768, -33.0574048299344], [-71.5440914375907, -33.0573840875364], [-71.5441734708441, -33.0574289340254], [-71.5443128759015, -33.0575477573471], [-71.5443333637782, -33.0576690086038], [-71.5442912534526, -33.0577444459158], [-71.5442727454628, -33.0577775997342], [-71.544128834456, -33.0579451484834], [-71.544050127664, -33.058008401462], [-71.5440358570274, -33.0580442023583], [-71.5440258219474, -33.0582049030369], [-71.544036841581, -33.0583579608171], [-71.5439432982138, -33.0585859075707], [-71.5437418797574, -33.0588226203611], [-71.5436152631165, -33.0590005509309], [-71.5435635498005, -33.0591232743361], [-71.5435451226591, -33.0592403419033], [-71.5434699552294, -33.0594150432672], [-71.5433782390355, -33.0596244679177], [-71.5433405448278, -33.0598173754034], [-71.5432386237724, -33.060024669206], [-71.5432240495052, -33.0600793604777], [-71.5432432491977, -33.0602498809636], [-71.5432776097574, -33.0604102117188], [-71.5433399528381, -33.0605091370901], [-71.5433467728477, -33.060598460965], [-71.5433067708681, -33.0606851609906], [-71.5432231511899, -33.0608100540797], [-71.5431233268023, -33.0609572748494], [-71.5431268347234, -33.061082960323], [-71.5431054090056, -33.0611057074909], [-71.5430445885693, -33.0613550586476], [-71.5429992604784, -33.0615180675886], [-71.5429257944578, -33.0616233428752], [-71.542877708539, -33.061724521708], [-71.5428505506713, -33.0618145384887], [-71.54285675264, -33.0618824037295], [-71.5428687325726, -33.0619682397117], [-71.5428692913247, -33.0619722426735], [-71.5429335873429, -33.0620418679802], [-71.5430059969447, -33.0620475475586], [-71.5432512055762, -33.0620031814892], [-71.5434464005043, -33.0618453222702], [-71.543621903463, -33.0617415431877], [-71.5438700163479, -33.0615789020583], [-71.5439808864203, -33.0615159294524], [-71.5439659824714, -33.0614410848661], [-71.5439405745219, -33.0612402464715], [-71.543957026268, -33.061129938556], [-71.543992678605, -33.0610397486682], [-71.5441383440216, -33.0609329985645], [-71.5443195333161, -33.0608792007273], [-71.544464453131, -33.0608941354144], [-71.5445848165993, -33.0609417777793], [-71.5447365573221, -33.0610460351236], [-71.5448619917802, -33.0611222005767], [-71.5449605019325, -33.0611488167232], [-71.54502773634, -33.0611223948167], [-71.5451718332981, -33.0611087174586], [-71.5453263803579, -33.0611628170554], [-71.5454575128298, -33.0612034327625], [-71.5455304515393, -33.0611658059408], [-71.545548597508, -33.0610580817778], [-71.5455396125585, -33.0608936543303], [-71.5454378064874, -33.0607525926953], [-71.5450867817053, -33.0605164233992], [-71.5448050502693, -33.0603253582249], [-71.5445715844151, -33.0601869849531], [-71.5443903205605, -33.0600904880012], [-71.5442842789327, -33.0600234405097], [-71.5442258399302, -33.0599864900209], [-71.5442506280422, -33.0598142163215], [-71.5445507605685, -33.0596112721708], [-71.5448854611653, -33.0595758114614], [-71.5452169430984, -33.0595761999482], [-71.5454812957269, -33.0596065869912], [-71.5456616316219, -33.0596708950676], [-71.545849743334, -33.0597099951622], [-71.5463347410609, -33.0597287162819], [-71.5464811844185, -33.0597257243362], [-71.5465127521159, -33.0597312324074], [-71.5466626656655, -33.0597573882119], [-71.5467159698978, -33.0598013104616], [-71.5467340269334, -33.059835662089], [-71.5468497362302, -33.0599252734941], [-71.5469938718158, -33.0600537227484], [-71.5471235678816, -33.0600872062101], [-71.5472121013444, -33.0600459786515], [-71.5472326538998, -33.0599470128571], [-71.5471987218366, -33.0598524452713], [-71.547087478065, -33.0597824523332], [-71.546868891007, -33.0596423849788], [-71.5466991893683, -33.0594389066382], [-71.5465486029806, -33.0592218984941], [-71.5464452527055, -33.0591550280219], [-71.5463355243918, -33.0591375595811], [-71.5461052233025, -33.0591324098461], [-71.5459433001759, -33.0590634508007], [-71.545641405155, -33.0590104890305], [-71.5454352741366, -33.058896444], [-71.5452639339709, -33.0587332419819], [-71.5452393488782, -33.0585949527897], [-71.5452752150142, -33.0584858205863], [-71.5454408688442, -33.0584134557066], [-71.545607146105, -33.0582556721152], [-71.5456064076898, -33.0582300293374], [-71.5456380463541, -33.0581733485252], [-71.5456266269702, -33.0580910316342], [-71.5456403298716, -33.0580250547419], [-71.5457196466196, -33.0579347427154], [-71.5458369091035, -33.0578075243667], [-71.5459955201416, -33.0577615818526], [-71.5461600160432, -33.0577845000334], [-71.5462946474532, -33.057854016471], [-71.5464722569612, -33.0579259406138], [-71.5465835618182, -33.0579113088402], [-71.5466029043429, -33.0578788153619], [-71.546608839512, -33.0577314358526], [-71.5466104708525, -33.057578207581], [-71.5465364191304, -33.0574450408096], [-71.546488827285, -33.0571470907982], [-71.5464592691189, -33.0570688589517], [-71.5463186585224, -33.0569271971462], [-71.5462121910932, -33.0567519901628], [-71.5461415664439, -33.056602329718], [-71.546056389087, -33.0564890992257], [-71.545884877343, -33.0563579230041], [-71.5455651516621, -33.056091809936], [-71.5452688908746, -33.0559631802251], [-71.5450198841661, -33.0558500091438], [-71.5447742335634, -33.0555823819329], [-71.5447417172451, -33.0554898801785], [-71.5447020063196, -33.0553769102707], [-71.5447215222192, -33.0552418322741], [-71.5448075942981, -33.0551152507685], [-71.5448529035244, -33.0550522133051], [-71.5448938559216, -33.054995235302], [-71.5449111754403, -33.0549193295759], [-71.5448292374083, -33.0547830386722], [-71.5447397858672, -33.0546567546647], [-71.5447040940043, -33.0544954060173], [-71.5446919083575, -33.054391798972], [-71.5447599027397, -33.0542253886625], [-71.5449559151347, -33.0540327919295], [-71.5450868176379, -33.0539122464305], [-71.5453051774222, -33.0539125039326], [-71.5454808097384, -33.0539843552496], [-71.5456908295636, -33.0540837945627], [-71.545865072186, -33.054301835588], [-71.5459371556993, -33.0543842275499], [-71.5459738393023, -33.0543877821128], [-71.5460740077446, -33.054363577803], [-71.5461553933128, -33.0543226893924], [-71.5461866286335, -33.0541915408131], [-71.5461560715408, -33.0541025823837], [-71.5460510090767, -33.0539538518206], [-71.5459276685916, -33.0537536295593], [-71.5457711623062, -33.0535682298325], [-71.5455529714051, -33.0533793744992], [-71.5453261548807, -33.0532346212268], [-71.5452997003939, -33.053195237411], [-71.5452687264829, -33.0528397454798], [-71.5452811304204, -33.0527993322192], [-71.5453601857586, -33.0524922114638], [-71.5453028732435, -33.052080044759], [-71.5453064521316, -33.0518886126603], [-71.5453090428729, -33.0517178357882], [-71.5452912715016, -33.0516627048704], [-71.5446067283057, -33.0509460991873], [-71.5444109072518, -33.0507740449786], [-71.5443490627361, -33.0507495633402], [-71.5443052402216, -33.0507640788428], [-71.544258685032, -33.0508536957169], [-71.5442353216481, -33.0509847566546], [-71.5442253431619, -33.051040729047], [-71.5441500194253, -33.0511260033556], [-71.5440101661086, -33.0513272450655], [-71.5440113015791, -33.0514122758933], [-71.5440149433493, -33.0516851186572], [-71.5440124307615, -33.0519869226619], [-71.5439216173745, -33.0521250746566], [-71.5438172331384, -33.0522077924216], [-71.5437830378688, -33.0522494731586], [-71.5437768817142, -33.0522714508414], [-71.5437865080608, -33.0523074317653], [-71.543815627849, -33.0523602951676], [-71.5438455803755, -33.0524146696943], [-71.5438221550079, -33.0525170465004], [-71.5438253053996, -33.0526653872084], [-71.5438457402756, -33.0527670966185], [-71.5439429352945, -33.0528794577358], [-71.5439311404148, -33.0530328500435], [-71.5438349209664, -33.0532117048733], [-71.5435175695327, -33.0534680701325], [-71.5432707879511, -33.0536475572941]]], [[[-71.5148427276227, -33.0490036903872], [-71.5149405622419, -33.0491532756506], [-71.5149851510194, -33.0494554926768], [-71.5150567925616, -33.0496965414989], [-71.5152711171137, -33.0498922740244], [-71.5154030302216, -33.0499744856365], [-71.5157958365459, -33.0501181178368], [-71.5160591462304, -33.0502643625778], [-71.5161408713617, -33.050353647905], [-71.5165605355163, -33.0511878426697], [-71.5167101157909, -33.0513848790042], [-71.5167969972519, -33.0516209869612], [-71.5168377708844, -33.0516605823068], [-71.5168434527285, -33.0518765030097], [-71.51691040237, -33.052051295034], [-71.5169831443485, -33.0521574693638], [-71.5170851938631, -33.0522689540794], [-71.517203017794, -33.0523976735171], [-71.5172301433224, -33.052534126231], [-71.5172144084319, -33.0526616593997], [-71.5170119748792, -33.0528899868302], [-71.5168733495595, -33.0530729755748], [-71.5166194712871, -33.0533351252835], [-71.5164966455367, -33.0534572640275], [-71.516325151759, -33.0538018171459], [-71.5163273849709, -33.054233075296], [-71.5165270508141, -33.054897141736], [-71.516596152819, -33.0552541936896], [-71.5166077536626, -33.0552562325926], [-71.5166001934411, -33.0553178288252], [-71.5166374834069, -33.0553856079717], [-71.5168043652339, -33.0554087210236], [-71.5172569948645, -33.0554854665824], [-71.5175864304354, -33.0554144002771], [-71.5177381001913, -33.055368394022], [-71.517948414664, -33.0552925759562], [-71.5178024483118, -33.0555388641529], [-71.5175054212614, -33.0558526164826], [-71.5172502512117, -33.0561440521735], [-71.517113831256, -33.0562513930958], [-71.5170248405507, -33.0565851837678], [-71.5165719746631, -33.0573959178564], [-71.5162418321181, -33.0580395607632], [-71.5159950002309, -33.0586242650452], [-71.515770447461, -33.0593946017431], [-71.5155901403121, -33.059927863396], [-71.5154542836001, -33.0602312013629], [-71.5152896852906, -33.060420605901], [-71.5148951218616, -33.0605931803156], [-71.5144131703218, -33.0606816307738], [-71.5142582774106, -33.0606931881111], [-71.5141687926319, -33.0607373651173], [-71.5141660527703, -33.0607534306412], [-71.5140717934459, -33.060906977873], [-71.5140074992243, -33.0610371015811], [-71.5138916947061, -33.0611491788527], [-71.5133148352582, -33.0617858619588], [-71.5125737664713, -33.0626262498054], [-71.51206468042, -33.0630563919138], [-71.5119236718699, -33.063278717017], [-71.5118315981465, -33.0634284850613], [-71.5117047326722, -33.0635503259785], [-71.5113984026687, -33.063737811146], [-71.5110885773205, -33.0640017073142], [-71.5109679138149, -33.0641425085285], [-71.5110364166435, -33.064160214627], [-71.5111325561419, -33.0641535060495], [-71.5113399295303, -33.0640729857644], [-71.5114875137483, -33.0640334968822], [-71.5115845039512, -33.06400566426], [-71.5118850173632, -33.0638099616048], [-71.5121290563882, -33.0636591613043], [-71.5123087769372, -33.0634804812805], [-71.5125477314977, -33.0633540960693], [-71.5127534394096, -33.0632770088008], [-71.5129060955157, -33.0631620877098], [-71.5131372059872, -33.0629629193047], [-71.5133078670266, -33.0628719490806], [-71.5134920063884, -33.0628487845355], [-71.5135453330787, -33.0628963370058], [-71.5135479615492, -33.0629452445852], [-71.5135576013705, -33.0631246378926], [-71.5135870472472, -33.0633477292239], [-71.5135913322111, -33.0634983877698], [-71.5136526431275, -33.0636235817701], [-71.5138186967078, -33.0637369769929], [-71.5138098941163, -33.0638732721024], [-71.5137670381891, -33.0639908422746], [-71.5137168897383, -33.0640550688523], [-71.5135866304289, -33.0641452247838], [-71.5134669442903, -33.064201128582], [-71.5133809216187, -33.0642223143032], [-71.5132278495926, -33.0643226560007], [-71.5131661568922, -33.0643871149639], [-71.513163840137, -33.0645087294551], [-71.5132316036522, -33.0646329561269], [-71.513241963024, -33.0648002539311], [-71.5132455185559, -33.0649252774445], [-71.5132464770583, -33.0650091959998], [-71.5131580298338, -33.0651166879712], [-71.5131563598657, -33.0652132900794], [-71.5131749639752, -33.0653059931623], [-71.5132405275162, -33.065377611589], [-71.5133235444249, -33.065453740922], [-71.5133319418761, -33.0655459634459], [-71.5132724365734, -33.0656227009197], [-71.5131861596786, -33.0656996476131], [-71.5131189710852, -33.0657739435303], [-71.5130286948908, -33.0658487046324], [-71.51286241763, -33.0658909585881], [-71.5126881893806, -33.0660598040697], [-71.5125917273871, -33.066120101647], [-71.512436301775, -33.066137823157], [-71.5121940225496, -33.0661475692331], [-71.5121260030146, -33.066192704859], [-71.5118473267488, -33.0663442039557], [-71.5115466669114, -33.0665350452743], [-71.5113065966433, -33.0666225494877], [-71.5110476905003, -33.0666569421165], [-71.5108056852611, -33.0666764062984], [-71.5106293801068, -33.0667723494827], [-71.5104644125897, -33.0668774641567], [-71.510309330134, -33.066890639241], [-71.5101478543684, -33.0668987538755], [-71.5099983369759, -33.0669212164804], [-71.5099542323904, -33.066995045372], [-71.5099651055986, -33.0671304471122], [-71.5098393720016, -33.0672210440547], [-71.5097531867349, -33.0672708842279], [-71.5095780035764, -33.0673721890638], [-71.5093230967331, -33.0675475164372], [-71.5090971875071, -33.067727123196], [-71.5088683785194, -33.0678046702983], [-71.5086511128831, -33.0678819847137], [-71.5085450326278, -33.0680105510866], [-71.5085468642927, -33.0680750705845], [-71.5085501377536, -33.068190369945], [-71.5086245074793, -33.0683687942388], [-71.508707937613, -33.0684595058385], [-71.5086983247412, -33.0685277777397], [-71.5085408473769, -33.068676829216], [-71.5083425999735, -33.0688711208371], [-71.5082834782514, -33.0689349192731], [-71.5082020944799, -33.0690227410404], [-71.5082195900684, -33.0691598432459], [-71.5082455756346, -33.069261437993], [-71.5082828296677, -33.0693530798835], [-71.5083964997888, -33.0694918106262], [-71.5085269360664, -33.0696107539196], [-71.5085714799281, -33.0697557392247], [-71.5087715958273, -33.0698878680888], [-71.5090560850913, -33.0699404935906], [-71.5094578116863, -33.0700539740201], [-71.5096869530507, -33.0703946131671], [-71.5097951578216, -33.070747413005], [-71.5097997410262, -33.0711120263548], [-71.509659051378, -33.0714455242995], [-71.5095535469428, -33.0717977651272], [-71.5094651940413, -33.0719405637793], [-71.5093134865561, -33.0720895003223], [-71.5090465216267, -33.0722545444513], [-71.5088971201169, -33.0723816071722], [-71.5085824061369, -33.0726742249355], [-71.5084329579146, -33.0727918398074], [-71.5084222868274, -33.0728498300548], [-71.508516871342, -33.0729176137675], [-71.5085888991598, -33.0730134184127], [-71.5086551544035, -33.0731093388796], [-71.5086877425871, -33.0732399759977], [-71.5087311851142, -33.0733460818632], [-71.508836329325, -33.0733877300083], [-71.5089719920009, -33.0734871157855], [-71.5091866983369, -33.0737259293493], [-71.5093545368697, -33.0739413728783], [-71.5093586790015, -33.074087171553], [-71.5093218615495, -33.0742143430352], [-71.509203816633, -33.0743285631804], [-71.5090426804306, -33.0744178188308], [-71.5089556345779, -33.074534533337], [-71.5088832088064, -33.0746316445056], [-71.5087577581787, -33.0748918948031], [-71.5086224188963, -33.0752106960777], [-71.5085454683107, -33.0753484013768], [-71.5084043313015, -33.0754630852463], [-71.5083440076335, -33.0755761422854], [-71.5083258868176, -33.0757515654706], [-71.5083554737298, -33.0758652363765], [-71.5084421881042, -33.0759826354622], [-71.5085560064473, -33.0761262252262], [-71.5085755564828, -33.0764078706783], [-71.5085563316375, -33.0765444141368], [-71.5085636223643, -33.0765977575308], [-71.5086168170022, -33.0766404511916], [-71.5086906180943, -33.0765952004871], [-71.5087968456733, -33.0764714942837], [-71.5087983395716, -33.0763207194446], [-71.5087618850391, -33.0760540035697], [-71.5087613083207, -33.0758303294599], [-71.5088335652089, -33.0755273855001], [-71.5091242088308, -33.0751860059495], [-71.5092679168184, -33.074970978728], [-71.5093594856886, -33.0748828625502], [-71.5097917981224, -33.0744917806921], [-71.5100376373713, -33.0741999285049], [-71.510183824709, -33.0738565941568], [-71.5101607074635, -33.0736528249919], [-71.5101935184293, -33.0733847136857], [-71.5102521532645, -33.073009103555], [-71.510276398794, -33.0729394304674], [-71.5103322470552, -33.0727789418727], [-71.5104336623592, -33.0726893699019], [-71.5106234566158, -33.0726612328874], [-71.5108264534122, -33.0726911818176], [-71.5109607533438, -33.0728161850869], [-71.51095961428, -33.0728702782398], [-71.5109583422656, -33.0729307457925], [-71.510944467786, -33.0730407664156], [-71.5109025461066, -33.0731608957862], [-71.5108925730103, -33.0732088107864], [-71.5109791589256, -33.073264321906], [-71.5110860934787, -33.0732383108825], [-71.5112133515168, -33.0729303791948], [-71.5112579250229, -33.0725048290728], [-71.5111391982851, -33.0721159693721], [-71.511055539081, -33.0717645736816], [-71.5110014182801, -33.0714555249802], [-71.5109849566525, -33.0713368453954], [-71.5109867775376, -33.0713200403141], [-71.510993360392, -33.0712592660253], [-71.5110059951964, -33.07120533373], [-71.511071050291, -33.0711264880634], [-71.5111865520769, -33.0710986847847], [-71.5112908887023, -33.0710727536688], [-71.5114079293023, -33.0710035962102], [-71.5114514778307, -33.0709406905706], [-71.5114501222729, -33.0708930039345], [-71.5113794464196, -33.0707990006543], [-71.5113103677709, -33.0705618247394], [-71.5112934830368, -33.070366538653], [-71.5113301468768, -33.0702608296785], [-71.5114458310208, -33.0701439860454], [-71.5115157990016, -33.0700137485798], [-71.511550987808, -33.0698943375938], [-71.5115593996323, -33.06988654242], [-71.511647342902, -33.0698000682632], [-71.5118079284371, -33.0696680055132], [-71.5118948862549, -33.0695374248208], [-71.511906824865, -33.0694816734661], [-71.5120743750386, -33.069329728092], [-71.5121723884226, -33.0691893823395], [-71.512196773191, -33.0690505216383], [-71.5122166358402, -33.0689328806869], [-71.5123416498867, -33.0687832552559], [-71.5125227439598, -33.0685016290583], [-71.5127887018778, -33.0682967672138], [-71.5131457013548, -33.0681076724672], [-71.5133103598515, -33.0680534657234], [-71.5135217163698, -33.0680263322267], [-71.5137013416974, -33.0680727534392], [-71.5139522456478, -33.0682506208941], [-71.5139807159541, -33.0683090801219], [-71.5139866906491, -33.0685190497195], [-71.5138881858866, -33.0687929581293], [-71.5136032088375, -33.0690020616042], [-71.5133828772511, -33.0693409605906], [-71.5129759925297, -33.0697364300468], [-71.5128486626264, -33.0699150258538], [-71.512757366844, -33.0701844312411], [-71.5126771203397, -33.0704045544969], [-71.5126229941489, -33.0705530284172], [-71.5126313673456, -33.0706059207605], [-71.5126340766645, -33.0709461889065], [-71.5126750721809, -33.0711624650445], [-71.5128147781738, -33.0713190760017], [-71.5128180112105, -33.0713273294922], [-71.5127681592038, -33.0714950429015], [-71.5127902622514, -33.0717821118828], [-71.5129591329484, -33.0720838228976], [-71.5132198447051, -33.072565859196], [-71.5133569374989, -33.0728385934876], [-71.5133841726217, -33.0730610150732], [-71.5134403945821, -33.0730774833355], [-71.5134853139396, -33.0729416225252], [-71.5134725084552, -33.0727365135708], [-71.5135183863151, -33.0723893976084], [-71.5134646248403, -33.0722144525051], [-71.5134068595742, -33.0718987658995], [-71.5134451466699, -33.0717747730592], [-71.5134409335713, -33.071381726931], [-71.5136595583586, -33.0707377449753], [-71.5138494864642, -33.070065004678], [-71.5139733883964, -33.0697660111034], [-71.5139704733633, -33.0696635647747], [-71.5140138880426, -33.0694749253961], [-71.5142227912619, -33.0692242700597], [-71.5144637239127, -33.0691196603064], [-71.5146733376994, -33.0691389011148], [-71.5148504630156, -33.0692409438014], [-71.5149388823924, -33.0694093221435], [-71.5150805628824, -33.0697350501744], [-71.5151128106044, -33.0701333980385], [-71.515097816824, -33.0708615269916], [-71.515120248655, -33.0708843047547], [-71.5152940861372, -33.0711155019528], [-71.5156311268453, -33.0714490209622], [-71.5158482613275, -33.0717321523148], [-71.5158352150947, -33.0720081938735], [-71.5158405591723, -33.0721958507211], [-71.5158936567921, -33.0723473364715], [-71.516017073634, -33.0725208736293], [-71.5161751501746, -33.0726878432858], [-71.5162504810977, -33.0728858221393], [-71.5162888643131, -33.0732547075991], [-71.5163663673626, -33.0735289211911], [-71.51666959728, -33.0738983256165], [-71.5166714873354, -33.0742092717163], [-71.5166018867655, -33.0744571171229], [-71.5164101746057, -33.0746846887113], [-71.5163359710683, -33.0749084267065], [-71.5162789630821, -33.0751090765843], [-71.5162685911338, -33.0754789463463], [-71.515939964945, -33.0757667068963], [-71.5156953330319, -33.0760372882128], [-71.5153245021944, -33.0765893840969], [-71.5152586889217, -33.0767256675802], [-71.5153452802269, -33.0768295373859], [-71.5154172721121, -33.0769102311707], [-71.5155043646772, -33.0770316928627], [-71.5156299599337, -33.0772814655867], [-71.5157699875236, -33.0775485495875], [-71.5157345417991, -33.077772234383], [-71.515711189195, -33.0779311323948], [-71.5158472094003, -33.0780574733355], [-71.5159147438451, -33.0782262721366], [-71.5158781285141, -33.07840890712], [-71.5157078312924, -33.0785473006672], [-71.5156055158765, -33.0786767178343], [-71.5154784069588, -33.0788178659037], [-71.5150864172031, -33.0792502938903], [-71.5150368355893, -33.0793675687772], [-71.5150719830731, -33.0794696176657], [-71.5150899224293, -33.079610078744], [-71.5150876326236, -33.0797744177778], [-71.5150931437879, -33.0799679382069], [-71.5150563595736, -33.0801447097622], [-71.5149635150958, -33.080310876868], [-71.5148127777911, -33.0804806265244], [-71.5148592440475, -33.0805652889678], [-71.5149219347762, -33.0805640236759], [-71.5150466505821, -33.0805380366391], [-71.5152560847057, -33.0804705380508], [-71.5153441744008, -33.0804616192761], [-71.5154627592048, -33.0804650929993], [-71.5155403844252, -33.0804987312784], [-71.5155659091556, -33.0804160702087], [-71.5155410024661, -33.0802757496678], [-71.5155208909835, -33.0800590540945], [-71.5154304548889, -33.0798203074016], [-71.5154479828167, -33.0796257245739], [-71.5154569318336, -33.0795263908943], [-71.5155849363717, -33.0793712487868], [-71.5159669961502, -33.0790818899713], [-71.5162468114798, -33.0788958548608], [-71.5163814635509, -33.0788063305174], [-71.516496447009, -33.0785841854034], [-71.5165834901668, -33.0784592076422], [-71.5166486341945, -33.0782994667838], [-71.516601828375, -33.0781243828883], [-71.5164798533291, -33.0777571858878], [-71.5164746736431, -33.0775753941114], [-71.5165179194392, -33.0773808898707], [-71.5165197187647, -33.07721643195], [-71.5165430560975, -33.0770400602326], [-71.5167402084546, -33.0768659177582], [-71.5169425413959, -33.0768735655307], [-71.5171697810269, -33.0770215339893], [-71.5174205915525, -33.0772629085324], [-71.5177095607148, -33.0775997004308], [-71.5179225530653, -33.0777573823493], [-71.5179424462572, -33.0777217746427], [-71.5178982572301, -33.0773940799423], [-71.517904331638, -33.0771181802357], [-71.5179119098258, -33.0768950568215], [-71.5177541566787, -33.0767398189922], [-71.5176161305353, -33.0765431081393], [-71.5175961978175, -33.0764016244626], [-71.5175724436664, -33.0762330065813], [-71.5176037616322, -33.076109153837], [-71.5177019519843, -33.0760774657348], [-71.5178659385411, -33.0760158426295], [-71.5179123562885, -33.07593275807], [-71.5178625186548, -33.0757172780168], [-71.517846269928, -33.0755703002345], [-71.5179195446074, -33.0754514681236], [-71.518042413477, -33.0753609707374], [-71.5181961529513, -33.0753754671267], [-71.5183785882091, -33.0754187214237], [-71.5185004527623, -33.0752930383578], [-71.518628145585, -33.0752395812606], [-71.5187893186183, -33.075158112871], [-71.5188493305708, -33.0750630181453], [-71.5188254246045, -33.0749578838923], [-71.5187119736723, -33.0748897652721], [-71.518617076544, -33.0747391247229], [-71.5185740580217, -33.07445248091], [-71.5183872767145, -33.0742567570747], [-71.5180261440889, -33.0738122468375], [-71.5179191574335, -33.0737263945552], [-71.5177313780981, -33.0734954834925], [-71.5173815561601, -33.0732027570514], [-71.5173823637456, -33.0731049622998], [-71.5173848053665, -33.0728087582756], [-71.5175227012542, -33.0726376862537], [-71.5176770443964, -33.0724294525891], [-71.5178076028449, -33.0722864725595], [-71.5179477957247, -33.0722566507102], [-71.5184810446605, -33.0725211626933], [-71.5186800340724, -33.0727546447601], [-71.518783528078, -33.0730116471531], [-71.5188685697893, -33.0732960110215], [-71.5190300410633, -33.0735626373989], [-71.5193988587762, -33.0739060376314], [-71.519660083471, -33.0740734864239], [-71.5198026425133, -33.0743512888585], [-71.5198636956132, -33.0744688066414], [-71.5204661759114, -33.0751367431011], [-71.5206853819087, -33.0756289066535], [-71.5207335253197, -33.0759679938939], [-71.5207899314347, -33.0766615601498], [-71.5206937730717, -33.076821647982], [-71.520575260133, -33.0769373988118], [-71.5205528615397, -33.0770512059353], [-71.5204929412153, -33.0771981586615], [-71.5203378273185, -33.0773794228016], [-71.5202927229081, -33.0775962461654], [-71.5202517390699, -33.0778542219902], [-71.5202903899833, -33.0781564850033], [-71.5204126686598, -33.078280389061], [-71.5205428049001, -33.0785210954986], [-71.5205620818477, -33.0787497307018], [-71.5206064388598, -33.0789635435892], [-71.5206988144171, -33.0790726097528], [-71.5207948254564, -33.0791601301008], [-71.5208621838313, -33.0791372965214], [-71.52090646269, -33.0790505160693], [-71.5209503355102, -33.0789494309235], [-71.5209314026172, -33.0788818212194], [-71.5209873038791, -33.0787554430741], [-71.5211295961218, -33.0786774156039], [-71.5212720931803, -33.0786065396446], [-71.5214113230662, -33.0784212193658], [-71.5214678351824, -33.0783162991353], [-71.5214722477071, -33.0781730689838], [-71.5214627920404, -33.0779907564292], [-71.5215529837932, -33.0778744191074], [-71.5217232136413, -33.0778817092478], [-71.5219123754839, -33.0779566091021], [-71.5221510255156, -33.07812712581], [-71.522416594463, -33.0783471960742], [-71.5225897887514, -33.0784582035139], [-71.5227234203365, -33.0785234898989], [-71.5228130398625, -33.0785359895557], [-71.5228883231749, -33.0785144128557], [-71.5228531720978, -33.0784528712458], [-71.5228427336742, -33.0783850902926], [-71.522804108812, -33.0782504269791], [-71.5228087665767, -33.0780887617813], [-71.5228565767127, -33.0779768603919], [-71.5229152923963, -33.0778003245994], [-71.5229420657851, -33.0776960058096], [-71.5228805500527, -33.0776256808085], [-71.522759413135, -33.0774335116433], [-71.5226505013899, -33.0773719286298], [-71.522644575204, -33.0772511350794], [-71.5226134683423, -33.0770549470131], [-71.5226568255295, -33.0769359784047], [-71.5227083735555, -33.0768061077889], [-71.5226591934886, -33.0767212196705], [-71.5224609245256, -33.0766250351677], [-71.522153556968, -33.0765413896423], [-71.5218785045061, -33.0763474145483], [-71.5218631684676, -33.0762515073974], [-71.5218379356896, -33.0760937098688], [-71.5218414894248, -33.0757715711211], [-71.5216801277453, -33.0756281177776], [-71.5215712339666, -33.0753869826388], [-71.5215599906525, -33.0753139564417], [-71.5215713974599, -33.0752438388001], [-71.5214593173569, -33.0751888498311], [-71.5212137206532, -33.0749420957151], [-71.5211780557397, -33.0748653174396], [-71.5211574322174, -33.0746247854231], [-71.5210820500904, -33.0744765509748], [-71.5206253070741, -33.0739730007765], [-71.5203947337951, -33.0737563544143], [-71.5200746119571, -33.0735469167199], [-71.5199093461994, -33.0733721312458], [-71.5197105068062, -33.0731440466401], [-71.5195988839456, -33.0729686024474], [-71.5195706867271, -33.0727810737131], [-71.519523560209, -33.0725196021996], [-71.5194582257384, -33.0723151577123], [-71.5193508042984, -33.0719961908736], [-71.5192642776719, -33.071884585856], [-71.5190029370945, -33.0716265496172], [-71.5190109222191, -33.0715339435261], [-71.5189706983556, -33.0714086162451], [-71.5189295564139, -33.0713569627086], [-71.5186390304712, -33.0711051813008], [-71.5184936570071, -33.0709772231821], [-71.5184300275389, -33.0709212167929], [-71.5183758106183, -33.0708238531097], [-71.5183627383343, -33.0707215066275], [-71.5183630356766, -33.0706131904253], [-71.5184209222152, -33.0705235944189], [-71.5184952308555, -33.0704817702712], [-71.518755654253, -33.0704252908154], [-71.5190922098708, -33.0703039765828], [-71.5191408365755, -33.0702519964396], [-71.5192246026791, -33.0701772443479], [-71.519222699149, -33.0701104845787], [-71.5190042180921, -33.0700003872706], [-71.5186135623346, -33.0697515356208], [-71.5185977322227, -33.0696316658265], [-71.5187195563516, -33.0694323848398], [-71.5189929370488, -33.0693314324267], [-71.5191614852506, -33.0692803121576], [-71.519339491814, -33.0693124995548], [-71.5195736251164, -33.0693256584658], [-71.5197448925186, -33.06936990943], [-71.5200354921231, -33.0693759619231], [-71.520270133872, -33.0694070027749], [-71.5205137282309, -33.0695034684341], [-71.5206915659111, -33.0695296920975], [-71.5207830054239, -33.0695162456487], [-71.5208310302573, -33.0694523196587], [-71.5208307751357, -33.0694433779358], [-71.5208500269306, -33.0693022035337], [-71.520843551874, -33.0692812516501], [-71.520687590866, -33.0691420997605], [-71.5206322986619, -33.0690230368911], [-71.5205516577972, -33.0688466389617], [-71.5203913192987, -33.0686888484775], [-71.5201558286419, -33.068628004619], [-71.5200089190587, -33.0685675747608], [-71.5198899803185, -33.0684962035917], [-71.5198646622005, -33.0683535747537], [-71.5198400789044, -33.0680752188879], [-71.5198538042637, -33.067970392465], [-71.5198601499628, -33.067869238127], [-71.5198126991529, -33.0678235688653], [-71.5196831153765, -33.0678106468651], [-71.5194391131824, -33.0678311218168], [-71.519135153833, -33.0678528087888], [-71.5190500860705, -33.0678148287302], [-71.519037770168, -33.0677550803608], [-71.5189734328274, -33.067610258131], [-71.5189710729531, -33.0676084822457], [-71.5189767152714, -33.0674752184797], [-71.5189268291287, -33.0673441143382], [-71.5188376488789, -33.0672915181492], [-71.5185757531426, -33.0673317809691], [-71.5182779867788, -33.0673171552759], [-71.518183279195, -33.0673241692552], [-71.5181528397816, -33.0672276432401], [-71.5181920242943, -33.0671452535125], [-71.5183145814485, -33.0669951387214], [-71.5183479152337, -33.0669478218394], [-71.5183831516508, -33.0668888249475], [-71.5183949959378, -33.0668186433774], [-71.5183707180689, -33.0667763921254], [-71.5182276317155, -33.0667753976504], [-71.5180556555426, -33.0667322452519], [-71.5179354843138, -33.0665637036948], [-71.5178158664472, -33.0664145808853], [-71.5177211552701, -33.0661678134544], [-71.5175649732765, -33.0660310845062], [-71.5174071662306, -33.0659993016822], [-71.5172222291647, -33.0660307984322], [-71.517202273989, -33.066011514033], [-71.5172299699475, -33.0658490019993], [-71.5172634609379, -33.0656524964098], [-71.5172889200914, -33.0655742691112], [-71.5173437110355, -33.0655537341609], [-71.5175163079443, -33.0655639862036], [-71.5177543857491, -33.0655323470016], [-71.5180322741924, -33.0655054031937], [-71.5182108655591, -33.0655497878242], [-71.5184411549704, -33.0656304550656], [-71.5185597963683, -33.0656239912698], [-71.518577212905, -33.0655157229968], [-71.518511184935, -33.0654210710542], [-71.5183545708517, -33.0652589268182], [-71.5182093995085, -33.0650538902956], [-71.5181487632268, -33.064987430785], [-71.5180851921491, -33.0649177528513], [-71.5180640781467, -33.0648435247194], [-71.5181067130884, -33.0647840054536], [-71.5183014058582, -33.0647267454127], [-71.5185163008405, -33.0647117383507], [-71.5187318039822, -33.0647180486347], [-71.5190568809274, -33.0647914675728], [-71.5194464676896, -33.0649062419917], [-71.5196326040064, -33.0649931327583], [-71.5199046704683, -33.065206266145], [-71.5199471634762, -33.0653759244929], [-71.5199977233553, -33.0654111637916], [-71.5200626553807, -33.0654163741386], [-71.5201387606516, -33.0654201676564], [-71.5202707662859, -33.0653855035248], [-71.5203774547007, -33.0653513513052], [-71.5204870303007, -33.0654184572233], [-71.5206632456235, -33.0656015328507], [-71.5207647247079, -33.0658287802895], [-71.5208702524992, -33.065975956529], [-71.5210196315512, -33.0661062496571], [-71.5213142843543, -33.0662229375472], [-71.5214706019935, -33.0663744185241], [-71.5217253615131, -33.0666465569518], [-71.5218645177371, -33.0668623746514], [-71.5219884645851, -33.0669683895885], [-71.5220553163102, -33.0668905090033], [-71.5220839213638, -33.0667832796741], [-71.522167210462, -33.0665949555758], [-71.522290909375, -33.0664911339131], [-71.5224170427223, -33.0664725836167], [-71.5225561387592, -33.0664644358188], [-71.5226250027106, -33.0664363796242], [-71.5226349237046, -33.0663401936644], [-71.5227298064598, -33.0661398121215], [-71.5226512640596, -33.0660252425744], [-71.5224815264883, -33.0658473713743], [-71.5221657551913, -33.0656564577985], [-71.5220237396297, -33.0655351008555], [-71.5219272479918, -33.0652880064877], [-71.5219661387553, -33.0651043625711], [-71.5219365024358, -33.0649465367692], [-71.5218113895746, -33.0648575606001], [-71.5217304342995, -33.06479659665], [-71.5216272160768, -33.0647608225909], [-71.5213289763007, -33.0647401933461], [-71.5210555965019, -33.0647030634035], [-71.5208336129137, -33.0646915555272], [-71.5204126812362, -33.0645880839475], [-71.5199715482446, -33.0644423606264], [-71.5198442012733, -33.0644182720071], [-71.5194348021674, -33.0641525168147], [-71.5193879595169, -33.0640884822831], [-71.5193712176149, -33.0639750777263], [-71.5193449472828, -33.0639459208329], [-71.5189829522744, -33.0637531149953], [-71.5184234078536, -33.0634060125306], [-71.5182655145694, -33.0632450224657], [-71.5182972646248, -33.0630257470807], [-71.5183464815226, -33.0627527926555], [-71.5185122081161, -33.0625681368806], [-71.5187444145322, -33.0624941213312], [-71.519081534292, -33.0625459667784], [-71.5193942495205, -33.0626303001672], [-71.5196956729259, -33.0627628537995], [-71.519862247529, -33.0629741157261], [-71.5199246481019, -33.0630276736288], [-71.5200006797109, -33.0630188035269], [-71.5200683929204, -33.0629526225407], [-71.5200966952417, -33.0628347332774], [-71.5201083275264, -33.0625337336196], [-71.5200458416135, -33.0624574828094], [-71.519971312886, -33.0623277775316], [-71.5198310122083, -33.0621788696381], [-71.5198152350969, -33.0621419915758], [-71.519833549949, -33.0621144655222], [-71.5202404328737, -33.0621012693957], [-71.5205180060083, -33.0620636610265], [-71.5207544659473, -33.0621388672088], [-71.5210699174442, -33.0623191264408], [-71.5212690110606, -33.0624164174724], [-71.521472153384, -33.0624336383253], [-71.5215738804034, -33.0623904747637], [-71.5215868754323, -33.062230816907], [-71.5215254100056, -33.0620806131774], [-71.5213029197676, -33.0618291515449], [-71.5211568761603, -33.0617725385491], [-71.5210636579832, -33.061637696978], [-71.5208731477694, -33.0614149099873], [-71.5207456669491, -33.0611669917077], [-71.5206001362798, -33.0609574668311], [-71.5206128411529, -33.0608069115965], [-71.520734956336, -33.0606183586356], [-71.5209648450986, -33.0603345847081], [-71.5211047361446, -33.0600981018465], [-71.5210543334706, -33.0598961950643], [-71.5209576307286, -33.0597836381187], [-71.5206562450524, -33.0596465920771], [-71.5201495655878, -33.0594635966676], [-71.51982437276, -33.0592733972833], [-71.5197001070101, -33.0592007160866], [-71.5195805044149, -33.0588810655234], [-71.5195557675069, -33.0586095987547], [-71.51963839814, -33.0582286041111], [-71.5198041364116, -33.0577815170563], [-71.5199759904137, -33.0575490176997], [-71.5200694277796, -33.0575471286766], [-71.5204565630395, -33.0577110699802], [-71.5205381489319, -33.057714446725], [-71.5205613452292, -33.0576993872705], [-71.520460570424, -33.0575535343394], [-71.5204787110029, -33.0572955133007], [-71.520672658171, -33.0570471678166], [-71.520679892304, -33.0568537814361], [-71.5206446630735, -33.0563593151329], [-71.5206514453539, -33.0563032640542], [-71.5205849439717, -33.0556103753308], [-71.5205601513682, -33.0554369697155], [-71.5205910372443, -33.0553821663867], [-71.5207287229262, -33.0553332440643], [-71.5209905656618, -33.0553756626866], [-71.5211313828708, -33.0555492250291], [-71.5212203008126, -33.0556869897067], [-71.5212574398614, -33.0557971726828], [-71.5212959039252, -33.0559538493818], [-71.5213314520577, -33.0560175178927], [-71.5214757161024, -33.0560958696334], [-71.5215625562409, -33.0560770829907], [-71.521574511919, -33.0560376771062], [-71.5215775895472, -33.0560211815619], [-71.5215436188564, -33.0558940982309], [-71.5215847033059, -33.055745354883], [-71.5216840488915, -33.0556526891644], [-71.5218913944321, -33.055526695524], [-71.5219090166831, -33.0553858519169], [-71.5219315742782, -33.0553306615564], [-71.5219114547107, -33.0552978456297], [-71.5218317211444, -33.0552679924243], [-71.521544766005, -33.0550562369102], [-71.5215363937066, -33.0549496233584], [-71.5215334014184, -33.0548447135398], [-71.5214991028425, -33.0546354672553], [-71.5214472736439, -33.0544074891911], [-71.5214292857786, -33.0542693754122], [-71.5212777058542, -33.0541197581816], [-71.5209880970914, -33.0540969866207], [-71.5208413653746, -33.0539186418168], [-71.5207031029743, -33.0536399270794], [-71.5206693514724, -33.0534497550186], [-71.5206292650512, -33.0533292659445], [-71.5203940178379, -33.0531264679726], [-71.5202310122413, -33.0529681230022], [-71.5202185184724, -33.0528355011622], [-71.5202018574188, -33.0526586498961], [-71.5201913309603, -33.0526262945262], [-71.5202003904699, -33.0525941394268], [-71.5203797723541, -33.0523616835948], [-71.5204035983704, -33.0522973468379], [-71.5203642925851, -33.0522269751857], [-71.520088256468, -33.0520993457633], [-71.520081122048, -33.0520587205852], [-71.5200554832315, -33.0519127325674], [-71.5200676230642, -33.0517950589215], [-71.5201396697466, -33.0516572572833], [-71.5204219545449, -33.0512917027123], [-71.5204099045437, -33.0511242926447], [-71.5203040201211, -33.0509424722018], [-71.5200278690196, -33.0508510581119], [-71.5197460764982, -33.0508143176129], [-71.5195747911297, -33.0508662776116], [-71.5192978333411, -33.0509991840227], [-71.5190559835104, -33.0511010685368], [-71.5188224412994, -33.0510595559179], [-71.5187135286561, -33.0509564297328], [-71.5186526929484, -33.0508424744123], [-71.5186661649827, -33.0505572729881], [-71.5186340924321, -33.0504144531947], [-71.5186103544507, -33.050395398039], [-71.5183520915015, -33.050145316338], [-71.5179990095774, -33.0499978598813], [-71.5179207205021, -33.0499115356012], [-71.5179388529961, -33.0497899227793], [-71.5179859354968, -33.0496737876182], [-71.5179751179841, -33.0495466973846], [-71.5179574148848, -33.0494522353372], [-71.5179411643613, -33.0493655129547], [-71.5178750348817, -33.0493183499902], [-71.5177236094675, -33.049309283488], [-71.5174007262083, -33.0493461157241], [-71.5171485789895, -33.049339082241], [-71.5169045516426, -33.0492312713212], [-71.5168631258332, -33.0491046932221], [-71.5168418842701, -33.048933035244], [-71.5169682781288, -33.0488213618265], [-71.5171347314594, -33.0485997569514], [-71.5171175412981, -33.048488821028], [-71.5165235923003, -33.0478664267185], [-71.5162911397458, -33.0476970659369], [-71.5162068166867, -33.0475433872361], [-71.5159942941551, -33.0472423074351], [-71.5159422736153, -33.0471688648248], [-71.5141968317469, -33.0484889362334], [-71.5141566411211, -33.0486719747846], [-71.5142599455821, -33.0487608265073], [-71.5146380132475, -33.048892634497], [-71.5148427276227, -33.0490036903872]]], [[[-71.5193987464868, -33.0468798541744], [-71.5196016768078, -33.0470427513674], [-71.5199164931958, -33.0471556732349], [-71.5201477366179, -33.0473179961422], [-71.5202381053388, -33.0475070256143], [-71.5203039015435, -33.0478277626114], [-71.5204350376087, -33.0479563243914], [-71.5207343427866, -33.048021843487], [-71.5209342206323, -33.0480774442848], [-71.521484710035, -33.0485076627511], [-71.5217763211425, -33.0487999751198], [-71.5218489247804, -33.0493591420857], [-71.5218991828256, -33.0494642609887], [-71.5220625917657, -33.0495690371662], [-71.5222792348695, -33.0496250210001], [-71.5223943252271, -33.0496105339224], [-71.5225810706016, -33.0497021827196], [-71.5225157334361, -33.0498943597354], [-71.5224348796706, -33.0500391358173], [-71.5224821085967, -33.0502051783107], [-71.5226693642143, -33.0502600322985], [-71.5227670515098, -33.0502323173012], [-71.5229602512797, -33.0502522639983], [-71.5231390501572, -33.0503631592992], [-71.523179423141, -33.050465252366], [-71.5232879773566, -33.0507397590874], [-71.5235533531662, -33.0513806165456], [-71.5236843976033, -33.051730833187], [-71.5237128265871, -33.051806810933], [-71.5237384366575, -33.0522209960548], [-71.5237394310925, -33.0522370684035], [-71.5237871487021, -33.0524032641176], [-71.5238119098646, -33.0529514439188], [-71.5238831265037, -33.0536905286276], [-71.5239387600675, -33.0545220158853], [-71.5239843199238, -33.0550007090348], [-71.524049410951, -33.0555250496494], [-71.5239996936916, -33.0556987186113], [-71.5239506331006, -33.055895394747], [-71.5236794703439, -33.0562922512472], [-71.5234706335999, -33.0566379655466], [-71.5234229914488, -33.0567113799309], [-71.5234779548695, -33.0571341988524], [-71.5235460857956, -33.0572878894252], [-71.5235317962944, -33.057437335634], [-71.5235542146506, -33.0574755927204], [-71.5235704121735, -33.0575668365535], [-71.5235664658744, -33.0579247691083], [-71.5237017081388, -33.0581963848031], [-71.5237081760088, -33.0584228924468], [-71.5235083826048, -33.0586962028636], [-71.5232396776387, -33.0588980800241], [-71.5231815422668, -33.0591560993773], [-71.5232545411634, -33.0592321565446], [-71.523480717189, -33.0592156487998], [-71.523776318613, -33.059150022089], [-71.5240055587921, -33.0592408079387], [-71.5240987374432, -33.0593578000613], [-71.5241464505612, -33.0598271319669], [-71.5240801009943, -33.0602422106657], [-71.5240457637909, -33.0604617406807], [-71.5239653214538, -33.0606309157957], [-71.523944095162, -33.0607407628264], [-71.5239785302818, -33.0608695850673], [-71.5239196313419, -33.0610216406628], [-71.5238532745885, -33.0611153050563], [-71.5238192868297, -33.0612048955841], [-71.5237977667887, -33.0613044908665], [-71.5237992310427, -33.0613557505316], [-71.5238120895276, -33.0613794251599], [-71.5238571472257, -33.0613824125323], [-71.5239294876572, -33.0613667898085], [-71.5240982775058, -33.0613052437331], [-71.5242985577967, -33.0612088677131], [-71.5244119961525, -33.0611997309128], [-71.5245883579006, -33.0612611264885], [-71.5247380693292, -33.0613846078896], [-71.5247511784442, -33.0614191425984], [-71.5247684575387, -33.0614553087529], [-71.5249369554348, -33.061807990845], [-71.5249769951437, -33.0619302751822], [-71.5250479117455, -33.0619552280142], [-71.5252715383523, -33.0620063713598], [-71.5253393360034, -33.0621288308378], [-71.5254372514711, -33.0622407824977], [-71.5257690172718, -33.0624652154014], [-71.5257815397869, -33.0624781517378], [-71.526108505889, -33.0628750086762], [-71.5262503444825, -33.0631490965158], [-71.5262876973303, -33.0633193046452], [-71.5262240768453, -33.0635086558618], [-71.5261853935925, -33.0637180173206], [-71.5261884218133, -33.0638239532325], [-71.5262684617052, -33.0639249097051], [-71.5263946112222, -33.0640762214835], [-71.5264350452914, -33.0642121735248], [-71.526615667749, -33.0643401008273], [-71.5266496770673, -33.0643940847591], [-71.5267947738503, -33.0644373933891], [-71.5268691552542, -33.0644028034015], [-71.5268563866007, -33.0643198885577], [-71.5267627039947, -33.0641679192142], [-71.52664125087, -33.063896837644], [-71.5265901600865, -33.0636722006052], [-71.5266451738128, -33.0634659272207], [-71.5266917775114, -33.0632495666686], [-71.5267305577822, -33.0630436235483], [-71.526715256778, -33.0629345156816], [-71.5266494956076, -33.0627648842472], [-71.5264856500863, -33.062573305236], [-71.5264322551241, -33.062451611279], [-71.526265828743, -33.0622818290952], [-71.5261920896346, -33.0622475838225], [-71.5260068363618, -33.0618752161583], [-71.5259598607606, -33.0615103032931], [-71.525928058603, -33.0611644628246], [-71.5258824259832, -33.0610742014497], [-71.5257311083668, -33.0609866924727], [-71.5256729729949, -33.0608833226922], [-71.5253753952772, -33.0600760282434], [-71.525346987853, -33.0599060562692], [-71.5253140771742, -33.0597091353729], [-71.5253275537001, -33.0594691454108], [-71.525442397021, -33.0592185413821], [-71.5255839670182, -33.0590770637284], [-71.5255906127547, -33.0590003852959], [-71.5257514965305, -33.0589088688977], [-71.5259547834827, -33.0588341448154], [-71.5261296477393, -33.0587917692684], [-71.526214351684, -33.0588218245586], [-71.5262943727112, -33.0589747864025], [-71.5263530084447, -33.059004736979], [-71.5263872917493, -33.0590054221056], [-71.526740953985, -33.0590582671815], [-71.5268468105598, -33.0590949537971], [-71.5270182378621, -33.059225626778], [-71.5270820946041, -33.059259634562], [-71.527505574802, -33.0592616394925], [-71.5277316160804, -33.0592485189796], [-71.5277659838265, -33.0592465238363], [-71.527779795424, -33.0592308788997], [-71.5277230973565, -33.059098368886], [-71.5276011393786, -33.0589384505821], [-71.5274116406677, -33.0587622515302], [-71.52726545333, -33.0586345969485], [-71.5271851942492, -33.0584667739533], [-71.5270967200752, -33.0579297946861], [-71.5270847608038, -33.0578572079979], [-71.5270089816214, -33.0577923949086], [-71.5269970690624, -33.0577658583072], [-71.5269823025558, -33.0576363140124], [-71.5269696192423, -33.0575250431403], [-71.5269017506242, -33.0574352922641], [-71.5268649295791, -33.0573824251327], [-71.5268665977506, -33.0572941362448], [-71.5269757879734, -33.057154243369], [-71.5271162233983, -33.0570807917089], [-71.5274687690282, -33.057094825063], [-71.5277894109908, -33.057165989395], [-71.5279151454862, -33.0572146471833], [-71.5279471776126, -33.0572157938525], [-71.5281620222892, -33.0572628042654], [-71.5281934444595, -33.0572213397258], [-71.5281630068427, -33.0571831239385], [-71.5280211116554, -33.0570589138568], [-71.5278916967623, -33.0569035318612], [-71.5278845650373, -33.05689496908], [-71.5278041173103, -33.0567983804295], [-71.5277670546183, -33.0567888049806], [-71.5276960059642, -33.0566943228449], [-71.5275212692684, -33.0564791615944], [-71.5274984484669, -33.0563184728237], [-71.5275357033984, -33.0561872632198], [-71.527736344812, -33.0560335541615], [-71.5279860881391, -33.0558443178718], [-71.5280188047817, -33.0557868156003], [-71.5279811438118, -33.0557389746877], [-71.5278410847809, -33.0557129660134], [-71.526896718262, -33.055781467653], [-71.5268344784876, -33.0557834478166], [-71.5267486516487, -33.0557541737668], [-71.5267259709844, -33.0556544344213], [-71.5267439723244, -33.0554716053897], [-71.5267545778346, -33.0553206063392], [-71.5265862613982, -33.0551705406493], [-71.526564868918, -33.0550597033543], [-71.5265931272219, -33.0549325124736], [-71.5265744242977, -33.0547563927429], [-71.5265073767398, -33.054505369472], [-71.5264419012337, -33.0544528228332], [-71.5262765869669, -33.0543787372144], [-71.5261649991406, -33.0543004230978], [-71.5261193189101, -33.054067903254], [-71.5261224845732, -33.0537800935828], [-71.526123256226, -33.053709971583], [-71.5260043489268, -33.0534850472797], [-71.5259694520729, -33.0533566644875], [-71.5257357481653, -33.0531503691891], [-71.525445417157, -33.0529503724879], [-71.5253443108735, -33.0528396942799], [-71.5253406978494, -33.0525723523186], [-71.5255233648725, -33.0524138007984], [-71.5257084456688, -33.0521989189706], [-71.5257149970822, -33.052130794028], [-71.5256354898913, -33.0520250488453], [-71.5253622187886, -33.0520222930627], [-71.5253384269083, -33.0520201110251], [-71.5251818514526, -33.0519125699309], [-71.5251851356933, -33.0517299981671], [-71.5252607765352, -33.0514028203308], [-71.5254187407863, -33.051131231866], [-71.52557674636, -33.0510099392284], [-71.5257623463825, -33.050914049641], [-71.5258707604609, -33.0509256210608], [-71.5258989648659, -33.0509270260756], [-71.5260105850315, -33.0509252852427], [-71.5260364439353, -33.0508388760348], [-71.5260163234695, -33.050729542966], [-71.5258354773315, -33.0505471238588], [-71.5253984056232, -33.0501217847633], [-71.5252454656495, -33.0499244850769], [-71.5252024246693, -33.0498060731271], [-71.5252059864894, -33.049534033981], [-71.5253015061502, -33.0493078445637], [-71.5253185714456, -33.0491118728003], [-71.5252642072013, -33.0489936901673], [-71.5250271516793, -33.0488267229971], [-71.524699775047, -33.048671126935], [-71.5243246951782, -33.0486286267734], [-71.524149364696, -33.0485730248176], [-71.5238891182666, -33.0483874394922], [-71.5236537830184, -33.0480820645686], [-71.5234484622804, -33.0478357238888], [-71.5230135932412, -33.0474866724366], [-71.5228881614781, -33.0473002354531], [-71.5229673120378, -33.0470958506036], [-71.5232281738132, -33.0470648350151], [-71.5235264567083, -33.0470945833245], [-71.523647049247, -33.0469690488094], [-71.5237758577773, -33.0467095336904], [-71.5238672209332, -33.0463249755844], [-71.5236690696495, -33.045946648364], [-71.523315182835, -33.0454136822957], [-71.5231035217877, -33.0452516450321], [-71.522836342161, -33.0450471033214], [-71.522410123898, -33.0446475545827], [-71.522088557569, -33.0443461064485], [-71.5217012776804, -33.0441741259417], [-71.5214593829339, -33.0440667062905], [-71.520979226228, -33.0440031902834], [-71.5193935739874, -33.0451045832392], [-71.5192838474704, -33.0451926727555], [-71.5192756539367, -33.0452621720267], [-71.5192646765239, -33.0456539342113], [-71.5193456416805, -33.0460101516746], [-71.5193548116829, -33.0463320341571], [-71.5193987464868, -33.0468798541744]]], [[[-71.5503545160061, -33.041658264775], [-71.5502427161774, -33.0417707364545], [-71.5501390910178, -33.0417869967098], [-71.550077616608, -33.0417790424159], [-71.5499679655494, -33.0417615185685], [-71.5498139754451, -33.0419221217018], [-71.5496569337638, -33.0421734421445], [-71.5495811069706, -33.0422942763092], [-71.5495799211945, -33.0423143731509], [-71.5495310465548, -33.0423790628411], [-71.549532614115, -33.0425317136347], [-71.5495358444568, -33.0426437737997], [-71.5495595096746, -33.0427768869004], [-71.5496304065134, -33.0428780211255], [-71.5497080092759, -33.0429169901212], [-71.5498210559662, -33.042969359906], [-71.5498800905517, -33.0432328853412], [-71.5499644432552, -33.043407700546], [-71.5500775159966, -33.0435962406658], [-71.5502434581858, -33.0437281550301], [-71.5502945983766, -33.0438854300138], [-71.5503358184718, -33.0440952673567], [-71.5503582359297, -33.0441905325908], [-71.5503453819363, -33.0444628721281], [-71.5503394979712, -33.0446897223296], [-71.5503339113484, -33.0447219887486], [-71.5502778187454, -33.0447995538581], [-71.5501994371436, -33.0449055306073], [-71.5501725891947, -33.0449567749712], [-71.550199751554, -33.0451619817949], [-71.5502274304445, -33.0453850727119], [-71.5502310785029, -33.0454744209672], [-71.550160249936, -33.0456339586117], [-71.5500578698414, -33.0457672652323], [-71.5499925263876, -33.0458342068656], [-71.5499773241981, -33.0459209982363], [-71.5500081912095, -33.0460060350374], [-71.5500639577241, -33.0461011332985], [-71.5501458490437, -33.0462396160563], [-71.5502241156611, -33.0463751905321], [-71.5502332560191, -33.0464465736134], [-71.5502241012881, -33.0464974563969], [-71.5502026935366, -33.0465381677228], [-71.5501670358097, -33.0466059784763], [-71.550176262406, -33.0466803417119], [-71.550197361137, -33.0467609464276], [-71.5502973247635, -33.0469492338948], [-71.5503436571709, -33.0470824805445], [-71.5503444171457, -33.0472315690879], [-71.5503062423393, -33.0473186467224], [-71.5502073207586, -33.0475117061668], [-71.5501327336405, -33.0476265513063], [-71.5501574247344, -33.0481754972576], [-71.5501243694269, -33.0483670579048], [-71.550023330517, -33.0488767964654], [-71.5499509954754, -33.0492113078275], [-71.5498641804897, -33.0497126316266], [-71.5499019950716, -33.0500205233227], [-71.5499667177895, -33.0504253357221], [-71.5500054890772, -33.0505991818997], [-71.5498548155529, -33.0509321002421], [-71.5498576560258, -33.051158613022], [-71.5497403279649, -33.0512666489739], [-71.5495141240915, -33.0514539961603], [-71.5493425800082, -33.051693063774], [-71.5493400539456, -33.0517646104522], [-71.5493372709649, -33.0518434433464], [-71.5493692330227, -33.0519483853531], [-71.5494623308255, -33.0519992785107], [-71.5496276091596, -33.0520446352281], [-71.5497981749776, -33.0521061290481], [-71.5499367589748, -33.0522291963713], [-71.550134567102, -33.0525663046935], [-71.5503199263761, -33.0528061945088], [-71.5503582323364, -33.0529638049028], [-71.550328240284, -33.0530943815731], [-71.5502495424752, -33.0531639559255], [-71.5502658603724, -33.0531860696616], [-71.5500523173546, -33.0532259285838], [-71.5500003516121, -33.0532635444934], [-71.5500707570724, -33.0533636381678], [-71.5501262837368, -33.0534225628086], [-71.5502697581624, -33.0535748195004], [-71.5503500379044, -33.0536828344173], [-71.5505575280738, -33.0536867112634], [-71.550743377828, -33.0537763206454], [-71.5507512201204, -33.0537898206981], [-71.5508059257246, -33.0539865447679], [-71.5507690013731, -33.0540826102063], [-71.550738066988, -33.0542612513312], [-71.5507773557053, -33.0543237495128], [-71.5509430616375, -33.0543230425149], [-71.5510270361503, -33.054361582549], [-71.5509792475738, -33.0544725991661], [-71.5509514572922, -33.0545131637494], [-71.5509027910617, -33.054584202924], [-71.5507342751992, -33.0547084255322], [-71.5505378657488, -33.0548600573342], [-71.5504575276164, -33.0549475859541], [-71.5504251208925, -33.0550395002475], [-71.5504282578095, -33.0550923605037], [-71.5504313246578, -33.0551440446682], [-71.550498356046, -33.0552580802543], [-71.5506791267256, -33.0553375816233], [-71.5507860181596, -33.0553971230879], [-71.5508296699941, -33.0554740629094], [-71.5508082137336, -33.0556140631102], [-71.550762655674, -33.0556494365715], [-71.5506804059266, -33.0557132980487], [-71.550549966954, -33.0557213346576], [-71.5504118303179, -33.0557939419297], [-71.5503597711505, -33.0558674722136], [-71.5503522270987, -33.0559374072785], [-71.5503687417269, -33.0559698645807], [-71.5503927716608, -33.0560170940033], [-71.5505459595695, -33.0561347341489], [-71.5506171070384, -33.0562808913473], [-71.5506522859632, -33.0563955782327], [-71.5507146631799, -33.056458715624], [-71.5508202295988, -33.0565826969158], [-71.5508649657, -33.0566971884054], [-71.5508109374255, -33.0567866155319], [-71.5507623179074, -33.0568952130211], [-71.5506879616564, -33.0569691986448], [-71.5506514415468, -33.0570289912285], [-71.5506702010649, -33.0570918420625], [-71.5506267675209, -33.0571424747545], [-71.5506848301293, -33.0571920239916], [-71.5508025300928, -33.057184248021], [-71.5509124659173, -33.0571283216965], [-71.5509759381803, -33.0571189706484], [-71.5510986040306, -33.057172821228], [-71.5511759795193, -33.0572034447589], [-71.551268119718, -33.0571935064553], [-71.5513685010611, -33.0571377751384], [-71.5514189998548, -33.0571206375745], [-71.5515150216739, -33.0571347763285], [-71.5515843132233, -33.0572165580476], [-71.5516628394539, -33.0573974537726], [-71.5516924263661, -33.0575390937402], [-71.5516878251952, -33.0577109562927], [-71.5516377099821, -33.0577813137742], [-71.5514993299025, -33.0579161047856], [-71.5512442640573, -33.0580233125435], [-71.5510844456835, -33.0581178361678], [-71.5509446687236, -33.0582441551141], [-71.5508237698594, -33.0583620362207], [-71.5506811937491, -33.0585018308072], [-71.5506335569878, -33.0586182125655], [-71.5506258593242, -33.0586827833694], [-71.5506703870162, -33.0587269229872], [-71.5506812970553, -33.0587073757353], [-71.550847824946, -33.0586433500414], [-71.5510462547075, -33.0585614574671], [-71.5512052106987, -33.0585474680145], [-71.5513549975858, -33.0585470862991], [-71.5515253684693, -33.0585972762078], [-71.5516241795573, -33.0587079772935], [-71.5516269670296, -33.0588045397564], [-71.5515373151643, -33.0588888684481], [-71.5514639515517, -33.0590091669622], [-71.5514561002761, -33.0590683731681], [-71.5514749343543, -33.0591332726526], [-71.5515549895175, -33.0591817554372], [-71.5516898571843, -33.0592165688247], [-71.5517466405918, -33.0593066581882], [-71.5517365327482, -33.0593981162009], [-71.5516801922102, -33.059505641376], [-71.5516883156753, -33.0595878041092], [-71.5516020702215, -33.059897531424], [-71.5516043222979, -33.0600073793698], [-71.5515797363069, -33.0603702054742], [-71.5514969269091, -33.0605687503443], [-71.5513382350226, -33.0607267368294], [-71.5512399422625, -33.0608548912946], [-71.5512278689051, -33.0610482974946], [-71.5512731574701, -33.0612326372422], [-71.5513636546502, -33.0613864501526], [-71.5514541518302, -33.0615402627942], [-71.5515411653436, -33.0615733715168], [-71.5516016695729, -33.0615606112177], [-71.5516188696157, -33.0615464919961], [-71.5516500213931, -33.0614798913098], [-71.5516905551753, -33.0614534807957], [-71.5516963322409, -33.0614279496208], [-71.5517351861736, -33.0613385859327], [-71.5517926109781, -33.0612300556602], [-71.5518981270914, -33.0611312756498], [-71.5520042657372, -33.0610807724869], [-71.5521136598775, -33.0609792496056], [-71.5521497155581, -33.0609033633437], [-71.5521337210544, -33.0607909680475], [-71.5521712751249, -33.0606480790269], [-71.5521748971321, -33.060612849867], [-71.5522573606786, -33.060436849161], [-71.5522834720089, -33.0603477464673], [-71.5522882267917, -33.060181248789], [-71.5523209515192, -33.059990023277], [-71.5523334012707, -33.059758954955], [-71.552340721642, -33.0595709335423], [-71.5523307808851, -33.0595521754978], [-71.5524096394923, -33.0593944707415], [-71.5524248542582, -33.0591365078005], [-71.5523717036378, -33.0588656313304], [-71.5523430662449, -33.0587119314658], [-71.5523247657659, -33.058613712544], [-71.5524891403949, -33.0584194946483], [-71.5527712670897, -33.0583019908176], [-71.5529003325381, -33.0581391084302], [-71.5528900782692, -33.0580774689979], [-71.5528072661764, -33.0578595065898], [-71.5528045119417, -33.0577641371848], [-71.5528695724262, -33.057662605961], [-71.5530318620654, -33.0575924840419], [-71.5531665132383, -33.0575683611733], [-71.553282689659, -33.0574489784749], [-71.553289427922, -33.0572465152456], [-71.5532345103154, -33.057154143233], [-71.553237831387, -33.0570729637782], [-71.5533327195322, -33.0570233068089], [-71.5535688965018, -33.0569612125944], [-71.5538340773771, -33.0569223808185], [-71.5541173467288, -33.0569213485869], [-71.554376575367, -33.0570687181589], [-71.5543711755939, -33.0572739961416], [-71.5542960324186, -33.0574186750119], [-71.5542176130876, -33.0574905468074], [-71.5541775024119, -33.0578266652543], [-71.5542205865112, -33.057945064912], [-71.5543524825511, -33.0579996181902], [-71.554540454126, -33.0580339366404], [-71.55471627419, -33.0580398762261], [-71.5549213712475, -33.0580786141501], [-71.5550487083373, -33.0581714301526], [-71.5550503621358, -33.0582286522962], [-71.5549563022373, -33.0583069215095], [-71.5549308278125, -33.0583604295495], [-71.5548445266631, -33.05847769313], [-71.5547929858237, -33.0585176046176], [-71.5547879875975, -33.0585558476825], [-71.554849375769, -33.0587242171051], [-71.5549612411747, -33.0588698354542], [-71.5549308484737, -33.0589945120291], [-71.5549417495297, -33.0591755983449], [-71.5549166056849, -33.0592858545018], [-71.5547748407533, -33.0594147677121], [-71.5547749521444, -33.0595309013182], [-71.5547793386179, -33.0598051621931], [-71.5547352151678, -33.0599939374892], [-71.5546703819571, -33.0600787634461], [-71.5546179338192, -33.0600900844591], [-71.5543553266173, -33.0600955480878], [-71.5541453831489, -33.060183347808], [-71.5541044612944, -33.0602378643139], [-71.5541147946151, -33.0603095425774], [-71.5541310370538, -33.0604222080173], [-71.5539795999615, -33.0606110392085], [-71.5539113953735, -33.0609098041472], [-71.5538468091996, -33.0611258361773], [-71.553897204687, -33.0613991547649], [-71.5539379378953, -33.0615832084422], [-71.5538576446785, -33.0617458849481], [-71.5537657766694, -33.0618002197993], [-71.5536696192047, -33.0618570925146], [-71.5534871237598, -33.0619145080062], [-71.5533769633565, -33.0620241192954], [-71.5533422048432, -33.0621559126998], [-71.5534097383897, -33.0624230456266], [-71.5534230181845, -33.0626374824067], [-71.5533553301279, -33.0627462232488], [-71.5531811620656, -33.0627979511023], [-71.5529126385592, -33.0628686109291], [-71.5527076987069, -33.0628847362923], [-71.5525182934208, -33.0629482567485], [-71.5523606453767, -33.0631304100018], [-71.5522074421965, -33.0633922737937], [-71.5519894058057, -33.0635197167012], [-71.5517939521629, -33.0636191437379], [-71.5515862329231, -33.063784428102], [-71.5515748297088, -33.0638800883581], [-71.5516956782674, -33.0639637444147], [-71.5518205018711, -33.064048018476], [-71.5519387569934, -33.0642185583758], [-71.5520021016957, -33.064449862675], [-71.5523227185054, -33.0645148673534], [-71.5524129632588, -33.0645256404818], [-71.5525217878673, -33.0645406106864], [-71.5525761817561, -33.0644619630677], [-71.5526086486671, -33.064359908064], [-71.5526058369402, -33.0642625438966], [-71.5526022787134, -33.0641393654114], [-71.5526331960305, -33.0639836639098], [-71.5529224158228, -33.0636974254737], [-71.5530598598579, -33.0635514710595], [-71.5532320085073, -33.0633809486883], [-71.5534212422152, -33.0633114667293], [-71.553627733458, -33.0633489849763], [-71.5539050137418, -33.0633850532204], [-71.5541384418667, -33.0633743063021], [-71.5543054054403, -33.063269493101], [-71.5543861855439, -33.0632509037302], [-71.554665045066, -33.0632144100707], [-71.5547487851185, -33.0631709449988], [-71.5547821108189, -33.0630986916284], [-71.554617747868, -33.0630483830772], [-71.5544887794376, -33.0629973495006], [-71.5544456647955, -33.0628369142942], [-71.5544388977865, -33.0627419139104], [-71.5546262144895, -33.0626762175546], [-71.5547427816774, -33.0624732634396], [-71.5549099150327, -33.0623744110443], [-71.5550620842519, -33.0623639561113], [-71.5551573263333, -33.0623574115199], [-71.5553211826344, -33.062145307169], [-71.5553179082752, -33.0620320559506], [-71.555243859248, -33.061675725627], [-71.5552226365494, -33.0614316318864], [-71.5553188299466, -33.0612365702208], [-71.5553471349629, -33.0610831590803], [-71.5556097340801, -33.0611016314614], [-71.5556857019087, -33.0610344687983], [-71.5555726282689, -33.060798221207], [-71.5555691643652, -33.0605366621399], [-71.5556107392948, -33.0604582864953], [-71.5556155839092, -33.0604252112326], [-71.5557986506826, -33.0602866348414], [-71.5558112666225, -33.0599881689387], [-71.5559566930872, -33.0597585777621], [-71.5560983951367, -33.0596303976086], [-71.5563658271901, -33.0595712362006], [-71.5566574248229, -33.059612968412], [-71.5568721931427, -33.0596920607986], [-71.5571630936828, -33.0599544791507], [-71.5572162658628, -33.0600786347041], [-71.5572953364724, -33.0601187615415], [-71.5574022045502, -33.060140426322], [-71.5575377782929, -33.0601824029483], [-71.5576340723014, -33.0600760274905], [-71.5575886750403, -33.0597310381643], [-71.5573285103576, -33.0593069585889], [-71.5570307044678, -33.0590506464703], [-71.5566907756761, -33.0588071259268], [-71.5566341575587, -33.0585637575464], [-71.55671082248, -33.0582759061054], [-71.556934854227, -33.0579553065476], [-71.5571433109836, -33.0578018317154], [-71.5576753957028, -33.0578326643327], [-71.5579134654228, -33.057982846701], [-71.5579999803712, -33.0580431445415], [-71.5580018084428, -33.0580279029426], [-71.5581220156042, -33.0580918846633], [-71.5580885264104, -33.0579136488399], [-71.5579942778658, -33.0573489895807], [-71.5579502676033, -33.0568071570451], [-71.5579293970444, -33.0560859236756], [-71.5579406277821, -33.0557397742827], [-71.5579130198584, -33.0555199652069], [-71.5577787217235, -33.0550396259852], [-71.5576805906601, -33.0545853820032], [-71.557195800444, -33.052761057289], [-71.55552504361, -33.053027921315], [-71.5555388803603, -33.0532042643606], [-71.5555586837208, -33.0534566496335], [-71.5554639482892, -33.05344050372], [-71.5549964200996, -33.0533608206866], [-71.554390912479, -33.053373229801], [-71.5544005379272, -33.0526488850088], [-71.5542536508019, -33.0499179297721], [-71.5536827642523, -33.0495717764603], [-71.5533321401188, -33.04939764815], [-71.5530098263915, -33.0492229389557], [-71.5528220290898, -33.0489977614866], [-71.5527473377671, -33.0487654949456], [-71.5527103523303, -33.048644934706], [-71.5527083131546, -33.0485881920028], [-71.5527614511986, -33.0484693844495], [-71.55288340199, -33.0483762329329], [-71.5530190161568, -33.0483639127186], [-71.5531223224145, -33.0483559710663], [-71.5532356862101, -33.0483649066486], [-71.5532399756656, -33.0483641589421], [-71.5534261371352, -33.0483364900327], [-71.5535906123755, -33.0483426636956], [-71.5537342305315, -33.0484112907927], [-71.5538615514517, -33.0485041102098], [-71.553943575722, -33.0485978556888], [-71.5540489364267, -33.0487149801711], [-71.5540801394081, -33.048814538381], [-71.5541185199286, -33.0489664348375], [-71.5541659824167, -33.0490295233421], [-71.5543002077881, -33.0491749378587], [-71.5543779965018, -33.049265427536], [-71.5544801026103, -33.0492759773928], [-71.5545381274894, -33.0492192042244], [-71.5545337131681, -33.0491644248854], [-71.5545222569533, -33.0490620765591], [-71.5544294582895, -33.0489876370256], [-71.5543688354825, -33.0489483228427], [-71.554333210095, -33.0488917971912], [-71.554332429459, -33.0488894976122], [-71.5543312481744, -33.0487967019434], [-71.5543360227202, -33.0487913204407], [-71.5543557254693, -33.0486962499326], [-71.554438739683, -33.0486695358995], [-71.5544642069213, -33.0486796144655], [-71.5545109157228, -33.0487006292321], [-71.5545523073962, -33.0487192510414], [-71.5545665735412, -33.0487187623611], [-71.5546482286039, -33.0487159597907], [-71.5546665991514, -33.0486654848954], [-71.5547063226533, -33.0483736201018], [-71.5547061232273, -33.0482686550105], [-71.554679410924, -33.048169001308], [-71.5545715331399, -33.0480560001709], [-71.5542735053663, -33.0478026596966], [-71.5539891221035, -33.0475709637776], [-71.553798228309, -33.047421398416], [-71.5536585169261, -33.0473913723654], [-71.5534414875467, -33.0473885087609], [-71.5530901375745, -33.0473920500524], [-71.5528936104449, -33.0473137259569], [-71.5528816799196, -33.0472836080052], [-71.5528009519183, -33.0471199055606], [-71.5526816295974, -33.0469356582473], [-71.5525934949865, -33.0467347694432], [-71.5525296696856, -33.0466784532086], [-71.5524806198744, -33.0466256692245], [-71.5524029434501, -33.0465843178953], [-71.5522627065528, -33.0465836100823], [-71.552144940114, -33.0466253845934], [-71.5520145379724, -33.0466709955781], [-71.551891493033, -33.0466770925525], [-71.551714909401, -33.0465948236468], [-71.5515624635006, -33.0464655392644], [-71.5514445371617, -33.0463316749786], [-71.5513680860395, -33.0462082876731], [-71.5513525604564, -33.046111985486], [-71.5513844838867, -33.0458930439259], [-71.551425314113, -33.0456882348836], [-71.5515150207756, -33.0455575726841], [-71.551652263588, -33.0454545658072], [-71.5516753691555, -33.0453717882354], [-71.5517007896814, -33.0452726658877], [-71.5516638096344, -33.045221488725], [-71.5515925328082, -33.0450827897599], [-71.551529365074, -33.0449797100391], [-71.5515269845385, -33.0446517300181], [-71.551521751852, -33.0443476651827], [-71.5514826086618, -33.0439727240598], [-71.5514382660227, -33.0437857608094], [-71.5513397145479, -33.0436834047263], [-71.5512224511656, -33.043423381427], [-71.5511603308671, -33.0432337987559], [-71.5511652293803, -33.0429897999723], [-71.5511610773671, -33.042966249166], [-71.5511744254339, -33.042793178597], [-71.550986670353, -33.042628438419], [-71.5507767205964, -33.0425953963687], [-71.5506413417881, -33.0425128209333], [-71.5505445555028, -33.0424507925419], [-71.5504846693144, -33.0423506706499], [-71.5504756699918, -33.042242110194], [-71.550566956791, -33.0421023455168], [-71.5506423712574, -33.0419672049875], [-71.5507102758081, -33.0418286530106], [-71.5507115307545, -33.041603092167], [-71.5506727909079, -33.0414954449755], [-71.5505067921249, -33.0414504201852], [-71.5504905999918, -33.0414556861689], [-71.5504230188347, -33.0415304890075], [-71.5504069767204, -33.0415529061261], [-71.5503545160061, -33.041658264775]]]]}, "properties": {"nom_min": "VALPO", "region": "Valparaíso", "categoria": "Santuario de la Naturaleza", "sup_ha": 328}}, {"type": "Feature", "geometry": {"type": "Polygon", "coordinates": [[[-71.5515036588838, -32.9386303729683], [-71.5515137101335, -32.9386470932759], [-71.5516152574899, -32.9389094987063], [-71.5516154416445, -32.9389290981498], [-71.5516204192095, -32.9389673666971], [-71.551635490245, -32.9390338149089], [-71.5516546638865, -32.9391023536637], [-71.5516777209449, -32.9391690483025], [-71.5516982806868, -32.9392402331731], [-71.5517030417578, -32.9392634490439], [-71.5517053603095, -32.939298104717], [-71.5517042499918, -32.9393218875117], [-71.5516994467, -32.9393458964724], [-71.5516821873685, -32.9393896804284], [-71.5516745705532, -32.9394083999554], [-71.5516695462758, -32.9394874049099], [-71.5516680128516, -32.9395113572826], [-71.5516620130038, -32.9395447817295], [-71.5516562449214, -32.9395676167977], [-71.5516223407059, -32.9396380444262], [-71.5516170289676, -32.9396485154207], [-71.5516111503924, -32.9396695162104], [-71.5516053805134, -32.9397265431], [-71.5516047229466, -32.9397578633178], [-71.5516053832083, -32.9397782338175], [-71.5516080215603, -32.9397987460465], [-71.5516201793593, -32.9398321560605], [-71.551626734366, -32.939849470971], [-71.5516466051, -32.939992694485], [-71.551655366369, -32.9400503137333], [-71.5516625223486, -32.9400857041523], [-71.5516708937487, -32.9401136867208], [-71.551685095215, -32.9401501272989], [-71.5517204430232, -32.9402167073085], [-71.5516569042848, -32.9402189132218], [-71.5515872372396, -32.9402244182043], [-71.5515192464506, -32.9402326040567], [-71.5514536595534, -32.9402433260296], [-71.5513923504336, -32.9402562079257], [-71.5513346705075, -32.9402713115638], [-71.551280929694, -32.9402885570295], [-71.5512313121476, -32.9403078809939], [-71.551186677556, -32.9403288605178], [-71.5511462533683, -32.9403517556955], [-71.5511101132461, -32.9403765273227], [-71.551078298512, -32.9404031444879], [-71.5510508612683, -32.9404315634634], [-71.551027813193, -32.9404617676616], [-71.5510091740492, -32.9404937299405], [-71.5509949591081, -32.940527427681], [-71.5509928552537, -32.9405459909102], [-71.550994217998, -32.9405624959947], [-71.5510011125678, -32.9406201962926], [-71.5510155862237, -32.9406768923623], [-71.5510374566076, -32.9407318770511], [-71.5510664533266, -32.9407844650709], [-71.5511022161564, -32.9408340027987], [-71.5511442986342, -32.9408798743072], [-71.5511921779405, -32.9409215081501], [-71.5512452584924, -32.940958386408], [-71.5513338710069, -32.941030486573], [-71.5514269292838, -32.94109848927], [-71.5515241674218, -32.9411621962347], [-71.5516253060447, -32.9412214288039], [-71.5517300576916, -32.9412760150994], [-71.5518381196304, -32.9413258013358], [-71.5518484161202, -32.9413299567841], [-71.5518346674048, -32.9413634649794], [-71.5518269715377, -32.9413870361292], [-71.551818031504, -32.9414342786773], [-71.5518042836869, -32.9415548776721], [-71.5518008332579, -32.9415804609007], [-71.5517994705136, -32.9416024058544], [-71.5518095837471, -32.9417054782337], [-71.5518148981803, -32.9418205086494], [-71.5518173793271, -32.9418716628834], [-71.5518194068247, -32.941889067107], [-71.5518226793873, -32.941904683109], [-71.5518456241563, -32.9419554203954], [-71.5514578205498, -32.9419577943819], [-71.5510700151467, -32.9419557739679], [-71.5506822753206, -32.9419493599068], [-71.5502946711402, -32.9419385529517], [-71.5502508513206, -32.9419320401303], [-71.5501963038199, -32.9419239335932], [-71.55003039936, -32.9418980006607], [-71.5498559150908, -32.9418962162117], [-71.5492426082969, -32.9418702689471], [-71.5489550638626, -32.9417399610635], [-71.548880093164, -32.9417139474109], [-71.5487647288202, -32.9417009337969], [-71.5487410231782, -32.9416876940144], [-71.5487207149646, -32.9416726335898], [-71.5486246069073, -32.9416040681793], [-71.5486245772629, -32.9416031152638], [-71.548619545799, -32.9415962827689], [-71.5486137543603, -32.9415861663329], [-71.5485942070197, -32.9415543785974], [-71.5485753585684, -32.941533489077], [-71.5485556657008, -32.9415154198528], [-71.5485546649776, -32.9415144661824], [-71.5485653971503, -32.9414996854214], [-71.5485778837327, -32.9414859178859], [-71.5485969585594, -32.9414694363443], [-71.5486185360926, -32.9414553159835], [-71.5486422022087, -32.9414438191585], [-71.5486675149368, -32.9414351667601], [-71.5487174675548, -32.941431366399], [-71.5487660062246, -32.941420714682], [-71.5488118185074, -32.9414035003466], [-71.5488515105682, -32.9413843221226], [-71.5488889909768, -32.9413622082433], [-71.5489239605942, -32.9413373373785], [-71.5489344430353, -32.941309426817], [-71.5489428934872, -32.9412869269264], [-71.5489509370022, -32.9412491614748], [-71.5489539760028, -32.9412348804999], [-71.5489612119324, -32.941186595212], [-71.5489739563314, -32.9411391263637], [-71.5489920897237, -32.9410929202611], [-71.5490154414295, -32.9410484111488], [-71.5490188747905, -32.9410427313143], [-71.5490119074572, -32.9410046317834], [-71.5490000362207, -32.9409709048228], [-71.5489831047742, -32.9409387519812], [-71.5489631684631, -32.9409108593873], [-71.5489394241935, -32.9408851726813], [-71.5489177235912, -32.9408667444705], [-71.5489122088337, -32.9408620620277], [-71.5488372623895, -32.9408015053769], [-71.5487590676373, -32.9407439401448], [-71.5486833944561, -32.9406930770164], [-71.5486779318009, -32.9406892698384], [-71.5486045178826, -32.9406380855183], [-71.5485507644926, -32.9406140550455], [-71.5484829183325, -32.9405787666141], [-71.5484114600465, -32.9405489733301], [-71.5483370157606, -32.9405249337863], [-71.5483028591186, -32.9405022354208], [-71.5482468841949, -32.9404610740749], [-71.5482465850559, -32.9404608531826], [-71.5482014357297, -32.94042765299], [-71.5481733238512, -32.9404043884214], [-71.5481487612164, -32.9403802990809], [-71.5481404086809, -32.9403688458422], [-71.548130864081, -32.9403501981391], [-71.5480676819738, -32.9402206245763], [-71.5480610254576, -32.9401977919384], [-71.5480590231128, -32.9401818371335], [-71.5479882709027, -32.9401793281511], [-71.5479162556613, -32.9401913604102], [-71.5478226898363, -32.9401992567677], [-71.5477429598632, -32.940242103957], [-71.5476750840587, -32.940239066492], [-71.5476198179058, -32.9402514568456], [-71.5475167928208, -32.9402625927074], [-71.5474656795794, -32.940289405921], [-71.5474088117304, -32.9403271529349], [-71.5473885259746, -32.9403606434166], [-71.5473614750065, -32.9403822479105], [-71.5473242326514, -32.9403872440008], [-71.5467920383378, -32.9404199888537], [-71.5467941853113, -32.9404448132346], [-71.5467962208937, -32.940468334872], [-71.5468089230719, -32.940615151966], [-71.5468178047151, -32.9407177746661], [-71.5468179053264, -32.9407189243581], [-71.5468346400418, -32.9409123264665], [-71.5468349337909, -32.9409157303012], [-71.5468398080496, -32.9409720741128], [-71.5468421715171, -32.9409993959897], [-71.5468422856032, -32.9410007431983], [-71.5468599249221, -32.9412045212639], [-71.5468646716201, -32.9412593850019], [-71.5469008530648, -32.9417918006276], [-71.5469108270594, -32.9419385635061], [-71.5469108701785, -32.9419385544595], [-71.5469485149788, -32.94249248177], [-71.5469571037712, -32.9426188449975], [-71.5469759639006, -32.9431513888891], [-71.5469687872598, -32.9432739833097], [-71.5469539902105, -32.9433704912694], [-71.5469487898633, -32.9434044140757], [-71.5468668751875, -32.9437137368783], [-71.5467674209057, -32.9440342384639], [-71.5466783969627, -32.9443381176618], [-71.5466783906745, -32.9443378470241], [-71.5466783116228, -32.9443381184157], [-71.5465616501118, -32.9447417446428], [-71.5464711834745, -32.9450350108359], [-71.5464707379101, -32.9450364590002], [-71.5464368076435, -32.9451464432759], [-71.546434261818, -32.9451546972739], [-71.5463447923106, -32.9454551026217], [-71.5462648278773, -32.9457235948186], [-71.5460581740395, -32.9463856749284], [-71.5460291252181, -32.9464791799333], [-71.5460243955881, -32.9464944068933], [-71.5460226699245, -32.9464999627466], [-71.5460199812668, -32.9465086078648], [-71.5460257098234, -32.9465088166805], [-71.5466053935746, -32.9465298512717], [-71.5468279907121, -32.9465379279865], [-71.5468286419906, -32.9465379513557], [-71.5476863848649, -32.9465690708992], [-71.547687595794, -32.9465691146223], [-71.5479340692534, -32.9465780559954], [-71.5479848285585, -32.9465798976422], [-71.5480086330153, -32.9465807607964], [-71.5480268984599, -32.9465814241812], [-71.5480905279281, -32.9465835032896], [-71.5480905800304, -32.9465835047973], [-71.5481185032627, -32.9465844169514], [-71.548119980093, -32.9465844651976], [-71.5485410761623, -32.9465982259085], [-71.5485411776719, -32.9465982289239], [-71.5486827557539, -32.9466028545244], [-71.5488123997174, -32.946607091894], [-71.5489590757387, -32.9466118840941], [-71.5489722468374, -32.9465924906459], [-71.5489901529559, -32.9465673091599], [-71.5490095044638, -32.9465446115918], [-71.5490621610108, -32.9464933733689], [-71.5491149621866, -32.9464418207618], [-71.5491600261728, -32.9464052892995], [-71.5492269012541, -32.9463471186061], [-71.5494422148513, -32.946177353289], [-71.5495524659844, -32.9460879112197], [-71.5495595644718, -32.9460818148295], [-71.549676764972, -32.9459848356567], [-71.5497257833421, -32.9459452426133], [-71.5498181014072, -32.9458867316298], [-71.5499030586769, -32.9458288221822], [-71.5499950838912, -32.945767523372], [-71.5500831062127, -32.9457120759329], [-71.5501645196286, -32.9456462147151], [-71.550237840122, -32.9455741145446], [-71.5502981880445, -32.9455083218249], [-71.5504018069159, -32.9453852917578], [-71.550465427401, -32.9453105935824], [-71.5504687664389, -32.9453068438964], [-71.5504758909774, -32.9452988386856], [-71.5505298384035, -32.9452335380303], [-71.5506016614054, -32.9451540760944], [-71.5506705361365, -32.9450723291397], [-71.5507326456553, -32.9449897294937], [-71.550775659686, -32.9449161753446], [-71.5508084706518, -32.9448448133626], [-71.5508392900525, -32.9447562693027], [-71.5508631834425, -32.9446424405945], [-71.5508938761808, -32.9445122430911], [-71.550907917747, -32.9444054679835], [-71.5509320509871, -32.9443075039308], [-71.5509694801917, -32.9441996196381], [-71.5510028121803, -32.9441463710001], [-71.5510660050673, -32.9440679853643], [-71.5511409254603, -32.9439771902286], [-71.5511992952925, -32.9439170269693], [-71.5512687745899, -32.9438601558177], [-71.5513445888066, -32.9438117174201], [-71.5513898450323, -32.9437826610028], [-71.5514556681864, -32.9437437160558], [-71.5515115946011, -32.9437074307483], [-71.5515198105927, -32.9437021008808], [-71.5515811313906, -32.9436627970555], [-71.5516574369858, -32.9436202108557], [-71.5517104609437, -32.9435787328272], [-71.551757565004, -32.9435359317332], [-71.5518183351346, -32.9434699497825], [-71.5518686111461, -32.9433886731956], [-71.5519006423742, -32.9433162455103], [-71.5519162595854, -32.9432234141401], [-71.5519279969729, -32.943155548021], [-71.5519477293664, -32.943083100544], [-71.5519618823237, -32.9430489861298], [-71.5519792305885, -32.943007167081], [-71.5520166391319, -32.9429506790678], [-71.5520797655435, -32.9428812220569], [-71.5521481650659, -32.9428240102399], [-71.5522296692116, -32.9427651775461], [-71.5523162596185, -32.9427010118698], [-71.5523712194459, -32.9426450664546], [-71.5524494150964, -32.9425715141243], [-71.5525064778799, -32.9425180504036], [-71.5525556390821, -32.9424575348427], [-71.5525750956929, -32.9424283483127], [-71.5526124332693, -32.9423723363834], [-71.5526512755239, -32.9423137461393], [-71.5526982574133, -32.9422443481849], [-71.552749616793, -32.9421673766572], [-71.5527803328875, -32.9420827116687], [-71.5528033665897, -32.9419837785612], [-71.5528157777137, -32.9418873158289], [-71.55284001965, -32.9417411092344], [-71.5528523741801, -32.9416501481155], [-71.5528516699009, -32.9415804857791], [-71.5528515108991, -32.9415647068798], [-71.5528479769267, -32.9415009723112], [-71.552823759245, -32.9413987659138], [-71.5527864405331, -32.9413132392455], [-71.552736199556, -32.9412432125138], [-71.5526843263398, -32.9411633338587], [-71.5526800314945, -32.9411567184508], [-71.5526244608127, -32.941042619738], [-71.5525975311171, -32.9409762657647], [-71.5525833458205, -32.9409217335647], [-71.5525666030202, -32.9408489502818], [-71.5525596141273, -32.9407620811468], [-71.5525596401784, -32.9407617758189], [-71.5525595844829, -32.9407611267144], [-71.5525653534636, -32.940690228041], [-71.5525765356923, -32.9405696663157], [-71.5525570153012, -32.9405633599615], [-71.5523734724206, -32.9405040666396], [-71.5520476256193, -32.9403987982596], [-71.5520057937715, -32.9403852838628], [-71.5520061881319, -32.940384466636], [-71.552005766822, -32.9403843294264], [-71.552077604197, -32.9402353957504], [-71.5526745787207, -32.9404439583135], [-71.5528210544177, -32.9402707695096], [-71.5528244419646, -32.9402646930736], [-71.5528669161079, -32.9401885016179], [-71.552885456437, -32.9401044484106], [-71.552882173993, -32.9399939301314], [-71.5528785681554, -32.9399206070441], [-71.5528683372427, -32.9398399355951], [-71.5528683192763, -32.9398390693595], [-71.5528683129881, -32.9398389811528], [-71.5528671218221, -32.9397755808278], [-71.5528670993642, -32.9397746271387], [-71.5528708668985, -32.9397272095519], [-71.5528725943588, -32.9397054458239], [-71.552883966132, -32.9396434491754], [-71.5528991413721, -32.9395650527627], [-71.5529033517758, -32.9395446301943], [-71.552908435342, -32.9395199578498], [-71.5529222244816, -32.9394530440886], [-71.5529300281465, -32.9393857985575], [-71.5529288953709, -32.9393317742647], [-71.5529230401519, -32.9392693174698], [-71.5528951223095, -32.9392095664113], [-71.5528698931247, -32.9391725720759], [-71.5528280253443, -32.9391296972277], [-71.5527853356053, -32.9390916164743], [-71.5526748769614, -32.9390284131381], [-71.5526178824499, -32.9389986494883], [-71.5525642054167, -32.9389763940309], [-71.552504250058, -32.9389328956027], [-71.5524446639069, -32.9388762263096], [-71.5523862159212, -32.9387787016936], [-71.5521217536982, -32.9388640317805], [-71.5521216728499, -32.9388640453509], [-71.5519949394279, -32.9385198716947], [-71.5519952403635, -32.9385198091197], [-71.5519949106818, -32.938518917992], [-71.5522672681978, -32.9384625552773], [-71.5522682356834, -32.9384126173995], [-71.5522512692026, -32.9383159984803], [-71.5522402567556, -32.9382304748618], [-71.5522347545745, -32.9381469105943], [-71.5522099377164, -32.9380610385017], [-71.5521914207435, -32.9379785521793], [-71.5521515876471, -32.9378724266008], [-71.552119906762, -32.9378156382625], [-71.5520908498558, -32.9377756563071], [-71.5520421845236, -32.9377008190129], [-71.552029509295, -32.9376808958645], [-71.5520016444532, -32.9376370876908], [-71.5519627734525, -32.9375905442625], [-71.5519202867328, -32.9375446145034], [-71.551873645305, -32.9375067064699], [-71.5518169193897, -32.9374713474375], [-71.5517631004227, -32.9374434349018], [-71.5517556974065, -32.9374395959191], [-71.5516780874575, -32.9374142225913], [-71.551573131893, -32.9373898572537], [-71.5514929536606, -32.9373756261685], [-71.5513889206659, -32.9373535859252], [-71.5513114149215, -32.9373319052989], [-71.5512430324671, -32.9373113924977], [-71.5511715454351, -32.9372795806078], [-71.5511153594073, -32.93725557184], [-71.5510586631365, -32.9372249910915], [-71.5510037500215, -32.9371894140617], [-71.5509543462741, -32.937152102232], [-71.5509374911845, -32.9371338556937], [-71.5509374489636, -32.937133810458], [-71.5509082393439, -32.9371665738559], [-71.550877092058, -32.9372015108113], [-71.5508561684984, -32.9372249775209], [-71.5508356644521, -32.9372479760361], [-71.5508141039869, -32.9372721582088], [-71.5507956436078, -32.9372928655319], [-71.5507776979634, -32.9373129923275], [-71.5507591917702, -32.9373337509079], [-71.5507393641553, -32.9373559886845], [-71.5507193200463, -32.9373784699732], [-71.5507014732166, -32.9373984874302], [-71.5506916169013, -32.9374095437353], [-71.5506827658008, -32.9374194706601], [-71.5506627234885, -32.9374419511787], [-71.5506460300956, -32.9374606748876], [-71.5506424709704, -32.937464666916], [-71.550622052264, -32.9374875658509], [-71.5506029379114, -32.9375090089531], [-71.5505938981647, -32.9375191469654], [-71.5505081593607, -32.9376153121396], [-71.550486893543, -32.9376391662555], [-71.550497994025, -32.9376481062699], [-71.5505361373902, -32.9376759373174], [-71.5505717591845, -32.937698619822], [-71.5506216956328, -32.9377262586035], [-71.5508244597655, -32.937805770942], [-71.5508657148949, -32.9378226271112], [-71.5509142984804, -32.9378507890751], [-71.5510312178079, -32.937897118253], [-71.5510619949879, -32.9379109715402], [-71.5511195707094, -32.9379437994873], [-71.551166707109, -32.937977126517], [-71.5511812256806, -32.9379865316657], [-71.5512326434508, -32.938007504955], [-71.5512472563455, -32.9380146641744], [-71.5512551875712, -32.9380201670324], [-71.5512845490063, -32.938057001265], [-71.5513000377584, -32.9380783145551], [-71.5513202696152, -32.9381178138657], [-71.5513229106622, -32.9381229699147], [-71.5513376996267, -32.9381518419739], [-71.5513459183132, -32.9381678830918], [-71.5513585423379, -32.9381933655214], [-71.5513652222104, -32.9382094081395], [-71.5513661268138, -32.9382157335095], [-71.5514228644072, -32.9384354233573], [-71.5514604885462, -32.9385252320312], [-71.551474503163, -32.9385695795679], [-71.5514834979939, -32.9385923304495], [-71.5515036588838, -32.9386303729683]]]}, "properties": {"nom_min": "VALPO", "region": "Valparaíso", "categoria": "Santuario de la Naturaleza", "sup_ha": 30}}, {"type": "Feature", "geometry": {"type": "Polygon", "coordinates": [[[-71.6871774693942, -33.3587257037958], [-71.6870808609753, -33.3587967793815], [-71.6869424997603, -33.35884815323], [-71.6869452575882, -33.358937830423], [-71.6869146061724, -33.3590144221158], [-71.686709389639, -33.3590326036292], [-71.6865984135654, -33.3591731200688], [-71.6864786151375, -33.3592930380856], [-71.6864062558414, -33.3593498506186], [-71.686350643837, -33.3594131712751], [-71.6863122354688, -33.3595037407499], [-71.6862472935619, -33.3595327685806], [-71.686060769173, -33.359626544734], [-71.6858414383098, -33.3597210320746], [-71.6857034966081, -33.3597861314307], [-71.6856973494366, -33.3598553228901], [-71.6856992583565, -33.3599173961763], [-71.6858343200595, -33.3600248896774], [-71.6859513633545, -33.3600844718437], [-71.6860254240598, -33.3600828684506], [-71.6861724809667, -33.3600451920814], [-71.6863205107492, -33.3600419890452], [-71.6865192450395, -33.3600791199471], [-71.6866954729387, -33.3601857211416], [-71.6868144260519, -33.3603073754556], [-71.6869237141911, -33.360380935488], [-71.6870735756384, -33.3604329364008], [-71.6872147000712, -33.3604713133801], [-71.6873976249108, -33.3605295034397], [-71.6875560446078, -33.3605950553701], [-71.6876482494852, -33.3606483038973], [-71.6876501602018, -33.3607103766179], [-71.6876522829208, -33.3607793887722], [-71.6876544038432, -33.360848327343], [-71.6877384367464, -33.3611709660612], [-71.6877831216436, -33.361287358711], [-71.6879158540151, -33.3613189744481], [-71.6879565944098, -33.3613042822629], [-71.6880854182115, -33.3612117526504], [-71.6882649492159, -33.3611595586278], [-71.6884434166151, -33.3610728226195], [-71.6886223565281, -33.360999962445], [-71.6888102760007, -33.3609544549105], [-71.688939400738, -33.3608688621461], [-71.6890355402363, -33.360783909299], [-71.6890319299072, -33.3606666261249], [-71.6891768640951, -33.3605598987193], [-71.689352358969, -33.3603766940513], [-71.6894033868705, -33.360161546471], [-71.6893987147327, -33.3600097951119], [-71.6893697530479, -33.3598723810246], [-71.6892762743594, -33.3597778008107], [-71.6892505834406, -33.3597437917946], [-71.6892730898318, -33.3596743218836], [-71.6893173354528, -33.359507697113], [-71.6892895245099, -33.3594047513329], [-71.6893168979732, -33.3592246460077], [-71.6893195578848, -33.3590451127963], [-71.689182032103, -33.3588548054922], [-71.6890219154884, -33.3587340472718], [-71.6887153815674, -33.3586716317491], [-71.6884933764197, -33.3586833854029], [-71.6882482737893, -33.3587439423933], [-71.6881510724823, -33.3587943513717], [-71.6879946910627, -33.3587977397808], [-71.6878847642214, -33.3587034405166], [-71.6877329174973, -33.35858249976], [-71.6876001896175, -33.3585508830286], [-71.6873793774324, -33.3585971001162], [-71.6871774693942, -33.3587257037958]]]}, "properties": {"nom_min": "VALPO", "region": "Valparaíso", "categoria": "Santuario de la Naturaleza", "sup_ha": 6}}, {"type": "Feature", "geometry": {"type": "Polygon", "coordinates": [[[-71.5101825787458, -32.795712605276], [-71.5101401324503, -32.7959169704684], [-71.5118570510118, -32.7963058366332], [-71.5151289605166, -32.7970158787798], [-71.5165846992991, -32.7973317596703], [-71.516634577357, -32.796914288009], [-71.516701534185, -32.7962769221294], [-71.51675097117, -32.7958216294027], [-71.5164300902556, -32.7958778699059], [-71.5158220628606, -32.7941428515993], [-71.5164303040546, -32.7940206307734], [-71.5174592038383, -32.7938172580159], [-71.5179083677686, -32.7937327268951], [-71.5173173724314, -32.7885538576695], [-71.5172902163604, -32.7883350838464], [-71.5172804543682, -32.7882741065313], [-71.516973261982, -32.7882938231184], [-71.5169163438273, -32.788297475988], [-71.5167820223361, -32.7883431311814], [-71.5164758675041, -32.7884471921594], [-71.516196566011, -32.7886183184866], [-71.5157967222847, -32.7888632981648], [-71.5156691282767, -32.7889471557555], [-71.5143818631358, -32.7897931522491], [-71.5143777533434, -32.7897973351938], [-71.5142953158481, -32.7898589790437], [-71.5142146695935, -32.7899280545713], [-71.5139493845137, -32.7901787571511], [-71.5136345169217, -32.7904763146062], [-71.5129555181277, -32.7911808301553], [-71.5128971105663, -32.7912824584382], [-71.5125551758365, -32.7916624875441], [-71.5124747056517, -32.7917519216465], [-71.5119061133993, -32.7925360055935], [-71.5115591382225, -32.7929627952617], [-71.5113724135092, -32.7931924703986], [-71.5108492131282, -32.7939204728672], [-71.5104753989857, -32.7945235012895], [-71.5102859487838, -32.7950367301832], [-71.5102735664059, -32.7951463735943], [-71.5101825787458, -32.795712605276]]]}, "properties": {"nom_min": "VALPO", "region": "Valparaíso", "categoria": "Santuario de la Naturaleza", "sup_ha": 42}}, {"type": "Feature", "geometry": {"type": "Polygon", "coordinates": [[[-71.4300229729444, -33.0052591650504], [-71.429942694999, -33.0057240790566], [-71.4298798398786, -33.0065863399665], [-71.4298545873376, -33.0071196877687], [-71.4298138747906, -33.0076915830028], [-71.4297322466774, -33.0082520210506], [-71.4297085356455, -33.0085752799133], [-71.429628676315, -33.0088331370539], [-71.4295448841603, -33.0090154496789], [-71.4294274321318, -33.0091471272905], [-71.4293997191053, -33.0092364181258], [-71.4301643695667, -33.0108505092873], [-71.4298312122756, -33.011795939816], [-71.4294983316656, -33.0127857812239], [-71.429307474702, -33.0132862577001], [-71.4290570405705, -33.0140076373589], [-71.4288635632212, -33.0145552719277], [-71.4288153614197, -33.0152325468536], [-71.4317154878729, -33.0165949246797], [-71.4328064423781, -33.0168154816935], [-71.4331727322318, -33.0168255330205], [-71.4335211483063, -33.0166644291836], [-71.433695508608, -33.0168119497185], [-71.4342272555607, -33.0170379611903], [-71.4348054166674, -33.0172081657877], [-71.4355264422437, -33.0156943809493], [-71.4363369112762, -33.0147849236843], [-71.4353856852218, -33.0144096910475], [-71.4352539589635, -33.0141391003676], [-71.4352037350543, -33.0140725406669], [-71.4351785867179, -33.0140060569965], [-71.4351736190344, -33.0139165661004], [-71.4352146801277, -33.0138196041565], [-71.435283065277, -33.0137210677646], [-71.4354094860853, -33.0135975541917], [-71.4355939551289, -33.0135079159923], [-71.4356807566399, -33.0135074376626], [-71.4357670928235, -33.0134954553127], [-71.4358271317255, -33.0134630260506], [-71.4358624957033, -33.0133917111603], [-71.4358295446004, -33.0133494418087], [-71.4369499602536, -33.0134691870916], [-71.4373379444215, -33.0123188321526], [-71.4376267186494, -33.0118022877893], [-71.4377671280232, -33.0115451429044], [-71.4379663725566, -33.0111200893427], [-71.4380576431861, -33.0109076913607], [-71.4380608896975, -33.0107213321584], [-71.4380957066013, -33.0105627919498], [-71.4382069800172, -33.0103712568341], [-71.4384520709694, -33.0100888298968], [-71.4386235072549, -33.0099736887465], [-71.4387893739856, -33.0098794479293], [-71.4388608556277, -33.0096793160864], [-71.4389092290074, -33.0095515331238], [-71.4407432043387, -33.0057120677756], [-71.4422502432121, -33.0024536076459], [-71.4416849244207, -33.0016640433515], [-71.4400325866433, -33.0018327866918], [-71.4389075716157, -33.0018279703657], [-71.4375607077473, -33.0018297272361], [-71.4368313152625, -33.0017126572091], [-71.4361909853482, -33.0017354031333], [-71.4357893943987, -33.0018638016258], [-71.4353487276327, -33.0016953212731], [-71.4350436831185, -33.0015938399457], [-71.4347209696408, -33.0014529010813], [-71.4343774323166, -33.001247756717], [-71.4336957493565, -33.0006378641701], [-71.4329778732736, -33.001542116834], [-71.4327115901656, -33.0016595321337], [-71.4320230458733, -33.0018261140497], [-71.4300499547422, -33.002342086268], [-71.4300229729444, -33.0052591650504]]]}, "properties": {"nom_min": "VALPO", "region": "Valparaíso", "categoria": "Área Protegida Privada (DRC)", "sup_ha": 0}}, {"type": "Feature", "geometry": {"type": "Polygon", "coordinates": [[[-71.3502966210112, -33.101510937738], [-71.3502387308794, -33.1015676636251], [-71.348010051982, -33.1016068338969], [-71.3473191172728, -33.1018199320006], [-71.3466259089276, -33.1018150022422], [-71.3455840832853, -33.1024087437735], [-71.3448596225513, -33.1028408917015], [-71.3436666948883, -33.1033655958785], [-71.3425742707393, -33.102706092009], [-71.3415625027264, -33.1033997032384], [-71.3387419167018, -33.1067612927978], [-71.3371908873288, -33.106144307133], [-71.3352862603988, -33.1074906061405], [-71.3346522609123, -33.1080201908956], [-71.333992769933, -33.1087353392516], [-71.3333168325975, -33.1090643581074], [-71.3325103233387, -33.1092143627207], [-71.332287853762, -33.1092557403006], [-71.3304351287942, -33.109484989348], [-71.3297534386476, -33.1094526721821], [-71.3283969044151, -33.1094131419717], [-71.3266585987633, -33.1089825666473], [-71.325513765104, -33.108168252168], [-71.3253062461885, -33.1079654737466], [-71.3247484274314, -33.107440517116], [-71.3240705488365, -33.1080479937889], [-71.3232250176602, -33.1080435346716], [-71.3219824769423, -33.1080536598623], [-71.3171846828077, -33.11323316721], [-71.3148429158975, -33.1142824972241], [-71.3086058715573, -33.1193240620671], [-71.3085042397593, -33.1193832487403], [-71.306766043702, -33.1196766911732], [-71.3027054008013, -33.1203486832531], [-71.2988050128557, -33.1188278839165], [-71.2985851546815, -33.1196272719323], [-71.298375299248, -33.1203477819244], [-71.2981643020557, -33.1208801488812], [-71.2979809424315, -33.1213687836367], [-71.2980180168016, -33.1218721752416], [-71.2983005648062, -33.1220480657989], [-71.2988905010297, -33.1223094050716], [-71.2996093670561, -33.1226880200976], [-71.3003119690842, -33.1232033888664], [-71.3008931745814, -33.1233832212512], [-71.3011753183442, -33.1236440020811], [-71.3014353392964, -33.1241901791089], [-71.3017965967879, -33.1245164700752], [-71.302748386086, -33.1247641383049], [-71.3030495229288, -33.1250174452364], [-71.303079240995, -33.1254376871214], [-71.3032662891018, -33.1257682812068], [-71.3036715487709, -33.1259171581651], [-71.3045684096825, -33.1259889642066], [-71.3055409788097, -33.125893251142], [-71.30615164815, -33.125694181175], [-71.3070019493805, -33.1261250289223], [-71.3078722003968, -33.1261546180913], [-71.3087107669347, -33.1258782642985], [-71.3098551765893, -33.1258487337169], [-71.3112458656671, -33.1260183991974], [-71.3127201726266, -33.1260097220225], [-71.3141215103338, -33.1258334090767], [-71.3155087714406, -33.1256021586526], [-71.3163748758336, -33.1255450728775], [-71.3173755936702, -33.124683071657], [-71.3184288153402, -33.1241049703596], [-71.3193596469427, -33.1237850463532], [-71.3202835866703, -33.1231218407862], [-71.3218720272815, -33.122220893959], [-71.3231567367154, -33.1218051440008], [-71.3253469389726, -33.1218212773664], [-71.3261066271403, -33.1221031691582], [-71.3271781951034, -33.1217083369735], [-71.3288035959987, -33.1216341981552], [-71.3295728054102, -33.1221746442772], [-71.3302163441067, -33.1224741307355], [-71.330482351432, -33.1229063033529], [-71.3314343482409, -33.1233691766555], [-71.3319365792483, -33.123691293722], [-71.3328366471455, -33.1235413446757], [-71.3349385926209, -33.1245755622177], [-71.3360170308993, -33.1205232850601], [-71.3356316446592, -33.1153058642781], [-71.3401219239126, -33.1151508996733], [-71.3398490893911, -33.1123567489801], [-71.3478781972646, -33.1117751452243], [-71.3501524081705, -33.1133486007389], [-71.3507881207442, -33.1132985639615], [-71.3532561485626, -33.1119799200868], [-71.3552642766847, -33.1112166661056], [-71.3562017243792, -33.1094602328454], [-71.3564915496359, -33.1062048962838], [-71.3535242058433, -33.1072582697586], [-71.3526018237944, -33.1072905666623], [-71.3518657164029, -33.1055297168207], [-71.3523590774451, -33.1055644321035], [-71.352798604249, -33.1054115189083], [-71.3531321028999, -33.1053361841732], [-71.3535413403091, -33.10516187876], [-71.3540252178368, -33.105126060918], [-71.3538974567422, -33.1044358698708], [-71.3519190269234, -33.1040345740541], [-71.3513397653804, -33.1008474586419], [-71.3505679526512, -33.1011235329873], [-71.3502966210112, -33.101510937738]]]}, "properties": {"nom_min": "VALPO", "region": "Valparaíso", "categoria": "Área Protegida Privada (DRC)", "sup_ha": 0}}]}